year,university,department,admission_type,track_name,percentile_type,cutoff_score
2027,서울대학교,경영대학,학생부종합,지역균형선발,50,1.15
2027,서울대학교,경영대학,학생부종합,지역균형선발,70,1.2
2027,서울대학교,경제학부,학생부종합,지역균형선발,50,1
2027,서울대학교,경제학부,학생부종합,지역균형선발,70,1
2027,서울대학교,국어교육과,학생부종합,지역균형선발,50,1.12
2027,서울대학교,국어교육과,학생부종합,지역균형선발,70,1.14
2027,서울대학교,농경제사회학부,학생부종합,지역균형선발,50,1.33
2027,서울대학교,농경제사회학부,학생부종합,지역균형선발,70,1.38
2027,서울대학교,독어교육과,학생부종합,지역균형선발,50,1.58
2027,서울대학교,독어교육과,학생부종합,지역균형선발,70,1.58
2027,서울대학교,불어교육과,학생부종합,지역균형선발,50,1.56
2027,서울대학교,불어교육과,학생부종합,지역균형선발,70,1.56
2027,서울대학교,사회교육과,학생부종합,지역균형선발,50,1.32
2027,서울대학교,사회교육과,학생부종합,지역균형선발,70,1.32
2027,서울대학교,사회복지학과,학생부종합,지역균형선발,50,1.28
2027,서울대학교,사회복지학과,학생부종합,지역균형선발,70,1.3
2027,서울대학교,사회학과,학생부종합,지역균형선발,50,1.08
2027,서울대학교,사회학과,학생부종합,지역균형선발,70,1.22
2027,서울대학교,심리학과,학생부종합,지역균형선발,50,1.28
2027,서울대학교,심리학과,학생부종합,지역균형선발,70,1.29
2027,서울대학교,역사교육과,학생부종합,지역균형선발,50,1.41
2027,서울대학교,역사교육과,학생부종합,지역균형선발,70,1.45
2027,서울대학교,역사학부,학생부종합,지역균형선발,50,1.37
2027,서울대학교,역사학부,학생부종합,지역균형선발,70,1.46
2027,서울대학교,영어교육과,학생부종합,지역균형선발,50,1.26
2027,서울대학교,영어교육과,학생부종합,지역균형선발,70,1.26
2027,서울대학교,자유전공학부,학생부종합,지역균형선발,50,1.17
2027,서울대학교,자유전공학부,학생부종합,지역균형선발,70,1.21
2027,서울대학교,정치외교학부,학생부종합,지역균형선발,50,1.09
2027,서울대학교,정치외교학부,학생부종합,지역균형선발,70,1.15
2027,서울대학교,지리교육과,학생부종합,지역균형선발,50,1.59
2027,서울대학교,지리교육과,학생부종합,지역균형선발,70,1.62
2027,서울대학교,지리학과,학생부종합,지역균형선발,50,1.38
2027,서울대학교,지리학과,학생부종합,지역균형선발,70,1.44
2027,서울대학교,경영대학,학생부종합,일반전형,50,1.81
2027,서울대학교,경영대학,학생부종합,일반전형,70,1.94
2027,서울대학교,경제학부,학생부종합,일반전형,50,1.77
2027,서울대학교,경제학부,학생부종합,일반전형,70,2.11
2027,서울대학교,고고미술사학과,학생부종합,일반전형,50,1.98
2027,서울대학교,고고미술사학과,학생부종합,일반전형,70,2.68
2027,서울대학교,교육학과,학생부종합,일반전형,50,1.88
2027,서울대학교,교육학과,학생부종합,일반전형,70,1.99
2027,서울대학교,국어교육과,학생부종합,일반전형,50,1.77
2027,서울대학교,국어교육과,학생부종합,일반전형,70,1.95
2027,서울대학교,국어국문학과,학생부종합,일반전형,50,2.1
2027,서울대학교,국어국문학과,학생부종합,일반전형,70,2.52
2027,서울대학교,노어노문학과,학생부종합,일반전형,50,1.57
2027,서울대학교,노어노문학과,학생부종합,일반전형,70,2.16
2027,서울대학교,농경제사회학부,학생부종합,일반전형,50,2.33
2027,서울대학교,농경제사회학부,학생부종합,일반전형,70,2.45
2027,서울대학교,독어교육과,학생부종합,일반전형,50,2.43
2027,서울대학교,독어교육과,학생부종합,일반전형,70,2.79
2027,서울대학교,독어독문학과,학생부종합,일반전형,50,2.19
2027,서울대학교,독어독문학과,학생부종합,일반전형,70,2.36
2027,서울대학교,미학과,학생부종합,일반전형,50,2.05
2027,서울대학교,미학과,학생부종합,일반전형,70,2.15
2027,서울대학교,불어교육과,학생부종합,일반전형,50,2.43
2027,서울대학교,불어교육과,학생부종합,일반전형,70,2.62
2027,서울대학교,불어불문학과,학생부종합,일반전형,50,2.29
2027,서울대학교,불어불문학과,학생부종합,일반전형,70,2.37
2027,서울대학교,사회교육과,학생부종합,일반전형,50,1.67
2027,서울대학교,사회교육과,학생부종합,일반전형,70,1.91
2027,서울대학교,사회복지학과,학생부종합,일반전형,50,2.34
2027,서울대학교,사회복지학과,학생부종합,일반전형,70,2.36
2027,서울대학교,사회학과,학생부종합,일반전형,50,1.77
2027,서울대학교,사회학과,학생부종합,일반전형,70,1.93
2027,서울대학교,서어서문학과,학생부종합,일반전형,50,1.77
2027,서울대학교,서어서문학과,학생부종합,일반전형,70,1.9
2027,서울대학교,심리학과,학생부종합,일반전형,50,1.83
2027,서울대학교,심리학과,학생부종합,일반전형,70,2.2
2027,서울대학교,아시아언어문명학부,학생부종합,일반전형,50,1.58
2027,서울대학교,아시아언어문명학부,학생부종합,일반전형,70,2.09
2027,서울대학교,언론정보학과,학생부종합,일반전형,50,1.5
2027,서울대학교,언론정보학과,학생부종합,일반전형,70,1.67
2027,서울대학교,언어학과,학생부종합,일반전형,50,1.57
2027,서울대학교,언어학과,학생부종합,일반전형,70,1.98
2027,서울대학교,역사교육과,학생부종합,일반전형,50,1.64
2027,서울대학교,역사교육과,학생부종합,일반전형,70,1.67
2027,서울대학교,역사학부,학생부종합,일반전형,50,1.47
2027,서울대학교,역사학부,학생부종합,일반전형,70,2.38
2027,서울대학교,영어교육과,학생부종합,일반전형,50,1.78
2027,서울대학교,영어교육과,학생부종합,일반전형,70,2.34
2027,서울대학교,영어영문학과,학생부종합,일반전형,50,1.9
2027,서울대학교,영어영문학과,학생부종합,일반전형,70,2.1
2027,서울대학교,윤리교육과,학생부종합,일반전형,50,1.69
2027,서울대학교,윤리교육과,학생부종합,일반전형,70,1.73
2027,서울대학교,인류학과,학생부종합,일반전형,50,1.82
2027,서울대학교,인류학과,학생부종합,일반전형,70,2.37
2027,서울대학교,자유전공학부,학생부종합,일반전형,50,1.9
2027,서울대학교,자유전공학부,학생부종합,일반전형,70,2.19
2027,서울대학교,정치외교학부,학생부종합,일반전형,50,1.81
2027,서울대학교,정치외교학부,학생부종합,일반전형,70,1.98
2027,서울대학교,종교학과,학생부종합,일반전형,50,2.37
2027,서울대학교,종교학과,학생부종합,일반전형,70,2.49
2027,서울대학교,중어중문학과,학생부종합,일반전형,50,2.12
2027,서울대학교,중어중문학과,학생부종합,일반전형,70,2.36
2027,서울대학교,지리교육과,학생부종합,일반전형,50,1.91
2027,서울대학교,지리교육과,학생부종합,일반전형,70,2.44
2027,서울대학교,지리학과,학생부종합,일반전형,50,2
2027,서울대학교,지리학과,학생부종합,일반전형,70,2.34
2027,서울대학교,철학과,학생부종합,일반전형,50,1.85
2027,서울대학교,철학과,학생부종합,일반전형,70,2.36
2027,서울대학교,간호대학,학생부종합,지역균형선발,50,1.35
2027,서울대학교,간호대학,학생부종합,지역균형선발,70,1.35
2027,서울대학교,건축학과,학생부종합,지역균형선발,50,1.24
2027,서울대학교,건축학과,학생부종합,지역균형선발,70,1.34
2027,서울대학교,기계공학부,학생부종합,지역균형선발,50,1.17
2027,서울대학교,기계공학부,학생부종합,지역균형선발,70,1.28
2027,서울대학교,산림과학부,학생부종합,지역균형선발,50,1.32
2027,서울대학교,산림과학부,학생부종합,지역균형선발,70,1.44
2027,서울대학교,산업공학과,학생부종합,지역균형선발,50,1.21
2027,서울대학교,산업공학과,학생부종합,지역균형선발,70,1.21
2027,서울대학교,생명과학부,학생부종합,지역균형선발,50,1.17
2027,서울대학교,생명과학부,학생부종합,지역균형선발,70,1.23
2027,서울대학교,수리과학부,학생부종합,지역균형선발,50,1.15
2027,서울대학교,수리과학부,학생부종합,지역균형선발,70,1.2
2027,서울대학교,수의예과,학생부종합,지역균형선발,50,1.11
2027,서울대학교,수의예과,학생부종합,지역균형선발,70,1.15
2027,서울대학교,수학교육과,학생부종합,지역균형선발,50,1.05
2027,서울대학교,수학교육과,학생부종합,지역균형선발,70,1.05
2027,서울대학교,식품영양학과,학생부종합,지역균형선발,50,1.25
2027,서울대학교,식품영양학과,학생부종합,지역균형선발,70,1.25
2027,서울대학교,에너지자원공학과,학생부종합,지역균형선발,50,1.33
2027,서울대학교,에너지자원공학과,학생부종합,지역균형선발,70,1.48
2027,서울대학교,원자핵공학과,학생부종합,지역균형선발,50,1.24
2027,서울대학교,원자핵공학과,학생부종합,지역균형선발,70,1.3
2027,서울대학교,의류학과,학생부종합,지역균형선발,50,1.39
2027,서울대학교,의류학과,학생부종합,지역균형선발,70,1.44
2027,서울대학교,재료공학부,학생부종합,지역균형선발,50,1.16
2027,서울대학교,재료공학부,학생부종합,지역균형선발,70,1.24
2027,서울대학교,조선해양공학과,학생부종합,지역균형선발,50,1.4
2027,서울대학교,조선해양공학과,학생부종합,지역균형선발,70,1.4
2027,서울대학교,지구환경과학부,학생부종합,지역균형선발,50,1.42
2027,서울대학교,지구환경과학부,학생부종합,지역균형선발,70,1.46
2027,서울대학교,첨단융합학부,학생부종합,지역균형선발,50,1.16
2027,서울대학교,첨단융합학부,학생부종합,지역균형선발,70,1.18
2027,서울대학교,컴퓨터공학부,학생부종합,지역균형선발,50,1.05
2027,서울대학교,컴퓨터공학부,학생부종합,지역균형선발,70,1.1
2027,서울대학교,통계학과,학생부종합,지역균형선발,50,1.21
2027,서울대학교,통계학과,학생부종합,지역균형선발,70,1.21
2027,서울대학교,항공우주공학과,학생부종합,지역균형선발,50,1.1
2027,서울대학교,항공우주공학과,학생부종합,지역균형선발,70,1.1
2027,서울대학교,화학교육과,학생부종합,지역균형선발,50,1.25
2027,서울대학교,화학교육과,학생부종합,지역균형선발,70,1.43
2027,서울대학교,화학부,학생부종합,지역균형선발,50,1.21
2027,서울대학교,화학부,학생부종합,지역균형선발,70,1.23
2027,서울대학교,화학생물공학부,학생부종합,지역균형선발,50,1.11
2027,서울대학교,화학생물공학부,학생부종합,지역균형선발,70,1.25
2027,서울대학교,간호대학,학생부종합,일반전형,50,1.79
2027,서울대학교,간호대학,학생부종합,일반전형,70,2.01
2027,서울대학교,건축학과,학생부종합,일반전형,50,1.85
2027,서울대학교,건축학과,학생부종합,일반전형,70,2.69
2027,서울대학교,기계공학부,학생부종합,일반전형,50,2.04
2027,서울대학교,기계공학부,학생부종합,일반전형,70,2.26
2027,서울대학교,물리교육과,학생부종합,일반전형,50,1.65
2027,서울대학교,물리교육과,학생부종합,일반전형,70,1.7
2027,서울대학교,산림과학부,학생부종합,일반전형,50,1.8
2027,서울대학교,산림과학부,학생부종합,일반전형,70,1.99
2027,서울대학교,산업공학과,학생부종합,일반전형,50,2.08
2027,서울대학교,산업공학과,학생부종합,일반전형,70,2.14
2027,서울대학교,생명과학부,학생부종합,일반전형,50,1.98
2027,서울대학교,생명과학부,학생부종합,일반전형,70,2.06
2027,서울대학교,생물교육과,학생부종합,일반전형,50,1.76
2027,서울대학교,생물교육과,학생부종합,일반전형,70,2.1
2027,서울대학교,수의예과,학생부종합,일반전형,50,1.46
2027,서울대학교,수의예과,학생부종합,일반전형,70,1.68
2027,서울대학교,수학교육과,학생부종합,일반전형,50,1.52
2027,서울대학교,수학교육과,학생부종합,일반전형,70,1.59
2027,서울대학교,식물생산과학부,학생부종합,일반전형,50,2.13
2027,서울대학교,식물생산과학부,학생부종합,일반전형,70,2.6
2027,서울대학교,식품영양학과,학생부종합,일반전형,50,1.64
2027,서울대학교,식품영양학과,학생부종합,일반전형,70,1.75
2027,서울대학교,원자핵공학과,학생부종합,일반전형,50,2.4
2027,서울대학교,원자핵공학과,학생부종합,일반전형,70,2.51
2027,서울대학교,응용생물화학부,학생부종합,일반전형,50,2.29
2027,서울대학교,응용생물화학부,학생부종합,일반전형,70,2.71
2027,서울대학교,의류학과,학생부종합,일반전형,50,2.03
2027,서울대학교,의류학과,학생부종합,일반전형,70,2.23
2027,서울대학교,재료공학부,학생부종합,일반전형,50,1.95
2027,서울대학교,재료공학부,학생부종합,일반전형,70,2.21
2027,서울대학교,조선해양공학과,학생부종합,일반전형,50,2.15
2027,서울대학교,조선해양공학과,학생부종합,일반전형,70,2.82
2027,서울대학교,지구과학교육과,학생부종합,일반전형,50,2.01
2027,서울대학교,지구과학교육과,학생부종합,일반전형,70,2.36
2027,서울대학교,지구환경과학부,학생부종합,일반전형,50,2.26
2027,서울대학교,지구환경과학부,학생부종합,일반전형,70,3.36
2027,서울대학교,첨단융합학부,학생부종합,일반전형,50,1.64
2027,서울대학교,첨단융합학부,학생부종합,일반전형,70,1.91
2027,서울대학교,컴퓨터공학부,학생부종합,일반전형,50,1.3
2027,서울대학교,컴퓨터공학부,학생부종합,일반전형,70,1.32
2027,서울대학교,항공우주공학과,학생부종합,일반전형,50,2.51
2027,서울대학교,항공우주공학과,학생부종합,일반전형,70,2.72
2027,서울대학교,화학교육과,학생부종합,일반전형,50,2.12
2027,서울대학교,화학교육과,학생부종합,일반전형,70,2.18
2027,서울대학교,화학생물공학부,학생부종합,일반전형,50,1.69
2027,서울대학교,화학생물공학부,학생부종합,일반전형,70,1.82
2027,연세대학교,경영학과,학생부교과,추천형,50,1.24
2027,연세대학교,경영학과,학생부교과,추천형,70,1.28
2027,연세대학교,경제학부,학생부교과,추천형,50,1.24
2027,연세대학교,경제학부,학생부교과,추천형,70,1.26
2027,연세대학교,교육학부,학생부교과,추천형,50,1.61
2027,연세대학교,교육학부,학생부교과,추천형,70,1.62
2027,연세대학교,국어국문학과,학생부교과,추천형,50,1.27
2027,연세대학교,국어국문학과,학생부교과,추천형,70,1.35
2027,연세대학교,노어노문학과,학생부교과,추천형,50,1.52
2027,연세대학교,노어노문학과,학생부교과,추천형,70,1.56
2027,연세대학교,독어독문학과,학생부교과,추천형,50,1.47
2027,연세대학교,독어독문학과,학생부교과,추천형,70,1.52
2027,연세대학교,문헌정보학과,학생부교과,추천형,50,1.33
2027,연세대학교,문헌정보학과,학생부교과,추천형,70,1.46
2027,연세대학교,문화인류학과,학생부교과,추천형,50,1.27
2027,연세대학교,문화인류학과,학생부교과,추천형,70,1.27
2027,연세대학교,불어불문학과,학생부교과,추천형,50,1.46
2027,연세대학교,불어불문학과,학생부교과,추천형,70,1.49
2027,연세대학교,사학과,학생부교과,추천형,50,1.38
2027,연세대학교,사학과,학생부교과,추천형,70,1.43
2027,연세대학교,사회복지학과,학생부교과,추천형,50,1.55
2027,연세대학교,사회복지학과,학생부교과,추천형,70,1.55
2027,연세대학교,사회학과,학생부교과,추천형,50,1.21
2027,연세대학교,사회학과,학생부교과,추천형,70,1.26
2027,연세대학교,신학과,학생부교과,추천형,50,1.57
2027,연세대학교,신학과,학생부교과,추천형,70,1.64
2027,연세대학교,심리학과,학생부교과,추천형,50,1.35
2027,연세대학교,심리학과,학생부교과,추천형,70,1.35
2027,연세대학교,언론홍보영상학부,학생부교과,추천형,50,1.38
2027,연세대학교,언론홍보영상학부,학생부교과,추천형,70,1.5
2027,연세대학교,영어영문학과,학생부교과,추천형,50,1.32
2027,연세대학교,영어영문학과,학생부교과,추천형,70,1.35
2027,연세대학교,응용통계학과,학생부교과,추천형,50,1.28
2027,연세대학교,응용통계학과,학생부교과,추천형,70,1.31
2027,연세대학교,정치외교학과,학생부교과,추천형,50,1.15
2027,연세대학교,정치외교학과,학생부교과,추천형,70,1.2
2027,연세대학교,중어중문학과,학생부교과,추천형,50,1.48
2027,연세대학교,중어중문학과,학생부교과,추천형,70,1.48
2027,연세대학교,철학과,학생부교과,추천형,50,1.38
2027,연세대학교,철학과,학생부교과,추천형,70,1.4
2027,연세대학교,행정학과,학생부교과,추천형,50,1.38
2027,연세대학교,행정학과,학생부교과,추천형,70,1.44
2027,연세대학교,경영학과,학생부종합,활동우수형,50,1.62
2027,연세대학교,경영학과,학생부종합,활동우수형,70,1.78
2027,연세대학교,경제학부,학생부종합,활동우수형,50,1.8
2027,연세대학교,경제학부,학생부종합,활동우수형,70,2.15
2027,연세대학교,교육학부,학생부종합,활동우수형,50,1.86
2027,연세대학교,교육학부,학생부종합,활동우수형,70,2.76
2027,연세대학교,국어국문학과,학생부종합,활동우수형,50,2.01
2027,연세대학교,국어국문학과,학생부종합,활동우수형,70,2.24
2027,연세대학교,노어노문학과,학생부종합,활동우수형,50,3.06
2027,연세대학교,노어노문학과,학생부종합,활동우수형,70,3.31
2027,연세대학교,독어독문학과,학생부종합,활동우수형,50,2.29
2027,연세대학교,독어독문학과,학생부종합,활동우수형,70,2.29
2027,연세대학교,문헌정보학과,학생부종합,활동우수형,50,2.56
2027,연세대학교,문헌정보학과,학생부종합,활동우수형,70,2.71
2027,연세대학교,문화인류학과,학생부종합,활동우수형,50,2.27
2027,연세대학교,문화인류학과,학생부종합,활동우수형,70,2.27
2027,연세대학교,불어불문학과,학생부종합,활동우수형,50,2.59
2027,연세대학교,불어불문학과,학생부종합,활동우수형,70,2.72
2027,연세대학교,사학과,학생부종합,활동우수형,50,1.84
2027,연세대학교,사학과,학생부종합,활동우수형,70,2.04
2027,연세대학교,사회복지학과,학생부종합,활동우수형,50,1.76
2027,연세대학교,사회복지학과,학생부종합,활동우수형,70,1.86
2027,연세대학교,사회학과,학생부종합,활동우수형,50,1.76
2027,연세대학교,사회학과,학생부종합,활동우수형,70,1.92
2027,연세대학교,신학과,학생부종합,활동우수형,50,2.12
2027,연세대학교,신학과,학생부종합,활동우수형,70,2.8
2027,연세대학교,심리학과,학생부종합,활동우수형,50,1.56
2027,연세대학교,심리학과,학생부종합,활동우수형,70,1.56
2027,연세대학교,언론홍보영상학부,학생부종합,활동우수형,50,1.66
2027,연세대학교,언론홍보영상학부,학생부종합,활동우수형,70,1.73
2027,연세대학교,영어영문학과,학생부종합,활동우수형,50,1.98
2027,연세대학교,영어영문학과,학생부종합,활동우수형,70,2.14
2027,연세대학교,응용통계학과,학생부종합,활동우수형,50,1.74
2027,연세대학교,응용통계학과,학생부종합,활동우수형,70,2.03
2027,연세대학교,정치외교학과,학생부종합,활동우수형,50,1.7
2027,연세대학교,정치외교학과,학생부종합,활동우수형,70,2.04
2027,연세대학교,중어중문학과,학생부종합,활동우수형,50,2.97
2027,연세대학교,중어중문학과,학생부종합,활동우수형,70,3
2027,연세대학교,철학과,학생부종합,활동우수형,50,2.01
2027,연세대학교,철학과,학생부종합,활동우수형,70,2.38
2027,연세대학교,행정학과,학생부종합,활동우수형,50,1.66
2027,연세대학교,행정학과,학생부종합,활동우수형,70,1.77
2027,연세대학교,아시아학전공,학생부종합,국제형,50,2.32
2027,연세대학교,아시아학전공,학생부종합,국제형,70,2.76
2027,연세대학교,의예과,학생부교과,추천형,50,1.12
2027,연세대학교,의예과,학생부교과,추천형,70,1.16
2027,연세대학교,약학과,학생부교과,추천형,50,1.78
2027,연세대학교,약학과,학생부교과,추천형,70,1.78
2027,연세대학교,치의예과,학생부교과,추천형,50,1.05
2027,연세대학교,치의예과,학생부교과,추천형,70,1.06
2027,연세대학교,간호학과,학생부교과,추천형,50,2.02
2027,연세대학교,간호학과,학생부교과,추천형,70,2.02
2027,연세대학교,건축공학과,학생부교과,추천형,50,1.3
2027,연세대학교,건축공학과,학생부교과,추천형,70,1.32
2027,연세대학교,기계공학부,학생부교과,추천형,50,1.27
2027,연세대학교,기계공학부,학생부교과,추천형,70,1.3
2027,연세대학교,대기과학과,학생부교과,추천형,50,1.29
2027,연세대학교,대기과학과,학생부교과,추천형,70,1.35
2027,연세대학교,도시공학과,학생부교과,추천형,50,1.33
2027,연세대학교,도시공학과,학생부교과,추천형,70,1.33
2027,연세대학교,디스플레이융합공학과,학생부교과,추천형,50,1.18
2027,연세대학교,디스플레이융합공학과,학생부교과,추천형,70,1.27
2027,연세대학교,물리학과,학생부교과,추천형,50,1.12
2027,연세대학교,물리학과,학생부교과,추천형,70,1.12
2027,연세대학교,산업공학과,학생부교과,추천형,50,1.25
2027,연세대학교,산업공학과,학생부교과,추천형,70,1.25
2027,연세대학교,생명공학과,학생부교과,추천형,50,1.15
2027,연세대학교,생명공학과,학생부교과,추천형,70,1.16
2027,연세대학교,생화학과,학생부교과,추천형,50,1.14
2027,연세대학교,생화학과,학생부교과,추천형,70,1.14
2027,연세대학교,수학과,학생부교과,추천형,50,1.25
2027,연세대학교,수학과,학생부교과,추천형,70,1.26
2027,연세대학교,시스템반도체공학과,학생부교과,추천형,50,1.09
2027,연세대학교,시스템반도체공학과,학생부교과,추천형,70,1.14
2027,연세대학교,시스템생물학과,학생부교과,추천형,50,1.24
2027,연세대학교,시스템생물학과,학생부교과,추천형,70,1.24
2027,연세대학교,신소재공학부,학생부교과,추천형,50,1.2
2027,연세대학교,신소재공학부,학생부교과,추천형,70,1.22
2027,연세대학교,식품영양학과,학생부교과,추천형,50,1.29
2027,연세대학교,식품영양학과,학생부교과,추천형,70,1.29
2027,연세대학교,실내건축학과,학생부교과,추천형,50,1.47
2027,연세대학교,실내건축학과,학생부교과,추천형,70,1.48
2027,연세대학교,의류환경학과,학생부교과,추천형,50,1.18
2027,연세대학교,의류환경학과,학생부교과,추천형,70,1.24
2027,연세대학교,전기전자공학부,학생부교과,추천형,50,1.19
2027,연세대학교,전기전자공학부,학생부교과,추천형,70,1.21
2027,연세대학교,지구시스템과학과,학생부교과,추천형,50,1.32
2027,연세대학교,지구시스템과학과,학생부교과,추천형,70,1.32
2027,연세대학교,천문우주학과,학생부교과,추천형,50,1.11
2027,연세대학교,천문우주학과,학생부교과,추천형,70,1.11
2027,연세대학교,진리자유학부(자연),학생부교과,추천형,50,1.14
2027,연세대학교,진리자유학부(자연),학생부교과,추천형,70,1.21
2027,연세대학교,통합디자인학과,학생부교과,추천형,50,1.24
2027,연세대학교,통합디자인학과,학생부교과,추천형,70,1.42
2027,연세대학교,화공생명공학부,학생부교과,추천형,50,1.12
2027,연세대학교,화공생명공학부,학생부교과,추천형,70,1.16
2027,연세대학교,화학과,학생부교과,추천형,50,1.29
2027,연세대학교,화학과,학생부교과,추천형,70,1.29
2027,연세대학교,치의예과,학생부종합,활동우수형,50,1.21
2027,연세대학교,치의예과,학생부종합,활동우수형,70,1.26
2027,연세대학교,약학과,학생부종합,활동우수형,50,1.37
2027,연세대학교,약학과,학생부종합,활동우수형,70,1.37
2027,연세대학교,건축공학과,학생부종합,활동우수형,50,1.71
2027,연세대학교,건축공학과,학생부종합,활동우수형,70,1.76
2027,연세대학교,기계공학부,학생부종합,활동우수형,50,1.48
2027,연세대학교,기계공학부,학생부종합,활동우수형,70,1.68
2027,연세대학교,대기과학과,학생부종합,활동우수형,50,2.14
2027,연세대학교,대기과학과,학생부종합,활동우수형,70,2.42
2027,연세대학교,도시공학과,학생부종합,활동우수형,50,1.77
2027,연세대학교,도시공학과,학생부종합,활동우수형,70,2.18
2027,연세대학교,디스플레이융합공학과,학생부종합,활동우수형,50,2.02
2027,연세대학교,디스플레이융합공학과,학생부종합,활동우수형,70,2.48
2027,연세대학교,물리학과,학생부종합,활동우수형,50,1.46
2027,연세대학교,물리학과,학생부종합,활동우수형,70,1.58
2027,연세대학교,산업공학과,학생부종합,활동우수형,50,1.35
2027,연세대학교,산업공학과,학생부종합,활동우수형,70,1.44
2027,연세대학교,생명공학과,학생부종합,활동우수형,50,1.41
2027,연세대학교,생명공학과,학생부종합,활동우수형,70,1.45
2027,연세대학교,생명과학부,학생부종합,활동우수형,50,1.5
2027,연세대학교,생명과학부,학생부종합,활동우수형,70,1.72
2027,연세대학교,생화학과,학생부종합,활동우수형,50,1.38
2027,연세대학교,생화학과,학생부종합,활동우수형,70,1.38
2027,연세대학교,수학과,학생부종합,활동우수형,50,1.62
2027,연세대학교,수학과,학생부종합,활동우수형,70,1.63
2027,연세대학교,시스템반도체공학과,학생부종합,활동우수형,50,1.67
2027,연세대학교,시스템반도체공학과,학생부종합,활동우수형,70,1.79
2027,연세대학교,시스템생물학과,학생부종합,활동우수형,50,1.44
2027,연세대학교,시스템생물학과,학생부종합,활동우수형,70,1.46
2027,연세대학교,식품영양학과,학생부종합,활동우수형,50,1.51
2027,연세대학교,식품영양학과,학생부종합,활동우수형,70,1.58
2027,연세대학교,실내건축학과,학생부종합,활동우수형,50,1.96
2027,연세대학교,실내건축학과,학생부종합,활동우수형,70,2.11
2027,연세대학교,의류환경학과,학생부종합,활동우수형,50,1.82
2027,연세대학교,의류환경학과,학생부종합,활동우수형,70,1.87
2027,연세대학교,통합디자인학과,학생부종합,활동우수형,50,1.78
2027,연세대학교,통합디자인학과,학생부종합,활동우수형,70,2.03
2027,연세대학교,신소재공학부,학생부종합,활동우수형,50,1.48
2027,연세대학교,신소재공학부,학생부종합,활동우수형,70,1.53
2027,연세대학교,전기전자공학부,학생부종합,활동우수형,50,1.52
2027,연세대학교,전기전자공학부,학생부종합,활동우수형,70,1.57
2027,연세대학교,지구시스템과학과,학생부종합,활동우수형,50,1.84
2027,연세대학교,지구시스템과학과,학생부종합,활동우수형,70,1.92
2027,연세대학교,천문우주학과,학생부종합,활동우수형,50,1.48
2027,연세대학교,천문우주학과,학생부종합,활동우수형,70,1.48
2027,연세대학교,진리자유학부(자연),학생부종합,활동우수형,50,1.52
2027,연세대학교,진리자유학부(자연),학생부종합,활동우수형,70,1.57
2027,연세대학교,화공생명공학부,학생부종합,활동우수형,50,1.41
2027,연세대학교,화공생명공학부,학생부종합,활동우수형,70,1.5
2027,연세대학교,화학과,학생부종합,활동우수형,50,1.6
2027,연세대학교,화학과,학생부종합,활동우수형,70,1.68
2027,고려대학교,경영대학,학생부교과,학교추천,50,1.34
2027,고려대학교,경영대학,학생부교과,학교추천,70,1.48
2027,고려대학교,경제학과,학생부교과,학교추천,50,1.35
2027,고려대학교,경제학과,학생부교과,학교추천,70,1.38
2027,고려대학교,교육학과,학생부교과,학교추천,50,1.55
2027,고려대학교,교육학과,학생부교과,학교추천,70,1.62
2027,고려대학교,국어교육과,학생부교과,학교추천,50,1.41
2027,고려대학교,국어교육과,학생부교과,학교추천,70,1.44
2027,고려대학교,국어국문학과,학생부교과,학교추천,50,1.36
2027,고려대학교,국어국문학과,학생부교과,학교추천,70,1.44
2027,고려대학교,국제학부,학생부교과,학교추천,50,1.4
2027,고려대학교,국제학부,학생부교과,학교추천,70,1.42
2027,고려대학교,노어노문학과,학생부교과,학교추천,50,1.53
2027,고려대학교,노어노문학과,학생부교과,학교추천,70,1.56
2027,고려대학교,독어독문학과,학생부교과,학교추천,50,1.53
2027,고려대학교,독어독문학과,학생부교과,학교추천,70,1.54
2027,고려대학교,미디어학부,학생부교과,학교추천,50,1.27
2027,고려대학교,미디어학부,학생부교과,학교추천,70,1.28
2027,고려대학교,보건정책관리학부,학생부교과,학교추천,50,1.39
2027,고려대학교,보건정책관리학부,학생부교과,학교추천,70,1.42
2027,고려대학교,불어불문학과,학생부교과,학교추천,50,1.46
2027,고려대학교,불어불문학과,학생부교과,학교추천,70,1.47
2027,고려대학교,사학과,학생부교과,학교추천,50,1.51
2027,고려대학교,사학과,학생부교과,학교추천,70,1.53
2027,고려대학교,사회학과,학생부교과,학교추천,50,1.34
2027,고려대학교,사회학과,학생부교과,학교추천,70,1.35
2027,고려대학교,서어서문학과,학생부교과,학교추천,50,1.46
2027,고려대학교,서어서문학과,학생부교과,학교추천,70,1.49
2027,고려대학교,식품자원경제학과,학생부교과,학교추천,50,1.43
2027,고려대학교,식품자원경제학과,학생부교과,학교추천,70,1.45
2027,고려대학교,심리학부,학생부교과,학교추천,50,1.4
2027,고려대학교,심리학부,학생부교과,학교추천,70,1.42
2027,고려대학교,언어학과,학생부교과,학교추천,50,1.51
2027,고려대학교,언어학과,학생부교과,학교추천,70,1.54
2027,고려대학교,역사교육과,학생부교과,학교추천,50,1.44
2027,고려대학교,역사교육과,학생부교과,학교추천,70,1.46
2027,고려대학교,영어교육과,학생부교과,학교추천,50,1.35
2027,고려대학교,영어교육과,학생부교과,학교추천,70,1.52
2027,고려대학교,영어영문학과,학생부교과,학교추천,50,1.41
2027,고려대학교,영어영문학과,학생부교과,학교추천,70,1.43
2027,고려대학교,일어일문학과,학생부교과,학교추천,50,1.48
2027,고려대학교,일어일문학과,학생부교과,학교추천,70,1.48
2027,고려대학교,정치외교학과,학생부교과,학교추천,50,1.18
2027,고려대학교,정치외교학과,학생부교과,학교추천,70,1.23
2027,고려대학교,중어중문학과,학생부교과,학교추천,50,1.49
2027,고려대학교,중어중문학과,학생부교과,학교추천,70,1.5
2027,고려대학교,지리교육과,학생부교과,학교추천,50,1.47
2027,고려대학교,지리교육과,학생부교과,학교추천,70,1.51
2027,고려대학교,철학과,학생부교과,학교추천,50,1.47
2027,고려대학교,철학과,학생부교과,학교추천,70,1.48
2027,고려대학교,통계학과,학생부교과,학교추천,50,1.44
2027,고려대학교,통계학과,학생부교과,학교추천,70,1.45
2027,고려대학교,한국사학과,학생부교과,학교추천,50,1.63
2027,고려대학교,한국사학과,학생부교과,학교추천,70,1.66
2027,고려대학교,행정학과,학생부교과,학교추천,50,1.3
2027,고려대학교,행정학과,학생부교과,학교추천,70,1.5
2027,고려대학교,경영대학,학생부종합,학업우수형,50,1.97
2027,고려대학교,경영대학,학생부종합,학업우수형,70,2.18
2027,고려대학교,경제학과,학생부종합,학업우수형,50,1.86
2027,고려대학교,경제학과,학생부종합,학업우수형,70,2.27
2027,고려대학교,교육학과,학생부종합,학업우수형,50,1.68
2027,고려대학교,교육학과,학생부종합,학업우수형,70,1.78
2027,고려대학교,국어교육과,학생부종합,학업우수형,50,1.98
2027,고려대학교,국어교육과,학생부종합,학업우수형,70,2
2027,고려대학교,국어국문학과,학생부종합,학업우수형,50,1.94
2027,고려대학교,국어국문학과,학생부종합,학업우수형,70,2.53
2027,고려대학교,국제학부,학생부종합,학업우수형,50,2.32
2027,고려대학교,국제학부,학생부종합,학업우수형,70,2.39
2027,고려대학교,노어노문학과,학생부종합,학업우수형,50,3.09
2027,고려대학교,노어노문학과,학생부종합,학업우수형,70,3.42
2027,고려대학교,독어독문학과,학생부종합,학업우수형,50,2.8
2027,고려대학교,독어독문학과,학생부종합,학업우수형,70,2.89
2027,고려대학교,미디어학부,학생부종합,학업우수형,50,1.8
2027,고려대학교,미디어학부,학생부종합,학업우수형,70,2.06
2027,고려대학교,보건정책관리학부,학생부종합,학업우수형,50,2.01
2027,고려대학교,보건정책관리학부,학생부종합,학업우수형,70,2.64
2027,고려대학교,불어불문학과,학생부종합,학업우수형,50,2.97
2027,고려대학교,불어불문학과,학생부종합,학업우수형,70,3.13
2027,고려대학교,사학과,학생부종합,학업우수형,50,1.79
2027,고려대학교,사학과,학생부종합,학업우수형,70,2.06
2027,고려대학교,사회학과,학생부종합,학업우수형,50,1.81
2027,고려대학교,사회학과,학생부종합,학업우수형,70,2
2027,고려대학교,서어서문학과,학생부종합,학업우수형,50,2.52
2027,고려대학교,서어서문학과,학생부종합,학업우수형,70,2.86
2027,고려대학교,식품자원경제학과,학생부종합,학업우수형,50,1.85
2027,고려대학교,식품자원경제학과,학생부종합,학업우수형,70,1.9
2027,고려대학교,심리학부,학생부종합,학업우수형,50,1.68
2027,고려대학교,심리학부,학생부종합,학업우수형,70,1.83
2027,고려대학교,언어학과,학생부종합,학업우수형,50,1.88
2027,고려대학교,언어학과,학생부종합,학업우수형,70,2.04
2027,고려대학교,역사교육과,학생부종합,학업우수형,50,1.79
2027,고려대학교,역사교육과,학생부종합,학업우수형,70,1.94
2027,고려대학교,영어교육과,학생부종합,학업우수형,50,1.81
2027,고려대학교,영어교육과,학생부종합,학업우수형,70,2.17
2027,고려대학교,영어영문학과,학생부종합,학업우수형,50,2.18
2027,고려대학교,영어영문학과,학생부종합,학업우수형,70,2.44
2027,고려대학교,일어일문학과,학생부종합,학업우수형,50,2.88
2027,고려대학교,일어일문학과,학생부종합,학업우수형,70,3.03
2027,고려대학교,정치외교학과,학생부종합,학업우수형,50,1.61
2027,고려대학교,정치외교학과,학생부종합,학업우수형,70,1.9
2027,고려대학교,중어중문학과,학생부종합,학업우수형,50,3.15
2027,고려대학교,중어중문학과,학생부종합,학업우수형,70,3.27
2027,고려대학교,지리교육과,학생부종합,학업우수형,50,1.78
2027,고려대학교,지리교육과,학생부종합,학업우수형,70,1.81
2027,고려대학교,철학과,학생부종합,학업우수형,50,1.74
2027,고려대학교,철학과,학생부종합,학업우수형,70,2.75
2027,고려대학교,통계학과,학생부종합,학업우수형,50,1.7
2027,고려대학교,통계학과,학생부종합,학업우수형,70,2.16
2027,고려대학교,한국사학과,학생부종합,학업우수형,50,1.98
2027,고려대학교,한국사학과,학생부종합,학업우수형,70,2.48
2027,고려대학교,한문학과,학생부종합,학업우수형,50,2.18
2027,고려대학교,한문학과,학생부종합,학업우수형,70,2.96
2027,고려대학교,행정학과,학생부종합,학업우수형,50,1.81
2027,고려대학교,행정학과,학생부종합,학업우수형,70,2.06
2027,고려대학교,경영대학,학생부종합,계열적합형,50,1.73
2027,고려대학교,경영대학,학생부종합,계열적합형,70,2.06
2027,고려대학교,경제학과,학생부종합,계열적합형,50,1.99
2027,고려대학교,경제학과,학생부종합,계열적합형,70,2.32
2027,고려대학교,교육학과,학생부종합,계열적합형,50,1.64
2027,고려대학교,교육학과,학생부종합,계열적합형,70,1.75
2027,고려대학교,국어교육과,학생부종합,계열적합형,50,2.07
2027,고려대학교,국어교육과,학생부종합,계열적합형,70,2.46
2027,고려대학교,국어국문학과,학생부종합,계열적합형,50,2.45
2027,고려대학교,국어국문학과,학생부종합,계열적합형,70,2.58
2027,고려대학교,국제학부,학생부종합,계열적합형,50,2.34
2027,고려대학교,국제학부,학생부종합,계열적합형,70,2.47
2027,고려대학교,노어노문학과,학생부종합,계열적합형,50,2.44
2027,고려대학교,노어노문학과,학생부종합,계열적합형,70,2.59
2027,고려대학교,독어독문학과,학생부종합,계열적합형,50,2.77
2027,고려대학교,독어독문학과,학생부종합,계열적합형,70,2.88
2027,고려대학교,미디어학부,학생부종합,계열적합형,50,1.98
2027,고려대학교,미디어학부,학생부종합,계열적합형,70,2.23
2027,고려대학교,보건정책관리학부,학생부종합,계열적합형,50,2.86
2027,고려대학교,보건정책관리학부,학생부종합,계열적합형,70,2.96
2027,고려대학교,불어불문학과,학생부종합,계열적합형,50,2.02
2027,고려대학교,불어불문학과,학생부종합,계열적합형,70,2.43
2027,고려대학교,사학과,학생부종합,계열적합형,50,1.95
2027,고려대학교,사학과,학생부종합,계열적합형,70,2.24
2027,고려대학교,사회학과,학생부종합,계열적합형,50,1.71
2027,고려대학교,사회학과,학생부종합,계열적합형,70,1.88
2027,고려대학교,서어서문학과,학생부종합,계열적합형,50,2.28
2027,고려대학교,서어서문학과,학생부종합,계열적합형,70,2.51
2027,고려대학교,식품자원경제학과,학생부종합,계열적합형,50,1.98
2027,고려대학교,식품자원경제학과,학생부종합,계열적합형,70,2.3
2027,고려대학교,심리학부,학생부종합,계열적합형,50,1.69
2027,고려대학교,심리학부,학생부종합,계열적합형,70,2.17
2027,고려대학교,역사교육과,학생부종합,계열적합형,50,2.63
2027,고려대학교,역사교육과,학생부종합,계열적합형,70,3
2027,고려대학교,영어교육과,학생부종합,계열적합형,50,2.33
2027,고려대학교,영어교육과,학생부종합,계열적합형,70,2.86
2027,고려대학교,영어영문학과,학생부종합,계열적합형,50,2.41
2027,고려대학교,영어영문학과,학생부종합,계열적합형,70,2.61
2027,고려대학교,일어일문학과,학생부종합,계열적합형,50,2.19
2027,고려대학교,일어일문학과,학생부종합,계열적합형,70,2.3
2027,고려대학교,정치외교학과,학생부종합,계열적합형,50,2
2027,고려대학교,정치외교학과,학생부종합,계열적합형,70,2.17
2027,고려대학교,중어중문학과,학생부종합,계열적합형,50,2.35
2027,고려대학교,중어중문학과,학생부종합,계열적합형,70,2.47
2027,고려대학교,지리교육과,학생부종합,계열적합형,50,2.27
2027,고려대학교,지리교육과,학생부종합,계열적합형,70,2.94
2027,고려대학교,통계학과,학생부종합,계열적합형,50,2.82
2027,고려대학교,통계학과,학생부종합,계열적합형,70,3.06
2027,고려대학교,행정학과,학생부종합,계열적합형,50,2.42
2027,고려대학교,행정학과,학생부종합,계열적합형,70,2.67
2027,고려대학교,글로벌한국융합학부,학생부종합,계열적합형,50,2.82
2027,고려대학교,글로벌한국융합학부,학생부종합,계열적합형,70,2.83
2027,고려대학교,가정교육과,학생부교과,학교추천,50,1.4
2027,고려대학교,가정교육과,학생부교과,학교추천,70,1.41
2027,고려대학교,간호대학,학생부교과,학교추천,50,1.37
2027,고려대학교,간호대학,학생부교과,학교추천,70,1.41
2027,고려대학교,건축사회환경공학부,학생부교과,학교추천,50,1.4
2027,고려대학교,건축사회환경공학부,학생부교과,학교추천,70,1.43
2027,고려대학교,건축학과,학생부교과,학교추천,50,1.43
2027,고려대학교,건축학과,학생부교과,학교추천,70,1.47
2027,고려대학교,기계공학부,학생부교과,학교추천,50,1.28
2027,고려대학교,기계공학부,학생부교과,학교추천,70,1.29
2027,고려대학교,데이터과학과,학생부교과,학교추천,50,1.31
2027,고려대학교,데이터과학과,학생부교과,학교추천,70,1.35
2027,고려대학교,물리학과,학생부교과,학교추천,50,1.32
2027,고려대학교,물리학과,학생부교과,학교추천,70,1.35
2027,고려대학교,바이오시스템의과학부,학생부교과,학교추천,50,1.13
2027,고려대학교,바이오시스템의과학부,학생부교과,학교추천,70,1.14
2027,고려대학교,바이오의공학부,학생부교과,학교추천,50,1.24
2027,고려대학교,바이오의공학부,학생부교과,학교추천,70,1.26
2027,고려대학교,보건환경융합과학부,학생부교과,학교추천,50,1.28
2027,고려대학교,보건환경융합과학부,학생부교과,학교추천,70,1.28
2027,고려대학교,산업경영공학부,학생부교과,학교추천,50,1.28
2027,고려대학교,산업경영공학부,학생부교과,학교추천,70,1.3
2027,고려대학교,생명공학부,학생부교과,학교추천,50,1.24
2027,고려대학교,생명공학부,학생부교과,학교추천,70,1.27
2027,고려대학교,생명과학부,학생부교과,학교추천,50,1.26
2027,고려대학교,생명과학부,학생부교과,학교추천,70,1.26
2027,고려대학교,수학과,학생부교과,학교추천,50,1.33
2027,고려대학교,수학과,학생부교과,학교추천,70,1.34
2027,고려대학교,수학교육과,학생부교과,학교추천,50,1.27
2027,고려대학교,수학교육과,학생부교과,학교추천,70,1.3
2027,고려대학교,스마트보안학부,학생부교과,학교추천,50,1.32
2027,고려대학교,스마트보안학부,학생부교과,학교추천,70,1.32
2027,고려대학교,식품공학과,학생부교과,학교추천,50,1.29
2027,고려대학교,식품공학과,학생부교과,학교추천,70,1.3
2027,고려대학교,신소재공학부,학생부교과,학교추천,50,1.27
2027,고려대학교,신소재공학부,학생부교과,학교추천,70,1.29
2027,고려대학교,융합에너지공학과,학생부교과,학교추천,50,1.37
2027,고려대학교,융합에너지공학과,학생부교과,학교추천,70,1.39
2027,고려대학교,의예과,학생부교과,학교추천,50,1
2027,고려대학교,의예과,학생부교과,학교추천,70,1.02
2027,고려대학교,전기전자공학부,학생부교과,학교추천,50,1.18
2027,고려대학교,전기전자공학부,학생부교과,학교추천,70,1.22
2027,고려대학교,컴퓨터학과,학생부교과,학교추천,50,1.49
2027,고려대학교,컴퓨터학과,학생부교과,학교추천,70,1.69
2027,고려대학교,인공지능학과,학생부교과,학교추천,50,1.33
2027,고려대학교,인공지능학과,학생부교과,학교추천,70,1.35
2027,고려대학교,화공생명공학과,학생부교과,학교추천,50,1.18
2027,고려대학교,화공생명공학과,학생부교과,학교추천,70,1.22
2027,고려대학교,환경생태공학부,학생부교과,학교추천,50,1.29
2027,고려대학교,환경생태공학부,학생부교과,학교추천,70,1.31
2027,고려대학교,가정교육과,학생부종합,학업우수형,50,1.84
2027,고려대학교,가정교육과,학생부종합,학업우수형,70,2.07
2027,고려대학교,공과대학,학생부종합,학업우수형,50,1.71
2027,고려대학교,공과대학,학생부종합,학업우수형,70,2.04
2027,고려대학교,간호대학,학생부종합,학업우수형,50,1.84
2027,고려대학교,간호대학,학생부종합,학업우수형,70,1.99
2027,고려대학교,건축사회환경공학부,학생부종합,학업우수형,50,1.82
2027,고려대학교,건축사회환경공학부,학생부종합,학업우수형,70,2.07
2027,고려대학교,건축학과,학생부종합,학업우수형,50,1.6
2027,고려대학교,건축학과,학생부종합,학업우수형,70,1.66
2027,고려대학교,기계공학부,학생부종합,학업우수형,50,1.73
2027,고려대학교,기계공학부,학생부종합,학업우수형,70,1.98
2027,고려대학교,데이터과학과,학생부종합,학업우수형,50,1.81
2027,고려대학교,데이터과학과,학생부종합,학업우수형,70,1.98
2027,고려대학교,물리학과,학생부종합,학업우수형,50,1.69
2027,고려대학교,물리학과,학생부종합,학업우수형,70,1.71
2027,고려대학교,바이오시스템의과학부,학생부종합,학업우수형,50,1.7
2027,고려대학교,바이오시스템의과학부,학생부종합,학업우수형,70,1.91
2027,고려대학교,바이오의공학부,학생부종합,학업우수형,50,1.97
2027,고려대학교,바이오의공학부,학생부종합,학업우수형,70,2.04
2027,고려대학교,보건환경융합과학부,학생부종합,학업우수형,50,1.6
2027,고려대학교,보건환경융합과학부,학생부종합,학업우수형,70,1.72
2027,고려대학교,사이버국방학과,학생부종합,사이버국방전형,50,3.68
2027,고려대학교,사이버국방학과,학생부종합,사이버국방전형,70,4.2
2027,고려대학교,산업경영공학부,학생부종합,학업우수형,50,1.6
2027,고려대학교,산업경영공학부,학생부종합,학업우수형,70,1.64
2027,고려대학교,생명공학부,학생부종합,학업우수형,50,1.59
2027,고려대학교,생명공학부,학생부종합,학업우수형,70,2.08
2027,고려대학교,생명과학부,학생부종합,학업우수형,50,1.76
2027,고려대학교,생명과학부,학생부종합,학업우수형,70,2.04
2027,고려대학교,수학과,학생부종합,학업우수형,50,1.64
2027,고려대학교,수학과,학생부종합,학업우수형,70,1.76
2027,고려대학교,수학교육과,학생부종합,학업우수형,50,1.54
2027,고려대학교,수학교육과,학생부종합,학업우수형,70,1.6
2027,고려대학교,스마트보안학부,학생부종합,학업우수형,50,1.84
2027,고려대학교,스마트보안학부,학생부종합,학업우수형,70,2.13
2027,고려대학교,식품공학과,학생부종합,학업우수형,50,1.67
2027,고려대학교,식품공학과,학생부종합,학업우수형,70,1.76
2027,고려대학교,신소재공학부,학생부종합,학업우수형,50,1.55
2027,고려대학교,신소재공학부,학생부종합,학업우수형,70,1.63
2027,고려대학교,융합에너지공학과,학생부종합,학업우수형,50,1.74
2027,고려대학교,융합에너지공학과,학생부종합,학업우수형,70,2.3
2027,고려대학교,의예과,학생부종합,학업우수형,50,1.15
2027,고려대학교,의예과,학생부종합,학업우수형,70,1.26
2027,고려대학교,전기전자공학부,학생부종합,학업우수형,50,1.86
2027,고려대학교,전기전자공학부,학생부종합,학업우수형,70,2.04
2027,고려대학교,지구환경과학과,학생부종합,학업우수형,50,1.86
2027,고려대학교,지구환경과학과,학생부종합,학업우수형,70,2.11
2027,고려대학교,컴퓨터학과,학생부종합,학업우수형,50,1.51
2027,고려대학교,컴퓨터학과,학생부종합,학업우수형,70,1.67
2027,고려대학교,인공지능학과,학생부종합,학업우수형,50,1.52
2027,고려대학교,인공지능학과,학생부종합,학업우수형,70,1.56
2027,고려대학교,화공생명공학과,학생부종합,학업우수형,50,1.63
2027,고려대학교,화공생명공학과,학생부종합,학업우수형,70,1.83
2027,고려대학교,화학과,학생부종합,학업우수형,50,1.76
2027,고려대학교,화학과,학생부종합,학업우수형,70,2.18
2027,고려대학교,환경생태공학부,학생부종합,학업우수형,50,1.72
2027,고려대학교,환경생태공학부,학생부종합,학업우수형,70,1.86
2027,고려대학교,학부대학,학생부종합,학업우수형,50,1.74
2027,고려대학교,학부대학,학생부종합,학업우수형,70,1.87
2027,고려대학교,가정교육과,학생부종합,계열적합형,50,2.19
2027,고려대학교,가정교육과,학생부종합,계열적합형,70,2.79
2027,고려대학교,간호대학,학생부종합,계열적합형,50,1.82
2027,고려대학교,간호대학,학생부종합,계열적합형,70,2.13
2027,고려대학교,건축사회환경공학부,학생부종합,계열적합형,50,2.35
2027,고려대학교,건축사회환경공학부,학생부종합,계열적합형,70,2.74
2027,고려대학교,건축학과,학생부종합,계열적합형,50,2.49
2027,고려대학교,건축학과,학생부종합,계열적합형,70,2.88
2027,고려대학교,기계공학부,학생부종합,계열적합형,50,3.37
2027,고려대학교,기계공학부,학생부종합,계열적합형,70,3.68
2027,고려대학교,데이터과학과,학생부종합,계열적합형,50,2.68
2027,고려대학교,데이터과학과,학생부종합,계열적합형,70,3.58
2027,고려대학교,바이오시스템의과학부,학생부종합,계열적합형,50,2.26
2027,고려대학교,바이오시스템의과학부,학생부종합,계열적합형,70,2.4
2027,고려대학교,바이오의공학부,학생부종합,계열적합형,50,2.34
2027,고려대학교,바이오의공학부,학생부종합,계열적합형,70,2.9
2027,고려대학교,보건환경융합과학부,학생부종합,계열적합형,50,1.88
2027,고려대학교,보건환경융합과학부,학생부종합,계열적합형,70,2.22
2027,고려대학교,산업경영공학부,학생부종합,계열적합형,50,2.43
2027,고려대학교,산업경영공학부,학생부종합,계열적합형,70,3.18
2027,고려대학교,생명공학부,학생부종합,계열적합형,50,3.52
2027,고려대학교,생명공학부,학생부종합,계열적합형,70,3.76
2027,고려대학교,생명과학부,학생부종합,계열적합형,50,2.02
2027,고려대학교,생명과학부,학생부종합,계열적합형,70,2.38
2027,고려대학교,수학교육과,학생부종합,계열적합형,50,1.59
2027,고려대학교,수학교육과,학생부종합,계열적합형,70,1.97
2027,고려대학교,스마트보안학부,학생부종합,계열적합형,50,3.35
2027,고려대학교,스마트보안학부,학생부종합,계열적합형,70,3.94
2027,고려대학교,식품공학과,학생부종합,계열적합형,50,2.18
2027,고려대학교,식품공학과,학생부종합,계열적합형,70,2.67
2027,고려대학교,신소재공학부,학생부종합,계열적합형,50,3.26
2027,고려대학교,신소재공학부,학생부종합,계열적합형,70,3.55
2027,고려대학교,융합에너지공학과,학생부종합,계열적합형,50,2.12
2027,고려대학교,융합에너지공학과,학생부종합,계열적합형,70,2.2
2027,고려대학교,의예과,학생부종합,계열적합형,50,1.32
2027,고려대학교,의예과,학생부종합,계열적합형,70,1.34
2027,고려대학교,전기전자공학부,학생부종합,계열적합형,50,1.99
2027,고려대학교,전기전자공학부,학생부종합,계열적합형,70,2.28
2027,고려대학교,지구환경과학과,학생부종합,계열적합형,50,2.42
2027,고려대학교,지구환경과학과,학생부종합,계열적합형,70,2.67
2027,고려대학교,인공지능학과,학생부종합,계열적합형,50,2.07
2027,고려대학교,인공지능학과,학생부종합,계열적합형,70,2.17
2027,고려대학교,화학과,학생부종합,계열적합형,50,4
2027,고려대학교,화학과,학생부종합,계열적합형,70,4.03
2027,고려대학교,환경생태공학부,학생부종합,계열적합형,50,2.21
2027,고려대학교,환경생태공학부,학생부종합,계열적합형,70,2.4
2027,성균관대학교,사회과학계열,학생부교과,추천인재,50,1.54
2027,성균관대학교,사회과학계열,학생부교과,추천인재,70,1.58
2027,성균관대학교,인문과학계열,학생부교과,추천인재,50,1.62
2027,성균관대학교,인문과학계열,학생부교과,추천인재,70,1.67
2027,성균관대학교,자유전공계열,학생부교과,추천인재,50,1.5
2027,성균관대학교,자유전공계열,학생부교과,추천인재,70,1.51
2027,성균관대학교,공학계열,학생부교과,추천인재,50,1.47
2027,성균관대학교,공학계열,학생부교과,추천인재,70,1.48
2027,성균관대학교,자연과학계열,학생부교과,추천인재,50,1.38
2027,성균관대학교,자연과학계열,학생부교과,추천인재,70,1.44
2027,성균관대학교,전자전기공학부,학생부교과,추천인재,50,1.38
2027,성균관대학교,전자전기공학부,학생부교과,추천인재,70,1.39
2027,성균관대학교,사회과학계열,학생부종합,융합인재,50,2.39
2027,성균관대학교,사회과학계열,학생부종합,융합인재,70,3.03
2027,성균관대학교,인문과학계열,학생부종합,융합인재,50,3
2027,성균관대학교,인문과학계열,학생부종합,융합인재,70,3.31
2027,성균관대학교,사회학과,학생부종합,탐구형(서류),50,3.14
2027,성균관대학교,사회학과,학생부종합,탐구형(서류),70,3.65
2027,성균관대학교,사회복지학과,학생부종합,탐구형(서류),50,2.81
2027,성균관대학교,사회복지학과,학생부종합,탐구형(서류),70,3.18
2027,성균관대학교,자유전공계열,학생부종합,면접형(성균인재),50,2.41
2027,성균관대학교,자유전공계열,학생부종합,면접형(성균인재),70,2.96
2027,성균관대학교,의예과,학생부종합,면접형(성균인재),50,1.55
2027,성균관대학교,의예과,학생부종합,면접형(성균인재),70,2.43
2027,성균관대학교,글로벌융합학부,학생부종합,면접형(성균인재),50,3.23
2027,성균관대학교,글로벌융합학부,학생부종합,면접형(성균인재),70,4.01
2027,성균관대학교,공학계열,학생부종합,융합인재,50,1.96
2027,성균관대학교,공학계열,학생부종합,융합인재,70,2.25
2027,성균관대학교,자연과학계열,학생부종합,융합인재,50,2.21
2027,성균관대학교,자연과학계열,학생부종합,융합인재,70,2.76
2027,성균관대학교,전자전기공학부,학생부종합,융합인재,50,1.87
2027,성균관대학교,전자전기공학부,학생부종합,융합인재,70,2.03
2027,성균관대학교,건설환경공학부,학생부종합,탐구형(서류),50,2.45
2027,성균관대학교,건설환경공학부,학생부종합,탐구형(서류),70,2.64
2027,성균관대학교,공학계열,학생부종합,과학인재,50,4.17
2027,성균관대학교,공학계열,학생부종합,과학인재,70,4.61
2027,성균관대학교,전자전기공학부,학생부종합,과학인재,50,5.21
2027,성균관대학교,전자전기공학부,학생부종합,과학인재,70,5.23
2027,성균관대학교,배터리학과,학생부종합,과학인재,50,4.18
2027,성균관대학교,배터리학과,학생부종합,과학인재,70,4.95
2027,서강대학교,경제학과,학생부교과,지역균형,50,1.5
2027,서강대학교,경제학과,학생부교과,지역균형,70,1.55
2027,서강대학교,사회과학부,학생부교과,지역균형,50,1.39
2027,서강대학교,사회과학부,학생부교과,지역균형,70,1.4
2027,서강대학교,영문학부,학생부교과,지역균형,50,1.57
2027,서강대학교,영문학부,학생부교과,지역균형,70,1.58
2027,서강대학교,유럽문화학과,학생부교과,지역균형,50,1.64
2027,서강대학교,유럽문화학과,학생부교과,지역균형,70,1.65
2027,서강대학교,인문학부,학생부교과,지역균형,50,1.57
2027,서강대학교,인문학부,학생부교과,지역균형,70,1.59
2027,서강대학교,중국문화학과,학생부교과,지역균형,50,1.64
2027,서강대학교,중국문화학과,학생부교과,지역균형,70,1.64
2027,서강대학교,지식융합미디어학부,학생부교과,지역균형,50,1.61
2027,서강대학교,지식융합미디어학부,학생부교과,지역균형,70,1.65
2027,서강대학교,기계공학과,학생부교과,지역균형,50,1.38
2027,서강대학교,기계공학과,학생부교과,지역균형,70,1.41
2027,서강대학교,물리학과,학생부교과,지역균형,50,1.5
2027,서강대학교,물리학과,학생부교과,지역균형,70,1.53
2027,서강대학교,생명과학과,학생부교과,지역균형,50,1.23
2027,서강대학교,생명과학과,학생부교과,지역균형,70,1.25
2027,서강대학교,수학과,학생부교과,지역균형,50,1.56
2027,서강대학교,수학과,학생부교과,지역균형,70,1.63
2027,서강대학교,화학과,학생부교과,지역균형,50,1.53
2027,서강대학교,화학과,학생부교과,지역균형,70,1.53
2027,서강대학교,화공생명공학과,학생부교과,지역균형,50,1.27
2027,서강대학교,화공생명공학과,학생부교과,지역균형,70,1.32
2027,서강대학교,전자공학과,학생부교과,지역균형,50,1.31
2027,서강대학교,전자공학과,학생부교과,지역균형,70,1.37
2027,서강대학교,컴퓨터공학과,학생부교과,지역균형,50,1.79
2027,서강대학교,컴퓨터공학과,학생부교과,지역균형,70,1.96
2027,서강대학교,게페르트국제학부,학생부종합,학생부종합Ⅰ,50,3.33
2027,서강대학교,게페르트국제학부,학생부종합,학생부종합Ⅰ,70,3.63
2027,서강대학교,경제학과,학생부종합,학생부종합Ⅰ,50,2.93
2027,서강대학교,경제학과,학생부종합,학생부종합Ⅰ,70,3.33
2027,서강대학교,국어국문학과,학생부종합,학생부종합Ⅰ,50,2.04
2027,서강대학교,국어국문학과,학생부종합,학생부종합Ⅰ,70,3.07
2027,서강대학교,글로벌한국학부,학생부종합,학생부종합Ⅰ,50,3.47
2027,서강대학교,글로벌한국학부,학생부종합,학생부종합Ⅰ,70,3.5
2027,서강대학교,사학과,학생부종합,학생부종합Ⅰ,50,3.02
2027,서강대학교,사학과,학생부종합,학생부종합Ⅰ,70,3.86
2027,서강대학교,사회학과,학생부종합,학생부종합Ⅰ,50,1.97
2027,서강대학교,사회학과,학생부종합,학생부종합Ⅰ,70,2.42
2027,서강대학교,신문방송학과,학생부종합,학생부종합Ⅰ,50,2.63
2027,서강대학교,신문방송학과,학생부종합,학생부종합Ⅰ,70,2.9
2027,서강대학교,심리학과,학생부종합,학생부종합Ⅰ,50,1.9
2027,서강대학교,심리학과,학생부종합,학생부종합Ⅰ,70,1.95
2027,서강대학교,영문학부,학생부종합,학생부종합Ⅰ,50,2.87
2027,서강대학교,영문학부,학생부종합,학생부종합Ⅰ,70,3.43
2027,서강대학교,유럽문화학과,학생부종합,학생부종합Ⅰ,50,3.02
2027,서강대학교,유럽문화학과,학생부종합,학생부종합Ⅰ,70,3.23
2027,서강대학교,정치외교학과,학생부종합,학생부종합Ⅰ,50,1.75
2027,서강대학교,정치외교학과,학생부종합,학생부종합Ⅰ,70,1.84
2027,서강대학교,종교학과,학생부종합,학생부종합Ⅰ,50,3.14
2027,서강대학교,종교학과,학생부종합,학생부종합Ⅰ,70,3.23
2027,서강대학교,중국문화학과,학생부종합,학생부종합Ⅰ,50,3.01
2027,서강대학교,중국문화학과,학생부종합,학생부종합Ⅰ,70,3.03
2027,서강대학교,철학과,학생부종합,학생부종합Ⅰ,50,2.97
2027,서강대학교,철학과,학생부종합,학생부종합Ⅰ,70,3.57
2027,서강대학교,기계공학과,학생부종합,학생부종합Ⅰ,50,2.38
2027,서강대학교,기계공학과,학생부종합,학생부종합Ⅰ,70,3.37
2027,서강대학교,물리학과,학생부종합,학생부종합Ⅰ,50,3.05
2027,서강대학교,물리학과,학생부종합,학생부종합Ⅰ,70,3.19
2027,서강대학교,생명과학과,학생부종합,학생부종합Ⅰ,50,2.89
2027,서강대학교,생명과학과,학생부종합,학생부종합Ⅰ,70,3.1
2027,서강대학교,수학과,학생부종합,학생부종합Ⅰ,50,1.82
2027,서강대학교,수학과,학생부종합,학생부종합Ⅰ,70,1.92
2027,서강대학교,시스템반도체공학과,학생부종합,학생부종합Ⅰ,50,3.02
2027,서강대학교,시스템반도체공학과,학생부종합,학생부종합Ⅰ,70,3.08
2027,서강대학교,인공지능학과,학생부종합,학생부종합Ⅰ,50,1.87
2027,서강대학교,인공지능학과,학생부종합,학생부종합Ⅰ,70,2.05
2027,서강대학교,전자공학과,학생부종합,학생부종합Ⅰ,50,2.23
2027,서강대학교,전자공학과,학생부종합,학생부종합Ⅰ,70,3.13
2027,서강대학교,컴퓨터공학과,학생부종합,학생부종합Ⅰ,50,1.76
2027,서강대학교,컴퓨터공학과,학생부종합,학생부종합Ⅰ,70,2.81
2027,서강대학교,화공생명공학과,학생부종합,학생부종합Ⅰ,50,1.85
2027,서강대학교,화공생명공학과,학생부종합,학생부종합Ⅰ,70,2.69
2027,서강대학교,화학과,학생부종합,학생부종합Ⅰ,50,2.96
2027,서강대학교,화학과,학생부종합,학생부종합Ⅰ,70,3.13
2027,한양대학교,경영학부,학생부교과,교과추천형,50,2.61
2027,한양대학교,경영학부,학생부교과,교과추천형,70,2.73
2027,한양대학교,경제금융학부,학생부교과,교과추천형,50,1.51
2027,한양대학교,경제금융학부,학생부교과,교과추천형,70,1.55
2027,한양대학교,관광학부,학생부교과,교과추천형,50,1.6
2027,한양대학교,관광학부,학생부교과,교과추천형,70,1.6
2027,한양대학교,교육공학과,학생부교과,교과추천형,50,1.63
2027,한양대학교,교육공학과,학생부교과,교과추천형,70,1.67
2027,한양대학교,교육학과,학생부교과,교과추천형,50,1.63
2027,한양대학교,교육학과,학생부교과,교과추천형,70,1.66
2027,한양대학교,국어교육과,학생부교과,교과추천형,50,1.66
2027,한양대학교,국어교육과,학생부교과,교과추천형,70,1.66
2027,한양대학교,국어국문학과,학생부교과,교과추천형,50,1.79
2027,한양대학교,국어국문학과,학생부교과,교과추천형,70,1.79
2027,한양대학교,독어독문학과,학생부교과,교과추천형,50,1.75
2027,한양대학교,독어독문학과,학생부교과,교과추천형,70,1.75
2027,한양대학교,미디어커뮤니케이션학과,학생부교과,교과추천형,50,1.49
2027,한양대학교,미디어커뮤니케이션학과,학생부교과,교과추천형,70,1.5
2027,한양대학교,사학과,학생부교과,교과추천형,50,1.6
2027,한양대학교,사학과,학생부교과,교과추천형,70,1.67
2027,한양대학교,사회학과,학생부교과,교과추천형,50,1.66
2027,한양대학교,사회학과,학생부교과,교과추천형,70,1.66
2027,한양대학교,영어교육과,학생부교과,교과추천형,50,1.77
2027,한양대학교,영어교육과,학생부교과,교과추천형,70,1.78
2027,한양대학교,영어영문학과,학생부교과,교과추천형,50,1.56
2027,한양대학교,영어영문학과,학생부교과,교과추천형,70,1.61
2027,한양대학교,정책학과,학생부교과,교과추천형,50,1.57
2027,한양대학교,정책학과,학생부교과,교과추천형,70,1.64
2027,한양대학교,정치외교학과,학생부교과,교과추천형,50,1.71
2027,한양대학교,정치외교학과,학생부교과,교과추천형,70,1.71
2027,한양대학교,중어중문학과,학생부교과,교과추천형,50,1.66
2027,한양대학교,중어중문학과,학생부교과,교과추천형,70,1.73
2027,한양대학교,철학과,학생부교과,교과추천형,50,1.71
2027,한양대학교,철학과,학생부교과,교과추천형,70,1.71
2027,한양대학교,파이낸스경영학과,학생부교과,교과추천형,50,1.57
2027,한양대학교,파이낸스경영학과,학생부교과,교과추천형,70,1.61
2027,한양대학교,행정학과,학생부교과,교과추천형,50,1.61
2027,한양대학교,행정학과,학생부교과,교과추천형,70,1.65
2027,한양대학교,간호학과,학생부교과,교과추천형,50,1.53
2027,한양대학교,간호학과,학생부교과,교과추천형,70,1.53
2027,한양대학교,건설환경공학과,학생부교과,교과추천형,50,2.66
2027,한양대학교,건설환경공학과,학생부교과,교과추천형,70,2.75
2027,한양대학교,건축공학부,학생부교과,교과추천형,50,1.5
2027,한양대학교,건축공학부,학생부교과,교과추천형,70,1.52
2027,한양대학교,건축학부,학생부교과,교과추천형,50,1.51
2027,한양대학교,건축학부,학생부교과,교과추천형,70,1.52
2027,한양대학교,기계공학부,학생부교과,교과추천형,50,1.4
2027,한양대학교,기계공학부,학생부교과,교과추천형,70,1.41
2027,한양대학교,도시공학과,학생부교과,교과추천형,50,1.48
2027,한양대학교,도시공학과,학생부교과,교과추천형,70,1.51
2027,한양대학교,물리학과,학생부교과,교과추천형,50,1.53
2027,한양대학교,물리학과,학생부교과,교과추천형,70,1.53
2027,한양대학교,미래자동차공학과,학생부교과,교과추천형,50,1.46
2027,한양대학교,미래자동차공학과,학생부교과,교과추천형,70,1.46
2027,한양대학교,반도체공학과,학생부교과,교과추천형,50,1.13
2027,한양대학교,반도체공학과,학생부교과,교과추천형,70,1.16
2027,한양대학교,산업공학과,학생부교과,교과추천형,50,1.39
2027,한양대학교,산업공학과,학생부교과,교과추천형,70,1.45
2027,한양대학교,생명공학과,학생부교과,교과추천형,50,1.16
2027,한양대학교,생명공학과,학생부교과,교과추천형,70,1.4
2027,한양대학교,생명과학과,학생부교과,교과추천형,50,1.44
2027,한양대학교,생명과학과,학생부교과,교과추천형,70,1.45
2027,한양대학교,수학과,학생부교과,교과추천형,50,1.51
2027,한양대학교,수학과,학생부교과,교과추천형,70,1.55
2027,한양대학교,수학교육과,학생부교과,교과추천형,50,1.39
2027,한양대학교,수학교육과,학생부교과,교과추천형,70,1.55
2027,한양대학교,식품영양학과,학생부교과,교과추천형,50,1.5
2027,한양대학교,식품영양학과,학생부교과,교과추천형,70,1.51
2027,한양대학교,신소재공학부,학생부교과,교과추천형,50,1.29
2027,한양대학교,신소재공학부,학생부교과,교과추천형,70,1.36
2027,한양대학교,에너지공학과,학생부교과,교과추천형,50,1.51
2027,한양대학교,에너지공학과,학생부교과,교과추천형,70,1.51
2027,한양대학교,원자력공학과,학생부교과,교과추천형,50,1.43
2027,한양대학교,원자력공학과,학생부교과,교과추천형,70,1.49
2027,한양대학교,유기나노공학과,학생부교과,교과추천형,50,1.4
2027,한양대학교,유기나노공학과,학생부교과,교과추천형,70,1.4
2027,한양대학교,융합전자공학부,학생부교과,교과추천형,50,1.36
2027,한양대학교,융합전자공학부,학생부교과,교과추천형,70,1.37
2027,한양대학교,자원환경공학과,학생부교과,교과추천형,50,1.38
2027,한양대학교,자원환경공학과,학생부교과,교과추천형,70,1.61
2027,한양대학교,컴퓨터소프트웨어학부,학생부교과,교과추천형,50,1.6
2027,한양대학교,컴퓨터소프트웨어학부,학생부교과,교과추천형,70,1.8
2027,한양대학교,화학공학과,학생부교과,교과추천형,50,1.43
2027,한양대학교,화학공학과,학생부교과,교과추천형,70,1.43
2027,한양대학교,화학과,학생부교과,교과추천형,50,1.45
2027,한양대학교,화학과,학생부교과,교과추천형,70,1.48
2027,한양대학교,경영학부,학생부종합,학생부종합(서류),50,2.98
2027,한양대학교,경영학부,학생부종합,학생부종합(서류),70,3.05
2027,한양대학교,경제금융학부,학생부종합,학생부종합(서류),50,1.8
2027,한양대학교,경제금융학부,학생부종합,학생부종합(서류),70,3.27
2027,한양대학교,관광학부,학생부종합,학생부종합(서류),50,2.88
2027,한양대학교,관광학부,학생부종합,학생부종합(서류),70,2.98
2027,한양대학교,교육공학과,학생부종합,학생부종합(서류),50,3.12
2027,한양대학교,교육공학과,학생부종합,학생부종합(서류),70,3.27
2027,한양대학교,교육학과,학생부종합,학생부종합(서류),50,3.15
2027,한양대학교,교육학과,학생부종합,학생부종합(서류),70,3.38
2027,한양대학교,국어교육과,학생부종합,학생부종합(서류),50,1.85
2027,한양대학교,국어교육과,학생부종합,학생부종합(서류),70,2.7
2027,한양대학교,국어국문학과,학생부종합,학생부종합(서류),50,2.88
2027,한양대학교,국어국문학과,학생부종합,학생부종합(서류),70,3.54
2027,한양대학교,국제학부,학생부종합,학생부종합(서류),50,3.11
2027,한양대학교,국제학부,학생부종합,학생부종합(서류),70,3.36
2027,한양대학교,독어독문학과,학생부종합,학생부종합(서류),50,3.56
2027,한양대학교,독어독문학과,학생부종합,학생부종합(서류),70,3.9
2027,한양대학교,사학과,학생부종합,학생부종합(서류),50,2.09
2027,한양대학교,사학과,학생부종합,학생부종합(서류),70,3.16
2027,한양대학교,사회학과,학생부종합,학생부종합(서류),50,2.67
2027,한양대학교,사회학과,학생부종합,학생부종합(서류),70,3.6
2027,한양대학교,영어교육과,학생부종합,학생부종합(서류),50,1.64
2027,한양대학교,영어교육과,학생부종합,학생부종합(서류),70,2.07
2027,한양대학교,영어영문학과,학생부종합,학생부종합(서류),50,2.72
2027,한양대학교,영어영문학과,학생부종합,학생부종합(서류),70,3.49
2027,한양대학교,정책학과,학생부종합,학생부종합(서류),50,3.17
2027,한양대학교,정책학과,학생부종합,학생부종합(서류),70,3.56
2027,한양대학교,정치외교학과,학생부종합,학생부종합(서류),50,1.77
2027,한양대학교,정치외교학과,학생부종합,학생부종합(서류),70,1.77
2027,한양대학교,중어중문학과,학생부종합,학생부종합(서류),50,3.01
2027,한양대학교,중어중문학과,학생부종합,학생부종합(서류),70,3.99
2027,한양대학교,철학과,학생부종합,학생부종합(서류),50,3.63
2027,한양대학교,철학과,학생부종합,학생부종합(서류),70,3.63
2027,한양대학교,파이낸스경영학과,학생부종합,학생부종합(서류),50,2.79
2027,한양대학교,파이낸스경영학과,학생부종합,학생부종합(서류),70,3.17
2027,한양대학교,행정학과,학생부종합,학생부종합(서류),50,1.73
2027,한양대학교,행정학과,학생부종합,학생부종합(서류),70,2.32
2027,한양대학교,간호학과,학생부종합,학생부종합(서류),50,1.72
2027,한양대학교,간호학과,학생부종합,학생부종합(서류),70,2.94
2027,한양대학교,건설환경공학과,학생부종합,학생부종합(서류),50,2.96
2027,한양대학교,건설환경공학과,학생부종합,학생부종합(서류),70,2.97
2027,한양대학교,건축공학부,학생부종합,학생부종합(서류),50,1.92
2027,한양대학교,건축공학부,학생부종합,학생부종합(서류),70,2.49
2027,한양대학교,건축학부,학생부종합,학생부종합(서류),50,3.59
2027,한양대학교,건축학부,학생부종합,학생부종합(서류),70,4.36
2027,한양대학교,기계공학부,학생부종합,학생부종합(서류),50,2.65
2027,한양대학교,기계공학부,학생부종합,학생부종합(서류),70,3.07
2027,한양대학교,도시공학과,학생부종합,학생부종합(서류),50,2.42
2027,한양대학교,도시공학과,학생부종합,학생부종합(서류),70,2.68
2027,한양대학교,물리학과,학생부종합,학생부종합(서류),50,2.32
2027,한양대학교,물리학과,학생부종합,학생부종합(서류),70,2.45
2027,한양대학교,미래자동차공학과,학생부종합,학생부종합(서류),50,2.58
2027,한양대학교,미래자동차공학과,학생부종합,학생부종합(서류),70,2.82
2027,한양대학교,반도체공학과,학생부종합,학생부종합(서류),50,2.85
2027,한양대학교,반도체공학과,학생부종합,학생부종합(서류),70,3.17
2027,한양대학교,산업공학과,학생부종합,학생부종합(서류),50,1.6
2027,한양대학교,산업공학과,학생부종합,학생부종합(서류),70,1.71
2027,한양대학교,생명공학과,학생부종합,학생부종합(서류),50,2.86
2027,한양대학교,생명공학과,학생부종합,학생부종합(서류),70,3.44
2027,한양대학교,생명과학과,학생부종합,학생부종합(서류),50,2.03
2027,한양대학교,생명과학과,학생부종합,학생부종합(서류),70,3.38
2027,한양대학교,수학과,학생부종합,학생부종합(서류),50,2.56
2027,한양대학교,수학과,학생부종합,학생부종합(서류),70,2.93
2027,한양대학교,식품영양학과,학생부종합,학생부종합(서류),50,1.85
2027,한양대학교,식품영양학과,학생부종합,학생부종합(서류),70,2.38
2027,한양대학교,신소재공학부,학생부종합,학생부종합(서류),50,2.6
2027,한양대학교,신소재공학부,학생부종합,학생부종합(서류),70,3.05
2027,한양대학교,에너지공학과,학생부종합,학생부종합(서류),50,2.73
2027,한양대학교,에너지공학과,학생부종합,학생부종합(서류),70,3.24
2027,한양대학교,원자력공학과,학생부종합,학생부종합(서류),50,2.44
2027,한양대학교,원자력공학과,학생부종합,학생부종합(서류),70,3.5
2027,한양대학교,유기나노공학과,학생부종합,학생부종합(서류),50,2.77
2027,한양대학교,유기나노공학과,학생부종합,학생부종합(서류),70,3.45
2027,한양대학교,융합전자공학부,학생부종합,학생부종합(서류),50,2.42
2027,한양대학교,융합전자공학부,학생부종합,학생부종합(서류),70,2.62
2027,한양대학교,자원환경공학과,학생부종합,학생부종합(서류),50,2.63
2027,한양대학교,자원환경공학과,학생부종합,학생부종합(서류),70,2.82
2027,한양대학교,화학공학과,학생부종합,학생부종합(서류),50,1.77
2027,한양대학교,화학공학과,학생부종합,학생부종합(서류),70,1.77
2027,한양대학교,화학과,학생부종합,학생부종합(서류),50,2.41
2027,한양대학교,화학과,학생부종합,학생부종합(서류),70,2.75
2027,한양대학교,경영학부,학생부종합,학종추천형,50,2.98
2027,한양대학교,경영학부,학생부종합,학종추천형,70,3.05
2027,한양대학교,경제금융학부,학생부종합,학종추천형,50,1.8
2027,한양대학교,경제금융학부,학생부종합,학종추천형,70,3.27
2027,한양대학교,관광학부,학생부종합,학종추천형,50,2.88
2027,한양대학교,관광학부,학생부종합,학종추천형,70,2.98
2027,한양대학교,국제학부,학생부종합,학종추천형,50,3.11
2027,한양대학교,국제학부,학생부종합,학종추천형,70,3.36
2027,한양대학교,정책학과,학생부종합,학종추천형,50,3.17
2027,한양대학교,정책학과,학생부종합,학종추천형,70,3.56
2027,한양대학교,파이낸스경영학과,학생부종합,학종추천형,50,2.79
2027,한양대학교,파이낸스경영학과,학생부종합,학종추천형,70,3.17
2027,한양대학교,독어독문학과,학생부종합,학종추천형,50,3.56
2027,한양대학교,독어독문학과,학생부종합,학종추천형,70,3.9
2027,한양대학교,중어중문학과,학생부종합,학종추천형,50,3.01
2027,한양대학교,중어중문학과,학생부종합,학종추천형,70,3.99
2027,한양대학교,의류학과,학생부종합,학종추천형,50,2.87
2027,한양대학교,의류학과,학생부종합,학종추천형,70,3.33
2027,한양대학교,실내건축디자인학과,학생부종합,학종추천형,50,3.16
2027,한양대학교,실내건축디자인학과,학생부종합,학종추천형,70,3.46
2027,한양대학교,간호학과,학생부종합,학종추천형,50,1.72
2027,한양대학교,간호학과,학생부종합,학종추천형,70,2.94
2027,한양대학교,식품영양학과,학생부종합,학종추천형,50,1.85
2027,한양대학교,식품영양학과,학생부종합,학종추천형,70,2.38
2027,한양대학교,기계공학부,학생부종합,학종추천형,50,2.65
2027,한양대학교,기계공학부,학생부종합,학종추천형,70,3.07
2027,한양대학교,신소재공학부,학생부종합,학종추천형,50,2.6
2027,한양대학교,신소재공학부,학생부종합,학종추천형,70,3.05
2027,한양대학교,융합전자공학부,학생부종합,학종추천형,50,2.42
2027,한양대학교,융합전자공학부,학생부종합,학종추천형,70,2.62
2027,한양대학교,화학공학과,학생부종합,학종추천형,50,1.77
2027,한양대학교,화학공학과,학생부종합,학종추천형,70,1.77
2027,한양대학교,교육공학과,학생부종합,학생부종합 면접형,50,3.12
2027,한양대학교,교육공학과,학생부종합,학생부종합 면접형,70,3.27
2027,한양대학교,교육학과,학생부종합,학생부종합 면접형,50,3.15
2027,한양대학교,교육학과,학생부종합,학생부종합 면접형,70,3.38
2027,한양대학교,국어교육과,학생부종합,학생부종합 면접형,50,1.85
2027,한양대학교,국어교육과,학생부종합,학생부종합 면접형,70,2.7
2027,한양대학교,영어교육과,학생부종합,학생부종합 면접형,50,1.64
2027,한양대학교,영어교육과,학생부종합,학생부종합 면접형,70,2.07
2027,한양대학교,기계공학부,학생부종합,학생부종합 면접형,50,4.7
2027,한양대학교,기계공학부,학생부종합,학생부종합 면접형,70,4.86
2027,한양대학교,데이터사이언스학부,학생부종합,학생부종합 면접형,50,4.87
2027,한양대학교,데이터사이언스학부,학생부종합,학생부종합 면접형,70,4.87
2027,한양대학교,미래자동차공학과,학생부종합,학생부종합 면접형,50,4.4
2027,한양대학교,미래자동차공학과,학생부종합,학생부종합 면접형,70,4.4
2027,한양대학교,바이오메디컬공학전공,학생부종합,학생부종합 면접형,50,2.65
2027,한양대학교,바이오메디컬공학전공,학생부종합,학생부종합 면접형,70,2.65
2027,한양대학교,수학교육과,학생부종합,학생부종합 면접형,50,2.01
2027,한양대학교,수학교육과,학생부종합,학생부종합 면접형,70,2.01
2027,한양대학교,신소재공학부,학생부종합,학생부종합 면접형,50,4.33
2027,한양대학교,신소재공학부,학생부종합,학생부종합 면접형,70,4.41
2027,한양대학교,에너지공학과,학생부종합,학생부종합 면접형,50,4.56
2027,한양대학교,에너지공학과,학생부종합,학생부종합 면접형,70,5.06
2027,한양대학교,융합전자공학부,학생부종합,학생부종합 면접형,50,3.62
2027,한양대학교,융합전자공학부,학생부종합,학생부종합 면접형,70,4.82
2027,한양대학교,전기공학전공,학생부종합,학생부종합 면접형,50,3.84
2027,한양대학교,전기공학전공,학생부종합,학생부종합 면접형,70,4.16
2027,한양대학교,컴퓨터소프트웨어학부,학생부종합,학생부종합 면접형,50,4.34
2027,한양대학교,컴퓨터소프트웨어학부,학생부종합,학생부종합 면접형,70,4.86
2027,한양대학교,화학공학과,학생부종합,학생부종합 면접형,50,3.58
2027,한양대학교,화학공학과,학생부종합,학생부종합 면접형,70,4.63
2027,중앙대학교,경영경제대학,학생부교과,지역균형,50,1.69
2027,중앙대학교,경영경제대학,학생부교과,지역균형,70,1.72
2027,중앙대학교,공공인재학부,학생부교과,지역균형,50,1.75
2027,중앙대학교,공공인재학부,학생부교과,지역균형,70,1.77
2027,중앙대학교,교육학과,학생부교과,지역균형,50,1.83
2027,중앙대학교,교육학과,학생부교과,지역균형,70,1.84
2027,중앙대학교,사회과학대학,학생부교과,지역균형,50,1.73
2027,중앙대학교,사회과학대학,학생부교과,지역균형,70,1.78
2027,중앙대학교,영어교육과,학생부교과,지역균형,50,1.75
2027,중앙대학교,영어교육과,학생부교과,지역균형,70,1.79
2027,중앙대학교,유아교육과,학생부교과,지역균형,50,1.89
2027,중앙대학교,유아교육과,학생부교과,지역균형,70,1.89
2027,중앙대학교,인문대학,학생부교과,지역균형,50,1.76
2027,중앙대학교,인문대학,학생부교과,지역균형,70,1.8
2027,중앙대학교,AI학과,학생부교과,지역균형,50,1.56
2027,중앙대학교,AI학과,학생부교과,지역균형,70,1.6
2027,중앙대학교,공과대학,학생부교과,지역균형,50,1.56
2027,중앙대학교,공과대학,학생부교과,지역균형,70,1.58
2027,중앙대학교,기계공학부,학생부교과,지역균형,50,1.54
2027,중앙대학교,기계공학부,학생부교과,지역균형,70,1.56
2027,중앙대학교,소프트웨어학부,학생부교과,지역균형,50,1.6
2027,중앙대학교,소프트웨어학부,학생부교과,지역균형,70,1.63
2027,중앙대학교,약학부,학생부교과,지역균형,50,1.06
2027,중앙대학교,약학부,학생부교과,지역균형,70,1.1
2027,중앙대학교,자연과학대학,학생부교과,지역균형,50,1.57
2027,중앙대학교,자연과학대학,학생부교과,지역균형,70,1.59
2027,중앙대학교,융합공학부,학생부교과,지역균형,50,1.54
2027,중앙대학교,융합공학부,학생부교과,지역균형,70,1.56
2027,중앙대학교,화학공학과,학생부교과,지역균형,50,1.41
2027,중앙대학교,화학공학과,학생부교과,지역균형,70,1.44
2027,중앙대학교,경제학부,학생부종합,융합형인재,50,1.85
2027,중앙대학교,경제학부,학생부종합,융합형인재,70,1.91
2027,중앙대학교,공공인재학부,학생부종합,융합형인재,50,2.06
2027,중앙대학교,공공인재학부,학생부종합,융합형인재,70,2.4
2027,중앙대학교,교육학과,학생부종합,융합형인재,50,1.93
2027,중앙대학교,교육학과,학생부종합,융합형인재,70,1.95
2027,중앙대학교,국제물류학과,학생부종합,융합형인재,50,3.59
2027,중앙대학교,국제물류학과,학생부종합,융합형인재,70,3.82
2027,중앙대학교,문헌정보학과,학생부종합,융합형인재,50,2.08
2027,중앙대학교,문헌정보학과,학생부종합,융합형인재,70,2.22
2027,중앙대학교,사회복지학부,학생부종합,융합형인재,50,2.09
2027,중앙대학교,사회복지학부,학생부종합,융합형인재,70,2.31
2027,중앙대학교,사회학과,학생부종합,융합형인재,50,1.81
2027,중앙대학교,사회학과,학생부종합,융합형인재,70,1.92
2027,중앙대학교,심리학과,학생부종합,융합형인재,50,1.76
2027,중앙대학교,심리학과,학생부종합,융합형인재,70,1.77
2027,중앙대학교,역사학과,학생부종합,융합형인재,50,1.94
2027,중앙대학교,역사학과,학생부종합,융합형인재,70,2.04
2027,중앙대학교,영어교육과,학생부종합,융합형인재,50,1.81
2027,중앙대학교,영어교육과,학생부종합,융합형인재,70,1.92
2027,중앙대학교,영어영문학과,학생부종합,융합형인재,50,2.07
2027,중앙대학교,영어영문학과,학생부종합,융합형인재,70,2.31
2027,중앙대학교,유아교육과,학생부종합,융합형인재,50,2.28
2027,중앙대학교,유아교육과,학생부종합,융합형인재,70,2.44
2027,중앙대학교,응용통계학과,학생부종합,융합형인재,50,1.88
2027,중앙대학교,응용통계학과,학생부종합,융합형인재,70,1.91
2027,중앙대학교,철학과,학생부종합,융합형인재,50,2.54
2027,중앙대학교,철학과,학생부종합,융합형인재,70,3.83
2027,중앙대학교,건축학부,학생부종합,융합형인재,50,1.76
2027,중앙대학교,건축학부,학생부종합,융합형인재,70,1.93
2027,중앙대학교,기계공학부,학생부종합,융합형인재,50,1.78
2027,중앙대학교,기계공학부,학생부종합,융합형인재,70,1.88
2027,중앙대학교,소프트웨어학부,학생부종합,융합형인재,50,1.69
2027,중앙대학교,소프트웨어학부,학생부종합,융합형인재,70,1.72
2027,중앙대학교,약학부,학생부종합,융합형인재,50,1.1
2027,중앙대학교,약학부,학생부종합,융합형인재,70,1.16
2027,중앙대학교,에너지시스템공학부,학생부종합,융합형인재,50,1.64
2027,중앙대학교,에너지시스템공학부,학생부종합,융합형인재,70,1.71
2027,중앙대학교,융합공학부,학생부종합,융합형인재,50,1.67
2027,중앙대학교,융합공학부,학생부종합,융합형인재,70,1.73
2027,중앙대학교,전자전기공학부,학생부종합,융합형인재,50,1.69
2027,중앙대학교,전자전기공학부,학생부종합,융합형인재,70,1.76
2027,중앙대학교,화학공학과,학생부종합,융합형인재,50,1.44
2027,중앙대학교,화학공학과,학생부종합,융합형인재,70,1.44
2027,중앙대학교,경제학부,학생부종합,CAU탐구형인재,50,3.72
2027,중앙대학교,경제학부,학생부종합,CAU탐구형인재,70,4.06
2027,중앙대학교,공공인재학부,학생부종합,CAU탐구형인재,50,2.94
2027,중앙대학교,공공인재학부,학생부종합,CAU탐구형인재,70,3.71
2027,중앙대학교,국제물류학과,학생부종합,CAU탐구형인재,50,3.68
2027,중앙대학교,국제물류학과,학생부종합,CAU탐구형인재,70,3.85
2027,중앙대학교,사회복지학부,학생부종합,CAU탐구형인재,50,2.37
2027,중앙대학교,사회복지학부,학생부종합,CAU탐구형인재,70,2.72
2027,중앙대학교,산업보안학과(인문),학생부종합,CAU탐구형인재,50,3.67
2027,중앙대학교,산업보안학과(인문),학생부종합,CAU탐구형인재,70,4.19
2027,중앙대학교,심리학과,학생부종합,CAU탐구형인재,50,2.46
2027,중앙대학교,심리학과,학생부종합,CAU탐구형인재,70,2.61
2027,중앙대학교,영어영문학과,학생부종합,CAU탐구형인재,50,3.06
2027,중앙대학교,영어영문학과,학생부종합,CAU탐구형인재,70,3.41
2027,중앙대학교,정치국제학과,학생부종합,CAU탐구형인재,50,3.26
2027,중앙대학교,정치국제학과,학생부종합,CAU탐구형인재,70,3.76
2027,중앙대학교,AI학과,학생부종합,CAU탐구형인재,50,2.38
2027,중앙대학교,AI학과,학생부종합,CAU탐구형인재,70,2.54
2027,중앙대학교,건축학부,학생부종합,CAU탐구형인재,50,2.43
2027,중앙대학교,건축학부,학생부종합,CAU탐구형인재,70,3.54
2027,중앙대학교,기계공학부,학생부종합,CAU탐구형인재,50,3.56
2027,중앙대학교,기계공학부,학생부종합,CAU탐구형인재,70,4.16
2027,중앙대학교,물리학과,학생부종합,CAU탐구형인재,50,2.18
2027,중앙대학교,물리학과,학생부종합,CAU탐구형인재,70,2.23
2027,중앙대학교,생명과학과,학생부종합,CAU탐구형인재,50,3.57
2027,중앙대학교,생명과학과,학생부종합,CAU탐구형인재,70,5.05
2027,중앙대학교,소프트웨어학부,학생부종합,CAU탐구형인재,50,2.06
2027,중앙대학교,소프트웨어학부,학생부종합,CAU탐구형인재,70,2.53
2027,중앙대학교,수학과,학생부종합,CAU탐구형인재,50,3.11
2027,중앙대학교,수학과,학생부종합,CAU탐구형인재,70,5.32
2027,중앙대학교,약학부,학생부종합,CAU탐구형인재,50,2.26
2027,중앙대학교,약학부,학생부종합,CAU탐구형인재,70,2.72
2027,중앙대학교,에너지시스템공학부,학생부종합,CAU탐구형인재,50,5.13
2027,중앙대학교,에너지시스템공학부,학생부종합,CAU탐구형인재,70,5.52
2027,중앙대학교,융합공학부,학생부종합,CAU탐구형인재,50,3.8
2027,중앙대학교,융합공학부,학생부종합,CAU탐구형인재,70,5.5
2027,중앙대학교,전자전기공학부,학생부종합,CAU탐구형인재,50,2.02
2027,중앙대학교,전자전기공학부,학생부종합,CAU탐구형인재,70,2.15
2027,중앙대학교,화학공학과,학생부종합,CAU탐구형인재,50,5.68
2027,중앙대학교,화학공학과,학생부종합,CAU탐구형인재,70,5.86
2027,중앙대학교,화학과,학생부종합,CAU탐구형인재,50,1.95
2027,중앙대학교,화학과,학생부종합,CAU탐구형인재,70,2.15
2027,중앙대학교,생명공학대학,학생부교과,지역균형,50,2.49
2027,중앙대학교,생명공학대학,학생부교과,지역균형,70,2.67
2027,중앙대학교,첨단소재공학과,학생부교과,지역균형,50,2.7
2027,중앙대학교,첨단소재공학과,학생부교과,지역균형,70,2.94
2027,중앙대학교,예술공학부,학생부교과,지역균형,50,2.94
2027,중앙대학교,예술공학부,학생부교과,지역균형,70,3.09
2027,중앙대학교,시스템생명공학과,학생부종합,CAU융합형인재,50,1.7
2027,중앙대학교,시스템생명공학과,학생부종합,CAU융합형인재,70,1.87
2027,중앙대학교,예술공학부,학생부종합,CAU융합형인재,50,3.67
2027,중앙대학교,예술공학부,학생부종합,CAU융합형인재,70,3.85
2027,중앙대학교,첨단소재공학과,학생부종합,CAU융합형인재,50,2.54
2027,중앙대학교,첨단소재공학과,학생부종합,CAU융합형인재,70,3.1
2027,중앙대학교,시스템생명공학과,학생부종합,CAU탐구형인재,50,2.72
2027,중앙대학교,시스템생명공학과,학생부종합,CAU탐구형인재,70,3.53
2027,중앙대학교,첨단소재공학과,학생부종합,CAU탐구형인재,50,3.57
2027,중앙대학교,첨단소재공학과,학생부종합,CAU탐구형인재,70,3.57
2027,중앙대학교,예술공학부,학생부종합,CAU탐구형인재,50,4.14
2027,중앙대학교,예술공학부,학생부종합,CAU탐구형인재,70,4.68
2027,이화여자대학교,경영학부,학생부교과,고교추천,50,1.5
2027,이화여자대학교,경영학부,학생부교과,고교추천,70,1.58
2027,이화여자대학교,경제학과,학생부교과,고교추천,50,1.58
2027,이화여자대학교,경제학과,학생부교과,고교추천,70,1.61
2027,이화여자대학교,교육공학과,학생부교과,고교추천,50,2.03
2027,이화여자대학교,교육공학과,학생부교과,고교추천,70,2.09
2027,이화여자대학교,교육학과,학생부교과,고교추천,50,1.67
2027,이화여자대학교,교육학과,학생부교과,고교추천,70,1.69
2027,이화여자대학교,국어교육과,학생부교과,고교추천,50,1.52
2027,이화여자대학교,국어교육과,학생부교과,고교추천,70,1.54
2027,이화여자대학교,국어국문학과,학생부교과,고교추천,50,1.68
2027,이화여자대학교,국어국문학과,학생부교과,고교추천,70,1.69
2027,이화여자대학교,국제사무학과,학생부교과,고교추천,50,1.7
2027,이화여자대학교,국제사무학과,학생부교과,고교추천,70,1.72
2027,이화여자대학교,사회교육전공,학생부교과,고교추천,50,2.17
2027,이화여자대학교,사회교육전공,학생부교과,고교추천,70,2.28
2027,이화여자대학교,사회학과,학생부교과,고교추천,50,1.65
2027,이화여자대학교,사회학과,학생부교과,고교추천,70,1.67
2027,이화여자대학교,심리학과,학생부교과,고교추천,50,1.66
2027,이화여자대학교,심리학과,학생부교과,고교추천,70,1.69
2027,이화여자대학교,역사교육전공,학생부교과,고교추천,50,1.71
2027,이화여자대학교,역사교육전공,학생부교과,고교추천,70,1.84
2027,이화여자대학교,영어교육과,학생부교과,고교추천,50,1.62
2027,이화여자대학교,영어교육과,학생부교과,고교추천,70,1.76
2027,이화여자대학교,영어영문학부,학생부교과,고교추천,50,1.53
2027,이화여자대학교,영어영문학부,학생부교과,고교추천,70,1.58
2027,이화여자대학교,유아교육과,학생부교과,고교추천,50,1.81
2027,이화여자대학교,유아교육과,학생부교과,고교추천,70,1.83
2027,이화여자대학교,의류산업학과,학생부교과,고교추천,50,1.64
2027,이화여자대학교,의류산업학과,학생부교과,고교추천,70,1.64
2027,이화여자대학교,정치외교학과,학생부교과,고교추천,50,1.76
2027,이화여자대학교,정치외교학과,학생부교과,고교추천,70,1.81
2027,이화여자대학교,중어중문학과,학생부교과,고교추천,50,1.65
2027,이화여자대학교,중어중문학과,학생부교과,고교추천,70,1.67
2027,이화여자대학교,지리교육전공,학생부교과,고교추천,50,1.79
2027,이화여자대학교,지리교육전공,학생부교과,고교추천,70,1.81
2027,이화여자대학교,초등교육과,학생부교과,고교추천,50,1.46
2027,이화여자대학교,초등교육과,학생부교과,고교추천,70,1.51
2027,이화여자대학교,특수교육과,학생부교과,고교추천,50,1.76
2027,이화여자대학교,특수교육과,학생부교과,고교추천,70,1.78
2027,이화여자대학교,행정학과,학생부교과,고교추천,50,1.61
2027,이화여자대학교,행정학과,학생부교과,고교추천,70,1.63
2027,이화여자대학교,과학교육과,학생부교과,고교추천,50,1.54
2027,이화여자대학교,과학교육과,학생부교과,고교추천,70,1.6
2027,이화여자대학교,사이버보안학과,학생부교과,고교추천,50,1.5
2027,이화여자대학교,사이버보안학과,학생부교과,고교추천,70,1.51
2027,이화여자대학교,수학과,학생부교과,고교추천,50,1.57
2027,이화여자대학교,수학과,학생부교과,고교추천,70,1.61
2027,이화여자대학교,수학교육과,학생부교과,고교추천,50,1.38
2027,이화여자대학교,수학교육과,학생부교과,고교추천,70,1.45
2027,이화여자대학교,식품생명공학과,학생부교과,고교추천,50,1.37
2027,이화여자대학교,식품생명공학과,학생부교과,고교추천,70,1.4
2027,이화여자대학교,식품영양학과,학생부교과,고교추천,50,1.59
2027,이화여자대학교,식품영양학과,학생부교과,고교추천,70,1.65
2027,이화여자대학교,지능형반도체공학전공,학생부교과,고교추천,50,1.45
2027,이화여자대학교,지능형반도체공학전공,학생부교과,고교추천,70,1.46
2027,이화여자대학교,컴퓨터공학과,학생부교과,고교추천,50,1.55
2027,이화여자대학교,컴퓨터공학과,학생부교과,고교추천,70,1.6
2027,이화여자대학교,통계학과,학생부교과,고교추천,50,1.48
2027,이화여자대학교,통계학과,학생부교과,고교추천,70,1.49
2027,이화여자대학교,화공신소재공학과,학생부교과,고교추천,50,1.29
2027,이화여자대학교,화공신소재공학과,학생부교과,고교추천,70,1.37
2027,이화여자대학교,환경공학과,학생부교과,고교추천,50,1.46
2027,이화여자대학교,환경공학과,학생부교과,고교추천,70,1.52
2027,이화여자대학교,휴먼기계바이오공학과,학생부교과,고교추천,50,1.48
2027,이화여자대학교,휴먼기계바이오공학과,학생부교과,고교추천,70,1.5
2027,이화여자대학교,경영학부,학생부종합,미래인재면접,50,3.48
2027,이화여자대학교,경영학부,학생부종합,미래인재면접,70,3.5
2027,이화여자대학교,국어국문학과,학생부종합,미래인재면접,50,3.5
2027,이화여자대학교,국어국문학과,학생부종합,미래인재면접,70,3.5
2027,이화여자대학교,국제학부,학생부종합,미래인재면접,50,4.02
2027,이화여자대학교,국제학부,학생부종합,미래인재면접,70,4.2
2027,이화여자대학교,기독교학과,학생부종합,미래인재면접,50,2.44
2027,이화여자대학교,기독교학과,학생부종합,미래인재면접,70,2.53
2027,이화여자대학교,독어독문학과,학생부종합,미래인재면접,50,3.71
2027,이화여자대학교,독어독문학과,학생부종합,미래인재면접,70,3.83
2027,이화여자대학교,불어불문학과,학생부종합,미래인재면접,50,3.68
2027,이화여자대학교,불어불문학과,학생부종합,미래인재면접,70,4.06
2027,이화여자대학교,영어영문학부,학생부종합,미래인재면접,50,3.17
2027,이화여자대학교,영어영문학부,학생부종합,미래인재면접,70,3.41
2027,이화여자대학교,중어중문학과,학생부종합,미래인재면접,50,4.05
2027,이화여자대학교,중어중문학과,학생부종합,미래인재면접,70,4.12
2027,이화여자대학교,경영학부,학생부종합,미래인재,50,2.06
2027,이화여자대학교,경영학부,학생부종합,미래인재,70,2.16
2027,이화여자대학교,교육공학과,학생부종합,미래인재,50,2.13
2027,이화여자대학교,교육공학과,학생부종합,미래인재,70,2.17
2027,이화여자대학교,교육학과,학생부종합,미래인재,50,1.84
2027,이화여자대학교,교육학과,학생부종합,미래인재,70,1.94
2027,이화여자대학교,국어교육과,학생부종합,미래인재,50,1.87
2027,이화여자대학교,국어교육과,학생부종합,미래인재,70,1.89
2027,이화여자대학교,국어국문학과,학생부종합,미래인재,50,2.19
2027,이화여자대학교,국어국문학과,학생부종합,미래인재,70,2.39
2027,이화여자대학교,국제학부,학생부종합,미래인재,50,3.03
2027,이화여자대학교,국제학부,학생부종합,미래인재,70,3.6
2027,이화여자대학교,기독교학과,학생부종합,미래인재,50,2.44
2027,이화여자대학교,기독교학과,학생부종합,미래인재,70,2.53
2027,이화여자대학교,독어독문학과,학생부종합,미래인재,50,3.71
2027,이화여자대학교,독어독문학과,학생부종합,미래인재,70,3.83
2027,이화여자대학교,문헌정보학과,학생부종합,미래인재,50,2.02
2027,이화여자대학교,문헌정보학과,학생부종합,미래인재,70,2.18
2027,이화여자대학교,불어불문학과,학생부종합,미래인재,50,3.75
2027,이화여자대학교,불어불문학과,학생부종합,미래인재,70,4.14
2027,이화여자대학교,사학과,학생부종합,미래인재,50,2.18
2027,이화여자대학교,사학과,학생부종합,미래인재,70,2.24
2027,이화여자대학교,사회교육전공,학생부종합,미래인재,50,2.07
2027,이화여자대학교,사회교육전공,학생부종합,미래인재,70,2.15
2027,이화여자대학교,사회복지학과,학생부종합,미래인재,50,2.14
2027,이화여자대학교,사회복지학과,학생부종합,미래인재,70,2.18
2027,이화여자대학교,사회학과,학생부종합,미래인재,50,1.92
2027,이화여자대학교,사회학과,학생부종합,미래인재,70,2.05
2027,이화여자대학교,소비자학과,학생부종합,미래인재,50,2.08
2027,이화여자대학교,소비자학과,학생부종합,미래인재,70,2.13
2027,이화여자대학교,심리학과,학생부종합,미래인재,50,2.05
2027,이화여자대학교,심리학과,학생부종합,미래인재,70,2.08
2027,이화여자대학교,역사교육전공,학생부종합,미래인재,50,2.2
2027,이화여자대학교,역사교육전공,학생부종합,미래인재,70,2.26
2027,이화여자대학교,영어교육과,학생부종합,미래인재,50,1.88
2027,이화여자대학교,영어교육과,학생부종합,미래인재,70,1.93
2027,이화여자대학교,영어영문학부,학생부종합,미래인재,50,3.17
2027,이화여자대학교,영어영문학부,학생부종합,미래인재,70,3.41
2027,이화여자대학교,유아교육과,학생부종합,미래인재,50,2.01
2027,이화여자대학교,유아교육과,학생부종합,미래인재,70,2.26
2027,이화여자대학교,의류산업학과,학생부종합,미래인재,50,2.36
2027,이화여자대학교,의류산업학과,학생부종합,미래인재,70,2.52
2027,이화여자대학교,정치외교학과,학생부종합,미래인재,50,1.95
2027,이화여자대학교,정치외교학과,학생부종합,미래인재,70,2
2027,이화여자대학교,중어중문학과,학생부종합,미래인재,50,3.91
2027,이화여자대학교,중어중문학과,학생부종합,미래인재,70,4.32
2027,이화여자대학교,지리교육전공,학생부종합,미래인재,50,2.22
2027,이화여자대학교,지리교육전공,학생부종합,미래인재,70,2.33
2027,이화여자대학교,철학과,학생부종합,미래인재,50,2.17
2027,이화여자대학교,철학과,학생부종합,미래인재,70,2.28
2027,이화여자대학교,초등교육과,학생부종합,미래인재,50,1.86
2027,이화여자대학교,초등교육과,학생부종합,미래인재,70,2
2027,이화여자대학교,특수교육과,학생부종합,미래인재,50,2.33
2027,이화여자대학교,특수교육과,학생부종합,미래인재,70,2.49
2027,이화여자대학교,행정학과,학생부종합,미래인재,50,2
2027,이화여자대학교,행정학과,학생부종합,미래인재,70,2.02
2027,이화여자대학교,과학교육과,학생부종합,미래인재,50,1.78
2027,이화여자대학교,과학교육과,학생부종합,미래인재,70,1.86
2027,이화여자대학교,물리학과,학생부종합,미래인재,50,2.15
2027,이화여자대학교,물리학과,학생부종합,미래인재,70,2.2
2027,이화여자대학교,사이버보안학과,학생부종합,미래인재,50,2.03
2027,이화여자대학교,사이버보안학과,학생부종합,미래인재,70,2.07
2027,이화여자대학교,수학과,학생부종합,미래인재,50,2.03
2027,이화여자대학교,수학과,학생부종합,미래인재,70,2.13
2027,이화여자대학교,식품생명공학과,학생부종합,미래인재,50,1.78
2027,이화여자대학교,식품생명공학과,학생부종합,미래인재,70,1.84
2027,이화여자대학교,식품영양학과,학생부종합,미래인재,50,1.77
2027,이화여자대학교,식품영양학과,학생부종합,미래인재,70,1.9
2027,이화여자대학교,약학전공,학생부종합,미래인재,50,1.2
2027,이화여자대학교,약학전공,학생부종합,미래인재,70,1.26
2027,이화여자대학교,융합보건학과,학생부종합,미래인재,50,1.8
2027,이화여자대학교,융합보건학과,학생부종합,미래인재,70,1.84
2027,이화여자대학교,컴퓨터공학과,학생부종합,미래인재,50,2.01
2027,이화여자대학교,컴퓨터공학과,학생부종합,미래인재,70,2.11
2027,이화여자대학교,통계학과,학생부종합,미래인재,50,2.04
2027,이화여자대학교,통계학과,학생부종합,미래인재,70,2.1
2027,이화여자대학교,화공신소재공학과,학생부종합,미래인재,50,1.95
2027,이화여자대학교,화공신소재공학과,학생부종합,미래인재,70,1.95
2027,이화여자대학교,과학교육과,학생부종합,미래인재면접,50,1.78
2027,이화여자대학교,과학교육과,학생부종합,미래인재면접,70,1.86
2027,이화여자대학교,식품영양학과,학생부종합,미래인재면접,50,1.77
2027,이화여자대학교,식품영양학과,학생부종합,미래인재면접,70,1.9
2027,이화여자대학교,약학전공,학생부종합,미래인재면접,50,1.11
2027,이화여자대학교,약학전공,학생부종합,미래인재면접,70,1.18
2027,이화여자대학교,화공신소재공학과,학생부종합,미래인재면접,50,1.95
2027,이화여자대학교,화공신소재공학과,학생부종합,미래인재면접,70,1.95
2027,경희대학교,경제학과,학생부교과,지역균형,50,1.87
2027,경희대학교,경제학과,학생부교과,지역균형,70,1.89
2027,경희대학교,국어국문학과,학생부교과,지역균형,50,1.92
2027,경희대학교,국어국문학과,학생부교과,지역균형,70,1.96
2027,경희대학교,국제학과,학생부교과,지역균형,50,1.9
2027,경희대학교,국제학과,학생부교과,지역균형,70,1.91
2027,경희대학교,무역학과,학생부교과,지역균형,50,1.85
2027,경희대학교,무역학과,학생부교과,지역균형,70,1.96
2027,경희대학교,미디어학과,학생부교과,지역균형,50,1.81
2027,경희대학교,미디어학과,학생부교과,지역균형,70,1.83
2027,경희대학교,사학과,학생부교과,지역균형,50,1.93
2027,경희대학교,사학과,학생부교과,지역균형,70,1.97
2027,경희대학교,사회학과,학생부교과,지역균형,50,1.72
2027,경희대학교,사회학과,학생부교과,지역균형,70,1.76
2027,경희대학교,아동가족학과,학생부교과,지역균형,50,1.9
2027,경희대학교,아동가족학과,학생부교과,지역균형,70,1.96
2027,경희대학교,의상학과,학생부교과,지역균형,50,2
2027,경희대학교,의상학과,학생부교과,지역균형,70,2
2027,경희대학교,정치외교학과,학생부교과,지역균형,50,1.75
2027,경희대학교,정치외교학과,학생부교과,지역균형,70,1.81
2027,경희대학교,행정학과,학생부교과,지역균형,50,1.88
2027,경희대학교,행정학과,학생부교과,지역균형,70,1.9
2027,경희대학교,건축공학과,학생부교과,지역균형,50,1.85
2027,경희대학교,건축공학과,학생부교과,지역균형,70,1.85
2027,경희대학교,사회기반시스템공학과,학생부교과,지역균형,50,1.86
2027,경희대학교,사회기반시스템공학과,학생부교과,지역균형,70,1.86
2027,경희대학교,산업경영공학과,학생부교과,지역균형,50,1.8
2027,경희대학교,산업경영공학과,학생부교과,지역균형,70,1.8
2027,경희대학교,생물학과,학생부교과,지역균형,50,1.59
2027,경희대학교,생물학과,학생부교과,지역균형,70,1.64
2027,경희대학교,수학과,학생부교과,지역균형,50,2
2027,경희대학교,수학과,학생부교과,지역균형,70,2.1
2027,경희대학교,스마트팜과학과,학생부교과,지역균형,50,1.72
2027,경희대학교,스마트팜과학과,학생부교과,지역균형,70,1.73
2027,경희대학교,식품생명공학과,학생부교과,지역균형,50,1.66
2027,경희대학교,식품생명공학과,학생부교과,지역균형,70,1.7
2027,경희대학교,약과학과,학생부교과,지역균형,50,1.48
2027,경희대학교,약과학과,학생부교과,지역균형,70,1.54
2027,경희대학교,유전생명공학과,학생부교과,지역균형,50,1.57
2027,경희대학교,유전생명공학과,학생부교과,지역균형,70,1.65
2027,경희대학교,응용화학과,학생부교과,지역균형,50,1.71
2027,경희대학교,응용화학과,학생부교과,지역균형,70,1.79
2027,경희대학교,미래정보디스플레이학부,학생부교과,지역균형,50,1.62
2027,경희대학교,미래정보디스플레이학부,학생부교과,지역균형,70,1.71
2027,경희대학교,신소재공학과,학생부교과,지역균형,50,1.5
2027,경희대학교,신소재공학과,학생부교과,지역균형,70,1.5
2027,경희대학교,한약학과,학생부교과,지역균형,50,1.2
2027,경희대학교,한약학과,학생부교과,지역균형,70,1.28
2027,경희대학교,화학과,학생부교과,지역균형,50,1.5
2027,경희대학교,화학과,학생부교과,지역균형,70,1.52
2027,경희대학교,경제학과,학생부종합,네오르네상스,50,2.07
2027,경희대학교,경제학과,학생부종합,네오르네상스,70,2.29
2027,경희대학교,국어국문학과,학생부종합,네오르네상스,50,2.41
2027,경희대학교,국어국문학과,학생부종합,네오르네상스,70,3.58
2027,경희대학교,국제학과,학생부종합,네오르네상스,50,3.49
2027,경희대학교,국제학과,학생부종합,네오르네상스,70,3.96
2027,경희대학교,글로벌커뮤니케이션학부,학생부종합,네오르네상스,50,4.15
2027,경희대학교,글로벌커뮤니케이션학부,학생부종합,네오르네상스,70,4.35
2027,경희대학교,러시아어학과,학생부종합,네오르네상스,50,4.08
2027,경희대학교,러시아어학과,학생부종합,네오르네상스,70,4.39
2027,경희대학교,무역학과,학생부종합,네오르네상스,50,2.19
2027,경희대학교,무역학과,학생부종합,네오르네상스,70,2.4
2027,경희대학교,미디어학과,학생부종합,네오르네상스,50,2.07
2027,경희대학교,미디어학과,학생부종합,네오르네상스,70,2.38
2027,경희대학교,빅데이터응용학과,학생부종합,네오르네상스,50,1.69
2027,경희대학교,빅데이터응용학과,학생부종합,네오르네상스,70,1.71
2027,경희대학교,사학과,학생부종합,네오르네상스,50,2.17
2027,경희대학교,사학과,학생부종합,네오르네상스,70,2.19
2027,경희대학교,사회학과,학생부종합,네오르네상스,50,1.9
2027,경희대학교,사회학과,학생부종합,네오르네상스,70,1.92
2027,경희대학교,스페인어학과,학생부종합,네오르네상스,50,3.88
2027,경희대학교,스페인어학과,학생부종합,네오르네상스,70,4.51
2027,경희대학교,아동가족학과,학생부종합,네오르네상스,50,2.41
2027,경희대학교,아동가족학과,학생부종합,네오르네상스,70,2.43
2027,경희대학교,영어영문학과,학생부종합,네오르네상스,50,2.14
2027,경희대학교,영어영문학과,학생부종합,네오르네상스,70,3.57
2027,경희대학교,응용영어통번역학과,학생부종합,네오르네상스,50,3.87
2027,경희대학교,응용영어통번역학과,학생부종합,네오르네상스,70,4.45
2027,경희대학교,의상학과,학생부종합,네오르네상스,50,2.36
2027,경희대학교,의상학과,학생부종합,네오르네상스,70,2.69
2027,경희대학교,일본어학과,학생부종합,네오르네상스,50,4.53
2027,경희대학교,일본어학과,학생부종합,네오르네상스,70,4.75
2027,경희대학교,정치외교학과,학생부종합,네오르네상스,50,1.88
2027,경희대학교,정치외교학과,학생부종합,네오르네상스,70,1.93
2027,경희대학교,조리&푸드디자인학과,학생부종합,네오르네상스,50,1.69
2027,경희대학교,조리&푸드디자인학과,학생부종합,네오르네상스,70,1.95
2027,경희대학교,중국어학과,학생부종합,네오르네상스,50,4.42
2027,경희대학교,중국어학과,학생부종합,네오르네상스,70,4.61
2027,경희대학교,철학과,학생부종합,네오르네상스,50,1.87
2027,경희대학교,철학과,학생부종합,네오르네상스,70,2.26
2027,경희대학교,프랑스어학과,학생부종합,네오르네상스,50,3.69
2027,경희대학교,프랑스어학과,학생부종합,네오르네상스,70,4.29
2027,경희대학교,한국어학과,학생부종합,네오르네상스,50,4.28
2027,경희대학교,한국어학과,학생부종합,네오르네상스,70,4.3
2027,경희대학교,행정학과,학생부종합,네오르네상스,50,1.95
2027,경희대학교,행정학과,학생부종합,네오르네상스,70,1.96
2027,경희대학교,건축공학과,학생부종합,네오르네상스,50,2.24
2027,경희대학교,건축공학과,학생부종합,네오르네상스,70,2.35
2027,경희대학교,물리학과,학생부종합,네오르네상스,50,1.89
2027,경희대학교,물리학과,학생부종합,네오르네상스,70,2.05
2027,경희대학교,사회기반시스템공학과,학생부종합,네오르네상스,50,2.04
2027,경희대학교,사회기반시스템공학과,학생부종합,네오르네상스,70,2.15
2027,경희대학교,산업경영공학과,학생부종합,네오르네상스,50,1.9
2027,경희대학교,산업경영공학과,학생부종합,네오르네상스,70,1.96
2027,경희대학교,생물학과,학생부종합,네오르네상스,50,1.81
2027,경희대학교,생물학과,학생부종합,네오르네상스,70,3.57
2027,경희대학교,소프트웨어융합학과,학생부종합,네오르네상스,50,2.04
2027,경희대학교,소프트웨어융합학과,학생부종합,네오르네상스,70,2.3
2027,경희대학교,수학과,학생부종합,네오르네상스,50,1.94
2027,경희대학교,수학과,학생부종합,네오르네상스,70,1.99
2027,경희대학교,스마트팜과학과,학생부종합,네오르네상스,50,1.99
2027,경희대학교,스마트팜과학과,학생부종합,네오르네상스,70,2.08
2027,경희대학교,식품생명공학과,학생부종합,네오르네상스,50,1.88
2027,경희대학교,식품생명공학과,학생부종합,네오르네상스,70,1.94
2027,경희대학교,식품영양학과,학생부종합,네오르네상스,50,1.92
2027,경희대학교,식품영양학과,학생부종합,네오르네상스,70,2.3
2027,경희대학교,약과학과,학생부종합,네오르네상스,50,1.63
2027,경희대학교,약과학과,학생부종합,네오르네상스,70,1.73
2027,경희대학교,우주과학과,학생부종합,네오르네상스,50,1.95
2027,경희대학교,우주과학과,학생부종합,네오르네상스,70,1.95
2027,경희대학교,원자력공학과,학생부종합,네오르네상스,50,2.1
2027,경희대학교,원자력공학과,학생부종합,네오르네상스,70,2.31
2027,경희대학교,유전생명공학과,학생부종합,네오르네상스,50,1.7
2027,경희대학교,유전생명공학과,학생부종합,네오르네상스,70,1.86
2027,경희대학교,응용물리학과,학생부종합,네오르네상스,50,1.87
2027,경희대학교,응용물리학과,학생부종합,네오르네상스,70,1.91
2027,경희대학교,응용수학과,학생부종합,네오르네상스,50,2
2027,경희대학교,응용수학과,학생부종합,네오르네상스,70,2.05
2027,경희대학교,응용화학과,학생부종합,네오르네상스,50,1.73
2027,경희대학교,응용화학과,학생부종합,네오르네상스,70,1.88
2027,경희대학교,미래정보디스플레이학부,학생부종합,네오르네상스,50,1.94
2027,경희대학교,미래정보디스플레이학부,학생부종합,네오르네상스,70,2.01
2027,경희대학교,신소재공학과,학생부종합,네오르네상스,50,1.82
2027,경희대학교,신소재공학과,학생부종합,네오르네상스,70,1.85
2027,경희대학교,인공지능학과,학생부종합,네오르네상스,50,1.8
2027,경희대학교,인공지능학과,학생부종합,네오르네상스,70,1.8
2027,경희대학교,컴퓨터공학과,학생부종합,네오르네상스,50,1.81
2027,경희대학교,컴퓨터공학과,학생부종합,네오르네상스,70,1.86
2027,경희대학교,한약학과,학생부종합,네오르네상스,50,1.81
2027,경희대학교,한약학과,학생부종합,네오르네상스,70,1.89
2027,경희대학교,화학공학과,학생부종합,네오르네상스,50,1.73
2027,경희대학교,화학공학과,학생부종합,네오르네상스,70,1.79
2027,경희대학교,화학과,학생부종합,네오르네상스,50,1.85
2027,경희대학교,화학과,학생부종합,네오르네상스,70,1.85
2027,경희대학교,환경학및환경공학과,학생부종합,네오르네상스,50,1.89
2027,경희대학교,환경학및환경공학과,학생부종합,네오르네상스,70,1.91
2027,한국외국어대학교,Social Science & AI융합학부,학생부종합,학종(면접형),50,2.53
2027,한국외국어대학교,Social Science & AI융합학부,학생부종합,학종(면접형),70,3.23
2027,한국외국어대학교,ELLT학과,학생부종합,학종(면접형),50,2.93
2027,한국외국어대학교,ELLT학과,학생부종합,학종(면접형),70,3.68
2027,한국외국어대학교,경영학부,학생부종합,학종(면접형),50,2.12
2027,한국외국어대학교,경영학부,학생부종합,학종(면접형),70,2.17
2027,한국외국어대학교,경제학부,학생부종합,학종(면접형),50,2.14
2027,한국외국어대학교,경제학부,학생부종합,학종(면접형),70,2.2
2027,한국외국어대학교,국제통상학과,학생부종합,학종(면접형),50,3.54
2027,한국외국어대학교,국제통상학과,학생부종합,학종(면접형),70,3.9
2027,한국외국어대학교,국제학부,학생부종합,학종(면접형),50,3.41
2027,한국외국어대학교,국제학부,학생부종합,학종(면접형),70,3.85
2027,한국외국어대학교,네덜란드어과,학생부종합,학종(면접형),50,3.04
2027,한국외국어대학교,네덜란드어과,학생부종합,학종(면접형),70,3.51
2027,한국외국어대학교,노어과,학생부종합,학종(면접형),50,2.48
2027,한국외국어대학교,노어과,학생부종합,학종(면접형),70,3.22
2027,한국외국어대학교,독일어과,학생부종합,학종(면접형),50,3.94
2027,한국외국어대학교,독일어과,학생부종합,학종(면접형),70,4.99
2027,한국외국어대학교,미디어커뮤니케이션학부,학생부종합,학종(면접형),50,2.17
2027,한국외국어대학교,미디어커뮤니케이션학부,학생부종합,학종(면접형),70,2.26
2027,한국외국어대학교,스칸디나비아어과,학생부종합,학종(면접형),50,4
2027,한국외국어대학교,스칸디나비아어과,학생부종합,학종(면접형),70,4.18
2027,한국외국어대학교,스페인어과,학생부종합,학종(면접형),50,3.64
2027,한국외국어대학교,스페인어과,학생부종합,학종(면접형),70,3.74
2027,한국외국어대학교,아랍어과,학생부종합,학종(면접형),50,3.45
2027,한국외국어대학교,아랍어과,학생부종합,학종(면접형),70,3.86
2027,한국외국어대학교,영미문학·문화학과,학생부종합,학종(면접형),50,3.57
2027,한국외국어대학교,영미문학·문화학과,학생부종합,학종(면접형),70,3.79
2027,한국외국어대학교,영어통번역학과,학생부종합,학종(면접형),50,3.07
2027,한국외국어대학교,영어통번역학과,학생부종합,학종(면접형),70,3.32
2027,한국외국어대학교,융합일본지역학부,학생부종합,학종(면접형),50,4.43
2027,한국외국어대학교,융합일본지역학부,학생부종합,학종(면접형),70,4.92
2027,한국외국어대학교,이탈리아어과,학생부종합,학종(면접형),50,4.71
2027,한국외국어대학교,이탈리아어과,학생부종합,학종(면접형),70,4.87
2027,한국외국어대학교,일본언어문화학부,학생부종합,학종(면접형),50,2.95
2027,한국외국어대학교,일본언어문화학부,학생부종합,학종(면접형),70,3
2027,한국외국어대학교,정치외교학과,학생부종합,학종(면접형),50,2.18
2027,한국외국어대학교,정치외교학과,학생부종합,학종(면접형),70,2.2
2027,한국외국어대학교,중국언어문화학부,학생부종합,학종(면접형),50,3.16
2027,한국외국어대학교,중국언어문화학부,학생부종합,학종(면접형),70,3.67
2027,한국외국어대학교,중국외교통상학부,학생부종합,학종(면접형),50,3.52
2027,한국외국어대학교,중국외교통상학부,학생부종합,학종(면접형),70,3.74
2027,한국외국어대학교,포르투갈어과,학생부종합,학종(면접형),50,2.84
2027,한국외국어대학교,포르투갈어과,학생부종합,학종(면접형),70,3.27
2027,한국외국어대학교,프랑스어학부,학생부종합,학종(면접형),50,3.62
2027,한국외국어대학교,프랑스어학부,학생부종합,학종(면접형),70,4.23
2027,한국외국어대학교,행정학과,학생부종합,학종(면접형),50,2.3
2027,한국외국어대학교,행정학과,학생부종합,학종(면접형),70,2.46
2027,한국외국어대학교,Social Science & AI융합학부,학생부종합,학종(서류형),50,2.37
2027,한국외국어대학교,Social Science & AI융합학부,학생부종합,학종(서류형),70,2.43
2027,한국외국어대학교,자유전공학부 서울,학생부종합,학종(서류형),50,2.21
2027,한국외국어대학교,자유전공학부 서울,학생부종합,학종(서류형),70,2.29
2027,한국외국어대학교,ELLT학과,학생부종합,학종(서류형),50,2.15
2027,한국외국어대학교,ELLT학과,학생부종합,학종(서류형),70,2.38
2027,한국외국어대학교,경영학부,학생부종합,학종(서류형),50,2.16
2027,한국외국어대학교,경영학부,학생부종합,학종(서류형),70,2.21
2027,한국외국어대학교,경제학부,학생부종합,학종(서류형),50,2.03
2027,한국외국어대학교,경제학부,학생부종합,학종(서류형),70,2.07
2027,한국외국어대학교,국제통상학과,학생부종합,학종(서류형),50,2.11
2027,한국외국어대학교,국제통상학과,학생부종합,학종(서류형),70,2.15
2027,한국외국어대학교,국제학부,학생부종합,학종(서류형),50,2.17
2027,한국외국어대학교,국제학부,학생부종합,학종(서류형),70,2.23
2027,한국외국어대학교,네덜란드어과,학생부종합,학종(서류형),50,3.86
2027,한국외국어대학교,네덜란드어과,학생부종합,학종(서류형),70,3.97
2027,한국외국어대학교,노어과,학생부종합,학종(서류형),50,2.6
2027,한국외국어대학교,노어과,학생부종합,학종(서류형),70,3.58
2027,한국외국어대학교,독일어과,학생부종합,학종(서류형),50,3.26
2027,한국외국어대학교,독일어과,학생부종합,학종(서류형),70,4.39
2027,한국외국어대학교,미디어커뮤니케이션학부,학생부종합,학종(서류형),50,1.94
2027,한국외국어대학교,미디어커뮤니케이션학부,학생부종합,학종(서류형),70,1.97
2027,한국외국어대학교,스칸디나비아어과,학생부종합,학종(서류형),50,2.43
2027,한국외국어대학교,스칸디나비아어과,학생부종합,학종(서류형),70,2.45
2027,한국외국어대학교,스페인어과,학생부종합,학종(서류형),50,3.62
2027,한국외국어대학교,스페인어과,학생부종합,학종(서류형),70,4.25
2027,한국외국어대학교,아랍어과,학생부종합,학종(서류형),50,2.64
2027,한국외국어대학교,아랍어과,학생부종합,학종(서류형),70,2.94
2027,한국외국어대학교,영미문학·문화학과,학생부종합,학종(서류형),50,2.29
2027,한국외국어대학교,영미문학·문화학과,학생부종합,학종(서류형),70,2.47
2027,한국외국어대학교,영어교육과,학생부종합,학종(서류형),50,2.01
2027,한국외국어대학교,영어교육과,학생부종합,학종(서류형),70,2.02
2027,한국외국어대학교,영어통번역학과,학생부종합,학종(서류형),50,2.37
2027,한국외국어대학교,영어통번역학과,학생부종합,학종(서류형),70,2.4
2027,한국외국어대학교,융합일본지역학부,학생부종합,학종(서류형),50,3.96
2027,한국외국어대학교,융합일본지역학부,학생부종합,학종(서류형),70,4
2027,한국외국어대학교,이탈리아어과,학생부종합,학종(서류형),50,4.18
2027,한국외국어대학교,이탈리아어과,학생부종합,학종(서류형),70,4.24
2027,한국외국어대학교,일본언어문화학부,학생부종합,학종(서류형),50,2.35
2027,한국외국어대학교,일본언어문화학부,학생부종합,학종(서류형),70,2.48
2027,한국외국어대학교,정치외교학과,학생부종합,학종(서류형),50,2.24
2027,한국외국어대학교,정치외교학과,학생부종합,학종(서류형),70,4.77
2027,한국외국어대학교,중국언어문화학부,학생부종합,학종(서류형),50,2.39
2027,한국외국어대학교,중국언어문화학부,학생부종합,학종(서류형),70,2.5
2027,한국외국어대학교,중국외교통상학부,학생부종합,학종(서류형),50,3.27
2027,한국외국어대학교,중국외교통상학부,학생부종합,학종(서류형),70,3.36
2027,한국외국어대학교,포르투갈어과,학생부종합,학종(서류형),50,4.89
2027,한국외국어대학교,포르투갈어과,학생부종합,학종(서류형),70,5.06
2027,한국외국어대학교,프랑스어학부,학생부종합,학종(서류형),50,3.79
2027,한국외국어대학교,프랑스어학부,학생부종합,학종(서류형),70,4.77
2027,한국외국어대학교,행정학과,학생부종합,학종(서류형),50,1.94
2027,한국외국어대학교,행정학과,학생부종합,학종(서류형),70,1.97
2027,한국외국어대학교,Finance & AI융합학부,학생부종합,학종(면접형),50,4.02
2027,한국외국어대학교,Finance & AI융합학부,학생부종합,학종(면접형),70,4.7
2027,한국외국어대학교,국제금융학과,학생부종합,학종(면접형),50,3.55
2027,한국외국어대학교,국제금융학과,학생부종합,학종(면접형),70,5.45
2027,한국외국어대학교,글로벌스포츠산업학부,학생부종합,학종(면접형),50,3.04
2027,한국외국어대학교,글로벌스포츠산업학부,학생부종합,학종(면접형),70,3.37
2027,한국외국어대학교,디지털콘텐츠학부,학생부종합,학종(면접형),50,3.72
2027,한국외국어대학교,디지털콘텐츠학부,학생부종합,학종(면접형),70,3.95
2027,한국외국어대학교,사학과,학생부종합,학종(면접형),50,3.38
2027,한국외국어대학교,사학과,학생부종합,학종(면접형),70,3.43
2027,한국외국어대학교,아프리카학부,학생부종합,학종(면접형),50,5.28
2027,한국외국어대학교,아프리카학부,학생부종합,학종(면접형),70,5.81
2027,한국외국어대학교,언어인지과학과,학생부종합,학종(면접형),50,3.5
2027,한국외국어대학교,언어인지과학과,학생부종합,학종(면접형),70,3.66
2027,한국외국어대학교,중앙아시아학과,학생부종합,학종(면접형),50,5.4
2027,한국외국어대학교,중앙아시아학과,학생부종합,학종(면접형),70,5.58
2027,한국외국어대학교,철학과,학생부종합,학종(면접형),50,3.35
2027,한국외국어대학교,철학과,학생부종합,학종(면접형),70,3.44
2027,한국외국어대학교,투어리즘 & 웰니스학부,학생부종합,학종(면접형),50,5.13
2027,한국외국어대학교,투어리즘 & 웰니스학부,학생부종합,학종(면접형),70,5.34
2027,한국외국어대학교,한국학과,학생부종합,학종(면접형),50,5
2027,한국외국어대학교,한국학과,학생부종합,학종(면접형),70,5.34
2027,한국외국어대학교,AI데이터융합학부,학생부종합,학종(면접형),50,4.08
2027,한국외국어대학교,AI데이터융합학부,학생부종합,학종(면접형),70,4.73
2027,한국외국어대학교,기후변화융합학부,학생부종합,학종(면접형),50,3.62
2027,한국외국어대학교,기후변화융합학부,학생부종합,학종(면접형),70,3.92
2027,한국외국어대학교,바이오메디컬공학부,학생부종합,학종(면접형),50,3.32
2027,한국외국어대학교,바이오메디컬공학부,학생부종합,학종(면접형),70,3.76
2027,한국외국어대학교,산업경영공학과,학생부종합,학종(면접형),50,3.41
2027,한국외국어대학교,산업경영공학과,학생부종합,학종(면접형),70,4.36
2027,한국외국어대학교,생명공학과,학생부종합,학종(면접형),50,3.12
2027,한국외국어대학교,생명공학과,학생부종합,학종(면접형),70,3.3
2027,한국외국어대학교,수학과,학생부종합,학종(면접형),50,3.89
2027,한국외국어대학교,수학과,학생부종합,학종(면접형),70,4.1
2027,한국외국어대학교,전자물리학과,학생부종합,학종(면접형),50,3.95
2027,한국외국어대학교,전자물리학과,학생부종합,학종(면접형),70,3.96
2027,한국외국어대학교,통계학과,학생부종합,학종(면접형),50,3.7
2027,한국외국어대학교,통계학과,학생부종합,학종(면접형),70,3.87
2027,한국외국어대학교,화학과,학생부종합,학종(면접형),50,3.27
2027,한국외국어대학교,화학과,학생부종합,학종(면접형),70,4.42
2027,한국외국어대학교,환경학과,학생부종합,학종(면접형),50,4.2
2027,한국외국어대학교,환경학과,학생부종합,학종(면접형),70,5.02
2027,한국외국어대학교,컴퓨터공학부,학생부종합,학종(SW인재),50,3.44
2027,한국외국어대학교,컴퓨터공학부,학생부종합,학종(SW인재),70,3.51
2027,한국외국어대학교,Finance & AI융합학부,학생부종합,학종(서류형),50,4.07
2027,한국외국어대학교,Finance & AI융합학부,학생부종합,학종(서류형),70,4.17
2027,한국외국어대학교,국제금융학과,학생부종합,학종(서류형),50,3.71
2027,한국외국어대학교,국제금융학과,학생부종합,학종(서류형),70,3.77
2027,한국외국어대학교,글로벌스포츠산업학부,학생부종합,학종(서류형),50,2.64
2027,한국외국어대학교,글로벌스포츠산업학부,학생부종합,학종(서류형),70,2.84
2027,한국외국어대학교,디지털콘텐츠학부,학생부종합,학종(서류형),50,3.31
2027,한국외국어대학교,디지털콘텐츠학부,학생부종합,학종(서류형),70,3.35
2027,한국외국어대학교,사학과,학생부종합,학종(서류형),50,3.09
2027,한국외국어대학교,사학과,학생부종합,학종(서류형),70,4.31
2027,한국외국어대학교,아프리카학부,학생부종합,학종(서류형),50,4.75
2027,한국외국어대학교,아프리카학부,학생부종합,학종(서류형),70,4.94
2027,한국외국어대학교,언어인지과학과,학생부종합,학종(서류형),50,3.65
2027,한국외국어대학교,언어인지과학과,학생부종합,학종(서류형),70,3.88
2027,한국외국어대학교,중앙아시아학과,학생부종합,학종(서류형),50,5.13
2027,한국외국어대학교,중앙아시아학과,학생부종합,학종(서류형),70,5.34
2027,한국외국어대학교,철학과,학생부종합,학종(서류형),50,3.15
2027,한국외국어대학교,철학과,학생부종합,학종(서류형),70,3.31
2027,한국외국어대학교,투어리즘 & 웰니스학부,학생부종합,학종(서류형),50,3.4
2027,한국외국어대학교,투어리즘 & 웰니스학부,학생부종합,학종(서류형),70,3.58
2027,한국외국어대학교,한국학과,학생부종합,학종(서류형),50,3.6
2027,한국외국어대학교,한국학과,학생부종합,학종(서류형),70,3.78
2027,한국외국어대학교,AI데이터융합학부,학생부종합,학종(서류형),50,3.6
2027,한국외국어대학교,AI데이터융합학부,학생부종합,학종(서류형),70,3.75
2027,한국외국어대학교,기후변화융합학부,학생부종합,학종(서류형),50,3.17
2027,한국외국어대학교,기후변화융합학부,학생부종합,학종(서류형),70,3.27
2027,한국외국어대학교,바이오메디컬공학부,학생부종합,학종(서류형),50,3.22
2027,한국외국어대학교,바이오메디컬공학부,학생부종합,학종(서류형),70,3.38
2027,한국외국어대학교,산업경영공학과,학생부종합,학종(서류형),50,3.66
2027,한국외국어대학교,산업경영공학과,학생부종합,학종(서류형),70,3.92
2027,한국외국어대학교,생명공학과,학생부종합,학종(서류형),50,2.87
2027,한국외국어대학교,생명공학과,학생부종합,학종(서류형),70,2.95
2027,한국외국어대학교,수학과,학생부종합,학종(서류형),50,3.27
2027,한국외국어대학교,수학과,학생부종합,학종(서류형),70,3.36
2027,한국외국어대학교,전자물리학과,학생부종합,학종(서류형),50,3.41
2027,한국외국어대학교,전자물리학과,학생부종합,학종(서류형),70,3.55
2027,한국외국어대학교,통계학과,학생부종합,학종(서류형),50,3.42
2027,한국외국어대학교,통계학과,학생부종합,학종(서류형),70,3.51
2027,한국외국어대학교,화학과,학생부종합,학종(서류형),50,2.96
2027,한국외국어대학교,화학과,학생부종합,학종(서류형),70,3.13
2027,한국외국어대학교,환경학과,학생부종합,학종(서류형),50,3.08
2027,한국외국어대학교,환경학과,학생부종합,학종(서류형),70,3.19
2027,서울시립대학교,경제학부,학생부교과,지역균형선발,50,1.8
2027,서울시립대학교,경제학부,학생부교과,지역균형선발,70,1.82
2027,서울시립대학교,국제관계학과,학생부교과,지역균형선발,50,1.97
2027,서울시립대학교,국제관계학과,학생부교과,지역균형선발,70,1.97
2027,서울시립대학교,도시사회학과,학생부교과,지역균형선발,50,1.9
2027,서울시립대학교,도시사회학과,학생부교과,지역균형선발,70,1.9
2027,서울시립대학교,도시행정학과,학생부교과,지역균형선발,50,1.83
2027,서울시립대학교,도시행정학과,학생부교과,지역균형선발,70,1.84
2027,서울시립대학교,사회복지학과,학생부교과,지역균형선발,50,1.93
2027,서울시립대학교,사회복지학과,학생부교과,지역균형선발,70,1.93
2027,서울시립대학교,세무학과,학생부교과,지역균형선발,50,1.89
2027,서울시립대학교,세무학과,학생부교과,지역균형선발,70,1.97
2027,서울시립대학교,영어영문학과,학생부교과,지역균형선발,50,1.94
2027,서울시립대학교,영어영문학과,학생부교과,지역균형선발,70,1.94
2027,서울시립대학교,자유전공학부 인문,학생부교과,지역균형선발,50,1.86
2027,서울시립대학교,자유전공학부 인문,학생부교과,지역균형선발,70,1.91
2027,서울시립대학교,행정학과,학생부교과,지역균형선발,50,1.76
2027,서울시립대학교,행정학과,학생부교과,지역균형선발,70,1.88
2027,서울시립대학교,자유전공학부 (자연),학생부교과,지역균형선발,50,1.61
2027,서울시립대학교,자유전공학부 (자연),학생부교과,지역균형선발,70,1.67
2027,서울시립대학교,공간정보공학과,학생부교과,지역균형선발,50,1.86
2027,서울시립대학교,공간정보공학과,학생부교과,지역균형선발,70,1.89
2027,서울시립대학교,교통공학과,학생부교과,지역균형선발,50,1.9
2027,서울시립대학교,교통공학과,학생부교과,지역균형선발,70,1.9
2027,서울시립대학교,기계정보공학과,학생부교과,지역균형선발,50,1.69
2027,서울시립대학교,기계정보공학과,학생부교과,지역균형선발,70,1.76
2027,서울시립대학교,생명과학과,학생부교과,지역균형선발,50,1.57
2027,서울시립대학교,생명과학과,학생부교과,지역균형선발,70,1.57
2027,서울시립대학교,수학과,학생부교과,지역균형선발,50,1.9
2027,서울시립대학교,수학과,학생부교과,지역균형선발,70,1.97
2027,서울시립대학교,신소재공학과,학생부교과,지역균형선발,50,1.68
2027,서울시립대학교,신소재공학과,학생부교과,지역균형선발,70,1.71
2027,서울시립대학교,인공지능학과,학생부교과,지역균형선발,50,1.76
2027,서울시립대학교,인공지능학과,학생부교과,지역균형선발,70,1.76
2027,서울시립대학교,전자전기컴퓨터공학부,학생부교과,지역균형선발,50,1.58
2027,서울시립대학교,전자전기컴퓨터공학부,학생부교과,지역균형선발,70,1.59
2027,서울시립대학교,컴퓨터과학부,학생부교과,지역균형선발,50,1.69
2027,서울시립대학교,컴퓨터과학부,학생부교과,지역균형선발,70,1.7
2027,서울시립대학교,토목공학과,학생부교과,지역균형선발,50,1.81
2027,서울시립대학교,토목공학과,학생부교과,지역균형선발,70,1.84
2027,서울시립대학교,통계학과,학생부교과,지역균형선발,50,1.97
2027,서울시립대학교,통계학과,학생부교과,지역균형선발,70,1.97
2027,서울시립대학교,화학공학과,학생부교과,지역균형선발,50,1.59
2027,서울시립대학교,화학공학과,학생부교과,지역균형선발,70,1.62
2027,서울시립대학교,환경공학부,학생부교과,지역균형선발,50,1.69
2027,서울시립대학교,환경공학부,학생부교과,지역균형선발,70,1.71
2027,서울시립대학교,환경원예학과,학생부교과,지역균형선발,50,1.75
2027,서울시립대학교,환경원예학과,학생부교과,지역균형선발,70,1.75
2027,서울시립대학교,경영학부,학생부종합,학생부종합1(면접형),50,2.13
2027,서울시립대학교,경영학부,학생부종합,학생부종합1(면접형),70,2.24
2027,서울시립대학교,경제학부,학생부종합,학생부종합1(면접형),50,2.49
2027,서울시립대학교,경제학부,학생부종합,학생부종합1(면접형),70,2.92
2027,서울시립대학교,자유전공학부 인문,학생부종합,학생부종합1(면접형),50,2.51
2027,서울시립대학교,자유전공학부 인문,학생부종합,학생부종합1(면접형),70,2.68
2027,서울시립대학교,국사학과,학생부종합,학생부종합1(면접형),50,2.89
2027,서울시립대학교,국사학과,학생부종합,학생부종합1(면접형),70,4.5
2027,서울시립대학교,국어국문학과,학생부종합,학생부종합1(면접형),50,2.28
2027,서울시립대학교,국어국문학과,학생부종합,학생부종합1(면접형),70,2.48
2027,서울시립대학교,국제관계학과,학생부종합,학생부종합1(면접형),50,2.17
2027,서울시립대학교,국제관계학과,학생부종합,학생부종합1(면접형),70,2.26
2027,서울시립대학교,도시사회학과,학생부종합,학생부종합1(면접형),50,2.34
2027,서울시립대학교,도시사회학과,학생부종합,학생부종합1(면접형),70,2.4
2027,서울시립대학교,도시행정학과,학생부종합,학생부종합1(면접형),50,2.45
2027,서울시립대학교,도시행정학과,학생부종합,학생부종합1(면접형),70,4.19
2027,서울시립대학교,사회복지학과,학생부종합,학생부종합1(면접형),50,2.48
2027,서울시립대학교,사회복지학과,학생부종합,학생부종합1(면접형),70,2.89
2027,서울시립대학교,세무학과,학생부종합,학생부종합1(면접형),50,2.08
2027,서울시립대학교,세무학과,학생부종합,학생부종합1(면접형),70,4.06
2027,서울시립대학교,영어영문학과,학생부종합,학생부종합1(면접형),50,2.93
2027,서울시립대학교,영어영문학과,학생부종합,학생부종합1(면접형),70,3.6
2027,서울시립대학교,중국어문화학과,학생부종합,학생부종합1(면접형),50,3.44
2027,서울시립대학교,중국어문화학과,학생부종합,학생부종합1(면접형),70,3.7
2027,서울시립대학교,철학과,학생부종합,학생부종합1(면접형),50,2.79
2027,서울시립대학교,철학과,학생부종합,학생부종합1(면접형),70,2.95
2027,서울시립대학교,행정학과,학생부종합,학생부종합1(면접형),50,2.3
2027,서울시립대학교,행정학과,학생부종합,학생부종합1(면접형),70,2.54
2027,서울시립대학교,경영학부,학생부종합,학생부종합2(서류형),50,2.13
2027,서울시립대학교,경영학부,학생부종합,학생부종합2(서류형),70,2.24
2027,서울시립대학교,경제학부,학생부종합,학생부종합2(서류형),50,2.49
2027,서울시립대학교,경제학부,학생부종합,학생부종합2(서류형),70,2.92
2027,서울시립대학교,국제관계학과,학생부종합,학생부종합2(서류형),50,2.17
2027,서울시립대학교,국제관계학과,학생부종합,학생부종합2(서류형),70,2.26
2027,서울시립대학교,도시사회학과,학생부종합,학생부종합2(서류형),50,2.34
2027,서울시립대학교,도시사회학과,학생부종합,학생부종합2(서류형),70,2.4
2027,서울시립대학교,사회복지학과,학생부종합,학생부종합2(서류형),50,2.48
2027,서울시립대학교,사회복지학과,학생부종합,학생부종합2(서류형),70,2.89
2027,서울시립대학교,세무학과,학생부종합,학생부종합2(서류형),50,2.08
2027,서울시립대학교,세무학과,학생부종합,학생부종합2(서류형),70,4.06
2027,서울시립대학교,행정학과,학생부종합,학생부종합2(서류형),50,2.3
2027,서울시립대학교,행정학과,학생부종합,학생부종합2(서류형),70,2.54
2027,서울시립대학교,자유전공학부 인문,학생부종합,학생부종합2(서류형),50,2.51
2027,서울시립대학교,자유전공학부 인문,학생부종합,학생부종합2(서류형),70,2.68
2027,서울시립대학교,자유전공학부 (자연),학생부종합,학생부종합2(서류형),50,2.23
2027,서울시립대학교,자유전공학부 (자연),학생부종합,학생부종합2(서류형),70,2.29
2027,서울시립대학교,건축학부 건축공학전공,학생부종합,학생부종합2(서류형),50,2.18
2027,서울시립대학교,건축학부 건축공학전공,학생부종합,학생부종합2(서류형),70,2.49
2027,서울시립대학교,공간정보공학과,학생부종합,학생부종합2(서류형),50,2.13
2027,서울시립대학교,공간정보공학과,학생부종합,학생부종합2(서류형),70,2.19
2027,서울시립대학교,교통공학과,학생부종합,학생부종합2(서류형),50,2.65
2027,서울시립대학교,교통공학과,학생부종합,학생부종합2(서류형),70,6.29
2027,서울시립대학교,기계정보공학과,학생부종합,학생부종합2(서류형),50,2.07
2027,서울시립대학교,기계정보공학과,학생부종합,학생부종합2(서류형),70,2.46
2027,서울시립대학교,도시공학과,학생부종합,학생부종합2(서류형),50,2.17
2027,서울시립대학교,도시공학과,학생부종합,학생부종합2(서류형),70,2.38
2027,서울시립대학교,물리학과,학생부종합,학생부종합2(서류형),50,2.04
2027,서울시립대학교,물리학과,학생부종합,학생부종합2(서류형),70,2.07
2027,서울시립대학교,생명과학과,학생부종합,학생부종합2(서류형),50,2.02
2027,서울시립대학교,생명과학과,학생부종합,학생부종합2(서류형),70,2.04
2027,서울시립대학교,수학과,학생부종합,학생부종합2(서류형),50,2.17
2027,서울시립대학교,수학과,학생부종합,학생부종합2(서류형),70,2.22
2027,서울시립대학교,융합응용화학과,학생부종합,학생부종합2(서류형),50,2.16
2027,서울시립대학교,융합응용화학과,학생부종합,학생부종합2(서류형),70,2.3
2027,서울시립대학교,전자전기컴퓨터공학부,학생부종합,학생부종합2(서류형),50,2.09
2027,서울시립대학교,전자전기컴퓨터공학부,학생부종합,학생부종합2(서류형),70,2.25
2027,서울시립대학교,컴퓨터과학부,학생부종합,학생부종합2(서류형),50,2.06
2027,서울시립대학교,컴퓨터과학부,학생부종합,학생부종합2(서류형),70,2.06
2027,서울시립대학교,토목공학과,학생부종합,학생부종합2(서류형),50,2.35
2027,서울시립대학교,토목공학과,학생부종합,학생부종합2(서류형),70,2.59
2027,서울시립대학교,통계학과,학생부종합,학생부종합2(서류형),50,2.11
2027,서울시립대학교,통계학과,학생부종합,학생부종합2(서류형),70,2.22
2027,서울시립대학교,화학공학과,학생부종합,학생부종합2(서류형),50,2.02
2027,서울시립대학교,화학공학과,학생부종합,학생부종합2(서류형),70,2.1
2027,서울시립대학교,환경공학부,학생부종합,학생부종합2(서류형),50,2.08
2027,서울시립대학교,환경공학부,학생부종합,학생부종합2(서류형),70,2.21
2027,서울시립대학교,환경원예학과,학생부종합,학생부종합2(서류형),50,2.08
2027,서울시립대학교,환경원예학과,학생부종합,학생부종합2(서류형),70,2.44
2027,서울시립대학교,자유전공학부 (자연),학생부종합,학생부종합1(면접형),50,2.23
2027,서울시립대학교,자유전공학부 (자연),학생부종합,학생부종합1(면접형),70,2.29
2027,서울시립대학교,공간정보공학과,학생부종합,학생부종합1(면접형),50,2.13
2027,서울시립대학교,공간정보공학과,학생부종합,학생부종합1(면접형),70,2.19
2027,서울시립대학교,교통공학과,학생부종합,학생부종합1(면접형),50,2.65
2027,서울시립대학교,교통공학과,학생부종합,학생부종합1(면접형),70,6.29
2027,서울시립대학교,기계정보공학과,학생부종합,학생부종합1(면접형),50,2.07
2027,서울시립대학교,기계정보공학과,학생부종합,학생부종합1(면접형),70,2.46
2027,서울시립대학교,도시공학과,학생부종합,학생부종합1(면접형),50,2.17
2027,서울시립대학교,도시공학과,학생부종합,학생부종합1(면접형),70,2.38
2027,서울시립대학교,물리학과,학생부종합,학생부종합1(면접형),50,2.04
2027,서울시립대학교,물리학과,학생부종합,학생부종합1(면접형),70,2.07
2027,서울시립대학교,생명과학과,학생부종합,학생부종합1(면접형),50,2.02
2027,서울시립대학교,생명과학과,학생부종합,학생부종합1(면접형),70,2.04
2027,서울시립대학교,수학과,학생부종합,학생부종합1(면접형),50,2.17
2027,서울시립대학교,수학과,학생부종합,학생부종합1(면접형),70,2.22
2027,서울시립대학교,신소재공학과,학생부종합,학생부종합1(면접형),50,2.01
2027,서울시립대학교,신소재공학과,학생부종합,학생부종합1(면접형),70,2.16
2027,서울시립대학교,융합응용화학과,학생부종합,학생부종합1(면접형),50,2.16
2027,서울시립대학교,융합응용화학과,학생부종합,학생부종합1(면접형),70,2.3
2027,서울시립대학교,인공지능학과,학생부종합,학생부종합1(면접형),50,2.11
2027,서울시립대학교,인공지능학과,학생부종합,학생부종합1(면접형),70,2.18
2027,서울시립대학교,전자전기컴퓨터공학부,학생부종합,학생부종합1(면접형),50,2.09
2027,서울시립대학교,전자전기컴퓨터공학부,학생부종합,학생부종합1(면접형),70,2.25
2027,서울시립대학교,조경학과,학생부종합,학생부종합1(면접형),50,2.46
2027,서울시립대학교,조경학과,학생부종합,학생부종합1(면접형),70,2.96
2027,서울시립대학교,컴퓨터과학부,학생부종합,학생부종합1(면접형),50,2.06
2027,서울시립대학교,컴퓨터과학부,학생부종합,학생부종합1(면접형),70,2.06
2027,서울시립대학교,토목공학과,학생부종합,학생부종합1(면접형),50,2.35
2027,서울시립대학교,토목공학과,학생부종합,학생부종합1(면접형),70,2.59
2027,서울시립대학교,통계학과,학생부종합,학생부종합1(면접형),50,2.11
2027,서울시립대학교,통계학과,학생부종합,학생부종합1(면접형),70,2.22
2027,서울시립대학교,화학공학과,학생부종합,학생부종합1(면접형),50,2.02
2027,서울시립대학교,화학공학과,학생부종합,학생부종합1(면접형),70,2.1
2027,서울시립대학교,환경공학부,학생부종합,학생부종합1(면접형),50,2.08
2027,서울시립대학교,환경공학부,학생부종합,학생부종합1(면접형),70,2.21
2027,서울시립대학교,환경원예학과,학생부종합,학생부종합1(면접형),50,2.08
2027,서울시립대학교,환경원예학과,학생부종합,학생부종합1(면접형),70,2.44
2027,건국대학교,경영학과,학생부교과,KU지역균형,50,1.85
2027,건국대학교,경영학과,학생부교과,KU지역균형,70,2
2027,건국대학교,경제학과,학생부교과,KU지역균형,50,1.83
2027,건국대학교,경제학과,학생부교과,KU지역균형,70,1.96
2027,건국대학교,국제무역학과,학생부교과,KU지역균형,50,2.19
2027,건국대학교,국제무역학과,학생부교과,KU지역균형,70,2.19
2027,건국대학교,문화콘텐츠학과,학생부교과,KU지역균형,50,1.96
2027,건국대학교,문화콘텐츠학과,학생부교과,KU지역균형,70,1.96
2027,건국대학교,부동산학과,학생부교과,KU지역균형,50,1.92
2027,건국대학교,부동산학과,학생부교과,KU지역균형,70,1.92
2027,건국대학교,영어교육과,학생부교과,KU지역균형,50,2.07
2027,건국대학교,영어교육과,학생부교과,KU지역균형,70,2.07
2027,건국대학교,영어영문학과,학생부교과,KU지역균형,50,1.96
2027,건국대학교,영어영문학과,학생부교과,KU지역균형,70,1.96
2027,건국대학교,응용통계학과,학생부교과,KU지역균형,50,1.74
2027,건국대학교,응용통계학과,학생부교과,KU지역균형,70,1.74
2027,건국대학교,행정학과,학생부교과,KU지역균형,50,1.93
2027,건국대학교,행정학과,학생부교과,KU지역균형,70,2.13
2027,건국대학교,건축학부,학생부교과,KU지역균형,50,1.91
2027,건국대학교,건축학부,학생부교과,KU지역균형,70,1.85
2027,건국대학교,물리학과,학생부교과,KU지역균형,50,1.8
2027,건국대학교,물리학과,학생부교과,KU지역균형,70,1.89
2027,건국대학교,사회환경공학부,학생부교과,KU지역균형,50,1.92
2027,건국대학교,사회환경공학부,학생부교과,KU지역균형,70,2
2027,건국대학교,수의예과,학생부교과,KU지역균형,50,1.04
2027,건국대학교,수의예과,학생부교과,KU지역균형,70,1.12
2027,건국대학교,수학과,학생부교과,KU지역균형,50,1.92
2027,건국대학교,수학과,학생부교과,KU지역균형,70,2.07
2027,건국대학교,수학교육과,학생부교과,KU지역균형,50,1.62
2027,건국대학교,수학교육과,학생부교과,KU지역균형,70,1.69
2027,건국대학교,전기전자공학부,학생부교과,KU지역균형,50,1.36
2027,건국대학교,전기전자공학부,학생부교과,KU지역균형,70,1.42
2027,건국대학교,재료공학과,학생부교과,KU지역균형,50,1.63
2027,건국대학교,재료공학과,학생부교과,KU지역균형,70,1.63
2027,건국대학교,경영학과,학생부종합,KU자기추천,50,2.33
2027,건국대학교,경영학과,학생부종합,KU자기추천,70,2.56
2027,건국대학교,경제학과,학생부종합,KU자기추천,50,2.33
2027,건국대학교,경제학과,학생부종합,KU자기추천,70,2.48
2027,건국대학교,교육공학과,학생부종합,KU자기추천,50,2.36
2027,건국대학교,교육공학과,학생부종합,KU자기추천,70,2.42
2027,건국대학교,국어국문학과,학생부종합,KU자기추천,50,2.44
2027,건국대학교,국어국문학과,학생부종합,KU자기추천,70,2.48
2027,건국대학교,국제무역학과,학생부종합,KU자기추천,50,2.58
2027,건국대학교,국제무역학과,학생부종합,KU자기추천,70,2.6
2027,건국대학교,기술경영학과,학생부종합,KU자기추천,50,3.95
2027,건국대학교,기술경영학과,학생부종합,KU자기추천,70,4.24
2027,건국대학교,문화콘텐츠학과,학생부종합,KU자기추천,50,2.4
2027,건국대학교,문화콘텐츠학과,학생부종합,KU자기추천,70,2.59
2027,건국대학교,부동산학과,학생부종합,KU자기추천,50,3.39
2027,건국대학교,부동산학과,학생부종합,KU자기추천,70,4.95
2027,건국대학교,사학과,학생부종합,KU자기추천,50,2.37
2027,건국대학교,사학과,학생부종합,KU자기추천,70,2.43
2027,건국대학교,영어교육과,학생부종합,KU자기추천,50,2.21
2027,건국대학교,영어교육과,학생부종합,KU자기추천,70,2.26
2027,건국대학교,영어영문학과,학생부종합,KU자기추천,50,2.64
2027,건국대학교,영어영문학과,학생부종합,KU자기추천,70,2.96
2027,건국대학교,응용통계학과,학생부종합,KU자기추천,50,2.36
2027,건국대학교,응용통계학과,학생부종합,KU자기추천,70,2.44
2027,건국대학교,일어교육과,학생부종합,KU자기추천,50,3.63
2027,건국대학교,일어교육과,학생부종합,KU자기추천,70,3.91
2027,건국대학교,정치외교학과,학생부종합,KU자기추천,50,2.2
2027,건국대학교,정치외교학과,학생부종합,KU자기추천,70,2.52
2027,건국대학교,중어중문학과,학생부종합,KU자기추천,50,4.4
2027,건국대학교,중어중문학과,학생부종합,KU자기추천,70,4.67
2027,건국대학교,지리학과,학생부종합,KU자기추천,50,2.67
2027,건국대학교,지리학과,학생부종합,KU자기추천,70,2.79
2027,건국대학교,철학과,학생부종합,KU자기추천,50,2.82
2027,건국대학교,철학과,학생부종합,KU자기추천,70,3.36
2027,건국대학교,행정학과,학생부종합,KU자기추천,50,2.43
2027,건국대학교,행정학과,학생부종합,KU자기추천,70,2.71
2027,건국대학교,건축학부,학생부종합,KU자기추천,50,2.44
2027,건국대학교,건축학부,학생부종합,KU자기추천,70,2.6
2027,건국대학교,물리학과,학생부종합,KU자기추천,50,2.32
2027,건국대학교,물리학과,학생부종합,KU자기추천,70,2.42
2027,건국대학교,사회환경공학부,학생부종합,KU자기추천,50,2.75
2027,건국대학교,사회환경공학부,학생부종합,KU자기추천,70,2.85
2027,건국대학교,산업공학과,학생부종합,KU자기추천,50,2.29
2027,건국대학교,산업공학과,학생부종합,KU자기추천,70,2.48
2027,건국대학교,생물공학과,학생부종합,KU자기추천,50,1.96
2027,건국대학교,생물공학과,학생부종합,KU자기추천,70,2.08
2027,건국대학교,수의예과,학생부종합,KU자기추천,50,1.5
2027,건국대학교,수의예과,학생부종합,KU자기추천,70,1.64
2027,건국대학교,수학과,학생부종합,KU자기추천,50,2.19
2027,건국대학교,수학과,학생부종합,KU자기추천,70,2.27
2027,건국대학교,수학교육과,학생부종합,KU자기추천,50,2.15
2027,건국대학교,수학교육과,학생부종합,KU자기추천,70,2.17
2027,건국대학교,식량자원과학과,학생부종합,KU자기추천,50,2.31
2027,건국대학교,식량자원과학과,학생부종합,KU자기추천,70,2.62
2027,건국대학교,전기전자공학부,학생부종합,KU자기추천,50,2.09
2027,건국대학교,전기전자공학부,학생부종합,KU자기추천,70,2.16
2027,건국대학교,재료공학과,학생부종합,KU자기추천,50,2.04
2027,건국대학교,재료공학과,학생부종합,KU자기추천,70,2.13
2027,건국대학교,화학과,학생부종합,KU자기추천,50,2
2027,건국대학교,화학과,학생부종합,KU자기추천,70,2.07
2027,동국대학교,경제학과,학생부종합,Do Dream,50,2.6
2027,동국대학교,경제학과,학생부종합,Do Dream,70,2.51
2027,동국대학교,경찰행정학부,학생부종합,Do Dream,50,2.13
2027,동국대학교,경찰행정학부,학생부종합,Do Dream,70,2.05
2027,동국대학교,광고홍보학과,학생부종합,Do Dream,50,2.34
2027,동국대학교,광고홍보학과,학생부종합,Do Dream,70,2
2027,동국대학교,교육학과,학생부종합,Do Dream,50,2.11
2027,동국대학교,교육학과,학생부종합,Do Dream,70,2.29
2027,동국대학교,국어교육과,학생부종합,Do Dream,50,2
2027,동국대학교,국어교육과,학생부종합,Do Dream,70,2.22
2027,동국대학교,국제통상학과,학생부종합,Do Dream,50,3.63
2027,동국대학교,국제통상학과,학생부종합,Do Dream,70,3.94
2027,동국대학교,법학과,학생부종합,Do Dream,50,1.93
2027,동국대학교,법학과,학생부종합,Do Dream,70,2.19
2027,동국대학교,사학과,학생부종합,Do Dream,50,2.22
2027,동국대학교,사학과,학생부종합,Do Dream,70,2.4
2027,동국대학교,사회복지학과,학생부종합,Do Dream,50,2.81
2027,동국대학교,사회복지학과,학생부종합,Do Dream,70,2.41
2027,동국대학교,식품산업관리학과,학생부종합,Do Dream,50,2.62
2027,동국대학교,식품산업관리학과,학생부종합,Do Dream,70,2
2027,동국대학교,역사교육과,학생부종합,Do Dream,50,2.19
2027,동국대학교,역사교육과,학생부종합,Do Dream,70,2.48
2027,동국대학교,연극학부,학생부종합,Do Dream,50,3.14
2027,동국대학교,연극학부,학생부종합,Do Dream,70,2.5
2027,동국대학교,영어영문학부,학생부종합,Do Dream,50,3.8
2027,동국대학교,영어영문학부,학생부종합,Do Dream,70,3.57
2027,동국대학교,영화영상학과,학생부종합,Do Dream,50,2.77
2027,동국대학교,영화영상학과,학생부종합,Do Dream,70,4.71
2027,동국대학교,일본학과,학생부종합,Do Dream,50,4.07
2027,동국대학교,일본학과,학생부종합,Do Dream,70,3.9
2027,동국대학교,중어중문학과,학생부종합,Do Dream,50,4.45
2027,동국대학교,중어중문학과,학생부종합,Do Dream,70,3.63
2027,동국대학교,지리교육과,학생부종합,Do Dream,50,2.4
2027,동국대학교,지리교육과,학생부종합,Do Dream,70,2.6
2027,동국대학교,철학과,학생부종합,Do Dream,50,2.15
2027,동국대학교,철학과,학생부종합,Do Dream,70,2.22
2027,동국대학교,가정교육과,학생부종합,Do Dream,50,3
2027,동국대학교,가정교육과,학생부종합,Do Dream,70,2.96
2027,동국대학교,건설환경공학과,학생부종합,Do Dream,50,2.36
2027,동국대학교,건설환경공학과,학생부종합,Do Dream,70,2.7
2027,동국대학교,건축공학부,학생부종합,Do Dream,50,2.5
2027,동국대학교,건축공학부,학생부종합,Do Dream,70,2.02
2027,동국대학교,기계로봇에너지공학과,학생부종합,Do Dream,50,2.33
2027,동국대학교,기계로봇에너지공학과,학생부종합,Do Dream,70,2.27
2027,동국대학교,물리학과,학생부종합,Do Dream,50,2.35
2027,동국대학교,물리학과,학생부종합,Do Dream,70,2.48
2027,동국대학교,산업시스템공학과,학생부종합,Do Dream,50,2.48
2027,동국대학교,산업시스템공학과,학생부종합,Do Dream,70,2.61
2027,동국대학교,생명과학과,학생부종합,Do Dream,50,2.5
2027,동국대학교,생명과학과,학생부종합,Do Dream,70,2.08
2027,동국대학교,수학과,학생부종합,Do Dream,50,2.55
2027,동국대학교,수학과,학생부종합,Do Dream,70,3
2027,동국대학교,수학교육과,학생부종합,Do Dream,50,2.5
2027,동국대학교,수학교육과,학생부종합,Do Dream,70,2.54
2027,동국대학교,시스템반도체학부,학생부종합,Do Dream,50,2.84
2027,동국대학교,시스템반도체학부,학생부종합,Do Dream,70,2.27
2027,동국대학교,약학과,학생부종합,Do Dream,50,3.64
2027,동국대학교,약학과,학생부종합,Do Dream,70,1.28
2027,동국대학교,에너지신소재공학과,학생부종합,Do Dream,50,2.29
2027,동국대학교,에너지신소재공학과,학생부종합,Do Dream,70,2.06
2027,동국대학교,의생명공학과,학생부종합,Do Dream,50,2
2027,동국대학교,의생명공학과,학생부종합,Do Dream,70,2.14
2027,동국대학교,전자전기공학부,학생부종합,Do Dream,50,2.17
2027,동국대학교,전자전기공학부,학생부종합,Do Dream,70,2.5
2027,동국대학교,정보통신공학과,학생부종합,Do Dream,50,2.46
2027,동국대학교,정보통신공학과,학생부종합,Do Dream,70,2.65
2027,동국대학교,통계학과,학생부종합,Do Dream,50,2.21
2027,동국대학교,통계학과,학생부종합,Do Dream,70,2.51
2027,동국대학교,화공생물공학과,학생부종합,Do Dream,50,2.19
2027,동국대학교,화공생물공학과,학생부종합,Do Dream,70,2.21
2027,동국대학교,화학과,학생부종합,Do Dream,50,1.86
2027,동국대학교,화학과,학생부종합,Do Dream,70,2.07
2027,동국대학교,경제학과,학생부교과,학교장추천인재,50,1.4
2027,동국대학교,경제학과,학생부교과,학교장추천인재,70,1.1
2027,동국대학교,경찰행정학부,학생부교과,학교장추천인재,50,1
2027,동국대학교,경찰행정학부,학생부교과,학교장추천인재,70,1
2027,동국대학교,광고홍보학과,학생부교과,학교장추천인재,50,1
2027,동국대학교,광고홍보학과,학생부교과,학교장추천인재,70,1.7
2027,동국대학교,교육학과,학생부교과,학교장추천인재,50,1.1
2027,동국대학교,교육학과,학생부교과,학교장추천인재,70,1.1
2027,동국대학교,국어교육과,학생부교과,학교장추천인재,50,1
2027,동국대학교,국어교육과,학생부교과,학교장추천인재,70,1
2027,동국대학교,국제통상학과,학생부교과,학교장추천인재,50,1.1
2027,동국대학교,국제통상학과,학생부교과,학교장추천인재,70,1.2
2027,동국대학교,법학과,학생부교과,학교장추천인재,50,1
2027,동국대학교,법학과,학생부교과,학교장추천인재,70,1.2
2027,동국대학교,사학과,학생부교과,학교장추천인재,50,1.5
2027,동국대학교,사학과,학생부교과,학교장추천인재,70,1.5
2027,동국대학교,역사교육과,학생부교과,학교장추천인재,50,1.5
2027,동국대학교,역사교육과,학생부교과,학교장추천인재,70,1.4
2027,동국대학교,영어영문학부,학생부교과,학교장추천인재,50,1
2027,동국대학교,영어영문학부,학생부교과,학교장추천인재,70,1
2027,동국대학교,중어중문학과,학생부교과,학교장추천인재,50,1.4
2027,동국대학교,중어중문학과,학생부교과,학교장추천인재,70,1.4
2027,동국대학교,지리교육과,학생부교과,학교장추천인재,50,1.3
2027,동국대학교,지리교육과,학생부교과,학교장추천인재,70,1.2
2027,동국대학교,가정교육과,학생부교과,학교장추천인재,50,1.7
2027,동국대학교,가정교육과,학생부교과,학교장추천인재,70,1.7
2027,동국대학교,건설환경공학과,학생부교과,학교장추천인재,50,1.5
2027,동국대학교,건설환경공학과,학생부교과,학교장추천인재,70,1.5
2027,동국대학교,건축공학부,학생부교과,학교장추천인재,50,1.3
2027,동국대학교,건축공학부,학생부교과,학교장추천인재,70,1.2
2027,동국대학교,기계로봇에너지공학과,학생부교과,학교장추천인재,50,1.5
2027,동국대학교,기계로봇에너지공학과,학생부교과,학교장추천인재,70,1.2
2027,동국대학교,물리학과,학생부교과,학교장추천인재,50,1.4
2027,동국대학교,물리학과,학생부교과,학교장추천인재,70,1.4
2027,동국대학교,산업시스템공학과,학생부교과,학교장추천인재,50,1.5
2027,동국대학교,산업시스템공학과,학생부교과,학교장추천인재,70,1.5
2027,동국대학교,생명과학과,학생부교과,학교장추천인재,50,1
2027,동국대학교,생명과학과,학생부교과,학교장추천인재,70,1.3
2027,동국대학교,수학과,학생부교과,학교장추천인재,50,1.3
2027,동국대학교,수학과,학생부교과,학교장추천인재,70,1.3
2027,동국대학교,수학교육과,학생부교과,학교장추천인재,50,1.2
2027,동국대학교,수학교육과,학생부교과,학교장추천인재,70,1.2
2027,동국대학교,시스템반도체학부,학생부교과,학교장추천인재,50,1.1
2027,동국대학교,시스템반도체학부,학생부교과,학교장추천인재,70,1.2
2027,동국대학교,약학과,학생부교과,학교장추천인재,50,1
2027,동국대학교,약학과,학생부교과,학교장추천인재,70,1
2027,동국대학교,의생명공학과,학생부교과,학교장추천인재,50,1
2027,동국대학교,의생명공학과,학생부교과,학교장추천인재,70,1.3
2027,동국대학교,전자전기공학부,학생부교과,학교장추천인재,50,1
2027,동국대학교,전자전기공학부,학생부교과,학교장추천인재,70,1.3
2027,동국대학교,정보통신공학과,학생부교과,학교장추천인재,50,1.2
2027,동국대학교,정보통신공학과,학생부교과,학교장추천인재,70,1.6
2027,동국대학교,통계학과,학생부교과,학교장추천인재,50,1.2
2027,동국대학교,통계학과,학생부교과,학교장추천인재,70,1.2
2027,동국대학교,화공생물공학과,학생부교과,학교장추천인재,50,1
2027,동국대학교,화공생물공학과,학생부교과,학교장추천인재,70,1.1
2027,동국대학교,화학과,학생부교과,학교장추천인재,50,1.1
2027,동국대학교,화학과,학생부교과,학교장추천인재,70,1.1
2027,홍익대학교,경영학부,학생부종합,학교생활우수자,50,2.3
2027,홍익대학교,경영학부,학생부종합,학교생활우수자,70,2.4
2027,홍익대학교,경제학부,학생부종합,학교생활우수자,50,2.3
2027,홍익대학교,경제학부,학생부종합,학교생활우수자,70,2.3
2027,홍익대학교,교육학과,학생부종합,학교생활우수자,50,2.4
2027,홍익대학교,교육학과,학생부종합,학교생활우수자,70,2.4
2027,홍익대학교,국어교육과,학생부종합,학교생활우수자,50,2.3
2027,홍익대학교,국어교육과,학생부종합,학교생활우수자,70,2.2
2027,홍익대학교,국어국문학과,학생부종합,학교생활우수자,50,2.2
2027,홍익대학교,국어국문학과,학생부종합,학교생활우수자,70,2.2
2027,홍익대학교,독어독문학과,학생부종합,학교생활우수자,50,4.5
2027,홍익대학교,독어독문학과,학생부종합,학교생활우수자,70,4.8
2027,홍익대학교,법학부,학생부종합,학교생활우수자,50,2.6
2027,홍익대학교,법학부,학생부종합,학교생활우수자,70,2.5
2027,홍익대학교,불어불문학과,학생부종합,학교생활우수자,50,3.6
2027,홍익대학교,불어불문학과,학생부종합,학교생활우수자,70,2.6
2027,홍익대학교,영어교육과,학생부종합,학교생활우수자,50,2.3
2027,홍익대학교,영어교육과,학생부종합,학교생활우수자,70,2.3
2027,홍익대학교,영어영문학과,학생부종합,학교생활우수자,50,3.6
2027,홍익대학교,영어영문학과,학생부종합,학교생활우수자,70,4
2027,홍익대학교,예술학과,학생부종합,학교생활우수자,50,2.6
2027,홍익대학교,예술학과,학생부종합,학교생활우수자,70,2.7
2027,홍익대학교,건설환경공학과,학생부종합,학교생활우수자,50,2.9
2027,홍익대학교,건설환경공학과,학생부종합,학교생활우수자,70,2.9
2027,홍익대학교,도시공학과,학생부종합,학교생활우수자,50,2.4
2027,홍익대학교,도시공학과,학생부종합,학교생활우수자,70,2.5
2027,홍익대학교,수학교육과,학생부종합,학교생활우수자,50,2
2027,홍익대학교,수학교육과,학생부종합,학교생활우수자,70,2
2027,홍익대학교,전자·전기공학부,학생부종합,학교생활우수자,50,2.3
2027,홍익대학교,전자·전기공학부,학생부종합,학교생활우수자,70,2.4
2027,홍익대학교,컴퓨터공학과,학생부종합,학교생활우수자,50,2.2
2027,홍익대학교,컴퓨터공학과,학생부종합,학교생활우수자,70,2.3
2027,홍익대학교,경영학부,학생부교과,학교장추천자,50,1.9
2027,홍익대학교,경영학부,학생부교과,학교장추천자,70,2
2027,홍익대학교,경제학부,학생부교과,학교장추천자,50,1.9
2027,홍익대학교,경제학부,학생부교과,학교장추천자,70,1.9
2027,홍익대학교,교육학과,학생부교과,학교장추천자,50,1.9
2027,홍익대학교,교육학과,학생부교과,학교장추천자,70,1.8
2027,홍익대학교,국어교육과,학생부교과,학교장추천자,50,2
2027,홍익대학교,국어교육과,학생부교과,학교장추천자,70,2.1
2027,홍익대학교,국어국문학과,학생부교과,학교장추천자,50,2.1
2027,홍익대학교,국어국문학과,학생부교과,학교장추천자,70,2.1
2027,홍익대학교,독어독문학과,학생부교과,학교장추천자,50,2.2
2027,홍익대학교,독어독문학과,학생부교과,학교장추천자,70,2.2
2027,홍익대학교,법학부,학생부교과,학교장추천자,50,1.9
2027,홍익대학교,법학부,학생부교과,학교장추천자,70,2
2027,홍익대학교,불어불문학과,학생부교과,학교장추천자,50,2
2027,홍익대학교,불어불문학과,학생부교과,학교장추천자,70,2
2027,홍익대학교,역사교육과,학생부교과,학교장추천자,50,2.1
2027,홍익대학교,역사교육과,학생부교과,학교장추천자,70,2
2027,홍익대학교,영어교육과,학생부교과,학교장추천자,50,1.9
2027,홍익대학교,영어교육과,학생부교과,학교장추천자,70,1.9
2027,홍익대학교,영어영문학과,학생부교과,학교장추천자,50,2
2027,홍익대학교,영어영문학과,학생부교과,학교장추천자,70,2
2027,홍익대학교,예술학과,학생부교과,학교장추천자,50,2.1
2027,홍익대학교,예술학과,학생부교과,학교장추천자,70,2.1
2027,홍익대학교,건설환경공학과,학생부교과,학교장추천자,50,1.8
2027,홍익대학교,건설환경공학과,학생부교과,학교장추천자,70,1.8
2027,홍익대학교,도시공학과,학생부교과,학교장추천자,50,2.1
2027,홍익대학교,도시공학과,학생부교과,학교장추천자,70,2.1
2027,홍익대학교,수학교육과,학생부교과,학교장추천자,50,1.9
2027,홍익대학교,수학교육과,학생부교과,학교장추천자,70,1.9
2027,홍익대학교,전자·전기공학부,학생부교과,학교장추천자,50,1.7
2027,홍익대학교,전자·전기공학부,학생부교과,학교장추천자,70,1.8
2027,홍익대학교,컴퓨터공학과,학생부교과,학교장추천자,50,1.8
2027,홍익대학교,컴퓨터공학과,학생부교과,학교장추천자,70,1.8
2027,숙명여자대학교,가족자원경영학과,학생부종합,숙명인재(면접형),50,2.56
2027,숙명여자대학교,가족자원경영학과,학생부종합,숙명인재(면접형),70,2.77
2027,숙명여자대학교,경영학부,학생부종합,숙명인재(면접형),50,2.4
2027,숙명여자대학교,경영학부,학생부종합,숙명인재(면접형),70,2.5
2027,숙명여자대학교,경제학부,학생부종합,숙명인재(면접형),50,2.18
2027,숙명여자대학교,경제학부,학생부종합,숙명인재(면접형),70,2.32
2027,숙명여자대학교,교육학부,학생부종합,숙명인재(면접형),50,2.31
2027,숙명여자대학교,교육학부,학생부종합,숙명인재(면접형),70,2.36
2027,숙명여자대학교,글로벌협력전공,학생부종합,숙명인재(면접형),50,3.23
2027,숙명여자대학교,글로벌협력전공,학생부종합,숙명인재(면접형),70,3.82
2027,숙명여자대학교,문헌정보학과,학생부종합,숙명인재(면접형),50,2.07
2027,숙명여자대학교,문헌정보학과,학생부종합,숙명인재(면접형),70,2.07
2027,숙명여자대학교,문화관광학전공,학생부종합,숙명인재(면접형),50,2.69
2027,숙명여자대학교,문화관광학전공,학생부종합,숙명인재(면접형),70,2.85
2027,숙명여자대학교,미디어학부,학생부종합,숙명인재(면접형),50,2.21
2027,숙명여자대학교,미디어학부,학생부종합,숙명인재(면접형),70,2.33
2027,숙명여자대학교,법학부,학생부종합,숙명인재(면접형),50,2.59
2027,숙명여자대학교,법학부,학생부종합,숙명인재(면접형),70,3.31
2027,숙명여자대학교,사회심리학과,학생부종합,숙명인재(면접형),50,2.17
2027,숙명여자대학교,사회심리학과,학생부종합,숙명인재(면접형),70,2.18
2027,숙명여자대학교,소비자경제학과,학생부종합,숙명인재(면접형),50,2.62
2027,숙명여자대학교,소비자경제학과,학생부종합,숙명인재(면접형),70,2.88
2027,숙명여자대학교,아동복지학부,학생부종합,숙명인재(면접형),50,2.34
2027,숙명여자대학교,아동복지학부,학생부종합,숙명인재(면접형),70,2.84
2027,숙명여자대학교,역사문화학과,학생부종합,숙명인재(면접형),50,2.4
2027,숙명여자대학교,역사문화학과,학생부종합,숙명인재(면접형),70,2.42
2027,숙명여자대학교,영어영문학전공,학생부종합,숙명인재(면접형),50,2.5
2027,숙명여자대학교,영어영문학전공,학생부종합,숙명인재(면접형),70,3.07
2027,숙명여자대학교,일본학과,학생부종합,숙명인재(면접형),50,3.66
2027,숙명여자대학교,일본학과,학생부종합,숙명인재(면접형),70,4
2027,숙명여자대학교,정치외교학과,학생부종합,숙명인재(면접형),50,2.19
2027,숙명여자대학교,정치외교학과,학생부종합,숙명인재(면접형),70,2.35
2027,숙명여자대학교,중어중문학부,학생부종합,숙명인재(면접형),50,3.79
2027,숙명여자대학교,중어중문학부,학생부종합,숙명인재(면접형),70,4.42
2027,숙명여자대학교,테슬(TESL)전공,학생부종합,숙명인재(면접형),50,3.97
2027,숙명여자대학교,테슬(TESL)전공,학생부종합,숙명인재(면접형),70,4.23
2027,숙명여자대학교,한국어문학부,학생부종합,숙명인재(면접형),50,2.42
2027,숙명여자대학교,한국어문학부,학생부종합,숙명인재(면접형),70,2.5
2027,숙명여자대학교,행정학과,학생부종합,숙명인재(면접형),50,2.21
2027,숙명여자대학교,행정학과,학생부종합,숙명인재(면접형),70,2.26
2027,숙명여자대학교,홍보광고학과,학생부종합,숙명인재(면접형),50,2.34
2027,숙명여자대학교,홍보광고학과,학생부종합,숙명인재(면접형),70,2.38
2027,숙명여자대학교,약학부,학생부종합,숙명인재(면접형),50,1.45
2027,숙명여자대학교,약학부,학생부종합,숙명인재(면접형),70,1.68
2027,숙명여자대학교,기계시스템학부,학생부종합,숙명인재(면접형),50,2.41
2027,숙명여자대학교,기계시스템학부,학생부종합,숙명인재(면접형),70,2.53
2027,숙명여자대학교,생명시스템학부,학생부종합,숙명인재(면접형),50,2.03
2027,숙명여자대학교,생명시스템학부,학생부종합,숙명인재(면접형),70,2.21
2027,숙명여자대학교,수학과,학생부종합,숙명인재(면접형),50,2.22
2027,숙명여자대학교,수학과,학생부종합,숙명인재(면접형),70,2.29
2027,숙명여자대학교,식품영양학과,학생부종합,숙명인재(면접형),50,1.94
2027,숙명여자대학교,식품영양학과,학생부종합,숙명인재(면접형),70,1.97
2027,숙명여자대학교,의류학과,학생부종합,숙명인재(면접형),50,2.2
2027,숙명여자대학교,의류학과,학생부종합,숙명인재(면접형),70,2.26
2027,숙명여자대학교,통계학과,학생부종합,숙명인재(면접형),50,2.51
2027,숙명여자대학교,통계학과,학생부종합,숙명인재(면접형),70,2.57
2027,숙명여자대학교,화공생명공학부,학생부종합,숙명인재(면접형),50,2.03
2027,숙명여자대학교,화공생명공학부,학생부종합,숙명인재(면접형),70,2.12
2027,숙명여자대학교,화학과,학생부종합,숙명인재(면접형),50,2.19
2027,숙명여자대학교,화학과,학생부종합,숙명인재(면접형),70,2.24
2027,숙명여자대학교,컴퓨터과학전공,학생부종합,숙명소프트웨어인재,50,2.4
2027,숙명여자대학교,컴퓨터과학전공,학생부종합,숙명소프트웨어인재,70,2.8
2027,숙명여자대학교,경영학부,학생부교과,지역균형선발,50,1.86
2027,숙명여자대학교,경영학부,학생부교과,지역균형선발,70,1.94
2027,숙명여자대학교,경제학부,학생부교과,지역균형선발,50,1.85
2027,숙명여자대학교,경제학부,학생부교과,지역균형선발,70,1.94
2027,숙명여자대학교,교육학부,학생부교과,지역균형선발,50,1.85
2027,숙명여자대학교,교육학부,학생부교과,지역균형선발,70,1.88
2027,숙명여자대학교,문화관광학전공,학생부교과,지역균형선발,50,2.03
2027,숙명여자대학교,문화관광학전공,학생부교과,지역균형선발,70,2.08
2027,숙명여자대학교,미디어학부,학생부교과,지역균형선발,50,1.66
2027,숙명여자대학교,미디어학부,학생부교과,지역균형선발,70,1.68
2027,숙명여자대학교,법학부,학생부교과,지역균형선발,50,1.86
2027,숙명여자대학교,법학부,학생부교과,지역균형선발,70,1.94
2027,숙명여자대학교,아동복지학부,학생부교과,지역균형선발,50,2.03
2027,숙명여자대학교,아동복지학부,학생부교과,지역균형선발,70,2.06
2027,숙명여자대학교,역사문화학과,학생부교과,지역균형선발,50,2.03
2027,숙명여자대학교,역사문화학과,학생부교과,지역균형선발,70,2.06
2027,숙명여자대학교,영어영문학전공,학생부교과,지역균형선발,50,1.89
2027,숙명여자대학교,영어영문학전공,학생부교과,지역균형선발,70,1.91
2027,숙명여자대학교,일본학과,학생부교과,지역균형선발,50,2
2027,숙명여자대학교,일본학과,학생부교과,지역균형선발,70,2.06
2027,숙명여자대학교,정치외교학과,학생부교과,지역균형선발,50,1.94
2027,숙명여자대학교,정치외교학과,학생부교과,지역균형선발,70,2.09
2027,숙명여자대학교,중어중문학부,학생부교과,지역균형선발,50,1.91
2027,숙명여자대학교,중어중문학부,학생부교과,지역균형선발,70,1.95
2027,숙명여자대학교,한국어문학부,학생부교과,지역균형선발,50,2.03
2027,숙명여자대학교,한국어문학부,학생부교과,지역균형선발,70,2.06
2027,숙명여자대학교,행정학과,학생부교과,지역균형선발,50,1.88
2027,숙명여자대학교,행정학과,학생부교과,지역균형선발,70,1.95
2027,숙명여자대학교,홍보광고학과,학생부교과,지역균형선발,50,1.8
2027,숙명여자대학교,홍보광고학과,학생부교과,지역균형선발,70,1.89
2027,숙명여자대학교,기계시스템학부,학생부교과,지역균형선발,50,1.83
2027,숙명여자대학교,기계시스템학부,학생부교과,지역균형선발,70,1.88
2027,숙명여자대학교,생명시스템학부,학생부교과,지역균형선발,50,1.58
2027,숙명여자대학교,생명시스템학부,학생부교과,지역균형선발,70,1.64
2027,숙명여자대학교,수학과,학생부교과,지역균형선발,50,1.83
2027,숙명여자대학교,수학과,학생부교과,지역균형선발,70,1.93
2027,숙명여자대학교,식품영양학과,학생부교과,지역균형선발,50,1.67
2027,숙명여자대학교,식품영양학과,학생부교과,지역균형선발,70,1.71
2027,숙명여자대학교,약학부,학생부교과,지역균형선발,50,1.08
2027,숙명여자대학교,약학부,학생부교과,지역균형선발,70,1.1
2027,숙명여자대학교,의류학과,학생부교과,지역균형선발,50,1.8
2027,숙명여자대학교,의류학과,학생부교과,지역균형선발,70,1.86
2027,숙명여자대학교,컴퓨터과학전공,학생부교과,지역균형선발,50,1.85
2027,숙명여자대학교,컴퓨터과학전공,학생부교과,지역균형선발,70,1.91
2027,숙명여자대학교,통계학과,학생부교과,지역균형선발,50,1.63
2027,숙명여자대학교,통계학과,학생부교과,지역균형선발,70,1.71
2027,숙명여자대학교,화공생명공학부,학생부교과,지역균형선발,50,1.67
2027,숙명여자대학교,화공생명공학부,학생부교과,지역균형선발,70,1.69
2027,숙명여자대학교,화학과,학생부교과,지역균형선발,50,1.62
2027,숙명여자대학교,화학과,학생부교과,지역균형선발,70,1.72
2027,숭실대학교,경영학부,학생부교과,교과우수자,50,2.07
2027,숭실대학교,경영학부,학생부교과,교과우수자,70,2.16
2027,숭실대학교,경제학과,학생부교과,교과우수자,50,2.12
2027,숭실대학교,경제학과,학생부교과,교과우수자,70,2.28
2027,숭실대학교,국어국문학과,학생부교과,교과우수자,50,2.3
2027,숭실대학교,국어국문학과,학생부교과,교과우수자,70,2.33
2027,숭실대학교,국제법무학과,학생부교과,교과우수자,50,2.15
2027,숭실대학교,국제법무학과,학생부교과,교과우수자,70,2.24
2027,숭실대학교,글로벌통상학과,학생부교과,교과우수자,50,2.19
2027,숭실대학교,글로벌통상학과,학생부교과,교과우수자,70,2.3
2027,숭실대학교,금융학부,학생부교과,교과우수자,50,2.29
2027,숭실대학교,금융학부,학생부교과,교과우수자,70,2.29
2027,숭실대학교,독어독문학과,학생부교과,교과우수자,50,2.3
2027,숭실대학교,독어독문학과,학생부교과,교과우수자,70,2.3
2027,숭실대학교,법학과,학생부교과,교과우수자,50,2.05
2027,숭실대학교,법학과,학생부교과,교과우수자,70,2.34
2027,숭실대학교,벤처중소기업학과,학생부교과,교과우수자,50,2.36
2027,숭실대학교,벤처중소기업학과,학생부교과,교과우수자,70,2.39
2027,숭실대학교,불어불문학과,학생부교과,교과우수자,50,2.39
2027,숭실대학교,불어불문학과,학생부교과,교과우수자,70,2.44
2027,숭실대학교,사학과,학생부교과,교과우수자,50,2.45
2027,숭실대학교,사학과,학생부교과,교과우수자,70,2.45
2027,숭실대학교,사회복지학부,학생부교과,교과우수자,50,2.28
2027,숭실대학교,사회복지학부,학생부교과,교과우수자,70,2.3
2027,숭실대학교,언론홍보학과,학생부교과,교과우수자,50,2.03
2027,숭실대학교,언론홍보학과,학생부교과,교과우수자,70,2.17
2027,숭실대학교,영어영문학과,학생부교과,교과우수자,50,2.2
2027,숭실대학교,영어영문학과,학생부교과,교과우수자,70,2.21
2027,숭실대학교,일어일문학과,학생부교과,교과우수자,50,2.34
2027,숭실대학교,일어일문학과,학생부교과,교과우수자,70,2.37
2027,숭실대학교,정보사회학과,학생부교과,교과우수자,50,2.28
2027,숭실대학교,정보사회학과,학생부교과,교과우수자,70,2.28
2027,숭실대학교,정치외교학과,학생부교과,교과우수자,50,2.22
2027,숭실대학교,정치외교학과,학생부교과,교과우수자,70,2.22
2027,숭실대학교,중어중문학과,학생부교과,교과우수자,50,2.22
2027,숭실대학교,중어중문학과,학생부교과,교과우수자,70,2.34
2027,숭실대학교,철학과,학생부교과,교과우수자,50,2.21
2027,숭실대학교,철학과,학생부교과,교과우수자,70,2.25
2027,숭실대학교,평생교육학과,학생부교과,교과우수자,50,2.32
2027,숭실대학교,평생교육학과,학생부교과,교과우수자,70,2.32
2027,숭실대학교,행정학부,학생부교과,교과우수자,50,2.12
2027,숭실대학교,행정학부,학생부교과,교과우수자,70,2.26
2027,숭실대학교,회계학과,학생부교과,교과우수자,50,2.05
2027,숭실대학교,회계학과,학생부교과,교과우수자,70,2.1
2027,숭실대학교,자유전공학부 인문,학생부교과,교과우수자,50,1.86
2027,숭실대학교,자유전공학부 인문,학생부교과,교과우수자,70,1.95
2027,숭실대학교,자유전공학부자연,학생부교과,교과우수자,50,1.91
2027,숭실대학교,자유전공학부자연,학생부교과,교과우수자,70,1.95
2027,숭실대학교,AI 소프트웨어학부,학생부교과,교과우수자,50,1.94
2027,숭실대학교,AI 소프트웨어학부,학생부교과,교과우수자,70,2.06
2027,숭실대학교,글로벌미디어학부,학생부교과,교과우수자,50,2.25
2027,숭실대학교,글로벌미디어학부,학생부교과,교과우수자,70,2.32
2027,숭실대학교,기계공학부,학생부교과,교과우수자,50,2.16
2027,숭실대학교,기계공학부,학생부교과,교과우수자,70,2.19
2027,숭실대학교,물리학과,학생부교과,교과우수자,50,1.92
2027,숭실대학교,물리학과,학생부교과,교과우수자,70,2.07
2027,숭실대학교,산업·정보시스템공학과,학생부교과,교과우수자,50,2.11
2027,숭실대학교,산업·정보시스템공학과,학생부교과,교과우수자,70,2.2
2027,숭실대학교,수학과,학생부교과,교과우수자,50,2.12
2027,숭실대학교,수학과,학생부교과,교과우수자,70,2.23
2027,숭실대학교,신소재공학과,학생부교과,교과우수자,50,2.05
2027,숭실대학교,신소재공학과,학생부교과,교과우수자,70,2.11
2027,숭실대학교,의생명시스템학부,학생부교과,교과우수자,50,1.8
2027,숭실대학교,의생명시스템학부,학생부교과,교과우수자,70,1.81
2027,숭실대학교,전기공학부,학생부교과,교과우수자,50,2.13
2027,숭실대학교,전기공학부,학생부교과,교과우수자,70,2.16
2027,숭실대학교,컴퓨터학부,학생부교과,교과우수자,50,1.98
2027,숭실대학교,컴퓨터학부,학생부교과,교과우수자,70,2.05
2027,숭실대학교,화학공학과,학생부교과,교과우수자,50,1.95
2027,숭실대학교,화학공학과,학생부교과,교과우수자,70,2
2027,숭실대학교,화학과,학생부교과,교과우수자,50,1.95
2027,숭실대학교,화학과,학생부교과,교과우수자,70,1.97
2027,숭실대학교,국어국문학과,학생부종합,SSU미래인재,50,2.57
2027,숭실대학교,국어국문학과,학생부종합,SSU미래인재,70,2.63
2027,숭실대학교,국제법무학과,학생부종합,SSU미래인재,50,2.9
2027,숭실대학교,국제법무학과,학생부종합,SSU미래인재,70,2.94
2027,숭실대학교,기독교학과,학생부종합,SSU미래인재,50,4.13
2027,숭실대학교,기독교학과,학생부종합,SSU미래인재,70,4.27
2027,숭실대학교,독어독문학과,학생부종합,SSU미래인재,50,3.8
2027,숭실대학교,독어독문학과,학생부종합,SSU미래인재,70,4.33
2027,숭실대학교,불어불문학과,학생부종합,SSU미래인재,50,3.37
2027,숭실대학교,불어불문학과,학생부종합,SSU미래인재,70,4.69
2027,숭실대학교,사학과,학생부종합,SSU미래인재,50,2.55
2027,숭실대학교,사학과,학생부종합,SSU미래인재,70,2.67
2027,숭실대학교,사회복지학부,학생부종합,SSU미래인재,50,3.07
2027,숭실대학교,사회복지학부,학생부종합,SSU미래인재,70,3.24
2027,숭실대학교,영어영문학과,학생부종합,SSU미래인재,50,3.09
2027,숭실대학교,영어영문학과,학생부종합,SSU미래인재,70,3.35
2027,숭실대학교,일어일문학과,학생부종합,SSU미래인재,50,4.53
2027,숭실대학교,일어일문학과,학생부종합,SSU미래인재,70,4.81
2027,숭실대학교,중어중문학과,학생부종합,SSU미래인재,50,3.44
2027,숭실대학교,중어중문학과,학생부종합,SSU미래인재,70,3.48
2027,숭실대학교,철학과,학생부종합,SSU미래인재,50,3.13
2027,숭실대학교,철학과,학생부종합,SSU미래인재,70,3.18
2027,숭실대학교,기계공학부,학생부종합,SSU미래인재,50,2.77
2027,숭실대학교,기계공학부,학생부종합,SSU미래인재,70,2.98
2027,숭실대학교,정보보호학과,학생부종합,SSU미래인재,50,2.51
2027,숭실대학교,정보보호학과,학생부종합,SSU미래인재,70,2.55
2027,국민대학교,경영학전공,학생부교과,교과성적우수자,50,2.13
2027,국민대학교,경영학전공,학생부교과,교과성적우수자,70,2.11
2027,국민대학교,경제학과,학생부교과,교과성적우수자,50,2.06
2027,국민대학교,경제학과,학생부교과,교과성적우수자,70,2.09
2027,국민대학교,광고홍보학전공,학생부교과,교과성적우수자,50,1.92
2027,국민대학교,광고홍보학전공,학생부교과,교과성적우수자,70,2.05
2027,국민대학교,교육학과,학생부교과,교과성적우수자,50,2.24
2027,국민대학교,교육학과,학생부교과,교과성적우수자,70,2.42
2027,국민대학교,국어국문학전공,학생부교과,교과성적우수자,50,2.16
2027,국민대학교,국어국문학전공,학생부교과,교과성적우수자,70,2.16
2027,국민대학교,미디어전공,학생부교과,교과성적우수자,50,2.11
2027,국민대학교,미디어전공,학생부교과,교과성적우수자,70,2.11
2027,국민대학교,법학부,학생부교과,교과성적우수자,50,2
2027,국민대학교,법학부,학생부교과,교과성적우수자,70,2.12
2027,국민대학교,사회학과,학생부교과,교과성적우수자,50,2.13
2027,국민대학교,사회학과,학생부교과,교과성적우수자,70,2.23
2027,국민대학교,영어영문학부,학생부교과,교과성적우수자,50,2.44
2027,국민대학교,영어영문학부,학생부교과,교과성적우수자,70,2.39
2027,국민대학교,정치외교학과,학생부교과,교과성적우수자,50,1.95
2027,국민대학교,정치외교학과,학생부교과,교과성적우수자,70,2.14
2027,국민대학교,동아시아국제학부,학생부교과,교과성적우수자,50,2.24
2027,국민대학교,동아시아국제학부,학생부교과,교과성적우수자,70,2.24
2027,국민대학교,한국역사학과,학생부교과,교과성적우수자,50,2.43
2027,국민대학교,한국역사학과,학생부교과,교과성적우수자,70,2.24
2027,국민대학교,행정학과,학생부교과,교과성적우수자,50,2.07
2027,국민대학교,행정학과,학생부교과,교과성적우수자,70,2.1
2027,국민대학교,건축학부,학생부교과,교과성적우수자,50,2.09
2027,국민대학교,건축학부,학생부교과,교과성적우수자,70,2.01
2027,국민대학교,기계공학부,학생부교과,교과성적우수자,50,2.09
2027,국민대학교,기계공학부,학생부교과,교과성적우수자,70,2.15
2027,국민대학교,미래모빌리티학과,학생부교과,교과성적우수자,50,2.13
2027,국민대학교,미래모빌리티학과,학생부교과,교과성적우수자,70,2.09
2027,국민대학교,소프트웨어학부,학생부교과,교과성적우수자,50,2.07
2027,국민대학교,소프트웨어학부,학생부교과,교과성적우수자,70,2.16
2027,국민대학교,인공지능학부,학생부교과,교과성적우수자,50,1.94
2027,국민대학교,인공지능학부,학생부교과,교과성적우수자,70,2.12
2027,국민대학교,자동차모빌리티대학,학생부교과,교과성적우수자,50,2
2027,국민대학교,자동차모빌리티대학,학생부교과,교과성적우수자,70,2.47
2027,국민대학교,전자화학재료전공,학생부교과,교과성적우수자,50,2.05
2027,국민대학교,전자화학재료전공,학생부교과,교과성적우수자,70,2.43
2027,국민대학교,정보보안암호수학과,학생부교과,교과성적우수자,50,2.08
2027,국민대학교,정보보안암호수학과,학생부교과,교과성적우수자,70,2.17
2027,국민대학교,경영학전공,학생부종합,국민프런티어,50,2.64
2027,국민대학교,경영학전공,학생부종합,국민프런티어,70,2.74
2027,국민대학교,경제학과,학생부종합,국민프런티어,50,2.64
2027,국민대학교,경제학과,학생부종합,국민프런티어,70,2.72
2027,국민대학교,광고홍보학전공,학생부종합,국민프런티어,50,2.51
2027,국민대학교,광고홍보학전공,학생부종합,국민프런티어,70,2.65
2027,국민대학교,교육학과,학생부종합,국민프런티어,50,2.55
2027,국민대학교,교육학과,학생부종합,국민프런티어,70,2.84
2027,국민대학교,국어국문학전공,학생부종합,국민프런티어,50,2.92
2027,국민대학교,국어국문학전공,학생부종합,국민프런티어,70,3.07
2027,국민대학교,글로벌경영전공,학생부종합,국민프런티어,50,5.02
2027,국민대학교,글로벌경영전공,학생부종합,국민프런티어,70,5.14
2027,국민대학교,미디어전공,학생부종합,국민프런티어,50,2.53
2027,국민대학교,미디어전공,학생부종합,국민프런티어,70,2.58
2027,국민대학교,법학부,학생부종합,국민프런티어,50,2.58
2027,국민대학교,법학부,학생부종합,국민프런티어,70,4.66
2027,국민대학교,사회학과,학생부종합,국민프런티어,50,2.64
2027,국민대학교,사회학과,학생부종합,국민프런티어,70,2.69
2027,국민대학교,영어영문학부,학생부종합,국민프런티어,50,3.07
2027,국민대학교,영어영문학부,학생부종합,국민프런티어,70,4.41
2027,국민대학교,정치외교학과,학생부종합,국민프런티어,50,2.55
2027,국민대학교,정치외교학과,학생부종합,국민프런티어,70,2.64
2027,국민대학교,동아시아국제학부,학생부종합,국민프런티어,50,2.86
2027,국민대학교,동아시아국제학부,학생부종합,국민프런티어,70,4.21
2027,국민대학교,한국역사학과,학생부종합,국민프런티어,50,2.74
2027,국민대학교,한국역사학과,학생부종합,국민프런티어,70,2.83
2027,국민대학교,행정학과,학생부종합,국민프런티어,50,2.68
2027,국민대학교,행정학과,학생부종합,국민프런티어,70,2.71
2027,국민대학교,건설시스템공학부,학생부종합,국민프런티어,50,3.05
2027,국민대학교,건설시스템공학부,학생부종합,국민프런티어,70,3.26
2027,국민대학교,건축학부,학생부종합,국민프런티어,50,2.59
2027,국민대학교,건축학부,학생부종합,국민프런티어,70,2.77
2027,국민대학교,경영정보학부[자연],학생부종합,국민프런티어,50,2.63
2027,국민대학교,경영정보학부[자연],학생부종합,국민프런티어,70,2.69
2027,국민대학교,기계공학부,학생부종합,국민프런티어,50,2.92
2027,국민대학교,기계공학부,학생부종합,국민프런티어,70,2.99
2027,국민대학교,미래모빌리티학과,학생부종합,국민프런티어,50,3
2027,국민대학교,미래모빌리티학과,학생부종합,국민프런티어,70,3.05
2027,국민대학교,소프트웨어학부,학생부종합,국민프런티어,50,2.44
2027,국민대학교,소프트웨어학부,학생부종합,국민프런티어,70,2.55
2027,국민대학교,식품영양학과,학생부종합,국민프런티어,50,2.67
2027,국민대학교,식품영양학과,학생부종합,국민프런티어,70,2.82
2027,국민대학교,인공지능학부,학생부종합,국민프런티어,50,2.86
2027,국민대학교,인공지능학부,학생부종합,국민프런티어,70,2.92
2027,국민대학교,자동차모빌리티대학,학생부종합,국민프런티어,50,2.48
2027,국민대학교,자동차모빌리티대학,학생부종합,국민프런티어,70,2.5
2027,국민대학교,전자화학재료전공,학생부종합,국민프런티어,50,2.55
2027,국민대학교,전자화학재료전공,학생부종합,국민프런티어,70,2.75
2027,국민대학교,정보보안암호수학과,학생부종합,국민프런티어,50,2.78
2027,국민대학교,정보보안암호수학과,학생부종합,국민프런티어,70,2.89
2027,서울과학기술대학교,영어영문학과,학생부교과,고교추천,50,2.31
2027,서울과학기술대학교,영어영문학과,학생부교과,고교추천,70,2.33
2027,서울과학기술대학교,행정학과,학생부교과,고교추천,50,2.29
2027,서울과학기술대학교,행정학과,학생부교과,고교추천,70,2.33
2027,서울과학기술대학교,MSDE학과,학생부교과,고교추천,50,1.62
2027,서울과학기술대학교,MSDE학과,학생부교과,고교추천,70,1.65
2027,서울과학기술대학교,건설시스템공학과,학생부교과,고교추천,50,2.17
2027,서울과학기술대학교,건설시스템공학과,학생부교과,고교추천,70,2.23
2027,서울과학기술대학교,기계공학과,학생부교과,고교추천,50,1.95
2027,서울과학기술대학교,기계공학과,학생부교과,고교추천,70,2
2027,서울과학기술대학교,바이오메디컬학과,학생부교과,고교추천,50,1.67
2027,서울과학기술대학교,바이오메디컬학과,학생부교과,고교추천,70,1.67
2027,서울과학기술대학교,식품생명공학과,학생부교과,고교추천,50,1.85
2027,서울과학기술대학교,식품생명공학과,학생부교과,고교추천,70,1.88
2027,서울과학기술대학교,신소재공학과,학생부교과,고교추천,50,1.78
2027,서울과학기술대학교,신소재공학과,학생부교과,고교추천,70,1.83
2027,서울과학기술대학교,안경광학과,학생부교과,고교추천,50,2.21
2027,서울과학기술대학교,안경광학과,학생부교과,고교추천,70,2.22
2027,서울과학기술대학교,안전공학과,학생부교과,고교추천,50,2.13
2027,서울과학기술대학교,안전공학과,학생부교과,고교추천,70,2.23
2027,서울과학기술대학교,인공지능응용학과,학생부교과,고교추천,50,2
2027,서울과학기술대학교,인공지능응용학과,학생부교과,고교추천,70,2.05
2027,서울과학기술대학교,전기정보공학과,학생부교과,고교추천,50,1.96
2027,서울과학기술대학교,전기정보공학과,학생부교과,고교추천,70,2
2027,서울과학기술대학교,전자공학과,학생부교과,고교추천,50,1.78
2027,서울과학기술대학교,전자공학과,학생부교과,고교추천,70,1.82
2027,서울과학기술대학교,정밀화학과,학생부교과,고교추천,50,1.89
2027,서울과학기술대학교,정밀화학과,학생부교과,고교추천,70,1.9
2027,서울과학기술대학교,컴퓨터공학과,학생부교과,고교추천,50,2
2027,서울과학기술대학교,컴퓨터공학과,학생부교과,고교추천,70,2.13
2027,서울과학기술대학교,화공생명공학과,학생부교과,고교추천,50,1.86
2027,서울과학기술대학교,화공생명공학과,학생부교과,고교추천,70,2.25
2027,서울과학기술대학교,환경공학과,학생부교과,고교추천,50,1.96
2027,서울과학기술대학교,환경공학과,학생부교과,고교추천,70,2
2027,서울과학기술대학교,자유전공학부(창의융합대학),학생부교과,고교추천,50,1.95
2027,서울과학기술대학교,자유전공학부(창의융합대학),학생부교과,고교추천,70,2
2027,서울과학기술대학교,문예창작학과,학생부종합,학교생활우수자,50,3.37
2027,서울과학기술대학교,문예창작학과,학생부종합,학교생활우수자,70,3.52
2027,서울과학기술대학교,영어영문학과,학생부종합,학교생활우수자,50,3.7
2027,서울과학기술대학교,영어영문학과,학생부종합,학교생활우수자,70,4.23
2027,서울과학기술대학교,행정학과,학생부종합,학교생활우수자,50,2.95
2027,서울과학기술대학교,행정학과,학생부종합,학교생활우수자,70,3.51
2027,서울과학기술대학교,MSDE학과,학생부종합,학교생활우수자,50,2.24
2027,서울과학기술대학교,MSDE학과,학생부종합,학교생활우수자,70,2.43
2027,서울과학기술대학교,건설시스템공학과,학생부종합,학교생활우수자,50,3.11
2027,서울과학기술대학교,건설시스템공학과,학생부종합,학교생활우수자,70,3.33
2027,서울과학기술대학교,기계공학과,학생부종합,학교생활우수자,50,2.87
2027,서울과학기술대학교,기계공학과,학생부종합,학교생활우수자,70,3.06
2027,서울과학기술대학교,식품생명공학과,학생부종합,학교생활우수자,50,2.35
2027,서울과학기술대학교,식품생명공학과,학생부종합,학교생활우수자,70,2.45
2027,서울과학기술대학교,신소재공학과,학생부종합,학교생활우수자,50,2.72
2027,서울과학기술대학교,신소재공학과,학생부종합,학교생활우수자,70,2.89
2027,서울과학기술대학교,안경광학과,학생부종합,학교생활우수자,50,2.79
2027,서울과학기술대학교,안경광학과,학생부종합,학교생활우수자,70,3.07
2027,서울과학기술대학교,안전공학과,학생부종합,학교생활우수자,50,3.01
2027,서울과학기술대학교,안전공학과,학생부종합,학교생활우수자,70,3.21
2027,서울과학기술대학교,전기정보공학과,학생부종합,학교생활우수자,50,2.59
2027,서울과학기술대학교,전기정보공학과,학생부종합,학교생활우수자,70,4.07
2027,서울과학기술대학교,전자공학과,학생부종합,학교생활우수자,50,2.24
2027,서울과학기술대학교,전자공학과,학생부종합,학교생활우수자,70,2.32
2027,서울과학기술대학교,정밀화학과,학생부종합,학교생활우수자,50,2.23
2027,서울과학기술대학교,정밀화학과,학생부종합,학교생활우수자,70,2.31
2027,서울과학기술대학교,컴퓨터공학과,학생부종합,학교생활우수자,50,2.56
2027,서울과학기술대학교,컴퓨터공학과,학생부종합,학교생활우수자,70,2.75
2027,서울과학기술대학교,화공생명공학과,학생부종합,학교생활우수자,50,2.65
2027,서울과학기술대학교,화공생명공학과,학생부종합,학교생활우수자,70,4.4
2027,서울과학기술대학교,환경공학과,학생부종합,학교생활우수자,50,2.41
2027,서울과학기술대학교,환경공학과,학생부종합,학교생활우수자,70,2.51
2027,세종대학교,경영학부,학생부교과,지역균형,50,2.12
2027,세종대학교,경영학부,학생부교과,지역균형,70,2.14
2027,세종대학교,경제학과,학생부교과,지역균형,50,2.1
2027,세종대학교,경제학과,학생부교과,지역균형,70,2.1
2027,세종대학교,자유전공학부,학생부교과,지역균형,50,2.13
2027,세종대학교,자유전공학부,학생부교과,지역균형,70,2.17
2027,세종대학교,교육학과,학생부교과,지역균형,50,2.14
2027,세종대학교,교육학과,학생부교과,지역균형,70,2.14
2027,세종대학교,국어국문학과,학생부교과,지역균형,50,2.24
2027,세종대학교,국어국문학과,학생부교과,지역균형,70,2.24
2027,세종대학교,국제학부,학생부교과,지역균형,50,2.1
2027,세종대학교,국제학부,학생부교과,지역균형,70,2.19
2027,세종대학교,법학과,학생부교과,지역균형,50,2.25
2027,세종대학교,법학과,학생부교과,지역균형,70,2.25
2027,세종대학교,행정학과,학생부교과,지역균형,50,2.27
2027,세종대학교,행정학과,학생부교과,지역균형,70,2.27
2027,세종대학교,AI로봇학과,학생부교과,지역균형,50,2.12
2027,세종대학교,AI로봇학과,학생부교과,지역균형,70,2.2
2027,세종대학교,건설환경공학과,학생부교과,지역균형,50,2.22
2027,세종대학교,건설환경공학과,학생부교과,지역균형,70,2.22
2027,세종대학교,건축공학과,학생부교과,지역균형,50,2.18
2027,세종대학교,건축공학과,학생부교과,지역균형,70,2.3
2027,세종대학교,건축학과,학생부교과,지역균형,50,1.91
2027,세종대학교,건축학과,학생부교과,지역균형,70,1.91
2027,세종대학교,나노신소재공학과,학생부교과,지역균형,50,1.95
2027,세종대학교,나노신소재공학과,학생부교과,지역균형,70,1.97
2027,세종대학교,물리천문학과,학생부교과,지역균형,50,1.78
2027,세종대학교,물리천문학과,학생부교과,지역균형,70,1.78
2027,세종대학교,반도체시스템공학과,학생부교과,지역균형,50,2.09
2027,세종대학교,반도체시스템공학과,학생부교과,지역균형,70,2.11
2027,세종대학교,생명시스템학부,학생부교과,지역균형,50,1.92
2027,세종대학교,생명시스템학부,학생부교과,지역균형,70,1.95
2027,세종대학교,콘텐츠소프트웨어학과,학생부교과,지역균형,50,2.58
2027,세종대학교,콘텐츠소프트웨어학과,학생부교과,지역균형,70,2.61
2027,세종대학교,수학통계학과,학생부교과,지역균형,50,1.98
2027,세종대학교,수학통계학과,학생부교과,지역균형,70,1.98
2027,세종대학교,인공지능데이터사이언스학과,학생부교과,지역균형,50,2.44
2027,세종대학교,인공지능데이터사이언스학과,학생부교과,지역균형,70,2.54
2027,세종대학교,정보보호학과,학생부교과,지역균형,50,2.15
2027,세종대학교,정보보호학과,학생부교과,지역균형,70,2.21
2027,세종대학교,에너지자원공학과,학생부교과,지역균형,50,2.18
2027,세종대학교,에너지자원공학과,학생부교과,지역균형,70,2.22
2027,세종대학교,컴퓨터공학과,학생부교과,지역균형,50,2
2027,세종대학교,컴퓨터공학과,학생부교과,지역균형,70,2.13
2027,세종대학교,화학과,학생부교과,지역균형,50,2.13
2027,세종대학교,화학과,학생부교과,지역균형,70,2.13
2027,세종대학교,경영학부,학생부종합,세종인재(면접형),50,2.42
2027,세종대학교,경영학부,학생부종합,세종인재(면접형),70,2.48
2027,세종대학교,경제학과,학생부종합,세종인재(면접형),50,2.58
2027,세종대학교,경제학과,학생부종합,세종인재(면접형),70,2.58
2027,세종대학교,교육학과,학생부종합,세종인재(면접형),50,2.64
2027,세종대학교,교육학과,학생부종합,세종인재(면접형),70,2.64
2027,세종대학교,국어국문학과,학생부종합,세종인재(면접형),50,2.39
2027,세종대학교,국어국문학과,학생부종합,세종인재(면접형),70,2.72
2027,세종대학교,국제학부,학생부종합,세종인재(면접형),50,2.85
2027,세종대학교,국제학부,학생부종합,세종인재(면접형),70,4.15
2027,세종대학교,법학과,학생부종합,세종인재(면접형),50,2.54
2027,세종대학교,법학과,학생부종합,세종인재(면접형),70,2.99
2027,세종대학교,역사학과,학생부종합,세종인재(면접형),50,2.6
2027,세종대학교,역사학과,학생부종합,세종인재(면접형),70,2.88
2027,세종대학교,행정학과,학생부종합,세종인재(면접형),50,2.06
2027,세종대학교,행정학과,학생부종합,세종인재(면접형),70,2.3
2027,세종대학교,AI로봇학과,학생부종합,세종인재(면접형),50,2.86
2027,세종대학교,AI로봇학과,학생부종합,세종인재(면접형),70,3.13
2027,세종대학교,건설환경공학과,학생부종합,세종인재(면접형),50,2.57
2027,세종대학교,건설환경공학과,학생부종합,세종인재(면접형),70,2.57
2027,세종대학교,건축공학과,학생부종합,세종인재(면접형),50,2.8
2027,세종대학교,건축공학과,학생부종합,세종인재(면접형),70,2.8
2027,세종대학교,건축학과,학생부종합,세종인재(면접형),50,2.56
2027,세종대학교,건축학과,학생부종합,세종인재(면접형),70,2.56
2027,세종대학교,기계공학과,학생부종합,세종인재(면접형),50,2.56
2027,세종대학교,기계공학과,학생부종합,세종인재(면접형),70,2.64
2027,세종대학교,나노신소재공학과,학생부종합,세종인재(면접형),50,2.57
2027,세종대학교,나노신소재공학과,학생부종합,세종인재(면접형),70,2.58
2027,세종대학교,물리천문학과,학생부종합,세종인재(면접형),50,2.76
2027,세종대학교,물리천문학과,학생부종합,세종인재(면접형),70,2.81
2027,세종대학교,생명시스템학부,학생부종합,세종인재(면접형),50,2.33
2027,세종대학교,생명시스템학부,학생부종합,세종인재(면접형),70,2.38
2027,세종대학교,콘텐츠소프트웨어학과,학생부종합,세종인재(면접형),50,2.73
2027,세종대학교,콘텐츠소프트웨어학과,학생부종합,세종인재(면접형),70,2.91
2027,세종대학교,수학통계학과,학생부종합,세종인재(면접형),50,2.35
2027,세종대학교,수학통계학과,학생부종합,세종인재(면접형),70,2.35
2027,세종대학교,양자원자력공학과,학생부종합,세종인재(면접형),50,2.6
2027,세종대학교,양자원자력공학과,학생부종합,세종인재(면접형),70,2.6
2027,세종대학교,정보보호학과,학생부종합,세종인재(면접형),50,2.64
2027,세종대학교,정보보호학과,학생부종합,세종인재(면접형),70,2.64
2027,세종대학교,에너지자원공학과,학생부종합,세종인재(면접형),50,2.71
2027,세종대학교,에너지자원공학과,학생부종합,세종인재(면접형),70,2.71
2027,세종대학교,컴퓨터공학과,학생부종합,세종인재(면접형),50,2.63
2027,세종대학교,컴퓨터공학과,학생부종합,세종인재(면접형),70,2.73
2027,세종대학교,화학과,학생부종합,세종인재(면접형),50,2.5
2027,세종대학교,화학과,학생부종합,세종인재(면접형),70,2.5
2027,세종대학교,경영학부,학생부종합,세종인재(서류형),50,2.42
2027,세종대학교,경영학부,학생부종합,세종인재(서류형),70,2.48
2027,세종대학교,경제학과,학생부종합,세종인재(서류형),50,2.58
2027,세종대학교,경제학과,학생부종합,세종인재(서류형),70,2.58
2027,세종대학교,교육학과,학생부종합,세종인재(서류형),50,2.64
2027,세종대학교,교육학과,학생부종합,세종인재(서류형),70,2.64
2027,세종대학교,국어국문학과,학생부종합,세종인재(서류형),50,2.39
2027,세종대학교,국어국문학과,학생부종합,세종인재(서류형),70,2.72
2027,세종대학교,국제학부,학생부종합,세종인재(서류형),50,2.85
2027,세종대학교,국제학부,학생부종합,세종인재(서류형),70,4.15
2027,세종대학교,법학과,학생부종합,세종인재(서류형),50,2.54
2027,세종대학교,법학과,학생부종합,세종인재(서류형),70,2.99
2027,세종대학교,역사학과,학생부종합,세종인재(서류형),50,2.6
2027,세종대학교,역사학과,학생부종합,세종인재(서류형),70,2.88
2027,세종대학교,행정학과,학생부종합,세종인재(서류형),50,2.06
2027,세종대학교,행정학과,학생부종합,세종인재(서류형),70,2.3
2027,세종대학교,AI로봇학과,학생부종합,세종인재(서류형),50,2.62
2027,세종대학교,AI로봇학과,학생부종합,세종인재(서류형),70,2.66
2027,세종대학교,건설환경공학과,학생부종합,세종인재(서류형),50,2.57
2027,세종대학교,건설환경공학과,학생부종합,세종인재(서류형),70,2.57
2027,세종대학교,건축공학과,학생부종합,세종인재(서류형),50,2.8
2027,세종대학교,건축공학과,학생부종합,세종인재(서류형),70,2.8
2027,세종대학교,건축학과,학생부종합,세종인재(서류형),50,2.56
2027,세종대학교,건축학과,학생부종합,세종인재(서류형),70,2.56
2027,세종대학교,기계공학과,학생부종합,세종인재(서류형),50,2.56
2027,세종대학교,기계공학과,학생부종합,세종인재(서류형),70,2.64
2027,세종대학교,나노신소재공학과,학생부종합,세종인재(서류형),50,2.57
2027,세종대학교,나노신소재공학과,학생부종합,세종인재(서류형),70,2.58
2027,세종대학교,물리천문학과,학생부종합,세종인재(서류형),50,2.76
2027,세종대학교,물리천문학과,학생부종합,세종인재(서류형),70,2.81
2027,세종대학교,반도체시스템공학과,학생부종합,세종인재(서류형),50,2.49
2027,세종대학교,반도체시스템공학과,학생부종합,세종인재(서류형),70,2.56
2027,세종대학교,생명시스템학부,학생부종합,세종인재(서류형),50,2.33
2027,세종대학교,생명시스템학부,학생부종합,세종인재(서류형),70,2.38
2027,세종대학교,콘텐츠소프트웨어학과,학생부종합,세종인재(서류형),50,2.69
2027,세종대학교,콘텐츠소프트웨어학과,학생부종합,세종인재(서류형),70,2.78
2027,세종대학교,수학통계학과,학생부종합,세종인재(서류형),50,2.35
2027,세종대학교,수학통계학과,학생부종합,세종인재(서류형),70,2.35
2027,세종대학교,양자원자력공학과,학생부종합,세종인재(서류형),50,2.6
2027,세종대학교,양자원자력공학과,학생부종합,세종인재(서류형),70,2.6
2027,세종대학교,정보보호학과,학생부종합,세종인재(서류형),50,2.64
2027,세종대학교,정보보호학과,학생부종합,세종인재(서류형),70,2.64
2027,세종대학교,에너지자원공학과,학생부종합,세종인재(서류형),50,2.71
2027,세종대학교,에너지자원공학과,학생부종합,세종인재(서류형),70,2.71
2027,세종대학교,컴퓨터공학과,학생부종합,세종인재(서류형),50,2.63
2027,세종대학교,컴퓨터공학과,학생부종합,세종인재(서류형),70,2.73
2027,세종대학교,화학과,학생부종합,세종인재(서류형),50,2.5
2027,세종대학교,화학과,학생부종합,세종인재(서류형),70,2.5
2027,아주대학교,경영학과,학생부교과,고교추천,50,2.35
2027,아주대학교,경영학과,학생부교과,고교추천,70,2.38
2027,아주대학교,경제정치사회융합학부,학생부교과,고교추천,50,2.26
2027,아주대학교,경제정치사회융합학부,학생부교과,고교추천,70,2.59
2027,아주대학교,국어국문학과,학생부교과,고교추천,50,2.54
2027,아주대학교,국어국문학과,학생부교과,고교추천,70,2.7
2027,아주대학교,금융공학과,학생부교과,고교추천,50,2.27
2027,아주대학교,금융공학과,학생부교과,고교추천,70,2.37
2027,아주대학교,불어불문학과,학생부교과,고교추천,50,2.48
2027,아주대학교,불어불문학과,학생부교과,고교추천,70,2.48
2027,아주대학교,사학과,학생부교과,고교추천,50,2.88
2027,아주대학교,사학과,학생부교과,고교추천,70,3
2027,아주대학교,심리학과,학생부교과,고교추천,50,1.75
2027,아주대학교,심리학과,학생부교과,고교추천,70,1.92
2027,아주대학교,영어영문학과,학생부교과,고교추천,50,2.45
2027,아주대학교,영어영문학과,학생부교과,고교추천,70,2.53
2027,아주대학교,행정학과,학생부교과,고교추천,50,2.44
2027,아주대학교,행정학과,학생부교과,고교추천,70,2.59
2027,아주대학교,자유전공학부 인문,학생부교과,고교추천,50,2.1
2027,아주대학교,자유전공학부 인문,학생부교과,고교추천,70,2.3
2027,아주대학교,미래모빌리티공학과,학생부교과,고교추천,50,2.1
2027,아주대학교,미래모빌리티공학과,학생부교과,고교추천,70,2.2
2027,아주대학교,간호학과,학생부교과,고교추천,50,1.69
2027,아주대학교,간호학과,학생부교과,고교추천,70,1.75
2027,아주대학교,건설시스템공학과,학생부교과,고교추천,50,2.16
2027,아주대학교,건설시스템공학과,학생부교과,고교추천,70,2.38
2027,아주대학교,건축학과,학생부교과,고교추천,50,2.26
2027,아주대학교,건축학과,학생부교과,고교추천,70,2.48
2027,아주대학교,교통시스템공학과,학생부교과,고교추천,50,2.23
2027,아주대학교,교통시스템공학과,학생부교과,고교추천,70,2.36
2027,아주대학교,기계공학과,학생부교과,고교추천,50,1.95
2027,아주대학교,기계공학과,학생부교과,고교추천,70,2.06
2027,아주대학교,디지털미디어학과,학생부교과,고교추천,50,2.34
2027,아주대학교,디지털미디어학과,학생부교과,고교추천,70,2.32
2027,아주대학교,사이버보안학과,학생부교과,고교추천,50,2.09
2027,아주대학교,사이버보안학과,학생부교과,고교추천,70,2.22
2027,아주대학교,산업공학과,학생부교과,고교추천,50,2.11
2027,아주대학교,산업공학과,학생부교과,고교추천,70,2.22
2027,아주대학교,프런티어과학학부,학생부교과,고교추천,50,2.12
2027,아주대학교,프런티어과학학부,학생부교과,고교추천,70,2.06
2027,아주대학교,소프트웨어학과,학생부교과,고교추천,50,2.23
2027,아주대학교,소프트웨어학과,학생부교과,고교추천,70,2.5
2027,아주대학교,수학과,학생부교과,고교추천,50,2.02
2027,아주대학교,수학과,학생부교과,고교추천,70,2.25
2027,아주대학교,응용화학과,학생부교과,고교추천,50,2.16
2027,아주대학교,응용화학과,학생부교과,고교추천,70,2.11
2027,아주대학교,전자공학과,학생부교과,고교추천,50,1.86
2027,아주대학교,전자공학과,학생부교과,고교추천,70,1.88
2027,아주대학교,지능형반도체공학과,학생부교과,고교추천,50,1.81
2027,아주대학교,지능형반도체공학과,학생부교과,고교추천,70,1.92
2027,아주대학교,첨단신소재공학과,학생부교과,고교추천,50,2.07
2027,아주대학교,첨단신소재공학과,학생부교과,고교추천,70,2.05
2027,아주대학교,화학공학과,학생부교과,고교추천,50,1.83
2027,아주대학교,화학공학과,학생부교과,고교추천,70,1.96
2027,아주대학교,첨단바이오융합대학,학생부교과,고교추천,50,1.81
2027,아주대학교,첨단바이오융합대학,학생부교과,고교추천,70,1.98
2027,아주대학교,환경안전공학과,학생부교과,고교추천,50,2.04
2027,아주대학교,환경안전공학과,학생부교과,고교추천,70,2.14
2027,아주대학교,자유전공학부 자연,학생부교과,고교추천,50,2
2027,아주대학교,자유전공학부 자연,학생부교과,고교추천,70,1.93
2027,아주대학교,경영학과,학생부종합,ACE,50,3.79
2027,아주대학교,경영학과,학생부종합,ACE,70,4.64
2027,아주대학교,경제정치사회융합학부,학생부종합,ACE,50,2.84
2027,아주대학교,경제정치사회융합학부,학생부종합,ACE,70,3.14
2027,아주대학교,국어국문학과,학생부종합,ACE,50,2.65
2027,아주대학교,국어국문학과,학생부종합,ACE,70,2.96
2027,아주대학교,문화콘텐츠학과,학생부종합,ACE,50,2.4
2027,아주대학교,문화콘텐츠학과,학생부종합,ACE,70,2.57
2027,아주대학교,불어불문학과,학생부종합,ACE,50,4.1
2027,아주대학교,불어불문학과,학생부종합,ACE,70,4.62
2027,아주대학교,사학과,학생부종합,ACE,50,2.94
2027,아주대학교,사학과,학생부종합,ACE,70,2.98
2027,아주대학교,심리학과,학생부종합,ACE,50,2.2
2027,아주대학교,심리학과,학생부종합,ACE,70,2.47
2027,아주대학교,영어영문학과,학생부종합,ACE,50,3.17
2027,아주대학교,영어영문학과,학생부종합,ACE,70,3.43
2027,아주대학교,행정학과,학생부종합,ACE,50,2.83
2027,아주대학교,행정학과,학생부종합,ACE,70,2.99
2027,아주대학교,간호학과,학생부종합,ACE,50,1.99
2027,아주대학교,간호학과,학생부종합,ACE,70,2.14
2027,아주대학교,건설시스템공학과,학생부종합,ACE,50,3.04
2027,아주대학교,건설시스템공학과,학생부종합,ACE,70,4.07
2027,아주대학교,건축학과,학생부종합,ACE,50,2.68
2027,아주대학교,건축학과,학생부종합,ACE,70,2.82
2027,아주대학교,교통시스템공학과,학생부종합,ACE,50,3.01
2027,아주대학교,교통시스템공학과,학생부종합,ACE,70,3.41
2027,아주대학교,기계공학과,학생부종합,ACE,50,2.46
2027,아주대학교,기계공학과,학생부종합,ACE,70,2.74
2027,아주대학교,디지털미디어학과,학생부종합,ACE,50,2.84
2027,아주대학교,디지털미디어학과,학생부종합,ACE,70,2.98
2027,아주대학교,사이버보안학과,학생부종합,ACE,50,2.45
2027,아주대학교,사이버보안학과,학생부종합,ACE,70,2.52
2027,아주대학교,산업공학과,학생부종합,ACE,50,2.56
2027,아주대학교,산업공학과,학생부종합,ACE,70,2.83
2027,아주대학교,프런티어과학학부,학생부종합,ACE,50,2.54
2027,아주대학교,프런티어과학학부,학생부종합,ACE,70,2.9
2027,아주대학교,소프트웨어학과,학생부종합,ACE,50,2.25
2027,아주대학교,소프트웨어학과,학생부종합,ACE,70,2.31
2027,아주대학교,수학과,학생부종합,ACE,50,2.77
2027,아주대학교,수학과,학생부종합,ACE,70,2.85
2027,아주대학교,약학과,학생부종합,ACE,50,1.34
2027,아주대학교,약학과,학생부종합,ACE,70,1.45
2027,아주대학교,전자공학과,학생부종합,ACE,50,2.36
2027,아주대학교,전자공학과,학생부종합,ACE,70,2.61
2027,아주대학교,화학공학과,학생부종합,ACE,50,2.15
2027,아주대학교,화학공학과,학생부종합,ACE,70,2.23
2027,아주대학교,환경안전공학과,학생부종합,ACE,50,2.33
2027,아주대학교,환경안전공학과,학생부종합,ACE,70,2.45
2027,아주대학교,미래모빌리티공학과,학생부종합,첨단융합인재,50,2.66
2027,아주대학교,미래모빌리티공학과,학생부종합,첨단융합인재,70,3.2
2027,아주대학교,금융공학과,학생부종합,첨단융합인재,50,2.91
2027,아주대학교,금융공학과,학생부종합,첨단융합인재,70,3.19
2027,아주대학교,소프트웨어학과,학생부종합,첨단융합인재,50,2.52
2027,아주대학교,소프트웨어학과,학생부종합,첨단융합인재,70,2.68
2027,아주대학교,지능형반도체공학과,학생부종합,첨단융합인재,50,2.35
2027,아주대학교,지능형반도체공학과,학생부종합,첨단융합인재,70,2.48
2027,아주대학교,응용화학과,학생부종합,첨단융합인재,50,2.29
2027,아주대학교,응용화학과,학생부종합,첨단융합인재,70,2.36
2027,아주대학교,첨단바이오융합대학,학생부종합,첨단융합인재,50,2.15
2027,아주대학교,첨단바이오융합대학,학생부종합,첨단융합인재,70,2.25
2027,아주대학교,첨단신소재공학과,학생부종합,첨단융합인재,50,2.35
2027,아주대학교,첨단신소재공학과,학생부종합,첨단융합인재,70,2.5
2027,인하대학교,경영학과,학생부교과,지역균형,50,2.25
2027,인하대학교,경영학과,학생부교과,지역균형,70,2.26
2027,인하대학교,경제학과,학생부교과,지역균형,50,2.21
2027,인하대학교,경제학과,학생부교과,지역균형,70,2.22
2027,인하대학교,교육학과,학생부교과,지역균형,50,2.26
2027,인하대학교,교육학과,학생부교과,지역균형,70,2.28
2027,인하대학교,국어교육과,학생부교과,지역균형,50,2.28
2027,인하대학교,국어교육과,학생부교과,지역균형,70,2.3
2027,인하대학교,국제통상학과,학생부교과,지역균형,50,2.14
2027,인하대학교,국제통상학과,학생부교과,지역균형,70,2.14
2027,인하대학교,파이낸스경영학과,학생부교과,지역균형,50,2.34
2027,인하대학교,파이낸스경영학과,학생부교과,지역균형,70,2.36
2027,인하대학교,사학과,학생부교과,지역균형,50,2.39
2027,인하대학교,사학과,학생부교과,지역균형,70,2.39
2027,인하대학교,사회교육과,학생부교과,지역균형,50,2.19
2027,인하대학교,사회교육과,학생부교과,지역균형,70,2.2
2027,인하대학교,사회복지학과,학생부교과,지역균형,50,2.36
2027,인하대학교,사회복지학과,학생부교과,지역균형,70,2.36
2027,인하대학교,소비자학과,학생부교과,지역균형,50,2.25
2027,인하대학교,소비자학과,학생부교과,지역균형,70,2.25
2027,인하대학교,아동심리학과,학생부교과,지역균형,50,2.38
2027,인하대학교,아동심리학과,학생부교과,지역균형,70,2.38
2027,인하대학교,아태물류학부,학생부교과,지역균형,50,2.03
2027,인하대학교,아태물류학부,학생부교과,지역균형,70,2.03
2027,인하대학교,영어교육과,학생부교과,지역균형,50,2.23
2027,인하대학교,영어교육과,학생부교과,지역균형,70,2.23
2027,인하대학교,일본언어문화학과,학생부교과,지역균형,50,2.43
2027,인하대학교,일본언어문화학과,학생부교과,지역균형,70,2.49
2027,인하대학교,정치외교학과,학생부교과,지역균형,50,2.23
2027,인하대학교,정치외교학과,학생부교과,지역균형,70,2.35
2027,인하대학교,중국학과,학생부교과,지역균형,50,2.5
2027,인하대학교,중국학과,학생부교과,지역균형,70,2.52
2027,인하대학교,철학과,학생부교과,지역균형,50,2.24
2027,인하대학교,철학과,학생부교과,지역균형,70,2.24
2027,인하대학교,한국어문학과,학생부교과,지역균형,50,2.4
2027,인하대학교,한국어문학과,학생부교과,지역균형,70,2.46
2027,인하대학교,행정학과,학생부교과,지역균형,50,2.27
2027,인하대학교,행정학과,학생부교과,지역균형,70,2.29
2027,인하대학교,간호학과,학생부교과,지역균형,50,1.88
2027,인하대학교,간호학과,학생부교과,지역균형,70,1.91
2027,인하대학교,건축학부,학생부교과,지역균형,50,2.31
2027,인하대학교,건축학부,학생부교과,지역균형,70,2.31
2027,인하대학교,고분자공학과,학생부교과,지역균형,50,2.09
2027,인하대학교,고분자공학과,학생부교과,지역균형,70,2.09
2027,인하대학교,공간정보공학과,학생부교과,지역균형,50,2.19
2027,인하대학교,공간정보공학과,학생부교과,지역균형,70,2.19
2027,인하대학교,기계공학과,학생부교과,지역균형,50,2.07
2027,인하대학교,기계공학과,학생부교과,지역균형,70,2.08
2027,인하대학교,물리학과,학생부교과,지역균형,50,2.32
2027,인하대학교,물리학과,학생부교과,지역균형,70,2.33
2027,인하대학교,반도체시스템공학과,학생부교과,지역균형,50,2.02
2027,인하대학교,반도체시스템공학과,학생부교과,지역균형,70,2.13
2027,인하대학교,사회인프라공학과,학생부교과,지역균형,50,2.25
2027,인하대학교,사회인프라공학과,학생부교과,지역균형,70,2.26
2027,인하대학교,산업경영공학과,학생부교과,지역균형,50,2.17
2027,인하대학교,산업경영공학과,학생부교과,지역균형,70,2.23
2027,인하대학교,생명공학과,학생부교과,지역균형,50,1.72
2027,인하대학교,생명공학과,학생부교과,지역균형,70,1.79
2027,인하대학교,생명과학과,학생부교과,지역균형,50,1.82
2027,인하대학교,생명과학과,학생부교과,지역균형,70,1.82
2027,인하대학교,수학과,학생부교과,지역균형,50,2.22
2027,인하대학교,수학과,학생부교과,지역균형,70,2.24
2027,인하대학교,수학교육과,학생부교과,지역균형,50,1.95
2027,인하대학교,수학교육과,학생부교과,지역균형,70,1.95
2027,인하대학교,식품영양학과,학생부교과,지역균형,50,2.3
2027,인하대학교,식품영양학과,학생부교과,지역균형,70,2.37
2027,인하대학교,신소재공학과,학생부교과,지역균형,50,1.94
2027,인하대학교,신소재공학과,학생부교과,지역균형,70,2
2027,인하대학교,인공지능공학과,학생부교과,지역균형,50,2.08
2027,인하대학교,인공지능공학과,학생부교과,지역균형,70,2.09
2027,인하대학교,전기전자공학부,학생부교과,지역균형,50,1.86
2027,인하대학교,전기전자공학부,학생부교과,지역균형,70,1.95
2027,인하대학교,조선해양공학과,학생부교과,지역균형,50,2.26
2027,인하대학교,조선해양공학과,학생부교과,지역균형,70,2.27
2027,인하대학교,컴퓨터공학과,학생부교과,지역균형,50,2.19
2027,인하대학교,컴퓨터공학과,학생부교과,지역균형,70,2.28
2027,인하대학교,통계학과,학생부교과,지역균형,50,2.24
2027,인하대학교,통계학과,학생부교과,지역균형,70,2.24
2027,인하대학교,항공우주공학과,학생부교과,지역균형,50,1.9
2027,인하대학교,항공우주공학과,학생부교과,지역균형,70,1.92
2027,인하대학교,해양과학과,학생부교과,지역균형,50,2.08
2027,인하대학교,해양과학과,학생부교과,지역균형,70,2.08
2027,인하대학교,화학과,학생부교과,지역균형,50,2.01
2027,인하대학교,화학과,학생부교과,지역균형,70,2.01
2027,인하대학교,환경공학과,학생부교과,지역균형,50,2.13
2027,인하대학교,환경공학과,학생부교과,지역균형,70,2.18
2027,인하대학교,경영학과,학생부종합,인하미래인재면접,50,2.64
2027,인하대학교,경영학과,학생부종합,인하미래인재면접,70,2.7
2027,인하대학교,경제학과,학생부종합,인하미래인재면접,50,2.91
2027,인하대학교,경제학과,학생부종합,인하미래인재면접,70,3.02
2027,인하대학교,교육학과,학생부종합,인하미래인재면접,50,2.67
2027,인하대학교,교육학과,학생부종합,인하미래인재면접,70,2.67
2027,인하대학교,국어교육과,학생부종합,인하미래인재면접,50,2.44
2027,인하대학교,국어교육과,학생부종합,인하미래인재면접,70,2.51
2027,인하대학교,국제통상학과,학생부종합,인하미래인재면접,50,2.93
2027,인하대학교,국제통상학과,학생부종합,인하미래인재면접,70,3.1
2027,인하대학교,파이낸스경영학과,학생부종합,인하미래인재면접,50,2.82
2027,인하대학교,파이낸스경영학과,학생부종합,인하미래인재면접,70,3.11
2027,인하대학교,사학과,학생부종합,인하미래인재면접,50,2.94
2027,인하대학교,사학과,학생부종합,인하미래인재면접,70,2.96
2027,인하대학교,사회교육과,학생부종합,인하미래인재면접,50,2.43
2027,인하대학교,사회교육과,학생부종합,인하미래인재면접,70,2.48
2027,인하대학교,사회복지학과,학생부종합,인하미래인재면접,50,2.9
2027,인하대학교,사회복지학과,학생부종합,인하미래인재면접,70,3.13
2027,인하대학교,소비자학과,학생부종합,인하미래인재면접,50,2.97
2027,인하대학교,소비자학과,학생부종합,인하미래인재면접,70,3.03
2027,인하대학교,아동심리학과,학생부종합,인하미래인재면접,50,2.93
2027,인하대학교,아동심리학과,학생부종합,인하미래인재면접,70,2.94
2027,인하대학교,아태물류학부,학생부종합,인하미래인재면접,50,2.71
2027,인하대학교,아태물류학부,학생부종합,인하미래인재면접,70,2.74
2027,인하대학교,영어교육과,학생부종합,인하미래인재면접,50,2.68
2027,인하대학교,영어교육과,학생부종합,인하미래인재면접,70,2.68
2027,인하대학교,일본언어문화학과,학생부종합,인하미래인재면접,50,3.14
2027,인하대학교,일본언어문화학과,학생부종합,인하미래인재면접,70,3.48
2027,인하대학교,정치외교학과,학생부종합,인하미래인재면접,50,2.97
2027,인하대학교,정치외교학과,학생부종합,인하미래인재면접,70,3.48
2027,인하대학교,중국학과,학생부종합,인하미래인재면접,50,4.17
2027,인하대학교,중국학과,학생부종합,인하미래인재면접,70,4.98
2027,인하대학교,철학과,학생부종합,인하미래인재면접,50,2.63
2027,인하대학교,철학과,학생부종합,인하미래인재면접,70,2.78
2027,인하대학교,한국어문학과,학생부종합,인하미래인재면접,50,2.91
2027,인하대학교,한국어문학과,학생부종합,인하미래인재면접,70,3.3
2027,인하대학교,행정학과,학생부종합,인하미래인재면접,50,2.85
2027,인하대학교,행정학과,학생부종합,인하미래인재면접,70,3.01
2027,인하대학교,간호학과,학생부종합,인하미래인재면접,50,2.2
2027,인하대학교,간호학과,학생부종합,인하미래인재면접,70,2.29
2027,인하대학교,건축학부,학생부종합,인하미래인재면접,50,2.89
2027,인하대학교,건축학부,학생부종합,인하미래인재면접,70,3.01
2027,인하대학교,고분자공학과,학생부종합,인하미래인재면접,50,2.77
2027,인하대학교,고분자공학과,학생부종합,인하미래인재면접,70,2.96
2027,인하대학교,공간정보공학과,학생부종합,인하미래인재면접,50,3.23
2027,인하대학교,공간정보공학과,학생부종합,인하미래인재면접,70,3.33
2027,인하대학교,기계공학과,학생부종합,인하미래인재면접,50,2.55
2027,인하대학교,기계공학과,학생부종합,인하미래인재면접,70,2.71
2027,인하대학교,물리학과,학생부종합,인하미래인재면접,50,2.99
2027,인하대학교,물리학과,학생부종합,인하미래인재면접,70,3.2
2027,인하대학교,반도체시스템공학과,학생부종합,인하미래인재면접,50,2.53
2027,인하대학교,반도체시스템공학과,학생부종합,인하미래인재면접,70,2.74
2027,인하대학교,사회인프라공학과,학생부종합,인하미래인재면접,50,3.2
2027,인하대학교,사회인프라공학과,학생부종합,인하미래인재면접,70,3.46
2027,인하대학교,산업경영공학과,학생부종합,인하미래인재면접,50,2.57
2027,인하대학교,산업경영공학과,학생부종합,인하미래인재면접,70,2.71
2027,인하대학교,생명공학과,학생부종합,인하미래인재면접,50,2.16
2027,인하대학교,생명공학과,학생부종합,인하미래인재면접,70,2.21
2027,인하대학교,생명과학과,학생부종합,인하미래인재면접,50,2.29
2027,인하대학교,생명과학과,학생부종합,인하미래인재면접,70,2.43
2027,인하대학교,수학과,학생부종합,인하미래인재면접,50,2.76
2027,인하대학교,수학과,학생부종합,인하미래인재면접,70,2.84
2027,인하대학교,수학교육과,학생부종합,인하미래인재면접,50,2.22
2027,인하대학교,수학교육과,학생부종합,인하미래인재면접,70,2.35
2027,인하대학교,식품영양학과,학생부종합,인하미래인재면접,50,2.57
2027,인하대학교,식품영양학과,학생부종합,인하미래인재면접,70,2.81
2027,인하대학교,신소재공학과,학생부종합,인하미래인재면접,50,2.4
2027,인하대학교,신소재공학과,학생부종합,인하미래인재면접,70,2.52
2027,인하대학교,에너지자원공학과,학생부종합,인하미래인재면접,50,2.75
2027,인하대학교,에너지자원공학과,학생부종합,인하미래인재면접,70,2.99
2027,인하대학교,인공지능공학과,학생부종합,인하미래인재면접,50,2.84
2027,인하대학교,인공지능공학과,학생부종합,인하미래인재면접,70,2.92
2027,인하대학교,전기전자공학부,학생부종합,인하미래인재면접,50,2.54
2027,인하대학교,전기전자공학부,학생부종합,인하미래인재면접,70,2.82
2027,인하대학교,조선해양공학과,학생부종합,인하미래인재면접,50,3.13
2027,인하대학교,조선해양공학과,학생부종합,인하미래인재면접,70,3.25
2027,인하대학교,컴퓨터공학과,학생부종합,인하미래인재면접,50,2.56
2027,인하대학교,컴퓨터공학과,학생부종합,인하미래인재면접,70,2.68
2027,인하대학교,통계학과,학생부종합,인하미래인재면접,50,3.15
2027,인하대학교,통계학과,학생부종합,인하미래인재면접,70,3.15
2027,인하대학교,항공우주공학과,학생부종합,인하미래인재면접,50,2.41
2027,인하대학교,항공우주공학과,학생부종합,인하미래인재면접,70,2.49
2027,인하대학교,해양과학과,학생부종합,인하미래인재면접,50,2.8
2027,인하대학교,해양과학과,학생부종합,인하미래인재면접,70,2.88
2027,인하대학교,화학과,학생부종합,인하미래인재면접,50,2.52
2027,인하대학교,화학과,학생부종합,인하미래인재면접,70,2.64
2027,인하대학교,환경공학과,학생부종합,인하미래인재면접,50,2.59
2027,인하대학교,환경공학과,학생부종합,인하미래인재면접,70,2.71
2027,인하대학교,경제학과,학생부종합,인하미래인재 서류형,50,2.63
2027,인하대학교,경제학과,학생부종합,인하미래인재 서류형,70,2.64
2027,인하대학교,국제통상학과,학생부종합,인하미래인재 서류형,50,2.62
2027,인하대학교,국제통상학과,학생부종합,인하미래인재 서류형,70,2.63
2027,인하대학교,문화콘텐츠문화경영학과,학생부종합,인하미래인재 서류형,50,2.53
2027,인하대학교,문화콘텐츠문화경영학과,학생부종합,인하미래인재 서류형,70,2.57
2027,인하대학교,미디어커뮤니케이션학과,학생부종합,인하미래인재 서류형,50,2.43
2027,인하대학교,미디어커뮤니케이션학과,학생부종합,인하미래인재 서류형,70,2.68
2027,인하대학교,사학과,학생부종합,인하미래인재 서류형,50,2.63
2027,인하대학교,사학과,학생부종합,인하미래인재 서류형,70,2.63
2027,인하대학교,소비자학과,학생부종합,인하미래인재 서류형,50,2.64
2027,인하대학교,소비자학과,학생부종합,인하미래인재 서류형,70,2.69
2027,인하대학교,아동심리학과,학생부종합,인하미래인재 서류형,50,2.66
2027,인하대학교,아동심리학과,학생부종합,인하미래인재 서류형,70,2.87
2027,인하대학교,아태물류학부,학생부종합,인하미래인재 서류형,50,2.25
2027,인하대학교,아태물류학부,학생부종합,인하미래인재 서류형,70,2.25
2027,인하대학교,영미유럽인문융합학부,학생부종합,인하미래인재 서류형,50,2.88
2027,인하대학교,영미유럽인문융합학부,학생부종합,인하미래인재 서류형,70,2.99
2027,인하대학교,의류디자인학과(일반),학생부종합,인하미래인재 서류형,50,2.6
2027,인하대학교,의류디자인학과(일반),학생부종합,인하미래인재 서류형,70,2.74
2027,인하대학교,일본언어문화학과,학생부종합,인하미래인재 서류형,50,3.27
2027,인하대학교,일본언어문화학과,학생부종합,인하미래인재 서류형,70,3.3
2027,인하대학교,정치외교학과,학생부종합,인하미래인재 서류형,50,2.67
2027,인하대학교,정치외교학과,학생부종합,인하미래인재 서류형,70,2.77
2027,인하대학교,중국학과,학생부종합,인하미래인재 서류형,50,3.21
2027,인하대학교,중국학과,학생부종합,인하미래인재 서류형,70,3.34
2027,인하대학교,철학과,학생부종합,인하미래인재 서류형,50,2.64
2027,인하대학교,철학과,학생부종합,인하미래인재 서류형,70,2.64
2027,인하대학교,한국어문학과,학생부종합,인하미래인재 서류형,50,2.55
2027,인하대학교,한국어문학과,학생부종합,인하미래인재 서류형,70,2.73
2027,인하대학교,행정학과,학생부종합,인하미래인재 서류형,50,2.54
2027,인하대학교,행정학과,학생부종합,인하미래인재 서류형,70,2.58
2027,인하대학교,건축학부,학생부종합,인하미래인재 서류형,50,2.66
2027,인하대학교,건축학부,학생부종합,인하미래인재 서류형,70,2.7
2027,인하대학교,고분자공학과,학생부종합,인하미래인재 서류형,50,2.54
2027,인하대학교,고분자공학과,학생부종합,인하미래인재 서류형,70,2.54
2027,인하대학교,기계공학과,학생부종합,인하미래인재 서류형,50,2.43
2027,인하대학교,기계공학과,학생부종합,인하미래인재 서류형,70,2.54
2027,인하대학교,데이터사이언스학과,학생부종합,인하미래인재 서류형,50,2.42
2027,인하대학교,데이터사이언스학과,학생부종합,인하미래인재 서류형,70,2.42
2027,인하대학교,디자인테크놀로지학과,학생부종합,인하미래인재 서류형,50,2.08
2027,인하대학교,디자인테크놀로지학과,학생부종합,인하미래인재 서류형,70,2.56
2027,인하대학교,물리학과,학생부종합,인하미래인재 서류형,50,2.5
2027,인하대학교,물리학과,학생부종합,인하미래인재 서류형,70,2.61
2027,인하대학교,반도체시스템공학과,학생부종합,인하미래인재 서류형,50,2.39
2027,인하대학교,반도체시스템공학과,학생부종합,인하미래인재 서류형,70,2.56
2027,인하대학교,사회인프라공학과,학생부종합,인하미래인재 서류형,50,2.86
2027,인하대학교,사회인프라공학과,학생부종합,인하미래인재 서류형,70,2.93
2027,인하대학교,산업경영공학과,학생부종합,인하미래인재 서류형,50,2.51
2027,인하대학교,산업경영공학과,학생부종합,인하미래인재 서류형,70,2.54
2027,인하대학교,수학과,학생부종합,인하미래인재 서류형,50,2.58
2027,인하대학교,수학과,학생부종합,인하미래인재 서류형,70,2.59
2027,인하대학교,스마트모빌리티공학과,학생부종합,인하미래인재 서류형,50,2.73
2027,인하대학교,스마트모빌리티공학과,학생부종합,인하미래인재 서류형,70,2.73
2027,인하대학교,식품영양학과,학생부종합,인하미래인재 서류형,50,2.71
2027,인하대학교,식품영양학과,학생부종합,인하미래인재 서류형,70,2.71
2027,인하대학교,신소재공학과,학생부종합,인하미래인재 서류형,50,2.31
2027,인하대학교,신소재공학과,학생부종합,인하미래인재 서류형,70,2.41
2027,인하대학교,전기전자공학부,학생부종합,인하미래인재 서류형,50,2.17
2027,인하대학교,전기전자공학부,학생부종합,인하미래인재 서류형,70,2.28
2027,인하대학교,조선해양공학과,학생부종합,인하미래인재 서류형,50,2.53
2027,인하대학교,조선해양공학과,학생부종합,인하미래인재 서류형,70,2.82
2027,인하대학교,컴퓨터공학과,학생부종합,인하미래인재 서류형,50,2.39
2027,인하대학교,컴퓨터공학과,학생부종합,인하미래인재 서류형,70,2.48
2027,인하대학교,통계학과,학생부종합,인하미래인재 서류형,50,2.73
2027,인하대학교,통계학과,학생부종합,인하미래인재 서류형,70,2.74
2027,인하대학교,항공우주공학과,학생부종합,인하미래인재 서류형,50,2.19
2027,인하대학교,항공우주공학과,학생부종합,인하미래인재 서류형,70,2.24
2027,인하대학교,해양과학과,학생부종합,인하미래인재 서류형,50,2.73
2027,인하대학교,해양과학과,학생부종합,인하미래인재 서류형,70,2.74
2027,인하대학교,화학과,학생부종합,인하미래인재 서류형,50,2.18
2027,인하대학교,화학과,학생부종합,인하미래인재 서류형,70,2.18
2027,인하대학교,환경공학과,학생부종합,인하미래인재 서류형,50,2.32
2027,인하대학교,환경공학과,학생부종합,인하미래인재 서류형,70,2.37
2027,광운대학교,국어국문학과,학생부교과,지역균형,50,2.33
2027,광운대학교,국어국문학과,학생부교과,지역균형,70,2.39
2027,광운대학교,국제통상학부,학생부교과,지역균형,50,2.25
2027,광운대학교,국제통상학부,학생부교과,지역균형,70,2.28
2027,광운대학교,국제학부,학생부교과,지역균형,50,2.2
2027,광운대학교,국제학부,학생부교과,지역균형,70,2.2
2027,광운대학교,동북아문화산업학부,학생부교과,지역균형,50,2.29
2027,광운대학교,동북아문화산업학부,학생부교과,지역균형,70,2.39
2027,광운대학교,법학부,학생부교과,지역균형,50,2.2
2027,광운대학교,법학부,학생부교과,지역균형,70,2.23
2027,광운대학교,산업심리학과,학생부교과,지역균형,50,2.1
2027,광운대학교,산업심리학과,학생부교과,지역균형,70,2.15
2027,광운대학교,행정학과,학생부교과,지역균형,50,2.28
2027,광운대학교,행정학과,학생부교과,지역균형,70,2.36
2027,광운대학교,AI로봇전공,학생부교과,지역균형,50,1.95
2027,광운대학교,AI로봇전공,학생부교과,지역균형,70,2.11
2027,광운대학교,건축공학과,학생부교과,지역균형,50,1.7
2027,광운대학교,건축공학과,학생부교과,지역균형,70,2.02
2027,광운대학교,반도체시스템공학부,학생부교과,지역균형,50,1.77
2027,광운대학교,반도체시스템공학부,학생부교과,지역균형,70,1.91
2027,광운대학교,소프트웨어학부,학생부교과,지역균형,50,2.3
2027,광운대학교,소프트웨어학부,학생부교과,지역균형,70,2.67
2027,광운대학교,수학과,학생부교과,지역균형,50,2.22
2027,광운대학교,수학과,학생부교과,지역균형,70,2.3
2027,광운대학교,전기공학과,학생부교과,지역균형,50,2.03
2027,광운대학교,전기공학과,학생부교과,지역균형,70,2.06
2027,광운대학교,전자공학과,학생부교과,지역균형,50,1.99
2027,광운대학교,전자공학과,학생부교과,지역균형,70,2.43
2027,광운대학교,전자바이오물리학과,학생부교과,지역균형,50,2.05
2027,광운대학교,전자바이오물리학과,학생부교과,지역균형,70,2.27
2027,광운대학교,전자융합공학과,학생부교과,지역균형,50,1.91
2027,광운대학교,전자융합공학과,학생부교과,지역균형,70,1.98
2027,광운대학교,전자재료공학과,학생부교과,지역균형,50,1.93
2027,광운대학교,전자재료공학과,학생부교과,지역균형,70,2.23
2027,광운대학교,전자통신공학과,학생부교과,지역균형,50,2.16
2027,광운대학교,전자통신공학과,학생부교과,지역균형,70,2.26
2027,광운대학교,정보융합학부,학생부교과,지역균형,50,2.06
2027,광운대학교,정보융합학부,학생부교과,지역균형,70,2.1
2027,광운대학교,컴퓨터정보공학부,학생부교과,지역균형,50,2.01
2027,광운대학교,컴퓨터정보공학부,학생부교과,지역균형,70,2.09
2027,광운대학교,화학공학과,학생부교과,지역균형,50,1.68
2027,광운대학교,화학공학과,학생부교과,지역균형,70,1.82
2027,광운대학교,화학과,학생부교과,지역균형,50,1.86
2027,광운대학교,화학과,학생부교과,지역균형,70,2.06
2027,광운대학교,환경공학과,학생부교과,지역균형,50,2.31
2027,광운대학교,환경공학과,학생부교과,지역균형,70,2.72
2027,광운대학교,국어국문학과,논술,논술우수자,50,4.15
2027,광운대학교,국어국문학과,논술,논술우수자,70,5.55
2027,광운대학교,국제통상학부,논술,논술우수자,50,4.25
2027,광운대학교,국제통상학부,논술,논술우수자,70,5.15
2027,광운대학교,국제학부,논술,논술우수자,50,5.13
2027,광운대학교,국제학부,논술,논술우수자,70,5.18
2027,광운대학교,동북아문화산업학부,논술,논술우수자,50,4.13
2027,광운대학교,법학부,논술,논술우수자,50,4.87
2027,광운대학교,산업심리학과,논술,논술우수자,50,5.09
2027,광운대학교,행정학과,논술,논술우수자,50,5.47
2027,광운대학교,AI로봇전공,논술,논술우수자,50,3.72
2027,광운대학교,AI로봇전공,논술,논술우수자,70,4.97
2027,광운대학교,건축공학과,논술,논술우수자,50,3.33
2027,광운대학교,건축공학과,논술,논술우수자,70,3.84
2027,광운대학교,반도체시스템공학부,논술,논술우수자,50,3.54
2027,광운대학교,반도체시스템공학부,논술,논술우수자,70,4.96
2027,광운대학교,소프트웨어학부,논술,논술우수자,50,3.75
2027,광운대학교,소프트웨어학부,논술,논술우수자,70,4.91
2027,광운대학교,수학과,논술,논술우수자,50,3.84
2027,광운대학교,전기공학과,논술,논술우수자,50,4.71
2027,광운대학교,전자공학과,논술,논술우수자,50,3.91
2027,광운대학교,전자공학과,논술,논술우수자,70,5.06
2027,광운대학교,전자바이오물리학과,논술,논술우수자,50,5.09
2027,광운대학교,전자바이오물리학과,논술,논술우수자,70,6.34
2027,광운대학교,전자융합공학과,논술,논술우수자,50,3.9
2027,광운대학교,전자융합공학과,논술,논술우수자,70,5.05
2027,광운대학교,전자재료공학과,논술,논술우수자,50,4.62
2027,광운대학교,전자통신공학과,논술,논술우수자,50,3.54
2027,광운대학교,전자통신공학과,논술,논술우수자,70,4.73
2027,광운대학교,정보융합학부,논술,논술우수자,50,3.96
2027,광운대학교,정보융합학부,논술,논술우수자,70,5.72
2027,광운대학교,컴퓨터정보공학부,논술,논술우수자,50,4.18
2027,광운대학교,컴퓨터정보공학부,논술,논술우수자,70,5.88
2027,광운대학교,화학공학과,논술,논술우수자,50,3.35
2027,광운대학교,화학공학과,논술,논술우수자,70,4.44
2027,광운대학교,화학과,논술,논술우수자,50,3.89
2027,광운대학교,화학과,논술,논술우수자,70,4.57
2027,광운대학교,환경공학과,논술,논술우수자,50,4.33
2027,광운대학교,환경공학과,논술,논술우수자,70,4.36
2027,광운대학교,국어국문학과,학생부종합,광운참빛인재I(면접),50,3.11
2027,광운대학교,국어국문학과,학생부종합,광운참빛인재I(면접),70,4.82
2027,광운대학교,국제통상학부,학생부종합,광운참빛인재I(면접),50,2.69
2027,광운대학교,국제통상학부,학생부종합,광운참빛인재I(면접),70,3.39
2027,광운대학교,국제학부,학생부종합,광운참빛인재I(면접),50,3.36
2027,광운대학교,국제학부,학생부종합,광운참빛인재I(면접),70,5.52
2027,광운대학교,동북아문화산업학부,학생부종합,광운참빛인재I(면접),50,4.14
2027,광운대학교,동북아문화산업학부,학생부종합,광운참빛인재I(면접),70,4.92
2027,광운대학교,법학부,학생부종합,광운참빛인재I(면접),50,3
2027,광운대학교,법학부,학생부종합,광운참빛인재I(면접),70,4.5
2027,광운대학교,산업심리학과,학생부종합,광운참빛인재I(면접),50,2.93
2027,광운대학교,산업심리학과,학생부종합,광운참빛인재I(면접),70,3.31
2027,광운대학교,행정학과,학생부종합,광운참빛인재I(면접),50,2.81
2027,광운대학교,행정학과,학생부종합,광운참빛인재I(면접),70,3.07
2027,광운대학교,건축공학과,학생부종합,광운참빛인재I(면접),50,3.46
2027,광운대학교,건축공학과,학생부종합,광운참빛인재I(면접),70,3.6
2027,광운대학교,반도체시스템공학부,학생부종합,광운참빛인재I(면접),50,2.76
2027,광운대학교,반도체시스템공학부,학생부종합,광운참빛인재I(면접),70,3
2027,광운대학교,수학과,학생부종합,광운참빛인재I(면접),50,3
2027,광운대학교,수학과,학생부종합,광운참빛인재I(면접),70,3.62
2027,광운대학교,전기공학과,학생부종합,광운참빛인재I(면접),50,2.79
2027,광운대학교,전기공학과,학생부종합,광운참빛인재I(면접),70,3.9
2027,광운대학교,전자공학과,학생부종합,광운참빛인재I(면접),50,2.57
2027,광운대학교,전자공학과,학생부종합,광운참빛인재I(면접),70,3.69
2027,광운대학교,전자바이오물리학과,학생부종합,광운참빛인재I(면접),50,2.82
2027,광운대학교,전자바이오물리학과,학생부종합,광운참빛인재I(면접),70,3.52
2027,광운대학교,전자융합공학과,학생부종합,광운참빛인재I(면접),50,2.85
2027,광운대학교,전자융합공학과,학생부종합,광운참빛인재I(면접),70,3.64
2027,광운대학교,전자재료공학과,학생부종합,광운참빛인재I(면접),50,2.77
2027,광운대학교,전자재료공학과,학생부종합,광운참빛인재I(면접),70,5.64
2027,광운대학교,전자통신공학과,학생부종합,광운참빛인재I(면접),50,2.68
2027,광운대학교,전자통신공학과,학생부종합,광운참빛인재I(면접),70,3.18
2027,광운대학교,화학공학과,학생부종합,광운참빛인재I(면접),50,2.57
2027,광운대학교,화학공학과,학생부종합,광운참빛인재I(면접),70,2.98
2027,광운대학교,화학과,학생부종합,광운참빛인재I(면접),50,2.61
2027,광운대학교,화학과,학생부종합,광운참빛인재I(면접),70,2.98
2027,광운대학교,환경공학과,학생부종합,광운참빛인재I(면접),50,2.69
2027,광운대학교,환경공학과,학생부종합,광운참빛인재I(면접),70,3.15
2027,광운대학교,국어국문학과,학생부종합,광운참빛인재II(서류),50,3.17
2027,광운대학교,국어국문학과,학생부종합,광운참빛인재II(서류),70,3.32
2027,광운대학교,국제통상학부,학생부종합,광운참빛인재II(서류),50,2.64
2027,광운대학교,국제통상학부,학생부종합,광운참빛인재II(서류),70,3.94
2027,광운대학교,국제학부,학생부종합,광운참빛인재II(서류),50,2.96
2027,광운대학교,국제학부,학생부종합,광운참빛인재II(서류),70,4.6
2027,광운대학교,동북아문화산업학부,학생부종합,광운참빛인재II(서류),50,2.89
2027,광운대학교,동북아문화산업학부,학생부종합,광운참빛인재II(서류),70,4.49
2027,광운대학교,법학부,학생부종합,광운참빛인재II(서류),50,2.6
2027,광운대학교,법학부,학생부종합,광운참빛인재II(서류),70,4.3
2027,광운대학교,산업심리학과,학생부종합,광운참빛인재II(서류),50,2.63
2027,광운대학교,산업심리학과,학생부종합,광운참빛인재II(서류),70,3.1
2027,광운대학교,행정학과,학생부종합,광운참빛인재II(서류),50,2.57
2027,광운대학교,행정학과,학생부종합,광운참빛인재II(서류),70,2.98
2027,광운대학교,AI로봇전공,학생부종합,광운참빛인재II(서류),50,2.52
2027,광운대학교,AI로봇전공,학생부종합,광운참빛인재II(서류),70,2.72
2027,광운대학교,건축공학과,학생부종합,광운참빛인재II(서류),50,2.63
2027,광운대학교,건축공학과,학생부종합,광운참빛인재II(서류),70,3.07
2027,광운대학교,반도체시스템공학부,학생부종합,광운참빛인재II(서류),50,2.54
2027,광운대학교,반도체시스템공학부,학생부종합,광운참빛인재II(서류),70,3.25
2027,광운대학교,소프트웨어학부,학생부종합,광운참빛인재II(서류),50,2.38
2027,광운대학교,소프트웨어학부,학생부종합,광운참빛인재II(서류),70,3.54
2027,광운대학교,수학과,학생부종합,광운참빛인재II(서류),50,2.78
2027,광운대학교,수학과,학생부종합,광운참빛인재II(서류),70,3.88
2027,광운대학교,전기공학과,학생부종합,광운참빛인재II(서류),50,2.45
2027,광운대학교,전기공학과,학생부종합,광운참빛인재II(서류),70,2.81
2027,광운대학교,전자공학과,학생부종합,광운참빛인재II(서류),50,2.13
2027,광운대학교,전자공학과,학생부종합,광운참빛인재II(서류),70,2.4
2027,광운대학교,전자바이오물리학과,학생부종합,광운참빛인재II(서류),50,2.5
2027,광운대학교,전자바이오물리학과,학생부종합,광운참빛인재II(서류),70,3.27
2027,광운대학교,전자융합공학과,학생부종합,광운참빛인재II(서류),50,2.4
2027,광운대학교,전자융합공학과,학생부종합,광운참빛인재II(서류),70,2.6
2027,광운대학교,전자재료공학과,학생부종합,광운참빛인재II(서류),50,2.37
2027,광운대학교,전자재료공학과,학생부종합,광운참빛인재II(서류),70,2.71
2027,광운대학교,전자통신공학과,학생부종합,광운참빛인재II(서류),50,2.67
2027,광운대학교,전자통신공학과,학생부종합,광운참빛인재II(서류),70,3.11
2027,광운대학교,정보융합학부,학생부종합,광운참빛인재II(서류),50,2.56
2027,광운대학교,정보융합학부,학생부종합,광운참빛인재II(서류),70,2.68
2027,광운대학교,컴퓨터정보공학부,학생부종합,광운참빛인재II(서류),50,2.41
2027,광운대학교,컴퓨터정보공학부,학생부종합,광운참빛인재II(서류),70,2.78
2027,광운대학교,화학공학과,학생부종합,광운참빛인재II(서류),50,2.22
2027,광운대학교,화학공학과,학생부종합,광운참빛인재II(서류),70,3.77
2027,광운대학교,화학과,학생부종합,광운참빛인재II(서류),50,2.54
2027,광운대학교,화학과,학생부종합,광운참빛인재II(서류),70,2.77
2027,광운대학교,환경공학과,학생부종합,광운참빛인재II(서류),50,2.94
2027,광운대학교,환경공학과,학생부종합,광운참빛인재II(서류),70,2.99
2027,광운대학교,AI로봇전공,학생부종합,소프트웨어우수인재,50,2.95
2027,광운대학교,AI로봇전공,학생부종합,소프트웨어우수인재,70,4.78
2027,광운대학교,소프트웨어학부,학생부종합,소프트웨어우수인재,50,2.97
2027,광운대학교,소프트웨어학부,학생부종합,소프트웨어우수인재,70,5.64
2027,광운대학교,정보융합학부,학생부종합,소프트웨어우수인재,50,3.07
2027,광운대학교,정보융합학부,학생부종합,소프트웨어우수인재,70,7.09
2027,광운대학교,컴퓨터정보공학부,학생부종합,소프트웨어우수인재,50,2.89
2027,광운대학교,컴퓨터정보공학부,학생부종합,소프트웨어우수인재,70,4.48
2027,성신여자대학교,교육학과,학생부교과,지역균형,50,2.06
2027,성신여자대학교,교육학과,학생부교과,지역균형,70,2.06
2027,성신여자대학교,사회교육과,학생부교과,지역균형,50,2.32
2027,성신여자대학교,사회교육과,학생부교과,지역균형,70,2.32
2027,성신여자대학교,유아교육과,학생부교과,지역균형,50,2.37
2027,성신여자대학교,유아교육과,학생부교과,지역균형,70,2.39
2027,성신여자대학교,윤리교육과,학생부교과,지역균형,50,2
2027,성신여자대학교,윤리교육과,학생부교과,지역균형,70,2
2027,성신여자대학교,한문교육과,학생부교과,지역균형,50,2.35
2027,성신여자대학교,한문교육과,학생부교과,지역균형,70,2.35
2027,성신여자대학교,경제학과,학생부종합,자기주도인재,50,2.97
2027,성신여자대학교,경제학과,학생부종합,자기주도인재,70,3.04
2027,성신여자대학교,교육학과,학생부종합,자기주도인재,50,2.79
2027,성신여자대학교,교육학과,학생부종합,자기주도인재,70,2.97
2027,성신여자대학교,국어국문학과,학생부종합,자기주도인재,50,2.85
2027,성신여자대학교,국어국문학과,학생부종합,자기주도인재,70,2.93
2027,성신여자대학교,독일어문·문화학과,학생부종합,자기주도인재,50,4.58
2027,성신여자대학교,독일어문·문화학과,학생부종합,자기주도인재,70,4.64
2027,성신여자대학교,문화예술경영학과,학생부종합,자기주도인재,50,2.98
2027,성신여자대학교,문화예술경영학과,학생부종합,자기주도인재,70,3.38
2027,성신여자대학교,미디어커뮤니케이션학과,학생부종합,자기주도인재,50,2.73
2027,성신여자대학교,미디어커뮤니케이션학과,학생부종합,자기주도인재,70,2.79
2027,성신여자대학교,법학부,학생부종합,자기주도인재,50,2.98
2027,성신여자대학교,법학부,학생부종합,자기주도인재,70,3.12
2027,성신여자대학교,뷰티산업학과,학생부종합,자기주도인재,50,3.21
2027,성신여자대학교,뷰티산업학과,학생부종합,자기주도인재,70,3.43
2027,성신여자대학교,사학과,학생부종합,자기주도인재,50,2.98
2027,성신여자대학교,사학과,학생부종합,자기주도인재,70,3.21
2027,성신여자대학교,사회교육과,학생부종합,자기주도인재,50,2.88
2027,성신여자대학교,사회교육과,학생부종합,자기주도인재,70,3.11
2027,성신여자대학교,사회복지학과,학생부종합,자기주도인재,50,3.14
2027,성신여자대학교,사회복지학과,학생부종합,자기주도인재,70,3.25
2027,성신여자대학교,소비자산업학과,학생부종합,자기주도인재,50,3.04
2027,성신여자대학교,소비자산업학과,학생부종합,자기주도인재,70,3.16
2027,성신여자대학교,심리학과,학생부종합,자기주도인재,50,2.86
2027,성신여자대학교,심리학과,학생부종합,자기주도인재,70,2.93
2027,성신여자대학교,영어영문학과,학생부종합,자기주도인재,50,3.28
2027,성신여자대학교,영어영문학과,학생부종합,자기주도인재,70,4.57
2027,성신여자대학교,유아교육과,학생부종합,자기주도인재,50,2.98
2027,성신여자대학교,유아교육과,학생부종합,자기주도인재,70,3.18
2027,성신여자대학교,윤리교육과,학생부종합,자기주도인재,50,2.95
2027,성신여자대학교,윤리교육과,학생부종합,자기주도인재,70,3.17
2027,성신여자대학교,의류산업학과,학생부종합,자기주도인재,50,2.93
2027,성신여자대학교,의류산업학과,학생부종합,자기주도인재,70,2.98
2027,성신여자대학교,일본어문·문화학과,학생부종합,자기주도인재,50,3.52
2027,성신여자대학교,일본어문·문화학과,학생부종합,자기주도인재,70,3.76
2027,성신여자대학교,정치외교학과,학생부종합,자기주도인재,50,2.66
2027,성신여자대학교,정치외교학과,학생부종합,자기주도인재,70,2.85
2027,성신여자대학교,중국어문·문화학과,학생부종합,자기주도인재,50,4.33
2027,성신여자대학교,중국어문·문화학과,학생부종합,자기주도인재,70,4.52
2027,성신여자대학교,지리학과,학생부종합,자기주도인재,50,2.81
2027,성신여자대학교,지리학과,학생부종합,자기주도인재,70,2.99
2027,성신여자대학교,프랑스어문·문화학과,학생부종합,자기주도인재,50,3.41
2027,성신여자대학교,프랑스어문·문화학과,학생부종합,자기주도인재,70,3.69
2027,성신여자대학교,한문교육과,학생부종합,자기주도인재,50,2.96
2027,성신여자대학교,한문교육과,학생부종합,자기주도인재,70,3.04
2027,성신여자대학교,간호학과,학생부종합,자기주도인재,50,2.41
2027,성신여자대학교,간호학과,학생부종합,자기주도인재,70,2.5
2027,성신여자대학교,바이오식품공학과,학생부종합,자기주도인재,50,2.73
2027,성신여자대학교,바이오식품공학과,학생부종합,자기주도인재,70,2.84
2027,성신여자대학교,바이오신약의과학부,학생부종합,자기주도인재,50,2.65
2027,성신여자대학교,바이오신약의과학부,학생부종합,자기주도인재,70,2.77
2027,성신여자대학교,바이오헬스융합학부,학생부종합,자기주도인재,50,2.97
2027,성신여자대학교,바이오헬스융합학부,학생부종합,자기주도인재,70,3.17
2027,성신여자대학교,서비스·디자인공학과,학생부종합,자기주도인재,50,3.29
2027,성신여자대학교,서비스·디자인공학과,학생부종합,자기주도인재,70,3.5
2027,성신여자대학교,융합보안공학과,학생부종합,자기주도인재,50,3.47
2027,성신여자대학교,융합보안공학과,학생부종합,자기주도인재,70,3.59
2027,성신여자대학교,청정신소재공학과,학생부종합,자기주도인재,50,2.99
2027,성신여자대학교,청정신소재공학과,학생부종합,자기주도인재,70,3.06
2027,성신여자대학교,컴퓨터공학과,학생부종합,자기주도인재,50,3.2
2027,성신여자대학교,컴퓨터공학과,학생부종합,자기주도인재,70,3.32
2027,단국대학교,국어국문학과,학생부교과,지역균형선발,50,2.33
2027,단국대학교,국어국문학과,학생부교과,지역균형선발,70,2.39
2027,단국대학교,국제경영학과,학생부교과,지역균형선발,50,2.38
2027,단국대학교,국제경영학과,학생부교과,지역균형선발,70,2.41
2027,단국대학교,사학과,학생부교과,지역균형선발,50,2.39
2027,단국대학교,사학과,학생부교과,지역균형선발,70,2.39
2027,단국대학교,영미인문학과,학생부교과,지역균형선발,50,2.55
2027,단국대학교,영미인문학과,학생부교과,지역균형선발,70,2.64
2027,단국대학교,특수교육과,학생부교과,지역균형선발,50,2.36
2027,단국대학교,특수교육과,학생부교과,지역균형선발,70,2.36
2027,단국대학교,한문교육과,학생부교과,지역균형선발,50,2.54
2027,단국대학교,한문교육과,학생부교과,지역균형선발,70,2.54
2027,단국대학교,과학교육과,학생부교과,지역균형선발,50,2.06
2027,단국대학교,과학교육과,학생부교과,지역균형선발,70,2.11
2027,단국대학교,기계공학과,학생부교과,지역균형선발,50,2.24
2027,단국대학교,기계공학과,학생부교과,지역균형선발,70,2.25
2027,단국대학교,사이버보안학과,학생부교과,지역균형선발,50,2.47
2027,단국대학교,사이버보안학과,학생부교과,지역균형선발,70,2.5
2027,단국대학교,소프트웨어학과,학생부교과,지역균형선발,50,2.3
2027,단국대학교,소프트웨어학과,학생부교과,지역균형선발,70,2.3
2027,단국대학교,수학교육과,학생부교과,지역균형선발,50,2.18
2027,단국대학교,수학교육과,학생부교과,지역균형선발,70,2.4
2027,단국대학교,융합반도체공학과,학생부교과,지역균형선발,50,2.2
2027,단국대학교,융합반도체공학과,학생부교과,지역균형선발,70,2.26
2027,단국대학교,전자전기공학과,학생부교과,지역균형선발,50,2.29
2027,단국대학교,전자전기공학과,학생부교과,지역균형선발,70,2.3
2027,단국대학교,컴퓨터공학과,학생부교과,지역균형선발,50,2.16
2027,단국대학교,컴퓨터공학과,학생부교과,지역균형선발,70,2.41
2027,단국대학교,인공지능학과,학생부교과,지역균형선발,50,2.44
2027,단국대학교,인공지능학과,학생부교과,지역균형선발,70,2.51
2027,단국대학교,화학공학과,학생부교과,지역균형선발,50,2.07
2027,단국대학교,화학공학과,학생부교과,지역균형선발,70,2.1
2027,단국대학교,경영학부,학생부종합,DKU인재(면접형),50,2.86
2027,단국대학교,경영학부,학생부종합,DKU인재(면접형),70,2.94
2027,단국대학교,경제학과,학생부종합,DKU인재(면접형),50,2.65
2027,단국대학교,경제학과,학생부종합,DKU인재(면접형),70,2.87
2027,단국대학교,국어국문학과,학생부종합,DKU인재(면접형),50,2.79
2027,단국대학교,국어국문학과,학생부종합,DKU인재(면접형),70,2.82
2027,단국대학교,국제경영학과,학생부종합,DKU인재(면접형),50,3.09
2027,단국대학교,국제경영학과,학생부종합,DKU인재(면접형),70,3.11
2027,단국대학교,무역학과,학생부종합,DKU인재(면접형),50,3.51
2027,단국대학교,무역학과,학생부종합,DKU인재(면접형),70,4.77
2027,단국대학교,법학과,학생부종합,DKU인재(면접형),50,2.81
2027,단국대학교,법학과,학생부종합,DKU인재(면접형),70,2.86
2027,단국대학교,사학과,학생부종합,DKU인재(면접형),50,2.63
2027,단국대학교,사학과,학생부종합,DKU인재(면접형),70,2.87
2027,단국대학교,상담학과,학생부종합,DKU인재(면접형),50,3.31
2027,단국대학교,상담학과,학생부종합,DKU인재(면접형),70,3.33
2027,단국대학교,영미인문학과,학생부종합,DKU인재(면접형),50,3.02
2027,단국대학교,영미인문학과,학생부종합,DKU인재(면접형),70,3.03
2027,단국대학교,정치외교학과,학생부종합,DKU인재(면접형),50,3.11
2027,단국대학교,정치외교학과,학생부종합,DKU인재(면접형),70,3.61
2027,단국대학교,철학과,학생부종합,DKU인재(면접형),50,2.85
2027,단국대학교,철학과,학생부종합,DKU인재(면접형),70,2.85
2027,단국대학교,특수교육과,학생부종합,DKU인재(면접형),50,3.26
2027,단국대학교,특수교육과,학생부종합,DKU인재(면접형),70,3.37
2027,단국대학교,한문교육과,학생부종합,DKU인재(면접형),50,3.19
2027,단국대학교,한문교육과,학생부종합,DKU인재(면접형),70,3.19
2027,단국대학교,행정학과,학생부종합,DKU인재(면접형),50,3.66
2027,단국대학교,행정학과,학생부종합,DKU인재(면접형),70,3.87
2027,단국대학교,경영학부,학생부종합,DKU인재(서류형),50,2.66
2027,단국대학교,경영학부,학생부종합,DKU인재(서류형),70,2.78
2027,단국대학교,경제학과,학생부종합,DKU인재(서류형),50,2.63
2027,단국대학교,경제학과,학생부종합,DKU인재(서류형),70,2.75
2027,단국대학교,국제경영학과,학생부종합,DKU인재(서류형),50,2.98
2027,단국대학교,국제경영학과,학생부종합,DKU인재(서류형),70,3.03
2027,단국대학교,무역학과,학생부종합,DKU인재(서류형),50,2.77
2027,단국대학교,무역학과,학생부종합,DKU인재(서류형),70,2.92
2027,단국대학교,법학과,학생부종합,DKU인재(서류형),50,2.55
2027,단국대학교,법학과,학생부종합,DKU인재(서류형),70,2.67
2027,단국대학교,상담학과,학생부종합,DKU인재(서류형),50,2.9
2027,단국대학교,상담학과,학생부종합,DKU인재(서류형),70,3.11
2027,단국대학교,정치외교학과,학생부종합,DKU인재(서류형),50,2.74
2027,단국대학교,정치외교학과,학생부종합,DKU인재(서류형),70,2.77
2027,단국대학교,특수교육과,학생부종합,DKU인재(서류형),50,2.11
2027,단국대학교,특수교육과,학생부종합,DKU인재(서류형),70,2.11
2027,단국대학교,한문교육과,학생부종합,DKU인재(서류형),50,2.86
2027,단국대학교,한문교육과,학생부종합,DKU인재(서류형),70,2.86
2027,단국대학교,행정학과,학생부종합,DKU인재(서류형),50,2.68
2027,단국대학교,행정학과,학생부종합,DKU인재(서류형),70,2.74
2027,단국대학교,경영학부,학생부종합,창업인재,50,3.37
2027,단국대학교,경영학부,학생부종합,창업인재,70,3.63
2027,단국대학교,과학교육과,학생부종합,DKU인재(면접형),50,2.72
2027,단국대학교,과학교육과,학생부종합,DKU인재(면접형),70,2.72
2027,단국대학교,기계공학과,학생부종합,DKU인재(면접형),50,2.96
2027,단국대학교,기계공학과,학생부종합,DKU인재(면접형),70,2.98
2027,단국대학교,수학교육과,학생부종합,DKU인재(면접형),50,2.32
2027,단국대학교,수학교육과,학생부종합,DKU인재(면접형),70,2.33
2027,단국대학교,융합반도체공학과,학생부종합,DKU인재(면접형),50,3.12
2027,단국대학교,융합반도체공학과,학생부종합,DKU인재(면접형),70,3.43
2027,단국대학교,전자전기공학과,학생부종합,DKU인재(면접형),50,2.69
2027,단국대학교,전자전기공학과,학생부종합,DKU인재(면접형),70,2.82
2027,단국대학교,화학공학과,학생부종합,DKU인재(면접형),50,2.97
2027,단국대학교,화학공학과,학생부종합,DKU인재(면접형),70,3.06
2027,단국대학교,과학교육과,학생부종합,DKU인재(서류형),50,2.47
2027,단국대학교,과학교육과,학생부종합,DKU인재(서류형),70,2.78
2027,단국대학교,기계공학과,학생부종합,DKU인재(서류형),50,2.8
2027,단국대학교,기계공학과,학생부종합,DKU인재(서류형),70,2.85
2027,단국대학교,수학교육과,학생부종합,DKU인재(서류형),50,2.21
2027,단국대학교,수학교육과,학생부종합,DKU인재(서류형),70,2.24
2027,단국대학교,융합반도체공학과,학생부종합,DKU인재(서류형),50,2.77
2027,단국대학교,융합반도체공학과,학생부종합,DKU인재(서류형),70,2.95
2027,단국대학교,전자전기공학과,학생부종합,DKU인재(서류형),50,2.6
2027,단국대학교,전자전기공학과,학생부종합,DKU인재(서류형),70,2.84
2027,단국대학교,화학공학과,학생부종합,DKU인재(서류형),50,2.49
2027,단국대학교,화학공학과,학생부종합,DKU인재(서류형),70,2.54
2027,가천대학교,경제학과,학생부종합,가천바람개비,50,3.51
2027,가천대학교,경제학과,학생부종합,가천바람개비,70,3.83
2027,가천대학교,관광경영학과,학생부종합,가천바람개비,50,3.66
2027,가천대학교,관광경영학과,학생부종합,가천바람개비,70,3.76
2027,가천대학교,AI 인문대학,학생부종합,가천바람개비,50,3.78
2027,가천대학교,AI 인문대학,학생부종합,가천바람개비,70,3.95
2027,가천대학교,사회복지학과,학생부종합,가천바람개비,50,4.06
2027,가천대학교,사회복지학과,학생부종합,가천바람개비,70,4.14
2027,가천대학교,심리학과,학생부종합,가천바람개비,50,3.18
2027,가천대학교,심리학과,학생부종합,가천바람개비,70,3.28
2027,가천대학교,유아교육학과,학생부종합,가천바람개비,50,3.51
2027,가천대학교,유아교육학과,학생부종합,가천바람개비,70,3.79
2027,가천대학교,응용통계학과,학생부종합,가천바람개비,50,3.51
2027,가천대학교,응용통계학과,학생부종합,가천바람개비,70,3.55
2027,가천대학교,의료산업경영학과,학생부종합,가천바람개비,50,3.85
2027,가천대학교,의료산업경영학과,학생부종합,가천바람개비,70,3.87
2027,가천대학교,패션산업학과,학생부종합,가천바람개비,50,3.79
2027,가천대학교,패션산업학과,학생부종합,가천바람개비,70,3.9
2027,가천대학교,회계세무학과,학생부종합,가천바람개비,50,3.52
2027,가천대학교,회계세무학과,학생부종합,가천바람개비,70,3.53
2027,가천대학교,바이오의료기기학과,학생부종합,조기취업형 계약,50,4.42
2027,가천대학교,바이오의료기기학과,학생부종합,조기취업형 계약,70,4.88
2027,가천대학교,미래자동차학과,학생부종합,조기취업형 계약,50,4.31
2027,가천대학교,미래자동차학과,학생부종합,조기취업형 계약,70,5.35
2027,가천대학교,간호학과,학생부종합,가천바람개비,50,2.79
2027,가천대학교,간호학과,학생부종합,가천바람개비,70,2.88
2027,가천대학교,건축학부,학생부종합,가천바람개비,50,3.55
2027,가천대학교,건축학부,학생부종합,가천바람개비,70,3.94
2027,가천대학교,건설환경공학과,학생부종합,가천바람개비,50,3.63
2027,가천대학교,건설환경공학과,학생부종합,가천바람개비,70,3.78
2027,가천대학교,물리치료학과,학생부종합,가천바람개비,50,3.31
2027,가천대학교,물리치료학과,학생부종합,가천바람개비,70,3.48
2027,가천대학교,반도체물리학과,학생부종합,가천바람개비,50,4.31
2027,가천대학교,반도체물리학과,학생부종합,가천바람개비,70,4.34
2027,가천대학교,바이오나노학과,학생부종합,가천바람개비,50,3.01
2027,가천대학교,바이오나노학과,학생부종합,가천바람개비,70,3.15
2027,가천대학교,바이오로직스학과,학생부종합,가천바람개비,50,3.19
2027,가천대학교,바이오로직스학과,학생부종합,가천바람개비,70,3.33
2027,가천대학교,방사선학과,학생부종합,가천바람개비,50,3.05
2027,가천대학교,방사선학과,학생부종합,가천바람개비,70,3.05
2027,가천대학교,생명과학과,학생부종합,가천바람개비,50,2.85
2027,가천대학교,생명과학과,학생부종합,가천바람개비,70,3.71
2027,가천대학교,스마트시티학과,학생부종합,가천바람개비,50,4.17
2027,가천대학교,스마트시티학과,학생부종합,가천바람개비,70,4.23
2027,가천대학교,식품생명공학과,학생부종합,가천바람개비,50,3.24
2027,가천대학교,식품생명공학과,학생부종합,가천바람개비,70,3.56
2027,가천대학교,식품영양학과,학생부종합,가천바람개비,50,3.62
2027,가천대학교,식품영양학과,학생부종합,가천바람개비,70,3.86
2027,가천대학교,신소재공학과,학생부종합,가천바람개비,50,3.18
2027,가천대학교,신소재공학과,학생부종합,가천바람개비,70,3.54
2027,가천대학교,운동재활학과,학생부종합,가천바람개비,50,3.71
2027,가천대학교,운동재활학과,학생부종합,가천바람개비,70,3.92
2027,가천대학교,응급구조학과,학생부종합,가천바람개비,50,4.13
2027,가천대학교,응급구조학과,학생부종합,가천바람개비,70,4.64
2027,가천대학교,의공학과,학생부종합,가천바람개비,50,3.51
2027,가천대학교,의공학과,학생부종합,가천바람개비,70,3.61
2027,가천대학교,전기공학과,학생부종합,가천바람개비,50,3.37
2027,가천대학교,전기공학과,학생부종합,가천바람개비,70,3.45
2027,가천대학교,치위생학과,학생부종합,가천바람개비,50,3.3
2027,가천대학교,치위생학과,학생부종합,가천바람개비,70,3.67
2027,가천대학교,화학과,학생부종합,가천바람개비,50,3.65
2027,가천대학교,화학과,학생부종합,가천바람개비,70,3.67
2027,가천대학교,약학과,학생부종합,가천의약학,50,2.39
2027,가천대학교,약학과,학생부종합,가천의약학,70,2.69
2027,명지대학교,법학과,학생부교과,학교장추천,50,2.31
2027,명지대학교,법학과,학생부교과,학교장추천,70,2.33
2027,명지대학교,자율전공학부 인문,학생부교과,학교장추천,50,2.33
2027,명지대학교,자율전공학부 인문,학생부교과,학교장추천,70,2.42
2027,명지대학교,자율전공학부 자연,학생부교과,학교장추천,50,2.21
2027,명지대학교,자율전공학부 자연,학생부교과,학교장추천,70,2.27
2027,명지대학교,응용소프트웨어전공,학생부교과,학교장추천,50,2.36
2027,명지대학교,응용소프트웨어전공,학생부교과,학교장추천,70,2.81
2027,명지대학교,디지털콘텐츠디자인학과,학생부교과,학교장추천,50,2
2027,명지대학교,디지털콘텐츠디자인학과,학생부교과,학교장추천,70,2.42
2027,명지대학교,기계시스템공학부,학생부교과,학교장추천,50,2.46
2027,명지대학교,기계시스템공학부,학생부교과,학교장추천,70,2.68
2027,명지대학교,산업경영공학과,학생부교과,학교장추천,50,2.59
2027,명지대학교,산업경영공학과,학생부교과,학교장추천,70,2.67
2027,명지대학교,인공지능전공,학생부교과,학교장추천,50,2.93
2027,명지대학교,인공지능전공,학생부교과,학교장추천,70,3.03
2027,명지대학교,법학과,학생부교과,교과면접,50,2.79
2027,명지대학교,법학과,학생부교과,교과면접,70,2.84
2027,명지대학교,응용소프트웨어전공,학생부교과,교과면접,50,2.97
2027,명지대학교,응용소프트웨어전공,학생부교과,교과면접,70,2.97
2027,명지대학교,디지털콘텐츠디자인학과,학생부교과,교과면접,50,2
2027,명지대학교,디지털콘텐츠디자인학과,학생부교과,교과면접,70,2.42
2027,명지대학교,기계시스템공학부,학생부교과,교과면접,50,2.6
2027,명지대학교,기계시스템공학부,학생부교과,교과면접,70,2.66
2027,명지대학교,산업경영공학과,학생부교과,교과면접,50,2.63
2027,명지대학교,산업경영공학과,학생부교과,교과면접,70,2.77
2027,명지대학교,인공지능전공,학생부교과,교과면접,50,2.64
2027,명지대학교,인공지능전공,학생부교과,교과면접,70,2.69
2027,명지대학교,문예창작학과,학생부종합,명지인재면접,50,3.65
2027,명지대학교,문예창작학과,학생부종합,명지인재면접,70,4.3
2027,명지대학교,법학과,학생부종합,명지인재면접,50,3.41
2027,명지대학교,법학과,학생부종합,명지인재면접,70,4
2027,명지대학교,응용소프트웨어전공,학생부종합,명지인재면접,50,3.47
2027,명지대학교,응용소프트웨어전공,학생부종합,명지인재면접,70,3.68
2027,명지대학교,디지털콘텐츠디자인학과,학생부종합,명지인재면접,50,3.7
2027,명지대학교,디지털콘텐츠디자인학과,학생부종합,명지인재면접,70,3.95
2027,명지대학교,기계시스템공학부,학생부종합,명지인재면접,50,3.38
2027,명지대학교,기계시스템공학부,학생부종합,명지인재면접,70,3.63
2027,명지대학교,산업경영공학과,학생부종합,명지인재면접,50,3.61
2027,명지대학교,산업경영공학과,학생부종합,명지인재면접,70,3.92
2027,명지대학교,인공지능전공,학생부종합,명지인재면접,50,3.41
2027,명지대학교,인공지능전공,학생부종합,명지인재면접,70,3.44
2027,명지대학교,법학과,학생부종합,명지인재서류,50,3.08
2027,명지대학교,법학과,학생부종합,명지인재서류,70,3.26
2027,명지대학교,자율전공학부 인문,학생부종합,명지인재서류,50,2.99
2027,명지대학교,자율전공학부 인문,학생부종합,명지인재서류,70,3.11
2027,명지대학교,자율전공학부 자연,학생부종합,명지인재서류,50,2.98
2027,명지대학교,자율전공학부 자연,학생부종합,명지인재서류,70,3.06
2027,명지대학교,응용소프트웨어전공,학생부종합,명지인재서류,50,3.63
2027,명지대학교,응용소프트웨어전공,학생부종합,명지인재서류,70,3.77
2027,명지대학교,디지털콘텐츠디자인학과,학생부종합,명지인재서류,50,3.02
2027,명지대학교,디지털콘텐츠디자인학과,학생부종합,명지인재서류,70,3.28
2027,명지대학교,기계시스템공학부,학생부종합,명지인재서류,50,3.26
2027,명지대학교,기계시스템공학부,학생부종합,명지인재서류,70,3.33
2027,명지대학교,산업경영공학과,학생부종합,명지인재서류,50,3.4
2027,명지대학교,산업경영공학과,학생부종합,명지인재서류,70,3.46
2027,명지대학교,인공지능전공,학생부종합,명지인재서류,50,3.16
2027,명지대학교,인공지능전공,학생부종합,명지인재서류,70,3.33
2027,한국항공대학교,공과대학,학생부교과,교과성적우수자,50,2.3
2027,한국항공대학교,공과대학,학생부교과,교과성적우수자,70,2.47
2027,한국항공대학교,AI융합대학,학생부교과,교과성적우수자,50,2.55
2027,한국항공대학교,AI융합대학,학생부교과,교과성적우수자,70,2.5
2027,한국항공대학교,항공운항학과,학생부교과,교과성적우수자,50,1.25
2027,한국항공대학교,항공운항학과,학생부교과,교과성적우수자,70,1.3
2027,한국항공대학교,공과대학,학생부교과,학교장추천,50,2.1
2027,한국항공대학교,공과대학,학생부교과,학교장추천,70,2.21
2027,한국항공대학교,AI융합대학,학생부교과,학교장추천,50,2.37
2027,한국항공대학교,AI융합대학,학생부교과,학교장추천,70,2.45
2027,한국항공대학교,항공운항학과,학생부교과,학교장추천,50,1.3
2027,한국항공대학교,항공운항학과,학생부교과,학교장추천,70,1.3
2027,한국항공대학교,공과대학,학생부종합,미래인재,50,2.85
2027,한국항공대학교,공과대학,학생부종합,미래인재,70,2.89
2027,한국항공대학교,AI융합대학,학생부종합,미래인재,50,2.85
2027,한국항공대학교,AI융합대학,학생부종합,미래인재,70,3.7
2027,한국항공대학교,항공운항학과,학생부종합,미래인재,50,1.8
2027,한국항공대학교,항공운항학과,학생부종합,미래인재,70,2.15
2027,상명대학교,자유전공 이공계열,학생부교과,고교추천,50,2.55
2027,상명대학교,자유전공 이공계열,학생부교과,고교추천,70,2.64
2027,상명대학교,자유전공예체능계열,학생부교과,고교추천,50,2.71
2027,상명대학교,자유전공예체능계열,학생부교과,고교추천,70,2.94
2027,상명대학교,가족복지학과,학생부교과,고교추천,50,2.68
2027,상명대학교,가족복지학과,학생부교과,고교추천,70,2.97
2027,상명대학교,경영학부,학생부교과,고교추천,50,2.59
2027,상명대학교,경영학부,학생부교과,고교추천,70,2.79
2027,상명대학교,경제금융학부,학생부교과,고교추천,50,2.78
2027,상명대학교,경제금융학부,학생부교과,고교추천,70,2.94
2027,상명대학교,공간환경학부,학생부교과,고교추천,50,2.52
2027,상명대학교,공간환경학부,학생부교과,고교추천,70,2.67
2027,상명대학교,교육학과,학생부교과,고교추천,50,2.75
2027,상명대학교,교육학과,학생부교과,고교추천,70,2.78
2027,상명대학교,국어교육과,학생부교과,고교추천,50,2.58
2027,상명대학교,국어교육과,학생부교과,고교추천,70,2.57
2027,상명대학교,글로벌경영학과,학생부교과,고교추천,50,2.64
2027,상명대학교,글로벌경영학과,학생부교과,고교추천,70,2.7
2027,상명대학교,영어교육과,학생부교과,고교추천,50,2.44
2027,상명대학교,영어교육과,학생부교과,고교추천,70,2.49
2027,상명대학교,행정학부,학생부교과,고교추천,50,2.75
2027,상명대학교,행정학부,학생부교과,고교추천,70,2.75
2027,상명대학교,수학교육과,학생부교과,고교추천,50,2.25
2027,상명대학교,수학교육과,학생부교과,고교추천,70,2.38
2027,상명대학교,가족복지학과,학생부종합,상명인재,50,2.93
2027,상명대학교,가족복지학과,학생부종합,상명인재,70,3.04
2027,상명대학교,경영학부,학생부종합,상명인재,50,2.97
2027,상명대학교,경영학부,학생부종합,상명인재,70,3.02
2027,상명대학교,경제금융학부,학생부종합,상명인재,50,3.19
2027,상명대학교,경제금융학부,학생부종합,상명인재,70,3.27
2027,상명대학교,공간환경학부,학생부종합,상명인재,50,3.2
2027,상명대학교,공간환경학부,학생부종합,상명인재,70,3.23
2027,상명대학교,교육학과,학생부종합,상명인재,50,2.72
2027,상명대학교,교육학과,학생부종합,상명인재,70,3.06
2027,상명대학교,국어교육과,학생부종합,상명인재,50,2.61
2027,상명대학교,국어교육과,학생부종합,상명인재,70,2.66
2027,상명대학교,글로벌경영학과,학생부종합,상명인재,50,3.07
2027,상명대학교,글로벌경영학과,학생부종합,상명인재,70,3.11
2027,상명대학교,영어교육과,학생부종합,상명인재,50,2.61
2027,상명대학교,영어교육과,학생부종합,상명인재,70,2.71
2027,상명대학교,행정학부,학생부종합,상명인재,50,3.2
2027,상명대학교,행정학부,학생부종합,상명인재,70,3.35
2027,상명대학교,수학교육과,학생부종합,상명인재,50,2.82
2027,상명대학교,수학교육과,학생부종합,상명인재,70,2.82
2027,상명대학교,자유전공 이공계열,논술,논술전형,50,4.71
2027,상명대학교,자유전공 이공계열,논술,논술전형,70,5.15
2027,상명대학교,가족복지학과,논술,논술전형,50,4.17
2027,상명대학교,가족복지학과,논술,논술전형,70,4.57
2027,상명대학교,경영학부,논술,논술전형,50,4.26
2027,상명대학교,경영학부,논술,논술전형,70,4.59
2027,상명대학교,경제금융학부,논술,논술전형,50,4.41
2027,상명대학교,경제금융학부,논술,논술전형,70,4.41
2027,상명대학교,공간환경학부,논술,논술전형,50,3.89
2027,상명대학교,공간환경학부,논술,논술전형,70,4.08
2027,상명대학교,교육학과,논술,논술전형,50,4.93
2027,상명대학교,교육학과,논술,논술전형,70,4.63
2027,상명대학교,국어교육과,논술,논술전형,50,4.21
2027,상명대학교,국어교육과,논술,논술전형,70,4.9
2027,상명대학교,글로벌경영학과,논술,논술전형,50,4.61
2027,상명대학교,글로벌경영학과,논술,논술전형,70,4.61
2027,상명대학교,영어교육과,논술,논술전형,50,2.45
2027,상명대학교,영어교육과,논술,논술전형,70,4.33
2027,상명대학교,행정학부,논술,논술전형,50,4.24
2027,상명대학교,행정학부,논술,논술전형,70,4.24
2027,상명대학교,수학교육과,논술,논술전형,50,4.4
2027,상명대학교,수학교육과,논술,논술전형,70,4.75
2027,서울여자대학교,경영학과,학생부교과,교과우수자,50,2.75
2027,서울여자대학교,경영학과,학생부교과,교과우수자,70,2.77
2027,서울여자대학교,경제학과,학생부교과,교과우수자,50,2.86
2027,서울여자대학교,경제학과,학생부교과,교과우수자,70,3.02
2027,서울여자대학교,국어국문학과,학생부교과,교과우수자,50,3.08
2027,서울여자대학교,국어국문학과,학생부교과,교과우수자,70,3.13
2027,서울여자대학교,독일문화콘텐츠전공,학생부교과,교과우수자,50,2.83
2027,서울여자대학교,독일문화콘텐츠전공,학생부교과,교과우수자,70,3.08
2027,서울여자대학교,문헌정보학과,학생부교과,교과우수자,50,2.81
2027,서울여자대학교,문헌정보학과,학생부교과,교과우수자,70,2.81
2027,서울여자대학교,사학과,학생부교과,교과우수자,50,2.83
2027,서울여자대학교,사학과,학생부교과,교과우수자,70,2.86
2027,서울여자대학교,사회복지학과,학생부교과,교과우수자,50,2.78
2027,서울여자대학교,사회복지학과,학생부교과,교과우수자,70,2.96
2027,서울여자대학교,아동학과,학생부교과,교과우수자,50,3.12
2027,서울여자대학교,아동학과,학생부교과,교과우수자,70,3.21
2027,서울여자대학교,언론영상학부,학생부교과,교과우수자,50,2.69
2027,서울여자대학교,언론영상학부,학생부교과,교과우수자,70,2.78
2027,서울여자대학교,영어영문학과,학생부교과,교과우수자,50,2.56
2027,서울여자대학교,영어영문학과,학생부교과,교과우수자,70,2.85
2027,서울여자대학교,일어일문학과,학생부교과,교과우수자,50,3.03
2027,서울여자대학교,일어일문학과,학생부교과,교과우수자,70,3.1
2027,서울여자대학교,중어중문학과,학생부교과,교과우수자,50,3.07
2027,서울여자대학교,중어중문학과,학생부교과,교과우수자,70,3.07
2027,서울여자대학교,패션산업학과,학생부교과,교과우수자,50,2.79
2027,서울여자대학교,패션산업학과,학생부교과,교과우수자,70,2.95
2027,서울여자대학교,프랑스문화콘텐츠전공,학생부교과,교과우수자,50,3.26
2027,서울여자대학교,프랑스문화콘텐츠전공,학생부교과,교과우수자,70,3.26
2027,서울여자대학교,행정학과,학생부교과,교과우수자,50,2.92
2027,서울여자대학교,행정학과,학생부교과,교과우수자,70,3.05
2027,서울여자대학교,디지털미디어학과,학생부교과,교과우수자,50,2.98
2027,서울여자대학교,디지털미디어학과,학생부교과,교과우수자,70,3.14
2027,서울여자대학교,바이오헬스융합학과,학생부교과,교과우수자,50,2.52
2027,서울여자대학교,바이오헬스융합학과,학생부교과,교과우수자,70,2.59
2027,서울여자대학교,생명환경공학과,학생부교과,교과우수자,50,2.64
2027,서울여자대학교,생명환경공학과,학생부교과,교과우수자,70,2.64
2027,서울여자대학교,수학과,학생부교과,교과우수자,50,2.99
2027,서울여자대학교,수학과,학생부교과,교과우수자,70,2.99
2027,서울여자대학교,식품생명공학과,학생부교과,교과우수자,50,2.91
2027,서울여자대학교,식품생명공학과,학생부교과,교과우수자,70,2.91
2027,서울여자대학교,식품영양학과,학생부교과,교과우수자,50,2.58
2027,서울여자대학교,식품영양학과,학생부교과,교과우수자,70,2.59
2027,서울여자대학교,원예생명조경학과,학생부교과,교과우수자,50,2.91
2027,서울여자대학교,원예생명조경학과,학생부교과,교과우수자,70,2.92
2027,서울여자대학교,지능정보보호학부,학생부교과,교과우수자,50,2.94
2027,서울여자대학교,지능정보보호학부,학생부교과,교과우수자,70,2.94
2027,서울여자대학교,화학과,학생부교과,교과우수자,50,2.75
2027,서울여자대학교,화학과,학생부교과,교과우수자,70,2.75
2027,서울여자대학교,경영학과,학생부종합,바롬인재면접,50,3.39
2027,서울여자대학교,경영학과,학생부종합,바롬인재면접,70,3.66
2027,서울여자대학교,경제학과,학생부종합,바롬인재면접,50,3.35
2027,서울여자대학교,경제학과,학생부종합,바롬인재면접,70,3.56
2027,서울여자대학교,국어국문학과,학생부종합,바롬인재면접,50,3.18
2027,서울여자대학교,국어국문학과,학생부종합,바롬인재면접,70,3.25
2027,서울여자대학교,독일문화콘텐츠전공,학생부종합,바롬인재면접,50,3.97
2027,서울여자대학교,독일문화콘텐츠전공,학생부종합,바롬인재면접,70,4.3
2027,서울여자대학교,문헌정보학과,학생부종합,바롬인재면접,50,3.67
2027,서울여자대학교,문헌정보학과,학생부종합,바롬인재면접,70,3.79
2027,서울여자대학교,사학과,학생부종합,바롬인재면접,50,3.85
2027,서울여자대학교,사학과,학생부종합,바롬인재면접,70,3.85
2027,서울여자대학교,사회복지학과,학생부종합,바롬인재면접,50,3.87
2027,서울여자대학교,사회복지학과,학생부종합,바롬인재면접,70,4.17
2027,서울여자대학교,아동학과,학생부종합,바롬인재면접,50,3.6
2027,서울여자대학교,아동학과,학생부종합,바롬인재면접,70,3.62
2027,서울여자대학교,언론영상학부,학생부종합,바롬인재면접,50,3.26
2027,서울여자대학교,언론영상학부,학생부종합,바롬인재면접,70,3.31
2027,서울여자대학교,영어영문학과,학생부종합,바롬인재면접,50,3.4
2027,서울여자대학교,영어영문학과,학생부종합,바롬인재면접,70,3.42
2027,서울여자대학교,일어일문학과,학생부종합,바롬인재면접,50,3.81
2027,서울여자대학교,일어일문학과,학생부종합,바롬인재면접,70,3.86
2027,서울여자대학교,중어중문학과,학생부종합,바롬인재면접,50,3.98
2027,서울여자대학교,중어중문학과,학생부종합,바롬인재면접,70,4.1
2027,서울여자대학교,패션산업학과,학생부종합,바롬인재면접,50,3.69
2027,서울여자대학교,패션산업학과,학생부종합,바롬인재면접,70,3.73
2027,서울여자대학교,프랑스문화콘텐츠전공,학생부종합,바롬인재면접,50,3.98
2027,서울여자대학교,프랑스문화콘텐츠전공,학생부종합,바롬인재면접,70,4.71
2027,서울여자대학교,행정학과,학생부종합,바롬인재면접,50,3.22
2027,서울여자대학교,행정학과,학생부종합,바롬인재면접,70,3.24
2027,서울여자대학교,바이오헬스융합학과,학생부종합,바롬인재면접,50,3.31
2027,서울여자대학교,바이오헬스융합학과,학생부종합,바롬인재면접,70,3.37
2027,서울여자대학교,생명환경공학과,학생부종합,바롬인재면접,50,2.79
2027,서울여자대학교,생명환경공학과,학생부종합,바롬인재면접,70,3.13
2027,서울여자대학교,수학과,학생부종합,바롬인재면접,50,3.44
2027,서울여자대학교,수학과,학생부종합,바롬인재면접,70,3.52
2027,서울여자대학교,식품생명공학과,학생부종합,바롬인재면접,50,3.08
2027,서울여자대학교,식품생명공학과,학생부종합,바롬인재면접,70,3.17
2027,서울여자대학교,식품영양학과,학생부종합,바롬인재면접,50,3.22
2027,서울여자대학교,식품영양학과,학생부종합,바롬인재면접,70,3.28
2027,서울여자대학교,원예생명조경학과,학생부종합,바롬인재면접,50,3.31
2027,서울여자대학교,원예생명조경학과,학생부종합,바롬인재면접,70,3.35
2027,서울여자대학교,화학과,학생부종합,바롬인재면접,50,3.4
2027,서울여자대학교,화학과,학생부종합,바롬인재면접,70,3.55
2027,서울여자대학교,디지털미디어학과,학생부종합,SW융합인재,50,4.35
2027,서울여자대학교,디지털미디어학과,학생부종합,SW융합인재,70,4.4
2027,서울여자대학교,지능정보보호학부,학생부종합,SW융합인재,50,3.89
2027,서울여자대학교,지능정보보호학부,학생부종합,SW융합인재,70,3.89
2027,서울여자대학교,경영학과,학생부종합,바롬인재서류,50,2.94
2027,서울여자대학교,경영학과,학생부종합,바롬인재서류,70,3.05
2027,서울여자대학교,경제학과,학생부종합,바롬인재서류,50,3.4
2027,서울여자대학교,경제학과,학생부종합,바롬인재서류,70,3.51
2027,서울여자대학교,국어국문학과,학생부종합,바롬인재서류,50,3.23
2027,서울여자대학교,국어국문학과,학생부종합,바롬인재서류,70,3.28
2027,서울여자대학교,독일문화콘텐츠전공,학생부종합,바롬인재서류,50,4.68
2027,서울여자대학교,독일문화콘텐츠전공,학생부종합,바롬인재서류,70,4.68
2027,서울여자대학교,문헌정보학과,학생부종합,바롬인재서류,50,3.64
2027,서울여자대학교,문헌정보학과,학생부종합,바롬인재서류,70,3.64
2027,서울여자대학교,사학과,학생부종합,바롬인재서류,50,3.24
2027,서울여자대학교,사학과,학생부종합,바롬인재서류,70,3.24
2027,서울여자대학교,사회복지학과,학생부종합,바롬인재서류,50,3.46
2027,서울여자대학교,사회복지학과,학생부종합,바롬인재서류,70,3.46
2027,서울여자대학교,아동학과,학생부종합,바롬인재서류,50,3.49
2027,서울여자대학교,아동학과,학생부종합,바롬인재서류,70,3.59
2027,서울여자대학교,언론영상학부,학생부종합,바롬인재서류,50,2.88
2027,서울여자대학교,언론영상학부,학생부종합,바롬인재서류,70,3.04
2027,서울여자대학교,영어영문학과,학생부종합,바롬인재서류,50,3.15
2027,서울여자대학교,영어영문학과,학생부종합,바롬인재서류,70,3.49
2027,서울여자대학교,일어일문학과,학생부종합,바롬인재서류,50,3.59
2027,서울여자대학교,일어일문학과,학생부종합,바롬인재서류,70,3.63
2027,서울여자대학교,중어중문학과,학생부종합,바롬인재서류,50,3.87
2027,서울여자대학교,중어중문학과,학생부종합,바롬인재서류,70,3.87
2027,서울여자대학교,패션산업학과,학생부종합,바롬인재서류,50,2.93
2027,서울여자대학교,패션산업학과,학생부종합,바롬인재서류,70,2.93
2027,서울여자대학교,프랑스문화콘텐츠전공,학생부종합,바롬인재서류,50,3.14
2027,서울여자대학교,프랑스문화콘텐츠전공,학생부종합,바롬인재서류,70,3.14
2027,서울여자대학교,행정학과,학생부종합,바롬인재서류,50,3.2
2027,서울여자대학교,행정학과,학생부종합,바롬인재서류,70,3.33
2027,서울여자대학교,디지털미디어학과,학생부종합,바롬인재서류,50,4.38
2027,서울여자대학교,디지털미디어학과,학생부종합,바롬인재서류,70,4.5
2027,서울여자대학교,바이오헬스융합학과,학생부종합,바롬인재서류,50,2.96
2027,서울여자대학교,바이오헬스융합학과,학생부종합,바롬인재서류,70,2.98
2027,서울여자대학교,생명환경공학과,학생부종합,바롬인재서류,50,3.13
2027,서울여자대학교,생명환경공학과,학생부종합,바롬인재서류,70,3.13
2027,서울여자대학교,수학과,학생부종합,바롬인재서류,50,3.59
2027,서울여자대학교,수학과,학생부종합,바롬인재서류,70,3.59
2027,서울여자대학교,식품생명공학과,학생부종합,바롬인재서류,50,2.91
2027,서울여자대학교,식품생명공학과,학생부종합,바롬인재서류,70,3.01
2027,서울여자대학교,식품영양학과,학생부종합,바롬인재서류,50,3.07
2027,서울여자대학교,식품영양학과,학생부종합,바롬인재서류,70,3.3
2027,서울여자대학교,원예생명조경학과,학생부종합,바롬인재서류,50,3.1
2027,서울여자대학교,원예생명조경학과,학생부종합,바롬인재서류,70,3.28
2027,서울여자대학교,지능정보보호학부,학생부종합,바롬인재서류,50,3.41
2027,서울여자대학교,지능정보보호학부,학생부종합,바롬인재서류,70,3.62
2027,서울여자대학교,화학과,학생부종합,바롬인재서류,50,2.9
2027,서울여자대학교,화학과,학생부종합,바롬인재서류,70,2.94
2027,덕성여자대학교,글로벌융합대학,학생부교과,고교추천,50,3.06
2027,덕성여자대학교,글로벌융합대학,학생부교과,고교추천,70,3.17
2027,덕성여자대학교,유아교육과,학생부교과,고교추천,50,3.12
2027,덕성여자대학교,유아교육과,학생부교과,고교추천,70,3.3
2027,덕성여자대학교,과학기술대학,학생부교과,고교추천,50,2.99
2027,덕성여자대학교,과학기술대학,학생부교과,고교추천,70,3.15
2027,덕성여자대학교,가상현실융합학과,학생부교과,고교추천,50,3.3
2027,덕성여자대학교,가상현실융합학과,학생부교과,고교추천,70,3.44
2027,덕성여자대학교,데이터사이언스학과,학생부교과,고교추천,50,3.5
2027,덕성여자대학교,데이터사이언스학과,학생부교과,고교추천,70,3.55
2027,덕성여자대학교,글로벌융합대학,논술,논술,50,4.86
2027,덕성여자대학교,글로벌융합대학,논술,논술,70,5.39
2027,덕성여자대학교,과학기술대학,논술,논술,50,4.68
2027,덕성여자대학교,과학기술대학,논술,논술,70,5.05
2027,덕성여자대학교,글로벌융합대학,학생부종합,덕성인재I(서류),50,3.2
2027,덕성여자대학교,글로벌융합대학,학생부종합,덕성인재I(서류),70,3.31
2027,덕성여자대학교,글로벌융합대학,학생부종합,덕성인재II(면접),50,3.2
2027,덕성여자대학교,글로벌융합대학,학생부종합,덕성인재II(면접),70,3.31
2027,덕성여자대학교,유아교육과,학생부종합,덕성인재I(서류),50,3.21
2027,덕성여자대학교,유아교육과,학생부종합,덕성인재I(서류),70,3.37
2027,덕성여자대학교,유아교육과,학생부종합,덕성인재II(면접),50,3.21
2027,덕성여자대학교,유아교육과,학생부종합,덕성인재II(면접),70,3.37
2027,덕성여자대학교,과학기술대학,학생부종합,덕성인재II(면접),50,3.29
2027,덕성여자대학교,과학기술대학,학생부종합,덕성인재II(면접),70,3.49
2027,덕성여자대학교,가상현실융합학과,학생부종합,덕성인재II(면접),50,3.74
2027,덕성여자대학교,가상현실융합학과,학생부종합,덕성인재II(면접),70,3.95
2027,덕성여자대학교,데이터사이언스학과,학생부종합,덕성인재II(면접),50,3.84
2027,덕성여자대학교,데이터사이언스학과,학생부종합,덕성인재II(면접),70,3.91
2027,덕성여자대학교,과학기술대학,학생부종합,덕성인재I(서류),50,3.29
2027,덕성여자대학교,과학기술대학,학생부종합,덕성인재I(서류),70,3.49
2027,동덕여자대학교,경영융합학부,학생부교과,학생부교과우수자,50,3.55
2027,동덕여자대학교,경영융합학부,학생부교과,학생부교과우수자,70,3.81
2027,동덕여자대학교,약학과,학생부교과,학생부교과우수자,50,1.31
2027,동덕여자대학교,약학과,학생부교과,학생부교과우수자,70,1.32
2027,동덕여자대학교,경영융합학부,학생부종합,동덕창의리더,50,3.44
2027,동덕여자대학교,경영융합학부,학생부종합,동덕창의리더,70,4.13
2027,동덕여자대학교,약학과,학생부종합,동덕창의리더,50,1.61
2027,동덕여자대학교,약학과,학생부종합,동덕창의리더,70,1.38
2027,가톨릭대학교,경영학과,학생부교과,지역균형,50,2.34
2027,가톨릭대학교,경영학과,학생부교과,지역균형,70,2.39
2027,가톨릭대학교,경제학과,학생부교과,지역균형,50,2.59
2027,가톨릭대학교,경제학과,학생부교과,지역균형,70,2.82
2027,가톨릭대학교,국어국문학과,학생부교과,지역균형,50,2.54
2027,가톨릭대학교,국어국문학과,학생부교과,지역균형,70,2.76
2027,가톨릭대학교,철학과,학생부교과,지역균형,50,2.38
2027,가톨릭대학교,철학과,학생부교과,지역균형,70,2.38
2027,가톨릭대학교,국사학과,학생부교과,지역균형,50,2.75
2027,가톨릭대학교,국사학과,학생부교과,지역균형,70,2.76
2027,가톨릭대학교,영어영문학부,학생부교과,지역균형,50,2.74
2027,가톨릭대학교,영어영문학부,학생부교과,지역균형,70,2.74
2027,가톨릭대학교,중국언어문화학과,학생부교과,지역균형,50,2.82
2027,가톨릭대학교,중국언어문화학과,학생부교과,지역균형,70,2.82
2027,가톨릭대학교,일어일본문화학과,학생부교과,지역균형,50,2.34
2027,가톨릭대학교,일어일본문화학과,학생부교과,지역균형,70,2.41
2027,가톨릭대학교,프랑스어문화학과,학생부교과,지역균형,50,2.68
2027,가톨릭대학교,프랑스어문화학과,학생부교과,지역균형,70,2.76
2027,가톨릭대학교,사회복지학과,학생부교과,지역균형,50,2.47
2027,가톨릭대학교,사회복지학과,학생부교과,지역균형,70,2.64
2027,가톨릭대학교,심리학과,학생부교과,지역균형,50,2.06
2027,가톨릭대학교,심리학과,학생부교과,지역균형,70,2.22
2027,가톨릭대학교,사회학과,학생부교과,지역균형,50,2.36
2027,가톨릭대학교,사회학과,학생부교과,지역균형,70,2.46
2027,가톨릭대학교,회계학과,학생부교과,지역균형,50,2.56
2027,가톨릭대학교,회계학과,학생부교과,지역균형,70,2.62
2027,가톨릭대학교,국제학부,학생부교과,지역균형,50,2.47
2027,가톨릭대학교,국제학부,학생부교과,지역균형,70,2.63
2027,가톨릭대학교,법학과,학생부교과,지역균형,50,2.27
2027,가톨릭대학교,법학과,학생부교과,지역균형,70,2.47
2027,가톨릭대학교,행정학과,학생부교과,지역균형,50,2.72
2027,가톨릭대학교,행정학과,학생부교과,지역균형,70,2.72
2027,가톨릭대학교,아동학과,학생부교과,지역균형,50,2.61
2027,가톨릭대학교,아동학과,학생부교과,지역균형,70,2.64
2027,가톨릭대학교,특수교육과,학생부교과,지역균형,50,2.66
2027,가톨릭대학교,특수교육과,학생부교과,지역균형,70,2.78
2027,가톨릭대학교,데이터사이언스학과,학생부교과,지역균형,50,2.46
2027,가톨릭대학교,데이터사이언스학과,학생부교과,지역균형,70,2.55
2027,가톨릭대학교,물리학과,학생부교과,지역균형,50,2.57
2027,가톨릭대학교,물리학과,학생부교과,지역균형,70,2.57
2027,가톨릭대학교,미디어기술콘텐츠학과,학생부교과,지역균형,50,2.66
2027,가톨릭대학교,미디어기술콘텐츠학과,학생부교과,지역균형,70,2.72
2027,가톨릭대학교,생명공학과,학생부교과,지역균형,50,2.19
2027,가톨릭대학교,생명공학과,학생부교과,지역균형,70,2.19
2027,가톨릭대학교,수학과,학생부교과,지역균형,50,2.41
2027,가톨릭대학교,수학과,학생부교과,지역균형,70,2.46
2027,가톨릭대학교,식품영양학과,학생부교과,지역균형,50,2.41
2027,가톨릭대학교,식품영양학과,학생부교과,지역균형,70,2.56
2027,가톨릭대학교,에너지환경공학과,학생부교과,지역균형,50,2.37
2027,가톨릭대학교,에너지환경공학과,학생부교과,지역균형,70,2.44
2027,가톨릭대학교,의류학과,학생부교과,지역균형,50,2.51
2027,가톨릭대학교,의류학과,학생부교과,지역균형,70,2.62
2027,가톨릭대학교,의생명과학과,학생부교과,지역균형,50,3.01
2027,가톨릭대학교,의생명과학과,학생부교과,지역균형,70,3.01
2027,가톨릭대학교,AI 의공학과,학생부교과,지역균형,50,2.91
2027,가톨릭대학교,AI 의공학과,학생부교과,지역균형,70,2.93
2027,가톨릭대학교,인공지능학과,학생부교과,지역균형,50,2.52
2027,가톨릭대학교,인공지능학과,학생부교과,지역균형,70,2.52
2027,가톨릭대학교,정보통신전자공학부,학생부교과,지역균형,50,2.4
2027,가톨릭대학교,정보통신전자공학부,학생부교과,지역균형,70,2.43
2027,가톨릭대학교,컴퓨터정보공학부,학생부교과,지역균형,50,2.73
2027,가톨릭대학교,컴퓨터정보공학부,학생부교과,지역균형,70,3.25
2027,가톨릭대학교,화학과,학생부교과,지역균형,50,2.25
2027,가톨릭대학교,화학과,학생부교과,지역균형,70,2.36
2027,가톨릭대학교,약학과,학생부교과,지역균형,50,1.06
2027,가톨릭대학교,약학과,학생부교과,지역균형,70,1.06
2027,가톨릭대학교,경영학과,학생부종합,잠재능력우수자(면접),50,3.3
2027,가톨릭대학교,경영학과,학생부종합,잠재능력우수자(면접),70,3.77
2027,가톨릭대학교,경제학과,학생부종합,잠재능력우수자(면접),50,3.22
2027,가톨릭대학교,경제학과,학생부종합,잠재능력우수자(면접),70,3.38
2027,가톨릭대학교,국어국문학과,학생부종합,잠재능력우수자(면접),50,3.32
2027,가톨릭대학교,국어국문학과,학생부종합,잠재능력우수자(면접),70,3.47
2027,가톨릭대학교,철학과,학생부종합,잠재능력우수자(면접),50,3.53
2027,가톨릭대학교,철학과,학생부종합,잠재능력우수자(면접),70,4.82
2027,가톨릭대학교,국사학과,학생부종합,잠재능력우수자(면접),50,3.46
2027,가톨릭대학교,국사학과,학생부종합,잠재능력우수자(면접),70,3.52
2027,가톨릭대학교,영어영문학부,학생부종합,잠재능력우수자(면접),50,3.68
2027,가톨릭대학교,영어영문학부,학생부종합,잠재능력우수자(면접),70,4.2
2027,가톨릭대학교,중국언어문화학과,학생부종합,잠재능력우수자(면접),50,4.82
2027,가톨릭대학교,중국언어문화학과,학생부종합,잠재능력우수자(면접),70,5.44
2027,가톨릭대학교,일어일본문화학과,학생부종합,잠재능력우수자(면접),50,5.76
2027,가톨릭대학교,일어일본문화학과,학생부종합,잠재능력우수자(면접),70,5.88
2027,가톨릭대학교,프랑스어문화학과,학생부종합,잠재능력우수자(면접),50,3.62
2027,가톨릭대학교,프랑스어문화학과,학생부종합,잠재능력우수자(면접),70,4.24
2027,가톨릭대학교,사회복지학과,학생부종합,잠재능력우수자(면접),50,3.04
2027,가톨릭대학교,사회복지학과,학생부종합,잠재능력우수자(면접),70,3.17
2027,가톨릭대학교,심리학과,학생부종합,잠재능력우수자(면접),50,2.75
2027,가톨릭대학교,심리학과,학생부종합,잠재능력우수자(면접),70,2.76
2027,가톨릭대학교,사회학과,학생부종합,잠재능력우수자(면접),50,2.67
2027,가톨릭대학교,사회학과,학생부종합,잠재능력우수자(면접),70,3.03
2027,가톨릭대학교,회계학과,학생부종합,잠재능력우수자(면접),50,3.27
2027,가톨릭대학교,회계학과,학생부종합,잠재능력우수자(면접),70,3.29
2027,가톨릭대학교,국제학부,학생부종합,잠재능력우수자(면접),50,3.16
2027,가톨릭대학교,국제학부,학생부종합,잠재능력우수자(면접),70,4.04
2027,가톨릭대학교,법학과,학생부종합,잠재능력우수자(면접),50,2.77
2027,가톨릭대학교,법학과,학생부종합,잠재능력우수자(면접),70,3.07
2027,가톨릭대학교,행정학과,학생부종합,잠재능력우수자(면접),50,3.03
2027,가톨릭대학교,행정학과,학생부종합,잠재능력우수자(면접),70,3.03
2027,가톨릭대학교,아동학과,학생부종합,잠재능력우수자(면접),50,3.55
2027,가톨릭대학교,아동학과,학생부종합,잠재능력우수자(면접),70,3.67
2027,가톨릭대학교,특수교육과,학생부종합,잠재능력우수자(면접),50,3.56
2027,가톨릭대학교,특수교육과,학생부종합,잠재능력우수자(면접),70,3.79
2027,가톨릭대학교,데이터사이언스학과,학생부종합,잠재능력우수자(면접),50,3.07
2027,가톨릭대학교,데이터사이언스학과,학생부종합,잠재능력우수자(면접),70,3.75
2027,가톨릭대학교,물리학과,학생부종합,잠재능력우수자(면접),50,3.36
2027,가톨릭대학교,물리학과,학생부종합,잠재능력우수자(면접),70,3.5
2027,가톨릭대학교,미디어기술콘텐츠학과,학생부종합,잠재능력우수자(면접),50,3.17
2027,가톨릭대학교,미디어기술콘텐츠학과,학생부종합,잠재능력우수자(면접),70,3.31
2027,가톨릭대학교,생명공학과,학생부종합,잠재능력우수자(면접),50,2.48
2027,가톨릭대학교,생명공학과,학생부종합,잠재능력우수자(면접),70,2.74
2027,가톨릭대학교,수학과,학생부종합,잠재능력우수자(면접),50,3.46
2027,가톨릭대학교,수학과,학생부종합,잠재능력우수자(면접),70,3.74
2027,가톨릭대학교,화학과,학생부종합,잠재능력우수자(면접),50,3.05
2027,가톨릭대학교,화학과,학생부종합,잠재능력우수자(면접),70,3.05
2027,가톨릭대학교,식품영양학과,학생부종합,잠재능력우수자(면접),50,3.05
2027,가톨릭대학교,식품영양학과,학생부종합,잠재능력우수자(면접),70,3.41
2027,가톨릭대학교,에너지환경공학과,학생부종합,잠재능력우수자(면접),50,2.8
2027,가톨릭대학교,에너지환경공학과,학생부종합,잠재능력우수자(면접),70,2.8
2027,가톨릭대학교,의류학과,학생부종합,잠재능력우수자(면접),50,3.47
2027,가톨릭대학교,의류학과,학생부종합,잠재능력우수자(면접),70,3.47
2027,가톨릭대학교,의생명과학과,학생부종합,잠재능력우수자(면접),50,2.55
2027,가톨릭대학교,의생명과학과,학생부종합,잠재능력우수자(면접),70,2.63
2027,가톨릭대학교,인공지능학과,학생부종합,잠재능력우수자(면접),50,3.09
2027,가톨릭대학교,인공지능학과,학생부종합,잠재능력우수자(면접),70,3.54
2027,가톨릭대학교,정보통신전자공학부,학생부종합,잠재능력우수자(면접),50,3.23
2027,가톨릭대학교,정보통신전자공학부,학생부종합,잠재능력우수자(면접),70,3.26
2027,가톨릭대학교,컴퓨터정보공학부,학생부종합,잠재능력우수자(면접),50,3.6
2027,가톨릭대학교,컴퓨터정보공학부,학생부종합,잠재능력우수자(면접),70,4.06
2027,가톨릭대학교,경영학과,학생부종합,잠재능력우수자(서류),50,3.17
2027,가톨릭대학교,경영학과,학생부종합,잠재능력우수자(서류),70,3.25
2027,가톨릭대학교,경제학과,학생부종합,잠재능력우수자(서류),50,3.04
2027,가톨릭대학교,경제학과,학생부종합,잠재능력우수자(서류),70,3.09
2027,가톨릭대학교,국사학과,학생부종합,잠재능력우수자(서류),50,3.25
2027,가톨릭대학교,국사학과,학생부종합,잠재능력우수자(서류),70,3.25
2027,가톨릭대학교,국어국문학과,학생부종합,잠재능력우수자(서류),50,3.36
2027,가톨릭대학교,국어국문학과,학생부종합,잠재능력우수자(서류),70,3.36
2027,가톨릭대학교,국제학부,학생부종합,잠재능력우수자(서류),50,3.2
2027,가톨릭대학교,국제학부,학생부종합,잠재능력우수자(서류),70,4.03
2027,가톨릭대학교,법학과,학생부종합,잠재능력우수자(서류),50,2.95
2027,가톨릭대학교,법학과,학생부종합,잠재능력우수자(서류),70,2.95
2027,가톨릭대학교,사회복지학과,학생부종합,잠재능력우수자(서류),50,3.22
2027,가톨릭대학교,사회복지학과,학생부종합,잠재능력우수자(서류),70,3.22
2027,가톨릭대학교,사회학과,학생부종합,잠재능력우수자(서류),50,2.8
2027,가톨릭대학교,사회학과,학생부종합,잠재능력우수자(서류),70,2.8
2027,가톨릭대학교,심리학과,학생부종합,잠재능력우수자(서류),50,2.37
2027,가톨릭대학교,심리학과,학생부종합,잠재능력우수자(서류),70,2.38
2027,가톨릭대학교,아동학과,학생부종합,잠재능력우수자(서류),50,3.05
2027,가톨릭대학교,아동학과,학생부종합,잠재능력우수자(서류),70,3.05
2027,가톨릭대학교,영어영문학부,학생부종합,잠재능력우수자(서류),50,4.17
2027,가톨릭대학교,영어영문학부,학생부종합,잠재능력우수자(서류),70,4.91
2027,가톨릭대학교,일어일본문화학과,학생부종합,잠재능력우수자(서류),50,5.47
2027,가톨릭대학교,일어일본문화학과,학생부종합,잠재능력우수자(서류),70,5.58
2027,가톨릭대학교,중국언어문화학과,학생부종합,잠재능력우수자(서류),50,4.93
2027,가톨릭대학교,중국언어문화학과,학생부종합,잠재능력우수자(서류),70,4.93
2027,가톨릭대학교,철학과,학생부종합,잠재능력우수자(서류),50,2.83
2027,가톨릭대학교,철학과,학생부종합,잠재능력우수자(서류),70,2.83
2027,가톨릭대학교,특수교육과,학생부종합,잠재능력우수자(서류),50,50
2027,가톨릭대학교,프랑스어문화학과,학생부종합,잠재능력우수자(서류),50,3.62
2027,가톨릭대학교,프랑스어문화학과,학생부종합,잠재능력우수자(서류),70,4.24
2027,가톨릭대학교,행정학과,학생부종합,잠재능력우수자(서류),50,3.16
2027,가톨릭대학교,행정학과,학생부종합,잠재능력우수자(서류),70,3.16
2027,가톨릭대학교,회계학과,학생부종합,잠재능력우수자(서류),50,3.14
2027,가톨릭대학교,회계학과,학생부종합,잠재능력우수자(서류),70,3.24
2027,가톨릭대학교,AI 의공학과,학생부종합,잠재능력우수자(서류),50,2.73
2027,가톨릭대학교,AI 의공학과,학생부종합,잠재능력우수자(서류),70,2.91
2027,가톨릭대학교,데이터사이언스학과,학생부종합,잠재능력우수자(서류),50,3.49
2027,가톨릭대학교,데이터사이언스학과,학생부종합,잠재능력우수자(서류),70,3.51
2027,가톨릭대학교,물리학과,학생부종합,잠재능력우수자(서류),50,2.95
2027,가톨릭대학교,물리학과,학생부종합,잠재능력우수자(서류),70,3.09
2027,가톨릭대학교,미디어기술콘텐츠학과,학생부종합,잠재능력우수자(서류),50,2.99
2027,가톨릭대학교,미디어기술콘텐츠학과,학생부종합,잠재능력우수자(서류),70,3.01
2027,가톨릭대학교,바이오메디컬소프트웨어학과,학생부종합,잠재능력우수자(서류),50,2.6
2027,가톨릭대학교,바이오메디컬소프트웨어학과,학생부종합,잠재능력우수자(서류),70,2.68
2027,가톨릭대학교,바이오메디컬화학공학과,학생부종합,잠재능력우수자(서류),50,2.44
2027,가톨릭대학교,바이오메디컬화학공학과,학생부종합,잠재능력우수자(서류),70,2.56
2027,가톨릭대학교,생명공학과,학생부종합,잠재능력우수자(서류),50,2.5
2027,가톨릭대학교,생명공학과,학생부종합,잠재능력우수자(서류),70,2.56
2027,가톨릭대학교,수학과,학생부종합,잠재능력우수자(서류),50,2.83
2027,가톨릭대학교,수학과,학생부종합,잠재능력우수자(서류),70,2.94
2027,가톨릭대학교,식품영양학과,학생부종합,잠재능력우수자(서류),50,3.11
2027,가톨릭대학교,식품영양학과,학생부종합,잠재능력우수자(서류),70,3.41
2027,가톨릭대학교,에너지환경공학과,학생부종합,잠재능력우수자(서류),50,2.74
2027,가톨릭대학교,에너지환경공학과,학생부종합,잠재능력우수자(서류),70,3.11
2027,가톨릭대학교,의류학과,학생부종합,잠재능력우수자(서류),50,3.29
2027,가톨릭대학교,의류학과,학생부종합,잠재능력우수자(서류),70,3.45
2027,가톨릭대학교,의생명과학과,학생부종합,잠재능력우수자(서류),50,2.53
2027,가톨릭대학교,의생명과학과,학생부종합,잠재능력우수자(서류),70,2.64
2027,가톨릭대학교,인공지능학과,학생부종합,잠재능력우수자(서류),50,3.13
2027,가톨릭대학교,인공지능학과,학생부종합,잠재능력우수자(서류),70,3.45
2027,가톨릭대학교,정보통신전자공학부,학생부종합,잠재능력우수자(서류),50,2.94
2027,가톨릭대학교,정보통신전자공학부,학생부종합,잠재능력우수자(서류),70,3
2027,가톨릭대학교,컴퓨터정보공학부,학생부종합,잠재능력우수자(서류),50,2.99
2027,가톨릭대학교,컴퓨터정보공학부,학생부종합,잠재능력우수자(서류),70,3.23
2027,가톨릭대학교,화학과,학생부종합,잠재능력우수자(서류),50,3.04
2027,가톨릭대학교,화학과,학생부종합,잠재능력우수자(서류),70,3.19
2027,가톨릭대학교,약학과,학생부종합,학교장추천자,50,1.61
2027,가톨릭대학교,약학과,학생부종합,학교장추천자,70,1.67
2027,경기대학교,경제학부,학생부교과,교과성적우수자,50,2.96
2027,경기대학교,경제학부,학생부교과,교과성적우수자,70,3.06
2027,경기대학교,공공안전학부,학생부교과,교과성적우수자,50,1.82
2027,경기대학교,공공안전학부,학생부교과,교과성적우수자,70,2.02
2027,경기대학교,공공인재학부,학생부교과,교과성적우수자,50,2.84
2027,경기대학교,공공인재학부,학생부교과,교과성적우수자,70,2.9
2027,경기대학교,국어국문학과,학생부교과,교과성적우수자,50,2.97
2027,경기대학교,국어국문학과,학생부교과,교과성적우수자,70,3.21
2027,경기대학교,글로벌어문학부,학생부교과,교과성적우수자,50,3.21
2027,경기대학교,글로벌어문학부,학생부교과,교과성적우수자,70,3.25
2027,경기대학교,무역학과,학생부교과,교과성적우수자,50,2.91
2027,경기대학교,무역학과,학생부교과,교과성적우수자,70,3.02
2027,경기대학교,미디어영상학과,학생부교과,교과성적우수자,50,2.04
2027,경기대학교,미디어영상학과,학생부교과,교과성적우수자,70,2.44
2027,경기대학교,법학과,학생부교과,교과성적우수자,50,2.78
2027,경기대학교,법학과,학생부교과,교과성적우수자,70,2.98
2027,경기대학교,사학과,학생부교과,교과성적우수자,50,2.76
2027,경기대학교,사학과,학생부교과,교과성적우수자,70,2.76
2027,경기대학교,문헌정보학과,학생부교과,교과성적우수자,50,2.96
2027,경기대학교,문헌정보학과,학생부교과,교과성적우수자,70,2.96
2027,경기대학교,영어영문학과,학생부교과,교과성적우수자,50,3.04
2027,경기대학교,영어영문학과,학생부교과,교과성적우수자,70,3.04
2027,경기대학교,유아교육과,학생부교과,교과성적우수자,50,2.14
2027,경기대학교,유아교육과,학생부교과,교과성적우수자,70,2.14
2027,경기대학교,관광개발경영학과,학생부교과,교과성적우수자,50,2.13
2027,경기대학교,관광개발경영학과,학생부교과,교과성적우수자,70,2.42
2027,경기대학교,관광문화콘텐츠학과,학생부교과,교과성적우수자,50,1.54
2027,경기대학교,관광문화콘텐츠학과,학생부교과,교과성적우수자,70,1.64
2027,경기대학교,호텔외식경영학부,학생부교과,교과성적우수자,50,1.54
2027,경기대학교,호텔외식경영학부,학생부교과,교과성적우수자,70,1.54
2027,경기대학교,경영학부,학생부교과,교과성적우수자,50,2.38
2027,경기대학교,경영학부,학생부교과,교과성적우수자,70,2.61
2027,경기대학교,AI 컴퓨터공학부,학생부교과,교과성적우수자,50,2.92
2027,경기대학교,AI 컴퓨터공학부,학생부교과,교과성적우수자,70,2.95
2027,경기대학교,산업경영공학과,학생부교과,교과성적우수자,50,3.2
2027,경기대학교,산업경영공학과,학생부교과,교과성적우수자,70,3.24
2027,경기대학교,전자공학부,학생부교과,교과성적우수자,50,2.1
2027,경기대학교,전자공학부,학생부교과,교과성적우수자,70,2.71
2027,경기대학교,스마트시티공학부,학생부교과,교과성적우수자,50,3.27
2027,경기대학교,스마트시티공학부,학생부교과,교과성적우수자,70,3.27
2027,경기대학교,신소재화학공학부,학생부교과,교과성적우수자,50,2.88
2027,경기대학교,신소재화학공학부,학생부교과,교과성적우수자,70,2.92
2027,경기대학교,바이오융합학부,학생부교과,교과성적우수자,50,2.84
2027,경기대학교,바이오융합학부,학생부교과,교과성적우수자,70,2.93
2027,경기대학교,수학과,학생부교과,교과성적우수자,50,2.82
2027,경기대학교,수학과,학생부교과,교과성적우수자,70,2.82
2027,경기대학교,화학과,학생부교과,교과성적우수자,50,3.67
2027,경기대학교,화학과,학생부교과,교과성적우수자,70,3.67
2027,경기대학교,경영학부,학생부교과,학교장추천,50,2.94
2027,경기대학교,경영학부,학생부교과,학교장추천,70,2.98
2027,경기대학교,경제학부,학생부교과,학교장추천,50,3.15
2027,경기대학교,경제학부,학생부교과,학교장추천,70,3.19
2027,경기대학교,공공안전학부,학생부교과,학교장추천,50,2.4
2027,경기대학교,공공안전학부,학생부교과,학교장추천,70,2.66
2027,경기대학교,공공인재학부,학생부교과,학교장추천,50,3.21
2027,경기대학교,공공인재학부,학생부교과,학교장추천,70,3.25
2027,경기대학교,관광개발경영학과,학생부교과,학교장추천,50,3
2027,경기대학교,관광개발경영학과,학생부교과,학교장추천,70,3.04
2027,경기대학교,관광문화콘텐츠학과,학생부교과,학교장추천,50,3.1
2027,경기대학교,관광문화콘텐츠학과,학생부교과,학교장추천,70,3.14
2027,경기대학교,국어국문학과,학생부교과,학교장추천,50,3.31
2027,경기대학교,국어국문학과,학생부교과,학교장추천,70,3.34
2027,경기대학교,글로벌어문학부,학생부교과,학교장추천,50,3.05
2027,경기대학교,글로벌어문학부,학생부교과,학교장추천,70,3.08
2027,경기대학교,무역학과,학생부교과,학교장추천,50,2.96
2027,경기대학교,무역학과,학생부교과,학교장추천,70,3.12
2027,경기대학교,문헌정보학과,학생부교과,학교장추천,50,3.02
2027,경기대학교,문헌정보학과,학생부교과,학교장추천,70,3.02
2027,경기대학교,미디어영상학과,학생부교과,학교장추천,50,2.65
2027,경기대학교,미디어영상학과,학생부교과,학교장추천,70,2.68
2027,경기대학교,법학과,학생부교과,학교장추천,50,2.88
2027,경기대학교,법학과,학생부교과,학교장추천,70,2.88
2027,경기대학교,사학과,학생부교과,학교장추천,50,3.11
2027,경기대학교,사학과,학생부교과,학교장추천,70,3.11
2027,경기대학교,영어영문학과,학생부교과,학교장추천,50,2.99
2027,경기대학교,영어영문학과,학생부교과,학교장추천,70,3.01
2027,경기대학교,호텔외식경영학부,학생부교과,학교장추천,50,2.75
2027,경기대학교,호텔외식경영학부,학생부교과,학교장추천,70,2.88
2027,경기대학교,바이오융합학부,학생부교과,학교장추천,50,2.7
2027,경기대학교,바이오융합학부,학생부교과,학교장추천,70,3
2027,경기대학교,산업경영공학과,학생부교과,학교장추천,50,2.94
2027,경기대학교,산업경영공학과,학생부교과,학교장추천,70,3.09
2027,경기대학교,수학과,학생부교과,학교장추천,50,3.05
2027,경기대학교,수학과,학생부교과,학교장추천,70,3.15
2027,경기대학교,스마트시티공학부,학생부교과,학교장추천,50,2.99
2027,경기대학교,스마트시티공학부,학생부교과,학교장추천,70,3.17
2027,경기대학교,신소재화학공학부,학생부교과,학교장추천,50,2.82
2027,경기대학교,신소재화학공학부,학생부교과,학교장추천,70,2.86
2027,경기대학교,전자공학부,학생부교과,학교장추천,50,2.91
2027,경기대학교,전자공학부,학생부교과,학교장추천,70,2.95
2027,경기대학교,화학과,학생부교과,학교장추천,50,2.95
2027,경기대학교,화학과,학생부교과,학교장추천,70,3.25
2027,경기대학교,경영학부,학생부종합,KGU학생부종합,50,3.53
2027,경기대학교,경영학부,학생부종합,KGU학생부종합,70,3.7
2027,경기대학교,경제학부,학생부종합,KGU학생부종합,50,3.68
2027,경기대학교,경제학부,학생부종합,KGU학생부종합,70,3.85
2027,경기대학교,공공안전학부,학생부종합,KGU학생부종합,50,2.84
2027,경기대학교,공공안전학부,학생부종합,KGU학생부종합,70,3.08
2027,경기대학교,공공인재학부,학생부종합,KGU학생부종합,50,3.39
2027,경기대학교,공공인재학부,학생부종합,KGU학생부종합,70,3.45
2027,경기대학교,국어국문학과,학생부종합,KGU학생부종합,50,3.66
2027,경기대학교,국어국문학과,학생부종합,KGU학생부종합,70,3.74
2027,경기대학교,글로벌어문학부,학생부종합,KGU학생부종합,50,4.16
2027,경기대학교,글로벌어문학부,학생부종합,KGU학생부종합,70,4.51
2027,경기대학교,무역학과,학생부종합,KGU학생부종합,50,3.62
2027,경기대학교,무역학과,학생부종합,KGU학생부종합,70,3.69
2027,경기대학교,문헌정보학과,학생부종합,KGU학생부종합,50,3.5
2027,경기대학교,문헌정보학과,학생부종합,KGU학생부종합,70,3.62
2027,경기대학교,미디어영상학과,학생부종합,KGU학생부종합,50,3.2
2027,경기대학교,미디어영상학과,학생부종합,KGU학생부종합,70,3.29
2027,경기대학교,법학과,학생부종합,KGU학생부종합,50,3.38
2027,경기대학교,법학과,학생부종합,KGU학생부종합,70,3.46
2027,경기대학교,사학과,학생부종합,KGU학생부종합,50,3.38
2027,경기대학교,사학과,학생부종합,KGU학생부종합,70,3.75
2027,경기대학교,영어영문학과,학생부종합,KGU학생부종합,50,3.49
2027,경기대학교,영어영문학과,학생부종합,KGU학생부종합,70,3.64
2027,경기대학교,유아교육과,학생부종합,KGU학생부종합,50,3.45
2027,경기대학교,유아교육과,학생부종합,KGU학생부종합,70,3.82
2027,경기대학교,관광개발경영학과,학생부종합,KGU학생부종합,50,3.79
2027,경기대학교,관광개발경영학과,학생부종합,KGU학생부종합,70,3.93
2027,경기대학교,관광문화콘텐츠학과,학생부종합,KGU학생부종합,50,3.7
2027,경기대학교,관광문화콘텐츠학과,학생부종합,KGU학생부종합,70,3.73
2027,경기대학교,호텔외식경영학부,학생부종합,KGU학생부종합,50,3.21
2027,경기대학교,호텔외식경영학부,학생부종합,KGU학생부종합,70,3.28
2027,경기대학교,바이오융합학부,학생부종합,KGU학생부종합,50,3.12
2027,경기대학교,바이오융합학부,학생부종합,KGU학생부종합,70,3.27
2027,경기대학교,전자공학부,학생부종합,KGU학생부종합,50,3.45
2027,경기대학교,전자공학부,학생부종합,KGU학생부종합,70,3.54
2027,경기대학교,산업경영공학과,학생부종합,KGU학생부종합,50,3.77
2027,경기대학교,산업경영공학과,학생부종합,KGU학생부종합,70,3.94
2027,경기대학교,수학과,학생부종합,KGU학생부종합,50,3.69
2027,경기대학교,수학과,학생부종합,KGU학생부종합,70,3.74
2027,경기대학교,스마트시티공학부,학생부종합,KGU학생부종합,50,3.77
2027,경기대학교,스마트시티공학부,학생부종합,KGU학생부종합,70,3.84
2027,경기대학교,신소재화학공학부,학생부종합,KGU학생부종합,50,3.33
2027,경기대학교,신소재화학공학부,학생부종합,KGU학생부종합,70,3.51
2027,경기대학교,화학과,학생부종합,KGU학생부종합,50,3.27
2027,경기대학교,화학과,학생부종합,KGU학생부종합,70,3.4
2027,인천대학교,경영학부,학생부교과,교과성적우수자,50,2.64
2027,인천대학교,경영학부,학생부교과,교과성적우수자,70,2.67
2027,인천대학교,경제학과,학생부교과,교과성적우수자,50,2.84
2027,인천대학교,경제학과,학생부교과,교과성적우수자,70,2.88
2027,인천대학교,국어교육과,학생부교과,교과성적우수자,50,2.32
2027,인천대학교,국어교육과,학생부교과,교과성적우수자,70,2.32
2027,인천대학교,국어국문학과,학생부교과,교과성적우수자,50,2.97
2027,인천대학교,국어국문학과,학생부교과,교과성적우수자,70,3.1
2027,인천대학교,데이터과학과,학생부교과,교과성적우수자,50,2.83
2027,인천대학교,데이터과학과,학생부교과,교과성적우수자,70,2.83
2027,인천대학교,도시행정학과,학생부교과,교과성적우수자,50,2.98
2027,인천대학교,도시행정학과,학생부교과,교과성적우수자,70,2.98
2027,인천대학교,독어독문학과,학생부교과,교과성적우수자,50,3.02
2027,인천대학교,독어독문학과,학생부교과,교과성적우수자,70,3.05
2027,인천대학교,동북아국제통상전공,학생부교과,교과성적우수자,50,2.45
2027,인천대학교,동북아국제통상전공,학생부교과,교과성적우수자,70,2.58
2027,인천대학교,문헌정보학과,학생부교과,교과성적우수자,50,3.24
2027,인천대학교,문헌정보학과,학생부교과,교과성적우수자,70,3.24
2027,인천대학교,법학부,학생부교과,교과성적우수자,50,2.84
2027,인천대학교,법학부,학생부교과,교과성적우수자,70,2.96
2027,인천대학교,불어불문학과,학생부교과,교과성적우수자,50,2.84
2027,인천대학교,불어불문학과,학생부교과,교과성적우수자,70,3.05
2027,인천대학교,사회복지학과,학생부교과,교과성적우수자,50,2.98
2027,인천대학교,사회복지학과,학생부교과,교과성적우수자,70,2.98
2027,인천대학교,세무회계학과,학생부교과,교과성적우수자,50,3.24
2027,인천대학교,세무회계학과,학생부교과,교과성적우수자,70,3.24
2027,인천대학교,소비자학과,학생부교과,교과성적우수자,50,2.67
2027,인천대학교,소비자학과,학생부교과,교과성적우수자,70,2.73
2027,인천대학교,역사교육과,학생부교과,교과성적우수자,50,2.99
2027,인천대학교,역사교육과,학생부교과,교과성적우수자,70,2.99
2027,인천대학교,영어교육과,학생부교과,교과성적우수자,50,2.21
2027,인천대학교,영어교육과,학생부교과,교과성적우수자,70,2.21
2027,인천대학교,영어영문학과,학생부교과,교과성적우수자,50,3.11
2027,인천대학교,영어영문학과,학생부교과,교과성적우수자,70,3.24
2027,인천대학교,유아교육과,학생부교과,교과성적우수자,50,3.01
2027,인천대학교,유아교육과,학생부교과,교과성적우수자,70,3.08
2027,인천대학교,윤리교육과,학생부교과,교과성적우수자,50,2.24
2027,인천대학교,윤리교육과,학생부교과,교과성적우수자,70,2.24
2027,인천대학교,일본지역문화학과,학생부교과,교과성적우수자,50,3.02
2027,인천대학교,일본지역문화학과,학생부교과,교과성적우수자,70,3.24
2027,인천대학교,일어교육과,학생부교과,교과성적우수자,50,2.77
2027,인천대학교,일어교육과,학생부교과,교과성적우수자,70,2.77
2027,인천대학교,정치외교학과,학생부교과,교과성적우수자,50,3.07
2027,인천대학교,정치외교학과,학생부교과,교과성적우수자,70,3.07
2027,인천대학교,중어중국학과,학생부교과,교과성적우수자,50,3.03
2027,인천대학교,중어중국학과,학생부교과,교과성적우수자,70,3.06
2027,인천대학교,창의인재개발학과,학생부교과,교과성적우수자,50,3.24
2027,인천대학교,창의인재개발학과,학생부교과,교과성적우수자,70,3.24
2027,인천대학교,패션산업학과,학생부교과,교과성적우수자,50,2.89
2027,인천대학교,패션산업학과,학생부교과,교과성적우수자,70,3.08
2027,인천대학교,행정학과,학생부교과,교과성적우수자,50,2.75
2027,인천대학교,행정학과,학생부교과,교과성적우수자,70,2.97
2027,인천대학교,자유전공학부 인문,학생부교과,교과성적우수자,50,2.93
2027,인천대학교,자유전공학부 인문,학생부교과,교과성적우수자,70,2.98
2027,인천대학교,자유전공학부 인문,학생부교과,지역균형,50,2.76
2027,인천대학교,자유전공학부 인문,학생부교과,지역균형,70,2.87
2027,인천대학교,경영학부,학생부교과,지역균형,50,2.57
2027,인천대학교,경영학부,학생부교과,지역균형,70,2.8
2027,인천대학교,경제학과,학생부교과,지역균형,50,2.61
2027,인천대학교,경제학과,학생부교과,지역균형,70,2.69
2027,인천대학교,국어국문학과,학생부교과,지역균형,50,2.9
2027,인천대학교,국어국문학과,학생부교과,지역균형,70,2.9
2027,인천대학교,데이터과학과,학생부교과,지역균형,50,2.7
2027,인천대학교,데이터과학과,학생부교과,지역균형,70,2.7
2027,인천대학교,도시행정학과,학생부교과,지역균형,50,2.85
2027,인천대학교,도시행정학과,학생부교과,지역균형,70,2.85
2027,인천대학교,독어독문학과,학생부교과,지역균형,50,2.85
2027,인천대학교,독어독문학과,학생부교과,지역균형,70,2.99
2027,인천대학교,문헌정보학과,학생부교과,지역균형,50,3.17
2027,인천대학교,문헌정보학과,학생부교과,지역균형,70,3.17
2027,인천대학교,법학부,학생부교과,지역균형,50,2.78
2027,인천대학교,법학부,학생부교과,지역균형,70,2.89
2027,인천대학교,불어불문학과,학생부교과,지역균형,50,3.03
2027,인천대학교,불어불문학과,학생부교과,지역균형,70,3.08
2027,인천대학교,사회복지학과,학생부교과,지역균형,50,3.14
2027,인천대학교,사회복지학과,학생부교과,지역균형,70,3.14
2027,인천대학교,세무회계학과,학생부교과,지역균형,50,2.5
2027,인천대학교,세무회계학과,학생부교과,지역균형,70,2.5
2027,인천대학교,소비자학과,학생부교과,지역균형,50,2.9
2027,인천대학교,소비자학과,학생부교과,지역균형,70,3.02
2027,인천대학교,영어영문학과,학생부교과,지역균형,50,3.19
2027,인천대학교,영어영문학과,학생부교과,지역균형,70,3.21
2027,인천대학교,정치외교학과,학생부교과,지역균형,50,2.78
2027,인천대학교,정치외교학과,학생부교과,지역균형,70,2.78
2027,인천대학교,중어중국학과,학생부교과,지역균형,50,2.96
2027,인천대학교,중어중국학과,학생부교과,지역균형,70,3.08
2027,인천대학교,창의인재개발학과,학생부교과,지역균형,50,2.76
2027,인천대학교,창의인재개발학과,학생부교과,지역균형,70,2.76
2027,인천대학교,패션산업학과,학생부교과,지역균형,50,2.97
2027,인천대학교,패션산업학과,학생부교과,지역균형,70,2.97
2027,인천대학교,행정학과,학생부교과,지역균형,50,2.72
2027,인천대학교,행정학과,학생부교과,지역균형,70,2.72
2027,인천대학교,경영학부,학생부종합,자기추천,50,3.22
2027,인천대학교,경영학부,학생부종합,자기추천,70,3.3
2027,인천대학교,경제학과,학생부종합,자기추천,50,3.5
2027,인천대학교,경제학과,학생부종합,자기추천,70,3.56
2027,인천대학교,국어교육과,학생부종합,자기추천,50,2.75
2027,인천대학교,국어교육과,학생부종합,자기추천,70,2.91
2027,인천대학교,국어국문학과,학생부종합,자기추천,50,3.53
2027,인천대학교,국어국문학과,학생부종합,자기추천,70,3.65
2027,인천대학교,데이터과학과,학생부종합,자기추천,50,3.35
2027,인천대학교,데이터과학과,학생부종합,자기추천,70,3.36
2027,인천대학교,도시행정학과,학생부종합,자기추천,50,3.22
2027,인천대학교,도시행정학과,학생부종합,자기추천,70,3.42
2027,인천대학교,독어독문학과,학생부종합,자기추천,50,4.64
2027,인천대학교,독어독문학과,학생부종합,자기추천,70,5.97
2027,인천대학교,동북아국제통상전공,학생부종합,자기추천,50,3.24
2027,인천대학교,동북아국제통상전공,학생부종합,자기추천,70,3.49
2027,인천대학교,문헌정보학과,학생부종합,자기추천,50,3.36
2027,인천대학교,문헌정보학과,학생부종합,자기추천,70,3.5
2027,인천대학교,법학부,학생부종합,자기추천,50,3.17
2027,인천대학교,법학부,학생부종합,자기추천,70,3.34
2027,인천대학교,불어불문학과,학생부종합,자기추천,50,4.06
2027,인천대학교,불어불문학과,학생부종합,자기추천,70,4.23
2027,인천대학교,사회복지학과,학생부종합,자기추천,50,3.38
2027,인천대학교,사회복지학과,학생부종합,자기추천,70,3.45
2027,인천대학교,세무회계학과,학생부종합,자기추천,50,3.71
2027,인천대학교,세무회계학과,학생부종합,자기추천,70,3.8
2027,인천대학교,소비자학과,학생부종합,자기추천,50,3.41
2027,인천대학교,소비자학과,학생부종합,자기추천,70,3.61
2027,인천대학교,역사교육과,학생부종합,자기추천,50,2.73
2027,인천대학교,역사교육과,학생부종합,자기추천,70,2.76
2027,인천대학교,영어교육과,학생부종합,자기추천,50,2.8
2027,인천대학교,영어교육과,학생부종합,자기추천,70,2.84
2027,인천대학교,영어영문학과,학생부종합,자기추천,50,3.48
2027,인천대학교,영어영문학과,학생부종합,자기추천,70,3.82
2027,인천대학교,유아교육과,학생부종합,자기추천,50,3.55
2027,인천대학교,유아교육과,학생부종합,자기추천,70,3.66
2027,인천대학교,윤리교육과,학생부종합,자기추천,50,2.81
2027,인천대학교,윤리교육과,학생부종합,자기추천,70,2.83
2027,인천대학교,일본지역문화학과,학생부종합,자기추천,50,3.49
2027,인천대학교,일본지역문화학과,학생부종합,자기추천,70,3.71
2027,인천대학교,일어교육과,학생부종합,자기추천,50,3.59
2027,인천대학교,일어교육과,학생부종합,자기추천,70,3.68
2027,인천대학교,정치외교학과,학생부종합,자기추천,50,3.12
2027,인천대학교,정치외교학과,학생부종합,자기추천,70,3.15
2027,인천대학교,중어중국학과,학생부종합,자기추천,50,3.99
2027,인천대학교,중어중국학과,학생부종합,자기추천,70,4.28
2027,인천대학교,창의인재개발학과,학생부종합,자기추천,50,3.3
2027,인천대학교,창의인재개발학과,학생부종합,자기추천,70,3.48
2027,인천대학교,패션산업학과,학생부종합,자기추천,50,3.38
2027,인천대학교,패션산업학과,학생부종합,자기추천,70,3.51
2027,인천대학교,행정학과,학생부종합,자기추천,50,3.27
2027,인천대학교,행정학과,학생부종합,자기추천,70,3.36
2027,인천대학교,건설환경공학전공,학생부교과,교과성적우수자,50,2.98
2027,인천대학교,건설환경공학전공,학생부교과,교과성적우수자,70,3.02
2027,인천대학교,기계공학과,학생부교과,교과성적우수자,50,2.73
2027,인천대학교,기계공학과,학생부교과,교과성적우수자,70,2.76
2027,인천대학교,도시공학과,학생부교과,교과성적우수자,50,2.84
2027,인천대학교,도시공학과,학생부교과,교과성적우수자,70,2.84
2027,인천대학교,물리학과,학생부교과,교과성적우수자,50,2.67
2027,인천대학교,물리학과,학생부교과,교과성적우수자,70,2.94
2027,인천대학교,바이오-로봇시스템공학과,학생부교과,교과성적우수자,50,2.92
2027,인천대학교,바이오-로봇시스템공학과,학생부교과,교과성적우수자,70,3
2027,인천대학교,산업경영공학과,학생부교과,교과성적우수자,50,2.79
2027,인천대학교,산업경영공학과,학생부교과,교과성적우수자,70,2.82
2027,인천대학교,나노바이오공학전공,학생부교과,교과성적우수자,50,2.58
2027,인천대학교,나노바이오공학전공,학생부교과,교과성적우수자,70,2.66
2027,인천대학교,생명공학전공,학생부교과,교과성적우수자,50,2.34
2027,인천대학교,생명공학전공,학생부교과,교과성적우수자,70,2.36
2027,인천대학교,생명과학전공,학생부교과,교과성적우수자,50,2.43
2027,인천대학교,생명과학전공,학생부교과,교과성적우수자,70,2.57
2027,인천대학교,분자의생명전공,학생부교과,교과성적우수자,50,2.82
2027,인천대학교,분자의생명전공,학생부교과,교과성적우수자,70,2.82
2027,인천대학교,수학과,학생부교과,교과성적우수자,50,2.8
2027,인천대학교,수학과,학생부교과,교과성적우수자,70,2.81
2027,인천대학교,수학교육과,학생부교과,교과성적우수자,50,2.36
2027,인천대학교,수학교육과,학생부교과,교과성적우수자,70,2.36
2027,인천대학교,신소재공학과,학생부교과,교과성적우수자,50,2.63
2027,인천대학교,신소재공학과,학생부교과,교과성적우수자,70,2.66
2027,인천대학교,안전공학과,학생부교과,교과성적우수자,50,3.02
2027,인천대학교,안전공학과,학생부교과,교과성적우수자,70,3.02
2027,인천대학교,전기공학과,학생부교과,교과성적우수자,50,2.73
2027,인천대학교,전기공학과,학생부교과,교과성적우수자,70,2.78
2027,인천대학교,전자공학부,학생부교과,교과성적우수자,50,2.64
2027,인천대학교,전자공학부,학생부교과,교과성적우수자,70,2.65
2027,인천대학교,컴퓨터공학부,학생부교과,교과성적우수자,50,2.83
2027,인천대학교,컴퓨터공학부,학생부교과,교과성적우수자,70,2.93
2027,인천대학교,해양학과,학생부교과,교과성적우수자,50,2.92
2027,인천대학교,해양학과,학생부교과,교과성적우수자,70,2.98
2027,인천대학교,화학과,학생부교과,교과성적우수자,50,2.68
2027,인천대학교,화학과,학생부교과,교과성적우수자,70,2.7
2027,인천대학교,환경공학전공,학생부교과,교과성적우수자,50,2.83
2027,인천대학교,환경공학전공,학생부교과,교과성적우수자,70,2.86
2027,인천대학교,자유전공학부 자연,학생부교과,교과성적우수자,50,2.78
2027,인천대학교,자유전공학부 자연,학생부교과,교과성적우수자,70,2.86
2027,인천대학교,자유전공학부 자연,학생부교과,지역균형,50,2.55
2027,인천대학교,자유전공학부 자연,학생부교과,지역균형,70,2.67
2027,인천대학교,건설환경공학전공,학생부교과,지역균형,50,2.89
2027,인천대학교,건설환경공학전공,학생부교과,지역균형,70,2.99
2027,인천대학교,기계공학과,학생부교과,지역균형,50,2.71
2027,인천대학교,기계공학과,학생부교과,지역균형,70,2.76
2027,인천대학교,도시건축학부,학생부교과,지역균형,50,2.71
2027,인천대학교,도시건축학부,학생부교과,지역균형,70,2.86
2027,인천대학교,도시공학과,학생부교과,지역균형,50,2.86
2027,인천대학교,도시공학과,학생부교과,지역균형,70,2.88
2027,인천대학교,물리학과,학생부교과,지역균형,50,3.02
2027,인천대학교,물리학과,학생부교과,지역균형,70,3.02
2027,인천대학교,산업경영공학과,학생부교과,지역균형,50,2.58
2027,인천대학교,산업경영공학과,학생부교과,지역균형,70,2.94
2027,인천대학교,나노바이오공학전공,학생부교과,지역균형,50,2.3
2027,인천대학교,나노바이오공학전공,학생부교과,지역균형,70,2.3
2027,인천대학교,생명공학전공,학생부교과,지역균형,50,2.52
2027,인천대학교,생명공학전공,학생부교과,지역균형,70,2.52
2027,인천대학교,생명과학전공,학생부교과,지역균형,50,2.77
2027,인천대학교,생명과학전공,학생부교과,지역균형,70,2.77
2027,인천대학교,분자의생명전공,학생부교과,지역균형,50,2.82
2027,인천대학교,분자의생명전공,학생부교과,지역균형,70,2.82
2027,인천대학교,수학과,학생부교과,지역균형,50,2.41
2027,인천대학교,수학과,학생부교과,지역균형,70,2.64
2027,인천대학교,신소재공학과,학생부교과,지역균형,50,2.51
2027,인천대학교,신소재공학과,학생부교과,지역균형,70,2.87
2027,인천대학교,안전공학과,학생부교과,지역균형,50,2.91
2027,인천대학교,안전공학과,학생부교과,지역균형,70,2.93
2027,인천대학교,에너지화학공학과,학생부교과,지역균형,50,2.5
2027,인천대학교,에너지화학공학과,학생부교과,지역균형,70,2.92
2027,인천대학교,전기공학과,학생부교과,지역균형,50,2.55
2027,인천대학교,전기공학과,학생부교과,지역균형,70,2.61
2027,인천대학교,전자공학부,학생부교과,지역균형,50,2.57
2027,인천대학교,전자공학부,학생부교과,지역균형,70,2.58
2027,인천대학교,컴퓨터공학부,학생부교과,지역균형,50,2.85
2027,인천대학교,컴퓨터공학부,학생부교과,지역균형,70,3.46
2027,인천대학교,해양학과,학생부교과,지역균형,50,2.68
2027,인천대학교,해양학과,학생부교과,지역균형,70,2.68
2027,인천대학교,화학과,학생부교과,지역균형,50,2.86
2027,인천대학교,화학과,학생부교과,지역균형,70,3.32
2027,인천대학교,환경공학전공,학생부교과,지역균형,50,3.75
2027,인천대학교,환경공학전공,학생부교과,지역균형,70,3.75
2027,인천대학교,건설환경공학전공,학생부종합,자기추천,50,3.79
2027,인천대학교,건설환경공학전공,학생부종합,자기추천,70,4.16
2027,인천대학교,기계공학과,학생부종합,자기추천,50,3.13
2027,인천대학교,기계공학과,학생부종합,자기추천,70,3.4
2027,인천대학교,도시건축학부,학생부종합,자기추천,50,3.2
2027,인천대학교,도시건축학부,학생부종합,자기추천,70,3.32
2027,인천대학교,도시공학과,학생부종합,자기추천,50,3.73
2027,인천대학교,도시공학과,학생부종합,자기추천,70,3.92
2027,인천대학교,물리학과,학생부종합,자기추천,50,3.5
2027,인천대학교,물리학과,학생부종합,자기추천,70,3.66
2027,인천대학교,산업경영공학과,학생부종합,자기추천,50,3.28
2027,인천대학교,산업경영공학과,학생부종합,자기추천,70,3.41
2027,인천대학교,나노바이오공학전공,학생부종합,자기추천,50,2.89
2027,인천대학교,나노바이오공학전공,학생부종합,자기추천,70,3.15
2027,인천대학교,생명공학전공,학생부종합,자기추천,50,2.63
2027,인천대학교,생명공학전공,학생부종합,자기추천,70,2.78
2027,인천대학교,생명과학전공,학생부종합,자기추천,50,2.98
2027,인천대학교,생명과학전공,학생부종합,자기추천,70,3.03
2027,인천대학교,분자의생명전공,학생부종합,자기추천,50,2.87
2027,인천대학교,분자의생명전공,학생부종합,자기추천,70,2.92
2027,인천대학교,수학과,학생부종합,자기추천,50,3.43
2027,인천대학교,수학과,학생부종합,자기추천,70,3.72
2027,인천대학교,수학교육과,학생부종합,자기추천,50,2.96
2027,인천대학교,수학교육과,학생부종합,자기추천,70,2.96
2027,인천대학교,신소재공학과,학생부종합,자기추천,50,3.12
2027,인천대학교,신소재공학과,학생부종합,자기추천,70,3.31
2027,인천대학교,안전공학과,학생부종합,자기추천,50,3.58
2027,인천대학교,안전공학과,학생부종합,자기추천,70,3.68
2027,인천대학교,전기공학과,학생부종합,자기추천,50,3.31
2027,인천대학교,전기공학과,학생부종합,자기추천,70,3.46
2027,인천대학교,전자공학부,학생부종합,자기추천,50,3.14
2027,인천대학교,전자공학부,학생부종합,자기추천,70,3.44
2027,인천대학교,컴퓨터공학부,학생부종합,자기추천,50,3.1
2027,인천대학교,컴퓨터공학부,학생부종합,자기추천,70,3.18
2027,인천대학교,해양학과,학생부종합,자기추천,50,3.33
2027,인천대학교,해양학과,학생부종합,자기추천,70,3.64
2027,인천대학교,화학과,학생부종합,자기추천,50,3.08
2027,인천대학교,화학과,학생부종합,자기추천,70,3.2
2027,인천대학교,환경공학전공,학생부종합,자기추천,50,3.34
2027,인천대학교,환경공학전공,학생부종합,자기추천,70,3.49
2027,경인교육대학교,초등교육과,학생부종합,교직적성,50,2.76
2027,경인교육대학교,초등교육과,학생부종합,교직적성,70,2.87
2027,경인교육대학교,초등교육과,학생부교과,학교장추천,50,2.2
2027,경인교육대학교,초등교육과,학생부교과,학교장추천,70,2.17
2027,공주교육대학교,초등교육과,학생부종합,교직적성인재,50,2.55
2027,공주교육대학교,초등교육과,학생부종합,교직적성인재,70,2.67
2027,공주교육대학교,초등교육과,학생부종합,지역인재선발,50,2.88
2027,공주교육대학교,초등교육과,학생부종합,지역인재선발,70,3.15
2027,광주교육대학교,초등교육과,학생부종합,교직적성우수자(舊Ⅱ),50,3.01
2027,광주교육대학교,초등교육과,학생부종합,교직적성우수자(舊Ⅱ),70,3.23
2027,광주교육대학교,초등교육과,학생부종합,전라남도교육감추천,50,2.82
2027,광주교육대학교,초등교육과,학생부종합,전라남도교육감추천,70,3.54
2027,진주교육대학교,초등교육과,학생부종합,21세기교직적성자선발,50,2.37
2027,진주교육대학교,초등교육과,학생부종합,21세기교직적성자선발,70,3.05
2027,진주교육대학교,초등교육과,학생부종합,지역인재선발,50,2.9
2027,진주교육대학교,초등교육과,학생부종합,지역인재선발,70,3.35
2027,한국교원대학교,초등교육과,학생부종합,학생부종합우수자,50,1.9
2027,한국교원대학교,초등교육과,학생부종합,학생부종합우수자,70,1.98
2027,삼육대학교,경영학과,학생부교과,학교장추천전형,50,2.92
2027,삼육대학교,경영학과,학생부교과,학교장추천전형,70,2.93
2027,삼육대학교,글로벌한국학과,학생부교과,학교장추천전형,50,3.19
2027,삼육대학교,글로벌한국학과,학생부교과,학교장추천전형,70,3.19
2027,삼육대학교,보건관리학과,학생부교과,학교장추천전형,50,2.96
2027,삼육대학교,보건관리학과,학생부교과,학교장추천전형,70,3.09
2027,삼육대학교,사회복지학과,학생부교과,학교장추천전형,50,3.27
2027,삼육대학교,사회복지학과,학생부교과,학교장추천전형,70,3.27
2027,삼육대학교,상담심리학과,학생부교과,학교장추천전형,50,3.08
2027,삼육대학교,상담심리학과,학생부교과,학교장추천전형,70,3.08
2027,삼육대학교,영어영문학과,학생부교과,학교장추천전형,50,3.13
2027,삼육대학교,영어영문학과,학생부교과,학교장추천전형,70,3.18
2027,삼육대학교,간호학과,학생부교과,학교장추천전형,50,1.97
2027,삼육대학교,간호학과,학생부교과,학교장추천전형,70,1.98
2027,삼육대학교,건축학과(5년제),학생부교과,학교장추천전형,50,3.05
2027,삼육대학교,건축학과(5년제),학생부교과,학교장추천전형,70,3.16
2027,삼육대학교,동물자원과학과,학생부교과,학교장추천전형,50,3.12
2027,삼육대학교,동물자원과학과,학생부교과,학교장추천전형,70,3.12
2027,삼육대학교,물리치료학과,학생부교과,학교장추천전형,50,2.2
2027,삼육대학교,물리치료학과,학생부교과,학교장추천전형,70,2.24
2027,삼육대학교,바이오융합공학과,학생부교과,학교장추천전형,50,3.01
2027,삼육대학교,바이오융합공학과,학생부교과,학교장추천전형,70,3.07
2027,삼육대학교,데이터클라우드공학과,학생부교과,학교장추천전형,50,3.34
2027,삼육대학교,데이터클라우드공학과,학생부교과,학교장추천전형,70,3.34
2027,삼육대학교,식품영양학과,학생부교과,학교장추천전형,50,3.09
2027,삼육대학교,식품영양학과,학생부교과,학교장추천전형,70,3.24
2027,삼육대학교,인공지능융합학부,학생부교과,학교장추천전형,50,3.13
2027,삼육대학교,인공지능융합학부,학생부교과,학교장추천전형,70,3.13
2027,삼육대학교,컴퓨터공학부,학생부교과,학교장추천전형,50,3.89
2027,삼육대학교,컴퓨터공학부,학생부교과,학교장추천전형,70,4.03
2027,삼육대학교,화학생명과학과,학생부교과,학교장추천전형,50,2.93
2027,삼육대학교,화학생명과학과,학생부교과,학교장추천전형,70,3
2027,삼육대학교,환경디자인원예학과,학생부교과,학교장추천전형,50,3.18
2027,삼육대학교,환경디자인원예학과,학생부교과,학교장추천전형,70,3.25
2027,삼육대학교,경영학과,학생부종합,세움인재전형,50,3.78
2027,삼육대학교,경영학과,학생부종합,세움인재전형,70,3.99
2027,삼육대학교,글로벌한국학과,학생부종합,세움인재전형,50,3.61
2027,삼육대학교,글로벌한국학과,학생부종합,세움인재전형,70,3.74
2027,삼육대학교,보건관리학과,학생부종합,세움인재전형,50,3.51
2027,삼육대학교,보건관리학과,학생부종합,세움인재전형,70,3.51
2027,삼육대학교,사회복지학과,학생부종합,세움인재전형,50,3.86
2027,삼육대학교,사회복지학과,학생부종합,세움인재전형,70,4.02
2027,삼육대학교,상담심리학과,학생부종합,세움인재전형,50,3.44
2027,삼육대학교,상담심리학과,학생부종합,세움인재전형,70,3.46
2027,삼육대학교,영어영문학과,학생부종합,세움인재전형,50,3.8
2027,삼육대학교,영어영문학과,학생부종합,세움인재전형,70,3.89
2027,삼육대학교,유아교육과,학생부종합,세움인재전형,50,3.94
2027,삼육대학교,유아교육과,학생부종합,세움인재전형,70,4.03
2027,삼육대학교,항공관광외국어학부,학생부종합,세움인재전형,50,4.22
2027,삼육대학교,항공관광외국어학부,학생부종합,세움인재전형,70,4.37
2027,삼육대학교,간호학과,학생부종합,세움인재전형,50,2.71
2027,삼육대학교,간호학과,학생부종합,세움인재전형,70,2.81
2027,삼육대학교,건축학과(5년제),학생부종합,세움인재전형,50,3.57
2027,삼육대학교,건축학과(5년제),학생부종합,세움인재전형,70,3.79
2027,삼육대학교,동물자원과학과,학생부종합,세움인재전형,50,3.18
2027,삼육대학교,동물자원과학과,학생부종합,세움인재전형,70,3.56
2027,삼육대학교,물리치료학과,학생부종합,세움인재전형,50,2.9
2027,삼육대학교,물리치료학과,학생부종합,세움인재전형,70,2.97
2027,삼육대학교,바이오융합공학과,학생부종합,세움인재전형,50,3.75
2027,삼육대학교,바이오융합공학과,학생부종합,세움인재전형,70,3.85
2027,삼육대학교,데이터클라우드공학과,학생부종합,세움인재전형,50,3.87
2027,삼육대학교,데이터클라우드공학과,학생부종합,세움인재전형,70,3.94
2027,삼육대학교,식품영양학과,학생부종합,세움인재전형,50,3.86
2027,삼육대학교,식품영양학과,학생부종합,세움인재전형,70,4.33
2027,삼육대학교,인공지능융합학부,학생부종합,세움인재전형,50,3.68
2027,삼육대학교,인공지능융합학부,학생부종합,세움인재전형,70,3.72
2027,삼육대학교,컴퓨터공학부,학생부종합,세움인재전형,50,3.67
2027,삼육대학교,컴퓨터공학부,학생부종합,세움인재전형,70,3.67
2027,삼육대학교,화학생명과학과,학생부종합,세움인재전형,50,3.5
2027,삼육대학교,화학생명과학과,학생부종합,세움인재전형,70,3.78
2027,삼육대학교,환경디자인원예학과,학생부종합,세움인재전형,50,3.79
2027,삼육대학교,환경디자인원예학과,학생부종합,세움인재전형,70,3.92
2027,한성대학교,문학문화콘텐츠학과,학생부교과,교과우수전형,50,2.14
2027,한성대학교,문학문화콘텐츠학과,학생부교과,교과우수전형,70,2.2
2027,한성대학교,크리에이티브인문학부,학생부교과,교과우수전형,50,3.36
2027,한성대학교,크리에이티브인문학부,학생부교과,교과우수전형,70,3.51
2027,한성대학교,크리에이티브인문학부(야),학생부교과,교과우수전형,50,3.59
2027,한성대학교,크리에이티브인문학부(야),학생부교과,교과우수전형,70,3.66
2027,한성대학교,AI응용학과,학생부교과,교과우수전형,50,2.48
2027,한성대학교,AI응용학과,학생부교과,교과우수전형,70,2.51
2027,한성대학교,미래모빌리티학과,학생부교과,교과우수전형,50,2.73
2027,한성대학교,미래모빌리티학과,학생부교과,교과우수전형,70,2.83
2027,한성대학교,융합보안학과,학생부교과,교과우수전형,50,2.59
2027,한성대학교,융합보안학과,학생부교과,교과우수전형,70,2.6
2027,한성대학교,크리에이티브인문학부,학생부교과,지역균형전형,50,2.87
2027,한성대학교,크리에이티브인문학부,학생부교과,지역균형전형,70,2.88
2027,한성대학교,크리에이티브인문학부(야),학생부교과,지역균형전형,50,3.28
2027,한성대학교,크리에이티브인문학부(야),학생부교과,지역균형전형,70,3.38
2027,한성대학교,문학문화콘텐츠학과,학생부교과,지역균형전형,50,2.81
2027,한성대학교,문학문화콘텐츠학과,학생부교과,지역균형전형,70,2.85
2027,한성대학교,미래모빌리티학과,학생부교과,지역균형전형,50,2.94
2027,한성대학교,미래모빌리티학과,학생부교과,지역균형전형,70,2.97
2027,한성대학교,문학문화콘텐츠학과,학생부종합,한성인재전형,50,3.5
2027,한성대학교,문학문화콘텐츠학과,학생부종합,한성인재전형,70,3.65
2027,한성대학교,크리에이티브인문학부,학생부종합,한성인재전형,50,3.39
2027,한성대학교,크리에이티브인문학부,학생부종합,한성인재전형,70,3.55
2027,한성대학교,크리에이티브인문학부(야),학생부종합,한성인재전형,50,3.79
2027,한성대학교,크리에이티브인문학부(야),학생부종합,한성인재전형,70,3.82
2027,한성대학교,AI응용학과,학생부종합,한성인재전형,50,3.4
2027,한성대학교,AI응용학과,학생부종합,한성인재전형,70,3.58
2027,한성대학교,융합보안학과,학생부종합,한성인재전형,50,3.52
2027,한성대학교,융합보안학과,학생부종합,한성인재전형,70,3.7
2027,을지대학교,안경광학과,학생부종합,EU자기추천,50,4.68
2027,을지대학교,안경광학과,학생부종합,EU자기추천,70,4.68
2027,을지대학교,응급구조학과,학생부종합,EU자기추천,50,3.09
2027,을지대학교,응급구조학과,학생부종합,EU자기추천,70,3.33
2027,을지대학교,방사선학과,학생부종합,EU자기추천,50,3.2
2027,을지대학교,방사선학과,학생부종합,EU자기추천,70,3.42
2027,을지대학교,치위생학과,학생부종합,EU자기추천,50,3.88
2027,을지대학교,치위생학과,학생부종합,EU자기추천,70,3.72
2027,을지대학교,물리치료학과,학생부종합,EU자기추천,50,3.02
2027,을지대학교,물리치료학과,학생부종합,EU자기추천,70,2.83
2027,을지대학교,자연계열학부,학생부종합,EU자기추천,50,3.99
2027,을지대학교,자연계열학부,학생부종합,EU자기추천,70,4.6
2027,을지대학교,의료경영학과,학생부종합,EU자기추천,50,4.3
2027,을지대학교,의료경영학과,학생부종합,EU자기추천,70,4.3
2027,을지대학교,인문사회계열 학부,학생부종합,EU자기추천,50,4.27
2027,을지대학교,인문사회계열 학부,학생부종합,EU자기추천,70,4.37
2027,을지대학교,의료경영학과,학생부교과,지역균형,50,3.29
2027,을지대학교,의료경영학과,학생부교과,지역균형,70,3.3
2027,을지대학교,인문사회계열 학부,학생부교과,지역균형,50,3.63
2027,을지대학교,인문사회계열 학부,학생부교과,지역균형,70,3.67
2027,을지대학교,물리치료학과,학생부교과,지역균형,50,2.57
2027,을지대학교,물리치료학과,학생부교과,지역균형,70,2.59
2027,을지대학교,방사선학과,학생부교과,지역균형,50,2.23
2027,을지대학교,방사선학과,학생부교과,지역균형,70,2.26
2027,을지대학교,자연계열학부,학생부교과,지역균형,50,3.48
2027,을지대학교,자연계열학부,학생부교과,지역균형,70,3.55
2027,을지대학교,임상병리학과,논술,논술우수자,50,3.98
2027,을지대학교,임상병리학과,논술,논술우수자,70,4.54
2027,을지대학교,안경광학과,논술,논술우수자,50,6.06
2027,을지대학교,안경광학과,논술,논술우수자,70,4.69
2027,을지대학교,응급구조학과,논술,논술우수자,50,5.26
2027,을지대학교,응급구조학과,논술,논술우수자,70,4.1
2027,을지대학교,방사선학과,논술,논술우수자,50,3.34
2027,을지대학교,방사선학과,논술,논술우수자,70,5.29
2027,을지대학교,치위생학과,논술,논술우수자,50,3.94
2027,을지대학교,치위생학과,논술,논술우수자,70,3.93
2027,을지대학교,물리치료학과,논술,논술우수자,50,6.02
2027,을지대학교,물리치료학과,논술,논술우수자,70,4.21
2027,을지대학교,의료경영학과,논술,논술우수자,50,5.86
2027,을지대학교,의료경영학과,논술,논술우수자,70,6.11
2027,을지대학교,자연계열학부,논술,논술우수자,50,4.87
2027,을지대학교,자연계열학부,논술,논술우수자,70,4.11
2027,을지대학교,인문사회계열 학부,논술,논술우수자,50,5.42
2027,을지대학교,인문사회계열 학부,논술,논술우수자,70,4.7
2027,원광대학교,치의예과,학생부종합,지역인재I(광주전남),50,1.48
2027,원광대학교,치의예과,학생부종합,지역인재I(광주전남),70,1.57
2027,원광대학교,치의예과,학생부종합,학생부종합(일반),50,1.3
2027,원광대학교,치의예과,학생부종합,학생부종합(일반),70,1.32
2027,원광대학교,치의예과,학생부교과,지역인재 전북권,50,1.41
2027,원광대학교,치의예과,학생부교과,지역인재 전북권,70,1.43
2027,원광대학교,치의예과,학생부교과,지역인재 호남권,50,1.48
2027,원광대학교,치의예과,학생부교과,지역인재 호남권,70,1.53
2027,조선대학교,치의예과,학생부교과,학생부교과(일반),50,1.13
2027,조선대학교,치의예과,학생부교과,학생부교과(일반),70,1.14
2027,조선대학교,치의예과,학생부교과,학생부교과(지역),50,1.46
2027,조선대학교,치의예과,학생부교과,학생부교과(지역),70,1.5
2027,조선대학교,치의예과,학생부종합,학생부종합서류,50,1.45
2027,조선대학교,치의예과,학생부종합,학생부종합서류,70,1.47
2027,조선대학교,치의예과,학생부종합,학생부종합면접,50,1.34
2027,조선대학교,치의예과,학생부종합,학생부종합면접,70,1.33
2027,경북대학교,경영학부,논술,논술(AAT),50,4
2027,경북대학교,경영학부,논술,논술(AAT),70,4.29
2027,경북대학교,경제통상학부,논술,논술(AAT),50,3.85
2027,경북대학교,경제통상학부,논술,논술(AAT),70,4.07
2027,경북대학교,고고인류학과,논술,논술(AAT),50,3.92
2027,경북대학교,고고인류학과,논술,논술(AAT),70,3.92
2027,경북대학교,국어국문학과,논술,논술(AAT),50,4.62
2027,경북대학교,국어국문학과,논술,논술(AAT),70,5.21
2027,경북대학교,독어독문학과,논술,논술(AAT),50,4.38
2027,경북대학교,독어독문학과,논술,논술(AAT),70,4.38
2027,경북대학교,문헌정보학과,논술,논술(AAT),50,3.83
2027,경북대학교,문헌정보학과,논술,논술(AAT),70,3.83
2027,경북대학교,미디어커뮤니케이션학과,논술,논술(AAT),50,3.86
2027,경북대학교,미디어커뮤니케이션학과,논술,논술(AAT),70,3.86
2027,경북대학교,영어영문학과,논술,논술(AAT),50,3.7
2027,경북대학교,영어영문학과,논술,논술(AAT),70,3.74
2027,경북대학교,지리학과,논술,논술(AAT),50,4.35
2027,경북대학교,지리학과,논술,논술(AAT),70,4.35
2027,경북대학교,철학과,논술,논술(AAT),50,4.08
2027,경북대학교,철학과,논술,논술(AAT),70,4.08
2027,경북대학교,행정학부,논술,논술(AAT),50,2.84
2027,경북대학교,행정학부,논술,논술(AAT),70,2.84
2027,경북대학교,간호학과,논술,논술(AAT),50,3.57
2027,경북대학교,간호학과,논술,논술(AAT),70,4.1
2027,경북대학교,고분자공학과,논술,논술(AAT),50,4.21
2027,경북대학교,고분자공학과,논술,논술(AAT),70,4.44
2027,경북대학교,금속재료공학과,논술,논술(AAT),50,4.42
2027,경북대학교,금속재료공학과,논술,논술(AAT),70,4.54
2027,경북대학교,기계공학부,논술,논술(AAT),50,4.21
2027,경북대학교,기계공학부,논술,논술(AAT),70,4.61
2027,경북대학교,물리학과,논술,논술(AAT),50,4.21
2027,경북대학교,물리학과,논술,논술(AAT),70,4.41
2027,경북대학교,섬유시스템공학과,논술,논술(AAT),50,4.72
2027,경북대학교,섬유시스템공학과,논술,논술(AAT),70,5.11
2027,경북대학교,수의예과,논술,논술(AAT),50,2.6
2027,경북대학교,수의예과,논술,논술(AAT),70,2.79
2027,경북대학교,수학과,논술,논술(AAT),50,3.56
2027,경북대학교,수학과,논술,논술(AAT),70,4.05
2027,경북대학교,수학교육과,논술,논술(AAT),50,3.24
2027,경북대학교,수학교육과,논술,논술(AAT),70,3.37
2027,경북대학교,식품공학부,논술,논술(AAT),50,4.44
2027,경북대학교,식품공학부,논술,논술(AAT),70,4.45
2027,경북대학교,신소재공학과,논술,논술(AAT),50,3.49
2027,경북대학교,신소재공학과,논술,논술(AAT),70,3.85
2027,경북대학교,에너지공학부,논술,논술(AAT),50,3.56
2027,경북대학교,에너지공학부,논술,논술(AAT),70,3.89
2027,경북대학교,의예과,논술,논술(AAT),50,2.7
2027,경북대학교,의예과,논술,논술(AAT),70,2.7
2027,경북대학교,전기공학과,논술,논술(AAT),50,3.28
2027,경북대학교,전기공학과,논술,논술(AAT),70,3.65
2027,경북대학교,전자공학부,논술,논술(AAT),50,3.54
2027,경북대학교,전자공학부,논술,논술(AAT),70,3.75
2027,경북대학교,토목공학과,논술,논술(AAT),50,3.91
2027,경북대학교,토목공학과,논술,논술(AAT),70,4.8
2027,경북대학교,통계학과,논술,논술(AAT),50,4.01
2027,경북대학교,통계학과,논술,논술(AAT),70,4.13
2027,경북대학교,화학과,논술,논술(AAT),50,3.62
2027,경북대학교,화학과,논술,논술(AAT),70,3.9
2027,경북대학교,환경공학과,논술,논술(AAT),50,3.78
2027,경북대학교,환경공학과,논술,논술(AAT),70,4.33
2027,경북대학교,경영학부,학생부교과,교과우수자,50,2.46
2027,경북대학교,경영학부,학생부교과,교과우수자,70,2.64
2027,경북대학교,경제통상학부,학생부교과,교과우수자,50,2.71
2027,경북대학교,경제통상학부,학생부교과,교과우수자,70,2.86
2027,경북대학교,고고인류학과,학생부교과,교과우수자,50,2.96
2027,경북대학교,고고인류학과,학생부교과,교과우수자,70,2.98
2027,경북대학교,국어교육과,학생부교과,교과우수자,50,2.53
2027,경북대학교,국어교육과,학생부교과,교과우수자,70,2.56
2027,경북대학교,국어국문학과,학생부교과,교과우수자,50,2.57
2027,경북대학교,국어국문학과,학생부교과,교과우수자,70,2.58
2027,경북대학교,독어독문학과,학생부교과,교과우수자,50,3.25
2027,경북대학교,독어독문학과,학생부교과,교과우수자,70,3.28
2027,경북대학교,문헌정보학과,학생부교과,교과우수자,50,3.01
2027,경북대학교,문헌정보학과,학생부교과,교과우수자,70,3.11
2027,경북대학교,미디어커뮤니케이션학과,학생부교과,교과우수자,50,2.09
2027,경북대학교,미디어커뮤니케이션학과,학생부교과,교과우수자,70,2.16
2027,경북대학교,불어불문학과,학생부교과,교과우수자,50,3.71
2027,경북대학교,불어불문학과,학생부교과,교과우수자,70,3.84
2027,경북대학교,사학과,학생부교과,교과우수자,50,2.85
2027,경북대학교,사학과,학생부교과,교과우수자,70,3.04
2027,경북대학교,사회학과,학생부교과,교과우수자,50,2.6
2027,경북대학교,사회학과,학생부교과,교과우수자,70,2.64
2027,경북대학교,식품자원경제학과,학생부교과,교과우수자,50,2.62
2027,경북대학교,식품자원경제학과,학생부교과,교과우수자,70,2.81
2027,경북대학교,심리학과,학생부교과,교과우수자,50,2.13
2027,경북대학교,심리학과,학생부교과,교과우수자,70,2.32
2027,경북대학교,역사교육과,학생부교과,교과우수자,50,2.28
2027,경북대학교,역사교육과,학생부교과,교과우수자,70,2.28
2027,경북대학교,영어교육과,학생부교과,교과우수자,50,2.6
2027,경북대학교,영어교육과,학생부교과,교과우수자,70,2.9
2027,경북대학교,영어영문학과,학생부교과,교과우수자,50,2.83
2027,경북대학교,영어영문학과,학생부교과,교과우수자,70,2.89
2027,경북대학교,윤리교육과,학생부교과,교과우수자,50,2.21
2027,경북대학교,윤리교육과,학생부교과,교과우수자,70,2.33
2027,경북대학교,일반사회교육과,학생부교과,교과우수자,50,2.42
2027,경북대학교,일반사회교육과,학생부교과,교과우수자,70,2.55
2027,경북대학교,일어일문학과,학생부교과,교과우수자,50,2.9
2027,경북대학교,일어일문학과,학생부교과,교과우수자,70,2.95
2027,경북대학교,정치외교학과,학생부교과,교과우수자,50,2.29
2027,경북대학교,정치외교학과,학생부교과,교과우수자,70,2.41
2027,경북대학교,중어중문학과,학생부교과,교과우수자,50,3.76
2027,경북대학교,중어중문학과,학생부교과,교과우수자,70,3.97
2027,경북대학교,지리교육과,학생부교과,교과우수자,50,2.57
2027,경북대학교,지리교육과,학생부교과,교과우수자,70,2.57
2027,경북대학교,지리학과,학생부교과,교과우수자,50,2.71
2027,경북대학교,지리학과,학생부교과,교과우수자,70,2.72
2027,경북대학교,철학과,학생부교과,교과우수자,50,2.79
2027,경북대학교,철학과,학생부교과,교과우수자,70,2.95
2027,경북대학교,한문학과,학생부교과,교과우수자,50,3.1
2027,경북대학교,한문학과,학생부교과,교과우수자,70,3.11
2027,경북대학교,행정학부,학생부교과,교과우수자,50,2.66
2027,경북대학교,행정학부,학생부교과,교과우수자,70,2.79
2027,경북대학교,가정교육과,학생부교과,교과우수자,50,2.65
2027,경북대학교,가정교육과,학생부교과,교과우수자,70,3.28
2027,경북대학교,간호학과,학생부교과,교과우수자,50,1.85
2027,경북대학교,간호학과,학생부교과,교과우수자,70,1.9
2027,경북대학교,고분자공학과,학생부교과,교과우수자,50,2.45
2027,경북대학교,고분자공학과,학생부교과,교과우수자,70,2.47
2027,경북대학교,금속재료공학과,학생부교과,교과우수자,50,2.57
2027,경북대학교,금속재료공학과,학생부교과,교과우수자,70,2.6
2027,경북대학교,기계공학부,학생부교과,교과우수자,50,2.29
2027,경북대학교,기계공학부,학생부교과,교과우수자,70,2.41
2027,경북대학교,농업토목공학과,학생부교과,교과우수자,50,3.08
2027,경북대학교,농업토목공학과,학생부교과,교과우수자,70,3.16
2027,경북대학교,물리교육과,학생부교과,교과우수자,50,3.3
2027,경북대학교,물리교육과,학생부교과,교과우수자,70,3.32
2027,경북대학교,물리학과,학생부교과,교과우수자,50,2.78
2027,경북대학교,물리학과,학생부교과,교과우수자,70,2.82
2027,경북대학교,바이오섬유소재학과,학생부교과,교과우수자,50,2.99
2027,경북대학교,바이오섬유소재학과,학생부교과,교과우수자,70,3.03
2027,경북대학교,생명공학부,학생부교과,교과우수자,50,1.95
2027,경북대학교,생명공학부,학생부교과,교과우수자,70,2.04
2027,경북대학교,생물교육과,학생부교과,교과우수자,50,2.2
2027,경북대학교,생물교육과,학생부교과,교과우수자,70,2.22
2027,경북대학교,생물학과,학생부교과,교과우수자,50,2.4
2027,경북대학교,생물학과,학생부교과,교과우수자,70,2.46
2027,경북대학교,섬유시스템공학과,학생부교과,교과우수자,50,2.87
2027,경북대학교,섬유시스템공학과,학생부교과,교과우수자,70,2.98
2027,경북대학교,수의예과,학생부교과,교과우수자,50,1.28
2027,경북대학교,수의예과,학생부교과,교과우수자,70,1.29
2027,경북대학교,수학과,학생부교과,교과우수자,50,2.2
2027,경북대학교,수학과,학생부교과,교과우수자,70,2.2
2027,경북대학교,수학교육과,학생부교과,교과우수자,50,2.35
2027,경북대학교,수학교육과,학생부교과,교과우수자,70,2.41
2027,경북대학교,스마트생물산업기계공학과,학생부교과,교과우수자,50,3
2027,경북대학교,스마트생물산업기계공학과,학생부교과,교과우수자,70,3.09
2027,경북대학교,식물의학과,학생부교과,교과우수자,50,3.15
2027,경북대학교,식물의학과,학생부교과,교과우수자,70,3.16
2027,경북대학교,식품공학부,학생부교과,교과우수자,50,2.49
2027,경북대학교,식품공학부,학생부교과,교과우수자,70,2.63
2027,경북대학교,식품영양학과,학생부교과,교과우수자,50,2.82
2027,경북대학교,식품영양학과,학생부교과,교과우수자,70,2.97
2027,경북대학교,신소재공학과,학생부교과,교과우수자,50,2.26
2027,경북대학교,신소재공학과,학생부교과,교과우수자,70,2.34
2027,경북대학교,아동학부,학생부교과,교과우수자,50,3.14
2027,경북대학교,아동학부,학생부교과,교과우수자,70,3.15
2027,경북대학교,약학과,학생부교과,교과우수자,50,1.22
2027,경북대학교,약학과,학생부교과,교과우수자,70,1.22
2027,경북대학교,에너지공학부,학생부교과,교과우수자,50,2.52
2027,경북대학교,에너지공학부,학생부교과,교과우수자,70,2.58
2027,경북대학교,원예과학과,학생부교과,교과우수자,50,3.26
2027,경북대학교,원예과학과,학생부교과,교과우수자,70,3.29
2027,경북대학교,의류학과,학생부교과,교과우수자,50,3
2027,경북대학교,의류학과,학생부교과,교과우수자,70,3.19
2027,경북대학교,전기공학과,학생부교과,교과우수자,50,2.37
2027,경북대학교,전기공학과,학생부교과,교과우수자,70,2.5
2027,경북대학교,전자공학부,학생부교과,교과우수자,50,2.12
2027,경북대학교,전자공학부,학생부교과,교과우수자,70,2.2
2027,경북대학교,지구과학교육과,학생부교과,교과우수자,50,2.37
2027,경북대학교,지구과학교육과,학생부교과,교과우수자,70,2.55
2027,경북대학교,치의예과,학생부교과,교과우수자,50,1.3
2027,경북대학교,치의예과,학생부교과,교과우수자,70,1.3
2027,경북대학교,토목공학과,학생부교과,교과우수자,50,2.68
2027,경북대학교,토목공학과,학생부교과,교과우수자,70,2.77
2027,경북대학교,통계학과,학생부교과,교과우수자,50,2.15
2027,경북대학교,통계학과,학생부교과,교과우수자,70,2.22
2027,경북대학교,화학과,학생부교과,교과우수자,50,2.33
2027,경북대학교,화학과,학생부교과,교과우수자,70,2.34
2027,경북대학교,화학교육과,학생부교과,교과우수자,50,2.59
2027,경북대학교,화학교육과,학생부교과,교과우수자,70,2.59
2027,경북대학교,환경공학과,학생부교과,교과우수자,50,2.54
2027,경북대학교,환경공학과,학생부교과,교과우수자,70,2.57
2027,경북대학교,경영학부,학생부종합,학생부종합(일반학생),50,3.61
2027,경북대학교,경영학부,학생부종합,학생부종합(일반학생),70,3.74
2027,경북대학교,경제통상학부,학생부종합,학생부종합(일반학생),50,3.58
2027,경북대학교,경제통상학부,학생부종합,학생부종합(일반학생),70,3.89
2027,경북대학교,고고인류학과,학생부종합,학생부종합(일반학생),50,3.75
2027,경북대학교,고고인류학과,학생부종합,학생부종합(일반학생),70,3.75
2027,경북대학교,교육학과,학생부종합,학생부종합(일반학생),50,3.32
2027,경북대학교,교육학과,학생부종합,학생부종합(일반학생),70,3.41
2027,경북대학교,국어교육과,학생부종합,학생부종합(일반학생),50,3.07
2027,경북대학교,국어교육과,학생부종합,학생부종합(일반학생),70,3.68
2027,경북대학교,국어국문학과,학생부종합,학생부종합(일반학생),50,3.76
2027,경북대학교,국어국문학과,학생부종합,학생부종합(일반학생),70,3.83
2027,경북대학교,노어노문학과,학생부종합,학생부종합(일반학생),50,5.13
2027,경북대학교,노어노문학과,학생부종합,학생부종합(일반학생),70,5.31
2027,경북대학교,독어독문학과,학생부종합,학생부종합(일반학생),50,4.59
2027,경북대학교,독어독문학과,학생부종합,학생부종합(일반학생),70,5.55
2027,경북대학교,문헌정보학과,학생부종합,학생부종합(일반학생),50,3.79
2027,경북대학교,문헌정보학과,학생부종합,학생부종합(일반학생),70,3.99
2027,경북대학교,미디어커뮤니케이션학과,학생부종합,학생부종합(일반학생),50,3.52
2027,경북대학교,미디어커뮤니케이션학과,학생부종합,학생부종합(일반학생),70,3.82
2027,경북대학교,불어불문학과,학생부종합,학생부종합(일반학생),50,4.22
2027,경북대학교,불어불문학과,학생부종합,학생부종합(일반학생),70,4.46
2027,경북대학교,사학과,학생부종합,학생부종합(일반학생),50,3.75
2027,경북대학교,사학과,학생부종합,학생부종합(일반학생),70,4.17
2027,경북대학교,사회학과,학생부종합,학생부종합(일반학생),50,3.55
2027,경북대학교,사회학과,학생부종합,학생부종합(일반학생),70,4.73
2027,경북대학교,식품자원경제학과,학생부종합,학생부종합(일반학생),50,3.67
2027,경북대학교,식품자원경제학과,학생부종합,학생부종합(일반학생),70,3.67
2027,경북대학교,심리학과,학생부종합,학생부종합(일반학생),50,3.25
2027,경북대학교,심리학과,학생부종합,학생부종합(일반학생),70,3.78
2027,경북대학교,역사교육과,학생부종합,학생부종합(일반학생),50,2.85
2027,경북대학교,역사교육과,학생부종합,학생부종합(일반학생),70,3.54
2027,경북대학교,영어교육과,학생부종합,학생부종합(일반학생),50,3.15
2027,경북대학교,영어교육과,학생부종합,학생부종합(일반학생),70,3.49
2027,경북대학교,영어영문학과,학생부종합,학생부종합(일반학생),50,3.86
2027,경북대학교,영어영문학과,학생부종합,학생부종합(일반학생),70,4.32
2027,경북대학교,윤리교육과,학생부종합,학생부종합(일반학생),50,3.4
2027,경북대학교,윤리교육과,학생부종합,학생부종합(일반학생),70,3.41
2027,경북대학교,일반사회교육과,학생부종합,학생부종합(일반학생),50,2.66
2027,경북대학교,일반사회교육과,학생부종합,학생부종합(일반학생),70,2.78
2027,경북대학교,일어일문학과,학생부종합,학생부종합(일반학생),50,5.43
2027,경북대학교,일어일문학과,학생부종합,학생부종합(일반학생),70,5.55
2027,경북대학교,정치외교학과,학생부종합,학생부종합(일반학생),50,3.4
2027,경북대학교,정치외교학과,학생부종합,학생부종합(일반학생),70,3.55
2027,경북대학교,중어중문학과,학생부종합,학생부종합(일반학생),50,4.82
2027,경북대학교,중어중문학과,학생부종합,학생부종합(일반학생),70,5.4
2027,경북대학교,지리교육과,학생부종합,학생부종합(일반학생),50,3.62
2027,경북대학교,지리교육과,학생부종합,학생부종합(일반학생),70,4.29
2027,경북대학교,지리학과,학생부종합,학생부종합(일반학생),50,3.65
2027,경북대학교,지리학과,학생부종합,학생부종합(일반학생),70,4.02
2027,경북대학교,철학과,학생부종합,학생부종합(일반학생),50,3.88
2027,경북대학교,철학과,학생부종합,학생부종합(일반학생),70,3.96
2027,경북대학교,한문학과,학생부종합,학생부종합(일반학생),50,4.37
2027,경북대학교,한문학과,학생부종합,학생부종합(일반학생),70,5.08
2027,경북대학교,행정학부,학생부종합,학생부종합(일반학생),50,3.34
2027,경북대학교,행정학부,학생부종합,학생부종합(일반학생),70,3.42
2027,경북대학교,가정교육과,학생부종합,학생부종합(일반학생),50,3.47
2027,경북대학교,가정교육과,학생부종합,학생부종합(일반학생),70,3.53
2027,경북대학교,간호학과,학생부종합,학생부종합(일반학생),50,3.56
2027,경북대학교,간호학과,학생부종합,학생부종합(일반학생),70,3.77
2027,경북대학교,고분자공학과,학생부종합,학생부종합(일반학생),50,3.52
2027,경북대학교,고분자공학과,학생부종합,학생부종합(일반학생),70,3.76
2027,경북대학교,금속재료공학과,학생부종합,학생부종합(일반학생),50,4.06
2027,경북대학교,금속재료공학과,학생부종합,학생부종합(일반학생),70,4.27
2027,경북대학교,기계공학부,학생부종합,학생부종합(일반학생),50,4.62
2027,경북대학교,기계공학부,학생부종합,학생부종합(일반학생),70,4.78
2027,경북대학교,농업토목공학과,학생부종합,학생부종합(일반학생),50,4.61
2027,경북대학교,농업토목공학과,학생부종합,학생부종합(일반학생),70,4.61
2027,경북대학교,물리교육과,학생부종합,학생부종합(일반학생),50,3.12
2027,경북대학교,물리교육과,학생부종합,학생부종합(일반학생),70,3.14
2027,경북대학교,물리학과,학생부종합,학생부종합(일반학생),50,4
2027,경북대학교,물리학과,학생부종합,학생부종합(일반학생),70,4.24
2027,경북대학교,바이오섬유소재학과,학생부종합,학생부종합(일반학생),50,4.52
2027,경북대학교,바이오섬유소재학과,학생부종합,학생부종합(일반학생),70,4.52
2027,경북대학교,생명공학부,학생부종합,학생부종합(일반학생),50,3.34
2027,경북대학교,생명공학부,학생부종합,학생부종합(일반학생),70,3.65
2027,경북대학교,생물교육과,학생부종합,학생부종합(일반학생),50,3.55
2027,경북대학교,생물교육과,학생부종합,학생부종합(일반학생),70,4.01
2027,경북대학교,생물학과,학생부종합,학생부종합(일반학생),50,3.83
2027,경북대학교,생물학과,학생부종합,학생부종합(일반학생),70,4.2
2027,경북대학교,섬유시스템공학과,학생부종합,학생부종합(일반학생),50,4.73
2027,경북대학교,섬유시스템공학과,학생부종합,학생부종합(일반학생),70,4.73
2027,경북대학교,수의예과,학생부종합,학생부종합(일반학생),50,1.57
2027,경북대학교,수의예과,학생부종합,학생부종합(일반학생),70,1.66
2027,경북대학교,수학과,학생부종합,학생부종합(일반학생),50,4.09
2027,경북대학교,수학과,학생부종합,학생부종합(일반학생),70,4.12
2027,경북대학교,수학교육과,학생부종합,학생부종합(일반학생),50,2.46
2027,경북대학교,수학교육과,학생부종합,학생부종합(일반학생),70,2.76
2027,경북대학교,스마트생물산업기계공학과,학생부종합,학생부종합(일반학생),50,4.49
2027,경북대학교,스마트생물산업기계공학과,학생부종합,학생부종합(일반학생),70,4.49
2027,경북대학교,식물의학과,학생부종합,학생부종합(일반학생),50,4.42
2027,경북대학교,식물의학과,학생부종합,학생부종합(일반학생),70,4.42
2027,경북대학교,식품공학부,학생부종합,학생부종합(일반학생),50,3.74
2027,경북대학교,식품공학부,학생부종합,학생부종합(일반학생),70,3.96
2027,경북대학교,식품영양학과,학생부종합,학생부종합(일반학생),50,3.81
2027,경북대학교,식품영양학과,학생부종합,학생부종합(일반학생),70,4.29
2027,경북대학교,신소재공학과,학생부종합,학생부종합(일반학생),50,3.16
2027,경북대학교,신소재공학과,학생부종합,학생부종합(일반학생),70,3.5
2027,경북대학교,아동학부,학생부종합,학생부종합(일반학생),50,4.23
2027,경북대학교,아동학부,학생부종합,학생부종합(일반학생),70,4.32
2027,경북대학교,에너지공학부,학생부종합,학생부종합(일반학생),50,3.56
2027,경북대학교,에너지공학부,학생부종합,학생부종합(일반학생),70,3.88
2027,경북대학교,의류학과,학생부종합,학생부종합(일반학생),50,3.95
2027,경북대학교,의류학과,학생부종합,학생부종합(일반학생),70,4.31
2027,경북대학교,의예과,학생부종합,학생부종합(일반학생),50,1.41
2027,경북대학교,의예과,학생부종합,학생부종합(일반학생),70,1.45
2027,경북대학교,전기공학과,학생부종합,학생부종합(일반학생),50,3.17
2027,경북대학교,전기공학과,학생부종합,학생부종합(일반학생),70,3.55
2027,경북대학교,전자공학부,학생부종합,학생부종합(일반학생),50,3.18
2027,경북대학교,전자공학부,학생부종합,학생부종합(일반학생),70,3.63
2027,경북대학교,지구과학교육과,학생부종합,학생부종합(일반학생),50,3.79
2027,경북대학교,지구과학교육과,학생부종합,학생부종합(일반학생),70,4.9
2027,경북대학교,치의예과,학생부종합,학생부종합(일반학생),50,1.57
2027,경북대학교,치의예과,학생부종합,학생부종합(일반학생),70,1.63
2027,경북대학교,토목공학과,학생부종합,학생부종합(일반학생),50,4.37
2027,경북대학교,토목공학과,학생부종합,학생부종합(일반학생),70,4.52
2027,경북대학교,통계학과,학생부종합,학생부종합(일반학생),50,3.5
2027,경북대학교,통계학과,학생부종합,학생부종합(일반학생),70,4.05
2027,경북대학교,화학과,학생부종합,학생부종합(일반학생),50,3.63
2027,경북대학교,화학과,학생부종합,학생부종합(일반학생),70,3.87
2027,경북대학교,화학교육과,학생부종합,학생부종합(일반학생),50,3.53
2027,경북대학교,화학교육과,학생부종합,학생부종합(일반학생),70,3.53
2027,경북대학교,환경공학과,학생부종합,학생부종합(일반학생),50,3.21
2027,경북대학교,환경공학과,학생부종합,학생부종합(일반학생),70,3.4
2027,경북대학교,체육교육과,학생부종합,학생부종합(일반학생),50,3.74
2027,경북대학교,체육교육과,학생부종합,학생부종합(일반학생),70,3.82
2027,경북대학교,경영학부,학생부교과,교과(지역인재),50,2.51
2027,경북대학교,경영학부,학생부교과,교과(지역인재),70,2.55
2027,경북대학교,경제통상학부,학생부교과,교과(지역인재),50,2.86
2027,경북대학교,경제통상학부,학생부교과,교과(지역인재),70,2.97
2027,경북대학교,국어교육과,학생부교과,교과(지역인재),50,2.02
2027,경북대학교,국어교육과,학생부교과,교과(지역인재),70,2.35
2027,경북대학교,영어영문학과,학생부교과,교과(지역인재),50,2.68
2027,경북대학교,영어영문학과,학생부교과,교과(지역인재),70,2.75
2027,경북대학교,행정학부,학생부교과,교과(지역인재),50,3.46
2027,경북대학교,행정학부,학생부교과,교과(지역인재),70,3.55
2027,경북대학교,간호학과,학생부교과,교과(지역인재),50,2.07
2027,경북대학교,간호학과,학생부교과,교과(지역인재),70,2.15
2027,경북대학교,금속재료공학과,학생부교과,교과(지역인재),50,2.71
2027,경북대학교,금속재료공학과,학생부교과,교과(지역인재),70,2.73
2027,경북대학교,기계공학부,학생부교과,교과(지역인재),50,2.41
2027,경북대학교,기계공학부,학생부교과,교과(지역인재),70,2.47
2027,경북대학교,생물학과,학생부교과,교과(지역인재),50,2.46
2027,경북대학교,생물학과,학생부교과,교과(지역인재),70,2.49
2027,경북대학교,섬유시스템공학과,학생부교과,교과(지역인재),50,3.11
2027,경북대학교,섬유시스템공학과,학생부교과,교과(지역인재),70,3.15
2027,경북대학교,수의예과,학생부교과,교과(지역인재),50,1.51
2027,경북대학교,수의예과,학생부교과,교과(지역인재),70,1.56
2027,경북대학교,식물의학과,학생부교과,교과(지역인재),50,3.08
2027,경북대학교,식물의학과,학생부교과,교과(지역인재),70,3.13
2027,경북대학교,식품공학부,학생부교과,교과(지역인재),50,2.86
2027,경북대학교,식품공학부,학생부교과,교과(지역인재),70,2.88
2027,경북대학교,아동학부,학생부교과,교과(지역인재),50,2.91
2027,경북대학교,아동학부,학생부교과,교과(지역인재),70,2.91
2027,경북대학교,의예과,학생부교과,교과(지역인재),50,1.11
2027,경북대학교,의예과,학생부교과,교과(지역인재),70,1.15
2027,경북대학교,전기공학과,학생부교과,교과(지역인재),50,2.76
2027,경북대학교,전기공학과,학생부교과,교과(지역인재),70,2.84
2027,경북대학교,전자공학부,학생부교과,교과(지역인재),50,2.04
2027,경북대학교,전자공학부,학생부교과,교과(지역인재),70,2.13
2027,경북대학교,치의예과,학생부교과,교과(지역인재),50,1.4
2027,경북대학교,치의예과,학생부교과,교과(지역인재),70,1.49
2027,경북대학교,토목공학과,학생부교과,교과(지역인재),50,2.97
2027,경북대학교,토목공학과,학생부교과,교과(지역인재),70,3.05
2027,경북대학교,통계학과,학생부교과,교과(지역인재),50,2.34
2027,경북대학교,통계학과,학생부교과,교과(지역인재),70,2.43
2027,경북대학교,환경공학과,학생부교과,교과(지역인재),50,2.62
2027,경북대학교,환경공학과,학생부교과,교과(지역인재),70,2.68
2027,경북대학교,경영학부,학생부종합,학생부종합(지역인재),50,3.01
2027,경북대학교,경영학부,학생부종합,학생부종합(지역인재),70,3.28
2027,경북대학교,경제통상학부,학생부종합,학생부종합(지역인재),50,2.97
2027,경북대학교,경제통상학부,학생부종합,학생부종합(지역인재),70,3.25
2027,경북대학교,국어국문학과,학생부종합,학생부종합(지역인재),50,2.98
2027,경북대학교,국어국문학과,학생부종합,학생부종합(지역인재),70,3
2027,경북대학교,사학과,학생부종합,학생부종합(지역인재),50,3.91
2027,경북대학교,사학과,학생부종합,학생부종합(지역인재),70,3.92
2027,경북대학교,행정학부,학생부종합,학생부종합(지역인재),50,2.94
2027,경북대학교,행정학부,학생부종합,학생부종합(지역인재),70,2.94
2027,경북대학교,간호학과,학생부종합,학생부종합(지역인재),50,2.61
2027,경북대학교,간호학과,학생부종합,학생부종합(지역인재),70,2.85
2027,경북대학교,고분자공학과,학생부종합,학생부종합(지역인재),50,2.81
2027,경북대학교,고분자공학과,학생부종합,학생부종합(지역인재),70,3.11
2027,경북대학교,기계공학부,학생부종합,학생부종합(지역인재),50,4.81
2027,경북대학교,기계공학부,학생부종합,학생부종합(지역인재),70,5.79
2027,경북대학교,물리학과,학생부종합,학생부종합(지역인재),50,4.01
2027,경북대학교,물리학과,학생부종합,학생부종합(지역인재),70,4.32
2027,경북대학교,생명공학부,학생부종합,학생부종합(지역인재),50,2.61
2027,경북대학교,생명공학부,학생부종합,학생부종합(지역인재),70,2.84
2027,경북대학교,수의예과,학생부종합,학생부종합(지역인재),50,1.57
2027,경북대학교,수의예과,학생부종합,학생부종합(지역인재),70,1.66
2027,경북대학교,식품공학부,학생부종합,학생부종합(지역인재),50,2.98
2027,경북대학교,식품공학부,학생부종합,학생부종합(지역인재),70,3.06
2027,경북대학교,신소재공학과,학생부종합,학생부종합(지역인재),50,2.96
2027,경북대학교,신소재공학과,학생부종합,학생부종합(지역인재),70,3.33
2027,경북대학교,아동학부,학생부종합,학생부종합(지역인재),50,4.15
2027,경북대학교,아동학부,학생부종합,학생부종합(지역인재),70,4.15
2027,경북대학교,약학과,학생부종합,학생부종합(지역인재),50,1.69
2027,경북대학교,약학과,학생부종합,학생부종합(지역인재),70,1.73
2027,경북대학교,의예과,학생부종합,학생부종합(지역인재),50,1.29
2027,경북대학교,의예과,학생부종합,학생부종합(지역인재),70,1.45
2027,경북대학교,전자공학부,학생부종합,학생부종합(지역인재),50,2.76
2027,경북대학교,전자공학부,학생부종합,학생부종합(지역인재),70,2.85
2027,경북대학교,치의예과,학생부종합,학생부종합(지역인재),50,1.97
2027,경북대학교,치의예과,학생부종합,학생부종합(지역인재),70,2.07
2027,경북대학교,화학과,학생부종합,학생부종합(지역인재),50,2.32
2027,경북대학교,화학과,학생부종합,학생부종합(지역인재),70,2.73
2027,경북대학교,화학교육과,학생부종합,학생부종합(지역인재),50,3.12
2027,경북대학교,화학교육과,학생부종합,학생부종합(지역인재),70,3.26
2027,충남대학교,경영학부,학생부교과,교과(일반),50,2.82
2027,충남대학교,경영학부,학생부교과,교과(일반),70,3.15
2027,충남대학교,경제학과,학생부교과,교과(일반),50,2.77
2027,충남대학교,경제학과,학생부교과,교과(일반),70,2.8
2027,충남대학교,고고학과,학생부교과,교과(일반),50,2.99
2027,충남대학교,고고학과,학생부교과,교과(일반),70,3.1
2027,충남대학교,공공안전융합전공,학생부교과,교과(일반),50,2.86
2027,충남대학교,공공안전융합전공,학생부교과,교과(일반),70,2.86
2027,충남대학교,교육학과,학생부교과,교과(일반),50,2.72
2027,충남대학교,교육학과,학생부교과,교과(일반),70,2.78
2027,충남대학교,국사학과,학생부교과,교과(일반),50,2.78
2027,충남대학교,국사학과,학생부교과,교과(일반),70,2.84
2027,충남대학교,국어교육과,학생부교과,교과(일반),50,2.13
2027,충남대학교,국어교육과,학생부교과,교과(일반),70,2.25
2027,충남대학교,국어국문학과,학생부교과,교과(일반),50,3.02
2027,충남대학교,국어국문학과,학생부교과,교과(일반),70,3.08
2027,충남대학교,국제학부,학생부교과,교과(일반),50,3.1
2027,충남대학교,국제학부,학생부교과,교과(일반),70,3.33
2027,충남대학교,독어독문학과,학생부교과,교과(일반),50,3.07
2027,충남대학교,독어독문학과,학생부교과,교과(일반),70,3.13
2027,충남대학교,리더십과조직과학전공,학생부교과,교과(일반),50,3.32
2027,충남대학교,리더십과조직과학전공,학생부교과,교과(일반),70,3.39
2027,충남대학교,무역학과,학생부교과,교과(일반),50,2.88
2027,충남대학교,무역학과,학생부교과,교과(일반),70,3
2027,충남대학교,문헌정보학과,학생부교과,교과(일반),50,3.23
2027,충남대학교,문헌정보학과,학생부교과,교과(일반),70,3.36
2027,충남대학교,문화와사회융합전공,학생부교과,교과(일반),50,3.08
2027,충남대학교,문화와사회융합전공,학생부교과,교과(일반),70,3.1
2027,충남대학교,불어불문학과,학생부교과,교과(일반),50,3.13
2027,충남대학교,불어불문학과,학생부교과,교과(일반),70,3.2
2027,충남대학교,사학과,학생부교과,교과(일반),50,2.98
2027,충남대학교,사학과,학생부교과,교과(일반),70,3.02
2027,충남대학교,사회복지학과,학생부교과,교과(일반),50,2.8
2027,충남대학교,사회복지학과,학생부교과,교과(일반),70,2.83
2027,충남대학교,사회학과,학생부교과,교과(일반),50,2.7
2027,충남대학교,사회학과,학생부교과,교과(일반),70,2.84
2027,충남대학교,심리학과,학생부교과,교과(일반),50,4.07
2027,충남대학교,심리학과,학생부교과,교과(일반),70,4.25
2027,충남대학교,언론정보학과,학생부교과,교과(일반),50,3.81
2027,충남대학교,언론정보학과,학생부교과,교과(일반),70,4.35
2027,충남대학교,언어학과,학생부교과,교과(일반),50,2.94
2027,충남대학교,언어학과,학생부교과,교과(일반),70,2.96
2027,충남대학교,영어교육과,학생부교과,교과(일반),50,2.62
2027,충남대학교,영어교육과,학생부교과,교과(일반),70,2.65
2027,충남대학교,영어영문학과,학생부교과,교과(일반),50,2.83
2027,충남대학교,영어영문학과,학생부교과,교과(일반),70,2.95
2027,충남대학교,일어일문학과,학생부교과,교과(일반),50,3.58
2027,충남대학교,일어일문학과,학생부교과,교과(일반),70,3.61
2027,충남대학교,정치외교학과,학생부교과,교과(일반),50,2.61
2027,충남대학교,정치외교학과,학생부교과,교과(일반),70,2.74
2027,충남대학교,중어중문학과,학생부교과,교과(일반),50,3.09
2027,충남대학교,중어중문학과,학생부교과,교과(일반),70,3.1
2027,충남대학교,철학과,학생부교과,교과(일반),50,2.87
2027,충남대학교,철학과,학생부교과,교과(일반),70,2.92
2027,충남대학교,한문학과,학생부교과,교과(일반),50,3.04
2027,충남대학교,한문학과,학생부교과,교과(일반),70,3.12
2027,충남대학교,행정학부,학생부교과,교과(일반),50,2.49
2027,충남대학교,행정학부,학생부교과,교과(일반),70,2.59
2027,충남대학교,간호학과,학생부교과,교과(일반),50,1.89
2027,충남대학교,간호학과,학생부교과,교과(일반),70,1.98
2027,충남대학교,건설공학교육과,학생부교과,교과(일반),50,3.26
2027,충남대학교,건설공학교육과,학생부교과,교과(일반),70,3.31
2027,충남대학교,기계공학교육과,학생부교과,교과(일반),50,3.31
2027,충남대학교,기계공학교육과,학생부교과,교과(일반),70,3.34
2027,충남대학교,기계공학부,학생부교과,교과(일반),50,2.45
2027,충남대학교,기계공학부,학생부교과,교과(일반),70,2.48
2027,충남대학교,기술교육과,학생부교과,교과(일반),50,2.64
2027,충남대학교,기술교육과,학생부교과,교과(일반),70,3.31
2027,충남대학교,메카트로닉스공학과,학생부교과,교과(일반),50,2.72
2027,충남대학교,메카트로닉스공학과,학생부교과,교과(일반),70,2.74
2027,충남대학교,물리학과,학생부교과,교과(일반),50,2.94
2027,충남대학교,물리학과,학생부교과,교과(일반),70,3.01
2027,충남대학교,반도체융합학과,학생부교과,교과(일반),50,2.5
2027,충남대학교,반도체융합학과,학생부교과,교과(일반),70,2.55
2027,충남대학교,생명정보융합학과,학생부교과,교과(일반),50,2.24
2027,충남대학교,생명정보융합학과,학생부교과,교과(일반),70,2.34
2027,충남대학교,생물과학과,학생부교과,교과(일반),50,2.22
2027,충남대학교,생물과학과,학생부교과,교과(일반),70,2.31
2027,충남대학교,생화학과,학생부교과,교과(일반),50,2.33
2027,충남대학교,생화학과,학생부교과,교과(일반),70,2.47
2027,충남대학교,소비자학과,학생부교과,교과(일반),50,2.84
2027,충남대학교,소비자학과,학생부교과,교과(일반),70,2.88
2027,충남대학교,수의예과,학생부교과,교과(일반),50,1.21
2027,충남대학교,수의예과,학생부교과,교과(일반),70,1.23
2027,충남대학교,수학과,학생부교과,교과(일반),50,2.94
2027,충남대학교,수학과,학생부교과,교과(일반),70,2.98
2027,충남대학교,수학교육과,학생부교과,교과(일반),50,2.25
2027,충남대학교,수학교육과,학생부교과,교과(일반),70,2.33
2027,충남대학교,스마트시티건축공학과,학생부교과,교과(일반),50,3
2027,충남대학교,스마트시티건축공학과,학생부교과,교과(일반),70,3.11
2027,충남대학교,식품영양학과,학생부교과,교과(일반),50,2.7
2027,충남대학교,식품영양학과,학생부교과,교과(일반),70,2.76
2027,충남대학교,신소재공학과,학생부교과,교과(일반),50,2.39
2027,충남대학교,신소재공학과,학생부교과,교과(일반),70,2.42
2027,충남대학교,약학과,학생부교과,교과(일반),50,1.23
2027,충남대학교,약학과,학생부교과,교과(일반),70,1.24
2027,충남대학교,에너지공학과,학생부교과,교과(일반),50,2.66
2027,충남대학교,에너지공학과,학생부교과,교과(일반),70,2.7
2027,충남대학교,유기재료공학과,학생부교과,교과(일반),50,2.69
2027,충남대학교,유기재료공학과,학생부교과,교과(일반),70,2.76
2027,충남대학교,응용화학공학과,학생부교과,교과(일반),50,2.14
2027,충남대학교,응용화학공학과,학생부교과,교과(일반),70,2.21
2027,충남대학교,의류학과,학생부교과,교과(일반),50,3.12
2027,충남대학교,의류학과,학생부교과,교과(일반),70,3.17
2027,충남대학교,의예과,학생부교과,교과(일반),50,1.05
2027,충남대학교,의예과,학생부교과,교과(일반),70,1.05
2027,충남대학교,자율운항시스템공학과,학생부교과,교과(일반),50,2.9
2027,충남대학교,자율운항시스템공학과,학생부교과,교과(일반),70,2.99
2027,충남대학교,전기공학과,학생부교과,교과(일반),50,2.19
2027,충남대학교,전기공학과,학생부교과,교과(일반),70,2.25
2027,충남대학교,전자공학과,학생부교과,교과(일반),50,1.93
2027,충남대학교,전자공학과,학생부교과,교과(일반),70,1.98
2027,충남대학교,정보통계학과,학생부교과,교과(일반),50,2.7
2027,충남대학교,정보통계학과,학생부교과,교과(일반),70,2.73
2027,충남대학교,정보통신융합학부,학생부교과,교과(일반),50,2.78
2027,충남대학교,정보통신융합학부,학생부교과,교과(일반),70,2.82
2027,충남대학교,지질환경과학과,학생부교과,교과(일반),50,2.98
2027,충남대학교,지질환경과학과,학생부교과,교과(일반),70,3.07
2027,충남대학교,천문우주과학과,학생부교과,교과(일반),50,2.44
2027,충남대학교,천문우주과학과,학생부교과,교과(일반),70,2.73
2027,충남대학교,토목공학과,학생부교과,교과(일반),50,2.76
2027,충남대학교,토목공학과,학생부교과,교과(일반),70,2.84
2027,충남대학교,항공우주공학과,학생부교과,교과(일반),50,2.46
2027,충남대학교,항공우주공학과,학생부교과,교과(일반),70,2.52
2027,충남대학교,해양환경과학과,학생부교과,교과(일반),50,3.03
2027,충남대학교,해양환경과학과,학생부교과,교과(일반),70,3.06
2027,충남대학교,화학공학교육과,학생부교과,교과(일반),50,3.05
2027,충남대학교,화학공학교육과,학생부교과,교과(일반),70,3.05
2027,충남대학교,화학과,학생부교과,교과(일반),50,2.47
2027,충남대학교,화학과,학생부교과,교과(일반),70,2.58
2027,충남대학교,환경공학과,학생부교과,교과(일반),50,2.4
2027,충남대학교,환경공학과,학생부교과,교과(일반),70,2.43
2027,충남대학교,경영학부,학생부종합,학생부종합Ⅰ(서류),50,2.97
2027,충남대학교,경영학부,학생부종합,학생부종합Ⅰ(서류),70,3.14
2027,충남대학교,경제학과,학생부종합,학생부종합Ⅰ(서류),50,2.9
2027,충남대학교,경제학과,학생부종합,학생부종합Ⅰ(서류),70,2.97
2027,충남대학교,고고학과,학생부종합,학생부종합Ⅰ(서류),50,3.63
2027,충남대학교,고고학과,학생부종합,학생부종합Ⅰ(서류),70,3.71
2027,충남대학교,공공안전융합전공,학생부종합,학생부종합Ⅰ(서류),50,3.06
2027,충남대학교,공공안전융합전공,학생부종합,학생부종합Ⅰ(서류),70,3.06
2027,충남대학교,국사학과,학생부종합,학생부종합Ⅰ(서류),50,3.34
2027,충남대학교,국사학과,학생부종합,학생부종합Ⅰ(서류),70,3.37
2027,충남대학교,국어국문학과,학생부종합,학생부종합Ⅰ(서류),50,3.2
2027,충남대학교,국어국문학과,학생부종합,학생부종합Ⅰ(서류),70,3.46
2027,충남대학교,국제학부,학생부종합,학생부종합Ⅰ(서류),50,3.38
2027,충남대학교,국제학부,학생부종합,학생부종합Ⅰ(서류),70,3.39
2027,충남대학교,국토안보학전공,학생부종합,학생부종합Ⅰ(서류),50,4.33
2027,충남대학교,국토안보학전공,학생부종합,학생부종합Ⅰ(서류),70,4.53
2027,충남대학교,독어독문학과,학생부종합,학생부종합Ⅰ(서류),50,3.95
2027,충남대학교,독어독문학과,학생부종합,학생부종합Ⅰ(서류),70,3.97
2027,충남대학교,리더십과조직과학전공,학생부종합,학생부종합Ⅰ(서류),50,3.96
2027,충남대학교,리더십과조직과학전공,학생부종합,학생부종합Ⅰ(서류),70,3.97
2027,충남대학교,무역학과,학생부종합,학생부종합Ⅰ(서류),50,3.42
2027,충남대학교,무역학과,학생부종합,학생부종합Ⅰ(서류),70,3.52
2027,충남대학교,문헌정보학과,학생부종합,학생부종합Ⅰ(서류),50,3.17
2027,충남대학교,문헌정보학과,학생부종합,학생부종합Ⅰ(서류),70,3.25
2027,충남대학교,문화와사회융합전공,학생부종합,학생부종합Ⅰ(서류),50,3.43
2027,충남대학교,문화와사회융합전공,학생부종합,학생부종합Ⅰ(서류),70,3.58
2027,충남대학교,불어불문학과,학생부종합,학생부종합Ⅰ(서류),50,3.91
2027,충남대학교,불어불문학과,학생부종합,학생부종합Ⅰ(서류),70,4.83
2027,충남대학교,사학과,학생부종합,학생부종합Ⅰ(서류),50,3.33
2027,충남대학교,사학과,학생부종합,학생부종합Ⅰ(서류),70,3.39
2027,충남대학교,사회복지학과,학생부종합,학생부종합Ⅰ(서류),50,3.04
2027,충남대학교,사회복지학과,학생부종합,학생부종합Ⅰ(서류),70,3.19
2027,충남대학교,사회학과,학생부종합,학생부종합Ⅰ(서류),50,3.27
2027,충남대학교,사회학과,학생부종합,학생부종합Ⅰ(서류),70,3.3
2027,충남대학교,언론정보학과,학생부종합,학생부종합Ⅰ(서류),50,2.83
2027,충남대학교,언론정보학과,학생부종합,학생부종합Ⅰ(서류),70,2.83
2027,충남대학교,언어학과,학생부종합,학생부종합Ⅰ(서류),50,3.92
2027,충남대학교,언어학과,학생부종합,학생부종합Ⅰ(서류),70,3.98
2027,충남대학교,영어영문학과,학생부종합,학생부종합Ⅰ(서류),50,3.4
2027,충남대학교,영어영문학과,학생부종합,학생부종합Ⅰ(서류),70,3.6
2027,충남대학교,일어일문학과,학생부종합,학생부종합Ⅰ(서류),50,4.14
2027,충남대학교,일어일문학과,학생부종합,학생부종합Ⅰ(서류),70,4.67
2027,충남대학교,정치외교학과,학생부종합,학생부종합Ⅰ(서류),50,3.18
2027,충남대학교,정치외교학과,학생부종합,학생부종합Ⅰ(서류),70,3.41
2027,충남대학교,중어중문학과,학생부종합,학생부종합Ⅰ(서류),50,3.23
2027,충남대학교,중어중문학과,학생부종합,학생부종합Ⅰ(서류),70,3.47
2027,충남대학교,철학과,학생부종합,학생부종합Ⅰ(서류),50,3.96
2027,충남대학교,철학과,학생부종합,학생부종합Ⅰ(서류),70,4
2027,충남대학교,한문학과,학생부종합,학생부종합Ⅰ(서류),50,3.74
2027,충남대학교,한문학과,학생부종합,학생부종합Ⅰ(서류),70,3.74
2027,충남대학교,행정학부,학생부종합,학생부종합Ⅰ(서류),50,2.83
2027,충남대학교,행정학부,학생부종합,학생부종합Ⅰ(서류),70,2.84
2027,충남대학교,간호학과,학생부종합,학생부종합Ⅰ(서류),50,2.48
2027,충남대학교,간호학과,학생부종합,학생부종합Ⅰ(서류),70,2.51
2027,충남대학교,기계공학부,학생부종합,학생부종합Ⅰ(서류),50,2.9
2027,충남대학교,기계공학부,학생부종합,학생부종합Ⅰ(서류),70,2.99
2027,충남대학교,메카트로닉스공학과,학생부종합,학생부종합Ⅰ(서류),50,3.29
2027,충남대학교,메카트로닉스공학과,학생부종합,학생부종합Ⅰ(서류),70,3.39
2027,충남대학교,물리학과,학생부종합,학생부종합Ⅰ(서류),50,3.52
2027,충남대학교,물리학과,학생부종합,학생부종합Ⅰ(서류),70,3.71
2027,충남대학교,반도체융합학과,학생부종합,학생부종합Ⅰ(서류),50,3.19
2027,충남대학교,반도체융합학과,학생부종합,학생부종합Ⅰ(서류),70,3.29
2027,충남대학교,생명정보융합학과,학생부종합,학생부종합Ⅰ(서류),50,2.77
2027,충남대학교,생명정보융합학과,학생부종합,학생부종합Ⅰ(서류),70,2.79
2027,충남대학교,생화학과,학생부종합,학생부종합Ⅰ(서류),50,2.63
2027,충남대학교,생화학과,학생부종합,학생부종합Ⅰ(서류),70,2.67
2027,충남대학교,소비자학과,학생부종합,학생부종합Ⅰ(서류),50,3.41
2027,충남대학교,소비자학과,학생부종합,학생부종합Ⅰ(서류),70,3.54
2027,충남대학교,수의예과,학생부종합,학생부종합Ⅰ(서류),50,1.48
2027,충남대학교,수의예과,학생부종합,학생부종합Ⅰ(서류),70,1.55
2027,충남대학교,수학과,학생부종합,학생부종합Ⅰ(서류),50,3.79
2027,충남대학교,수학과,학생부종합,학생부종합Ⅰ(서류),70,3.84
2027,충남대학교,스마트시티건축공학과,학생부종합,학생부종합Ⅰ(서류),50,3.3
2027,충남대학교,스마트시티건축공학과,학생부종합,학생부종합Ⅰ(서류),70,3.35
2027,충남대학교,식품영양학과,학생부종합,학생부종합Ⅰ(서류),50,2.91
2027,충남대학교,식품영양학과,학생부종합,학생부종합Ⅰ(서류),70,3.05
2027,충남대학교,신소재공학과,학생부종합,학생부종합Ⅰ(서류),50,2.87
2027,충남대학교,신소재공학과,학생부종합,학생부종합Ⅰ(서류),70,2.97
2027,충남대학교,약학과,학생부종합,학생부종합Ⅰ(서류),50,1.51
2027,충남대학교,약학과,학생부종합,학생부종합Ⅰ(서류),70,1.53
2027,충남대학교,에너지공학과,학생부종합,학생부종합Ⅰ(서류),50,2.95
2027,충남대학교,에너지공학과,학생부종합,학생부종합Ⅰ(서류),70,3.04
2027,충남대학교,유기재료공학과,학생부종합,학생부종합Ⅰ(서류),50,3.13
2027,충남대학교,유기재료공학과,학생부종합,학생부종합Ⅰ(서류),70,3.24
2027,충남대학교,응용화학공학과,학생부종합,학생부종합Ⅰ(서류),50,2.52
2027,충남대학교,응용화학공학과,학생부종합,학생부종합Ⅰ(서류),70,2.57
2027,충남대학교,의류학과,학생부종합,학생부종합Ⅰ(서류),50,3.34
2027,충남대학교,의류학과,학생부종합,학생부종합Ⅰ(서류),70,3.36
2027,충남대학교,의예과,학생부종합,학생부종합Ⅰ(서류),50,1.14
2027,충남대학교,의예과,학생부종합,학생부종합Ⅰ(서류),70,1.15
2027,충남대학교,자율운항시스템공학과,학생부종합,학생부종합Ⅰ(서류),50,3.38
2027,충남대학교,자율운항시스템공학과,학생부종합,학생부종합Ⅰ(서류),70,3.48
2027,충남대학교,전기공학과,학생부종합,학생부종합Ⅰ(서류),50,2.93
2027,충남대학교,전기공학과,학생부종합,학생부종합Ⅰ(서류),70,3.05
2027,충남대학교,전자공학과,학생부종합,학생부종합Ⅰ(서류),50,2.62
2027,충남대학교,전자공학과,학생부종합,학생부종합Ⅰ(서류),70,2.74
2027,충남대학교,정보통계학과,학생부종합,학생부종합Ⅰ(서류),50,2.53
2027,충남대학교,정보통계학과,학생부종합,학생부종합Ⅰ(서류),70,2.53
2027,충남대학교,정보통신융합학부,학생부종합,학생부종합Ⅰ(서류),50,3.47
2027,충남대학교,정보통신융합학부,학생부종합,학생부종합Ⅰ(서류),70,3.51
2027,충남대학교,지질환경과학과,학생부종합,학생부종합Ⅰ(서류),50,3.59
2027,충남대학교,지질환경과학과,학생부종합,학생부종합Ⅰ(서류),70,3.65
2027,충남대학교,천문우주과학과,학생부종합,학생부종합Ⅰ(서류),50,2.75
2027,충남대학교,천문우주과학과,학생부종합,학생부종합Ⅰ(서류),70,2.79
2027,충남대학교,토목공학과,학생부종합,학생부종합Ⅰ(서류),50,3.53
2027,충남대학교,토목공학과,학생부종합,학생부종합Ⅰ(서류),70,3.61
2027,충남대학교,항공우주공학과,학생부종합,학생부종합Ⅰ(서류),50,3.29
2027,충남대학교,항공우주공학과,학생부종합,학생부종합Ⅰ(서류),70,3.39
2027,충남대학교,해양환경과학과,학생부종합,학생부종합Ⅰ(서류),50,3.48
2027,충남대학교,해양환경과학과,학생부종합,학생부종합Ⅰ(서류),70,3.53
2027,충남대학교,화학과,학생부종합,학생부종합Ⅰ(서류),50,2.86
2027,충남대학교,화학과,학생부종합,학생부종합Ⅰ(서류),70,3
2027,충남대학교,환경공학과,학생부종합,학생부종합Ⅰ(서류),50,2.51
2027,충남대학교,환경공학과,학생부종합,학생부종합Ⅰ(서류),70,2.59
2027,충남대학교,경영학부,학생부종합,학생부종합Ⅰ(일반),50,2.97
2027,충남대학교,경영학부,학생부종합,학생부종합Ⅰ(일반),70,3.14
2027,충남대학교,경제학과,학생부종합,학생부종합Ⅰ(일반),50,2.9
2027,충남대학교,경제학과,학생부종합,학생부종합Ⅰ(일반),70,2.97
2027,충남대학교,고고학과,학생부종합,학생부종합Ⅰ(일반),50,3.63
2027,충남대학교,고고학과,학생부종합,학생부종합Ⅰ(일반),70,3.71
2027,충남대학교,공공안전융합전공,학생부종합,학생부종합Ⅰ(일반),50,3.06
2027,충남대학교,공공안전융합전공,학생부종합,학생부종합Ⅰ(일반),70,3.06
2027,충남대학교,교육학과,학생부종합,학생부종합Ⅰ(일반),50,3.37
2027,충남대학교,교육학과,학생부종합,학생부종합Ⅰ(일반),70,3.42
2027,충남대학교,국사학과,학생부종합,학생부종합Ⅰ(일반),50,3.34
2027,충남대학교,국사학과,학생부종합,학생부종합Ⅰ(일반),70,3.37
2027,충남대학교,국어교육과,학생부종합,학생부종합Ⅰ(일반),50,2.79
2027,충남대학교,국어교육과,학생부종합,학생부종합Ⅰ(일반),70,2.79
2027,충남대학교,국어국문학과,학생부종합,학생부종합Ⅰ(일반),50,3.2
2027,충남대학교,국어국문학과,학생부종합,학생부종합Ⅰ(일반),70,3.46
2027,충남대학교,독어독문학과,학생부종합,학생부종합Ⅰ(일반),50,3.95
2027,충남대학교,독어독문학과,학생부종합,학생부종합Ⅰ(일반),70,3.97
2027,충남대학교,리더십과조직과학전공,학생부종합,학생부종합Ⅰ(일반),50,3.96
2027,충남대학교,리더십과조직과학전공,학생부종합,학생부종합Ⅰ(일반),70,3.97
2027,충남대학교,무역학과,학생부종합,학생부종합Ⅰ(일반),50,3.42
2027,충남대학교,무역학과,학생부종합,학생부종합Ⅰ(일반),70,3.52
2027,충남대학교,문헌정보학과,학생부종합,학생부종합Ⅰ(일반),50,3.17
2027,충남대학교,문헌정보학과,학생부종합,학생부종합Ⅰ(일반),70,3.25
2027,충남대학교,문화와사회융합전공,학생부종합,학생부종합Ⅰ(일반),50,3.43
2027,충남대학교,문화와사회융합전공,학생부종합,학생부종합Ⅰ(일반),70,3.58
2027,충남대학교,불어불문학과,학생부종합,학생부종합Ⅰ(일반),50,3.91
2027,충남대학교,불어불문학과,학생부종합,학생부종합Ⅰ(일반),70,4.83
2027,충남대학교,사학과,학생부종합,학생부종합Ⅰ(일반),50,3.33
2027,충남대학교,사학과,학생부종합,학생부종합Ⅰ(일반),70,3.39
2027,충남대학교,사회복지학과,학생부종합,학생부종합Ⅰ(일반),50,3.04
2027,충남대학교,사회복지학과,학생부종합,학생부종합Ⅰ(일반),70,3.19
2027,충남대학교,사회학과,학생부종합,학생부종합Ⅰ(일반),50,3.27
2027,충남대학교,사회학과,학생부종합,학생부종합Ⅰ(일반),70,3.3
2027,충남대학교,심리학과,학생부종합,학생부종합Ⅰ(일반),50,3.1
2027,충남대학교,심리학과,학생부종합,학생부종합Ⅰ(일반),70,3.22
2027,충남대학교,언론정보학과,학생부종합,학생부종합Ⅰ(일반),50,2.83
2027,충남대학교,언론정보학과,학생부종합,학생부종합Ⅰ(일반),70,2.83
2027,충남대학교,언어학과,학생부종합,학생부종합Ⅰ(일반),50,3.92
2027,충남대학교,언어학과,학생부종합,학생부종합Ⅰ(일반),70,3.98
2027,충남대학교,영어교육과,학생부종합,학생부종합Ⅰ(일반),50,3.34
2027,충남대학교,영어교육과,학생부종합,학생부종합Ⅰ(일반),70,3.53
2027,충남대학교,영어영문학과,학생부종합,학생부종합Ⅰ(일반),50,3.4
2027,충남대학교,영어영문학과,학생부종합,학생부종합Ⅰ(일반),70,3.6
2027,충남대학교,일어일문학과,학생부종합,학생부종합Ⅰ(일반),50,4.14
2027,충남대학교,일어일문학과,학생부종합,학생부종합Ⅰ(일반),70,4.67
2027,충남대학교,정치외교학과,학생부종합,학생부종합Ⅰ(일반),50,3.18
2027,충남대학교,정치외교학과,학생부종합,학생부종합Ⅰ(일반),70,3.41
2027,충남대학교,중어중문학과,학생부종합,학생부종합Ⅰ(일반),50,3.23
2027,충남대학교,중어중문학과,학생부종합,학생부종합Ⅰ(일반),70,3.47
2027,충남대학교,철학과,학생부종합,학생부종합Ⅰ(일반),50,3.96
2027,충남대학교,철학과,학생부종합,학생부종합Ⅰ(일반),70,4
2027,충남대학교,한문학과,학생부종합,학생부종합Ⅰ(일반),50,3.74
2027,충남대학교,한문학과,학생부종합,학생부종합Ⅰ(일반),70,3.74
2027,충남대학교,행정학부,학생부종합,학생부종합Ⅰ(일반),50,2.83
2027,충남대학교,행정학부,학생부종합,학생부종합Ⅰ(일반),70,2.84
2027,충남대학교,간호학과,학생부종합,학생부종합Ⅰ(일반),50,2.48
2027,충남대학교,간호학과,학생부종합,학생부종합Ⅰ(일반),70,2.51
2027,충남대학교,건설공학교육과,학생부종합,학생부종합Ⅰ(일반),50,4.07
2027,충남대학교,건설공학교육과,학생부종합,학생부종합Ⅰ(일반),70,4.09
2027,충남대학교,기계공학교육과,학생부종합,학생부종합Ⅰ(일반),50,4.04
2027,충남대학교,기계공학교육과,학생부종합,학생부종합Ⅰ(일반),70,4.05
2027,충남대학교,기계공학부,학생부종합,학생부종합Ⅰ(일반),50,2.9
2027,충남대학교,기계공학부,학생부종합,학생부종합Ⅰ(일반),70,2.99
2027,충남대학교,기술교육과,학생부종합,학생부종합Ⅰ(일반),50,3.27
2027,충남대학교,기술교육과,학생부종합,학생부종합Ⅰ(일반),70,3.42
2027,충남대학교,메카트로닉스공학과,학생부종합,학생부종합Ⅰ(일반),50,3.29
2027,충남대학교,메카트로닉스공학과,학생부종합,학생부종합Ⅰ(일반),70,3.39
2027,충남대학교,물리학과,학생부종합,학생부종합Ⅰ(일반),50,3.52
2027,충남대학교,물리학과,학생부종합,학생부종합Ⅰ(일반),70,3.71
2027,충남대학교,반도체융합학과,학생부종합,학생부종합Ⅰ(일반),50,3.19
2027,충남대학교,반도체융합학과,학생부종합,학생부종합Ⅰ(일반),70,3.29
2027,충남대학교,생명정보융합학과,학생부종합,학생부종합Ⅰ(일반),50,2.77
2027,충남대학교,생명정보융합학과,학생부종합,학생부종합Ⅰ(일반),70,2.79
2027,충남대학교,생물과학과,학생부종합,학생부종합Ⅰ(일반),50,2.51
2027,충남대학교,생물과학과,학생부종합,학생부종합Ⅰ(일반),70,2.56
2027,충남대학교,생화학과,학생부종합,학생부종합Ⅰ(일반),50,2.63
2027,충남대학교,생화학과,학생부종합,학생부종합Ⅰ(일반),70,2.67
2027,충남대학교,소비자학과,학생부종합,학생부종합Ⅰ(일반),50,3.41
2027,충남대학교,소비자학과,학생부종합,학생부종합Ⅰ(일반),70,3.54
2027,충남대학교,수의예과,학생부종합,학생부종합Ⅰ(일반),50,1.48
2027,충남대학교,수의예과,학생부종합,학생부종합Ⅰ(일반),70,1.55
2027,충남대학교,수학과,학생부종합,학생부종합Ⅰ(일반),50,3.79
2027,충남대학교,수학과,학생부종합,학생부종합Ⅰ(일반),70,3.84
2027,충남대학교,수학교육과,학생부종합,학생부종합Ⅰ(일반),50,2.52
2027,충남대학교,수학교육과,학생부종합,학생부종합Ⅰ(일반),70,2.52
2027,충남대학교,스마트시티건축공학과,학생부종합,학생부종합Ⅰ(일반),50,3.3
2027,충남대학교,스마트시티건축공학과,학생부종합,학생부종합Ⅰ(일반),70,3.35
2027,충남대학교,식품영양학과,학생부종합,학생부종합Ⅰ(일반),50,2.91
2027,충남대학교,식품영양학과,학생부종합,학생부종합Ⅰ(일반),70,3.05
2027,충남대학교,신소재공학과,학생부종합,학생부종합Ⅰ(일반),50,2.87
2027,충남대학교,신소재공학과,학생부종합,학생부종합Ⅰ(일반),70,2.97
2027,충남대학교,에너지공학과,학생부종합,학생부종합Ⅰ(일반),50,2.95
2027,충남대학교,에너지공학과,학생부종합,학생부종합Ⅰ(일반),70,3.04
2027,충남대학교,유기재료공학과,학생부종합,학생부종합Ⅰ(일반),50,3.13
2027,충남대학교,유기재료공학과,학생부종합,학생부종합Ⅰ(일반),70,3.24
2027,충남대학교,응용화학공학과,학생부종합,학생부종합Ⅰ(일반),50,2.52
2027,충남대학교,응용화학공학과,학생부종합,학생부종합Ⅰ(일반),70,2.57
2027,충남대학교,의류학과,학생부종합,학생부종합Ⅰ(일반),50,3.34
2027,충남대학교,의류학과,학생부종합,학생부종합Ⅰ(일반),70,3.36
2027,충남대학교,의예과,학생부종합,학생부종합Ⅰ(일반),50,1.14
2027,충남대학교,의예과,학생부종합,학생부종합Ⅰ(일반),70,1.15
2027,충남대학교,자율운항시스템공학과,학생부종합,학생부종합Ⅰ(일반),50,3.38
2027,충남대학교,자율운항시스템공학과,학생부종합,학생부종합Ⅰ(일반),70,3.48
2027,충남대학교,전기공학과,학생부종합,학생부종합Ⅰ(일반),50,2.93
2027,충남대학교,전기공학과,학생부종합,학생부종합Ⅰ(일반),70,3.05
2027,충남대학교,전자공학과,학생부종합,학생부종합Ⅰ(일반),50,2.62
2027,충남대학교,전자공학과,학생부종합,학생부종합Ⅰ(일반),70,2.74
2027,충남대학교,정보통계학과,학생부종합,학생부종합Ⅰ(일반),50,2.53
2027,충남대학교,정보통계학과,학생부종합,학생부종합Ⅰ(일반),70,2.53
2027,충남대학교,정보통신융합학부,학생부종합,학생부종합Ⅰ(일반),50,3.47
2027,충남대학교,정보통신융합학부,학생부종합,학생부종합Ⅰ(일반),70,3.51
2027,충남대학교,지질환경과학과,학생부종합,학생부종합Ⅰ(일반),50,3.59
2027,충남대학교,지질환경과학과,학생부종합,학생부종합Ⅰ(일반),70,3.65
2027,충남대학교,천문우주과학과,학생부종합,학생부종합Ⅰ(일반),50,2.75
2027,충남대학교,천문우주과학과,학생부종합,학생부종합Ⅰ(일반),70,2.79
2027,충남대학교,토목공학과,학생부종합,학생부종합Ⅰ(일반),50,3.53
2027,충남대학교,토목공학과,학생부종합,학생부종합Ⅰ(일반),70,3.61
2027,충남대학교,항공우주공학과,학생부종합,학생부종합Ⅰ(일반),50,3.29
2027,충남대학교,항공우주공학과,학생부종합,학생부종합Ⅰ(일반),70,3.39
2027,충남대학교,해양환경과학과,학생부종합,학생부종합Ⅰ(일반),50,3.48
2027,충남대학교,해양환경과학과,학생부종합,학생부종합Ⅰ(일반),70,3.53
2027,충남대학교,화학공학교육과,학생부종합,학생부종합Ⅰ(일반),50,3.78
2027,충남대학교,화학공학교육과,학생부종합,학생부종합Ⅰ(일반),70,3.88
2027,충남대학교,화학과,학생부종합,학생부종합Ⅰ(일반),50,2.86
2027,충남대학교,화학과,학생부종합,학생부종합Ⅰ(일반),70,3
2027,충남대학교,환경공학과,학생부종합,학생부종합Ⅰ(일반),50,2.51
2027,충남대학교,환경공학과,학생부종합,학생부종합Ⅰ(일반),70,2.59
2027,충남대학교,스포츠과학과,학생부종합,학생부종합Ⅰ(일반),50,3.62
2027,충남대학교,스포츠과학과,학생부종합,학생부종합Ⅰ(일반),70,4.23
2027,충남대학교,경영학부,학생부교과,교과(지역인재),50,2.51
2027,충남대학교,경영학부,학생부교과,교과(지역인재),70,2.6
2027,충남대학교,경제학과,학생부교과,교과(지역인재),50,2.71
2027,충남대학교,경제학과,학생부교과,교과(지역인재),70,2.75
2027,충남대학교,고고학과,학생부교과,교과(지역인재),50,3.25
2027,충남대학교,고고학과,학생부교과,교과(지역인재),70,3.33
2027,충남대학교,공공안전융합전공,학생부교과,교과(지역인재),50,2.83
2027,충남대학교,공공안전융합전공,학생부교과,교과(지역인재),70,2.91
2027,충남대학교,교육학과,학생부교과,교과(지역인재),50,2.76
2027,충남대학교,교육학과,학생부교과,교과(지역인재),70,2.81
2027,충남대학교,국사학과,학생부교과,교과(지역인재),50,3.11
2027,충남대학교,국사학과,학생부교과,교과(지역인재),70,3.15
2027,충남대학교,국어교육과,학생부교과,교과(지역인재),50,2.83
2027,충남대학교,국어교육과,학생부교과,교과(지역인재),70,2.86
2027,충남대학교,국어국문학과,학생부교과,교과(지역인재),50,3.05
2027,충남대학교,국어국문학과,학생부교과,교과(지역인재),70,3.08
2027,충남대학교,국제학부,학생부교과,교과(지역인재),50,2.99
2027,충남대학교,국제학부,학생부교과,교과(지역인재),70,3.01
2027,충남대학교,독어독문학과,학생부교과,교과(지역인재),50,3.01
2027,충남대학교,독어독문학과,학생부교과,교과(지역인재),70,3.02
2027,충남대학교,리더십과조직과학전공,학생부교과,교과(지역인재),50,3.15
2027,충남대학교,리더십과조직과학전공,학생부교과,교과(지역인재),70,3.2
2027,충남대학교,무역학과,학생부교과,교과(지역인재),50,2.78
2027,충남대학교,무역학과,학생부교과,교과(지역인재),70,2.8
2027,충남대학교,문헌정보학과,학생부교과,교과(지역인재),50,2.55
2027,충남대학교,문헌정보학과,학생부교과,교과(지역인재),70,2.58
2027,충남대학교,문화와사회융합전공,학생부교과,교과(지역인재),50,3.18
2027,충남대학교,문화와사회융합전공,학생부교과,교과(지역인재),70,3.25
2027,충남대학교,불어불문학과,학생부교과,교과(지역인재),50,3.31
2027,충남대학교,불어불문학과,학생부교과,교과(지역인재),70,3.39
2027,충남대학교,사학과,학생부교과,교과(지역인재),50,2.86
2027,충남대학교,사학과,학생부교과,교과(지역인재),70,3.04
2027,충남대학교,사회복지학과,학생부교과,교과(지역인재),50,2.85
2027,충남대학교,사회복지학과,학생부교과,교과(지역인재),70,2.88
2027,충남대학교,사회학과,학생부교과,교과(지역인재),50,2.97
2027,충남대학교,사회학과,학생부교과,교과(지역인재),70,3.01
2027,충남대학교,심리학과,학생부교과,교과(지역인재),50,2.57
2027,충남대학교,심리학과,학생부교과,교과(지역인재),70,2.66
2027,충남대학교,언론정보학과,학생부교과,교과(지역인재),50,3.16
2027,충남대학교,언론정보학과,학생부교과,교과(지역인재),70,3.73
2027,충남대학교,언어학과,학생부교과,교과(지역인재),50,3.01
2027,충남대학교,언어학과,학생부교과,교과(지역인재),70,3.08
2027,충남대학교,영어교육과,학생부교과,교과(지역인재),50,3.03
2027,충남대학교,영어교육과,학생부교과,교과(지역인재),70,3.34
2027,충남대학교,영어영문학과,학생부교과,교과(지역인재),50,3.05
2027,충남대학교,영어영문학과,학생부교과,교과(지역인재),70,3.14
2027,충남대학교,일어일문학과,학생부교과,교과(지역인재),50,2.78
2027,충남대학교,일어일문학과,학생부교과,교과(지역인재),70,2.84
2027,충남대학교,정치외교학과,학생부교과,교과(지역인재),50,2.67
2027,충남대학교,정치외교학과,학생부교과,교과(지역인재),70,2.73
2027,충남대학교,중어중문학과,학생부교과,교과(지역인재),50,3.56
2027,충남대학교,중어중문학과,학생부교과,교과(지역인재),70,4.45
2027,충남대학교,철학과,학생부교과,교과(지역인재),50,2.81
2027,충남대학교,철학과,학생부교과,교과(지역인재),70,2.81
2027,충남대학교,한문학과,학생부교과,교과(지역인재),50,3.39
2027,충남대학교,한문학과,학생부교과,교과(지역인재),70,3.4
2027,충남대학교,행정학부,학생부교과,교과(지역인재),50,2.44
2027,충남대학교,행정학부,학생부교과,교과(지역인재),70,2.54
2027,충남대학교,간호학과,학생부교과,교과(지역인재),50,1.91
2027,충남대학교,간호학과,학생부교과,교과(지역인재),70,1.93
2027,충남대학교,건설공학교육과,학생부교과,교과(지역인재),50,3.5
2027,충남대학교,건설공학교육과,학생부교과,교과(지역인재),70,3.51
2027,충남대학교,기계공학교육과,학생부교과,교과(지역인재),50,3.43
2027,충남대학교,기계공학교육과,학생부교과,교과(지역인재),70,3.44
2027,충남대학교,기계공학부,학생부교과,교과(지역인재),50,2.43
2027,충남대학교,기계공학부,학생부교과,교과(지역인재),70,2.47
2027,충남대학교,기술교육과,학생부교과,교과(지역인재),50,2.63
2027,충남대학교,기술교육과,학생부교과,교과(지역인재),70,2.73
2027,충남대학교,메카트로닉스공학과,학생부교과,교과(지역인재),50,2.86
2027,충남대학교,메카트로닉스공학과,학생부교과,교과(지역인재),70,3.16
2027,충남대학교,물리학과,학생부교과,교과(지역인재),50,3.12
2027,충남대학교,물리학과,학생부교과,교과(지역인재),70,3.15
2027,충남대학교,반도체융합학과,학생부교과,교과(지역인재),50,2.73
2027,충남대학교,반도체융합학과,학생부교과,교과(지역인재),70,2.77
2027,충남대학교,생명정보융합학과,학생부교과,교과(지역인재),50,2.31
2027,충남대학교,생명정보융합학과,학생부교과,교과(지역인재),70,2.36
2027,충남대학교,생물과학과,학생부교과,교과(지역인재),50,2.38
2027,충남대학교,생물과학과,학생부교과,교과(지역인재),70,2.39
2027,충남대학교,생화학과,학생부교과,교과(지역인재),50,2.48
2027,충남대학교,생화학과,학생부교과,교과(지역인재),70,2.49
2027,충남대학교,소비자학과,학생부교과,교과(지역인재),50,2.92
2027,충남대학교,소비자학과,학생부교과,교과(지역인재),70,2.93
2027,충남대학교,수의예과,학생부교과,교과(지역인재),50,1.37
2027,충남대학교,수의예과,학생부교과,교과(지역인재),70,1.39
2027,충남대학교,수학과,학생부교과,교과(지역인재),50,3.1
2027,충남대학교,수학과,학생부교과,교과(지역인재),70,3.14
2027,충남대학교,수학교육과,학생부교과,교과(지역인재),50,2.54
2027,충남대학교,수학교육과,학생부교과,교과(지역인재),70,2.6
2027,충남대학교,스마트시티건축공학과,학생부교과,교과(지역인재),50,3.03
2027,충남대학교,스마트시티건축공학과,학생부교과,교과(지역인재),70,3.05
2027,충남대학교,식품영양학과,학생부교과,교과(지역인재),50,2.83
2027,충남대학교,식품영양학과,학생부교과,교과(지역인재),70,3
2027,충남대학교,신소재공학과,학생부교과,교과(지역인재),50,2.53
2027,충남대학교,신소재공학과,학생부교과,교과(지역인재),70,2.55
2027,충남대학교,약학과,학생부교과,교과(지역인재),50,1.38
2027,충남대학교,약학과,학생부교과,교과(지역인재),70,1.4
2027,충남대학교,에너지공학과,학생부교과,교과(지역인재),50,2.72
2027,충남대학교,에너지공학과,학생부교과,교과(지역인재),70,2.73
2027,충남대학교,유기재료공학과,학생부교과,교과(지역인재),50,2.73
2027,충남대학교,유기재료공학과,학생부교과,교과(지역인재),70,2.82
2027,충남대학교,응용화학공학과,학생부교과,교과(지역인재),50,2.29
2027,충남대학교,응용화학공학과,학생부교과,교과(지역인재),70,2.8
2027,충남대학교,의류학과,학생부교과,교과(지역인재),50,2.69
2027,충남대학교,의류학과,학생부교과,교과(지역인재),70,2.72
2027,충남대학교,의예과,학생부교과,교과(지역인재),50,1.09
2027,충남대학교,의예과,학생부교과,교과(지역인재),70,1.13
2027,충남대학교,자율운항시스템공학과,학생부교과,교과(지역인재),50,3.04
2027,충남대학교,자율운항시스템공학과,학생부교과,교과(지역인재),70,3.1
2027,충남대학교,전기공학과,학생부교과,교과(지역인재),50,2.21
2027,충남대학교,전기공학과,학생부교과,교과(지역인재),70,2.22
2027,충남대학교,전자공학과,학생부교과,교과(지역인재),50,1.92
2027,충남대학교,전자공학과,학생부교과,교과(지역인재),70,1.93
2027,충남대학교,정보통계학과,학생부교과,교과(지역인재),50,3.1
2027,충남대학교,정보통계학과,학생부교과,교과(지역인재),70,3.32
2027,충남대학교,정보통신융합학부,학생부교과,교과(지역인재),50,2.86
2027,충남대학교,정보통신융합학부,학생부교과,교과(지역인재),70,2.94
2027,충남대학교,지질환경과학과,학생부교과,교과(지역인재),50,3.22
2027,충남대학교,지질환경과학과,학생부교과,교과(지역인재),70,3.25
2027,충남대학교,천문우주과학과,학생부교과,교과(지역인재),50,2.8
2027,충남대학교,천문우주과학과,학생부교과,교과(지역인재),70,3.08
2027,충남대학교,토목공학과,학생부교과,교과(지역인재),50,2.79
2027,충남대학교,토목공학과,학생부교과,교과(지역인재),70,2.9
2027,충남대학교,항공우주공학과,학생부교과,교과(지역인재),50,2.76
2027,충남대학교,항공우주공학과,학생부교과,교과(지역인재),70,2.8
2027,충남대학교,해양환경과학과,학생부교과,교과(지역인재),50,3
2027,충남대학교,해양환경과학과,학생부교과,교과(지역인재),70,3.14
2027,충남대학교,화학공학교육과,학생부교과,교과(지역인재),50,3.3
2027,충남대학교,화학공학교육과,학생부교과,교과(지역인재),70,3.38
2027,충남대학교,화학과,학생부교과,교과(지역인재),50,2.34
2027,충남대학교,화학과,학생부교과,교과(지역인재),70,2.35
2027,충남대학교,환경공학과,학생부교과,교과(지역인재),50,2.34
2027,충남대학교,환경공학과,학생부교과,교과(지역인재),70,2.38
2027,충남대학교,의예과,학생부종합,학생부종합Ⅱ(지역인재),50,1.16
2027,충남대학교,의예과,학생부종합,학생부종합Ⅱ(지역인재),70,1.17
2027,부산대학교,경영학과,논술,논술,50,3.23
2027,부산대학교,경영학과,논술,논술,70,3.66
2027,부산대학교,국어국문학과,논술,논술,50,4.91
2027,부산대학교,국어국문학과,논술,논술,70,5.5
2027,부산대학교,노어노문학과,논술,논술,50,4.13
2027,부산대학교,노어노문학과,논술,논술,70,4.83
2027,부산대학교,불어불문학과,논술,논술,50,4.16
2027,부산대학교,불어불문학과,논술,논술,70,4.16
2027,부산대학교,언어정보학과,논술,논술,50,4.38
2027,부산대학교,언어정보학과,논술,논술,70,4.65
2027,부산대학교,영어영문학과,논술,논술,50,3.7
2027,부산대학교,영어영문학과,논술,논술,70,3.98
2027,부산대학교,예술문화영상학과,논술,논술,50,4.97
2027,부산대학교,예술문화영상학과,논술,논술,70,4.97
2027,부산대학교,유아교육과,논술,논술,50,4.03
2027,부산대학교,유아교육과,논술,논술,70,4.03
2027,부산대학교,일어일문학과,논술,논술,50,3.69
2027,부산대학교,일어일문학과,논술,논술,70,4.26
2027,부산대학교,중어중문학과,논술,논술,50,4.16
2027,부산대학교,중어중문학과,논술,논술,70,4.84
2027,부산대학교,지리교육과,논술,논술,50,4.03
2027,부산대학교,지리교육과,논술,논술,70,4.09
2027,부산대학교,철학과,논술,논술,50,3.95
2027,부산대학교,철학과,논술,논술,70,4.56
2027,부산대학교,고분자공학과,논술,논술,50,3.67
2027,부산대학교,고분자공학과,논술,논술,70,3.83
2027,부산대학교,기계공학부,논술,논술,50,3.33
2027,부산대학교,기계공학부,논술,논술,70,3.66
2027,부산대학교,사회기반시스템공학과,논술,논술,50,3.67
2027,부산대학교,사회기반시스템공학과,논술,논술,70,3.67
2027,부산대학교,수학과,논술,논술,50,3.54
2027,부산대학교,수학과,논술,논술,70,3.74
2027,부산대학교,수학교육과,논술,논술,50,2.94
2027,부산대학교,수학교육과,논술,논술,70,2.94
2027,부산대학교,재료공학부,논술,논술,50,3.73
2027,부산대학교,재료공학부,논술,논술,70,3.99
2027,부산대학교,조선·해양공학과,논술,논술,50,3.43
2027,부산대학교,조선·해양공학과,논술,논술,70,3.87
2027,부산대학교,지질환경과학과,논술,논술,50,4.39
2027,부산대학교,지질환경과학과,논술,논술,70,4.54
2027,부산대학교,통계학과,논술,논술,50,3.21
2027,부산대학교,통계학과,논술,논술,70,3.97
2027,부산대학교,화학과,논술,논술,50,3.08
2027,부산대학교,화학과,논술,논술,70,3.67
2027,부산대학교,경영학과,학생부교과,교과(교과),50,2.4
2027,부산대학교,경영학과,학생부교과,교과(교과),70,2.52
2027,부산대학교,경제학부,학생부교과,교과(교과),50,2.56
2027,부산대학교,경제학부,학생부교과,교과(교과),70,2.62
2027,부산대학교,고고학과,학생부교과,교과(교과),50,3.32
2027,부산대학교,고고학과,학생부교과,교과(교과),70,3.4
2027,부산대학교,관광컨벤션학과,학생부교과,교과(교과),50,2.94
2027,부산대학교,관광컨벤션학과,학생부교과,교과(교과),70,2.94
2027,부산대학교,교육학과,학생부교과,교과(교과),50,2.59
2027,부산대학교,교육학과,학생부교과,교과(교과),70,2.59
2027,부산대학교,국어교육과,학생부교과,교과(교과),50,2.42
2027,부산대학교,국어교육과,학생부교과,교과(교과),70,2.48
2027,부산대학교,국어국문학과,학생부교과,교과(교과),50,3.13
2027,부산대학교,국어국문학과,학생부교과,교과(교과),70,3.24
2027,부산대학교,국제학부,학생부교과,교과(교과),50,2.67
2027,부산대학교,국제학부,학생부교과,교과(교과),70,2.8
2027,부산대학교,노어노문학과,학생부교과,교과(교과),50,3.42
2027,부산대학교,노어노문학과,학생부교과,교과(교과),70,3.69
2027,부산대학교,독어독문학과,학생부교과,교과(교과),50,3.84
2027,부산대학교,독어독문학과,학생부교과,교과(교과),70,3.93
2027,부산대학교,무역학부,학생부교과,교과(교과),50,2.83
2027,부산대학교,무역학부,학생부교과,교과(교과),70,2.89
2027,부산대학교,문헌정보학과,학생부교과,교과(교과),50,2.74
2027,부산대학교,문헌정보학과,학생부교과,교과(교과),70,2.8
2027,부산대학교,미디어커뮤니케이션학과,학생부교과,교과(교과),50,2.84
2027,부산대학교,미디어커뮤니케이션학과,학생부교과,교과(교과),70,2.89
2027,부산대학교,불어불문학과,학생부교과,교과(교과),50,3.17
2027,부산대학교,불어불문학과,학생부교과,교과(교과),70,3.25
2027,부산대학교,사학과,학생부교과,교과(교과),50,2.9
2027,부산대학교,사학과,학생부교과,교과(교과),70,2.99
2027,부산대학교,사회복지학과,학생부교과,교과(교과),50,3.33
2027,부산대학교,사회복지학과,학생부교과,교과(교과),70,3.44
2027,부산대학교,사회학과,학생부교과,교과(교과),50,2.75
2027,부산대학교,사회학과,학생부교과,교과(교과),70,2.84
2027,부산대학교,심리학과,학생부교과,교과(교과),50,2.63
2027,부산대학교,심리학과,학생부교과,교과(교과),70,2.93
2027,부산대학교,아동가족학과,학생부교과,교과(교과),50,3.36
2027,부산대학교,아동가족학과,학생부교과,교과(교과),70,3.78
2027,부산대학교,언어정보학과,학생부교과,교과(교과),50,2.96
2027,부산대학교,언어정보학과,학생부교과,교과(교과),70,3.12
2027,부산대학교,역사교육과,학생부교과,교과(교과),50,2.81
2027,부산대학교,역사교육과,학생부교과,교과(교과),70,2.89
2027,부산대학교,영어교육과,학생부교과,교과(교과),50,2.24
2027,부산대학교,영어교육과,학생부교과,교과(교과),70,2.48
2027,부산대학교,영어영문학과,학생부교과,교과(교과),50,2.91
2027,부산대학교,영어영문학과,학생부교과,교과(교과),70,2.99
2027,부산대학교,예술문화영상학과,학생부교과,교과(교과),50,2.67
2027,부산대학교,예술문화영상학과,학생부교과,교과(교과),70,2.67
2027,부산대학교,윤리교육과,학생부교과,교과(교과),50,2.55
2027,부산대학교,윤리교육과,학생부교과,교과(교과),70,2.58
2027,부산대학교,일반사회교육과,학생부교과,교과(교과),50,2.41
2027,부산대학교,일반사회교육과,학생부교과,교과(교과),70,2.41
2027,부산대학교,일어일문학과,학생부교과,교과(교과),50,3.03
2027,부산대학교,일어일문학과,학생부교과,교과(교과),70,3.04
2027,부산대학교,정치외교학과,학생부교과,교과(교과),50,2.91
2027,부산대학교,정치외교학과,학생부교과,교과(교과),70,2.95
2027,부산대학교,중어중문학과,학생부교과,교과(교과),50,3.47
2027,부산대학교,중어중문학과,학생부교과,교과(교과),70,3.64
2027,부산대학교,지리교육과,학생부교과,교과(교과),50,3.44
2027,부산대학교,지리교육과,학생부교과,교과(교과),70,3.63
2027,부산대학교,철학과,학생부교과,교과(교과),50,3.05
2027,부산대학교,철학과,학생부교과,교과(교과),70,3.06
2027,부산대학교,특수교육과,학생부교과,교과(교과),50,2.63
2027,부산대학교,특수교육과,학생부교과,교과(교과),70,2.66
2027,부산대학교,행정학과,학생부교과,교과(교과),50,2.31
2027,부산대학교,행정학과,학생부교과,교과(교과),70,2.33
2027,부산대학교,건축학과,학생부교과,교과(교과),50,2.78
2027,부산대학교,건축학과,학생부교과,교과(교과),70,2.84
2027,부산대학교,고분자공학과,학생부교과,교과(교과),50,2.93
2027,부산대학교,고분자공학과,학생부교과,교과(교과),70,3.12
2027,부산대학교,기계공학부,학생부교과,교과(교과),50,2.3
2027,부산대학교,기계공학부,학생부교과,교과(교과),70,2.36
2027,부산대학교,대기환경과학과,학생부교과,교과(교과),50,2.76
2027,부산대학교,대기환경과학과,학생부교과,교과(교과),70,3.16
2027,부산대학교,물리학과,학생부교과,교과(교과),50,2.83
2027,부산대학교,물리학과,학생부교과,교과(교과),70,2.84
2027,부산대학교,미생물학과,학생부교과,교과(교과),50,2.86
2027,부산대학교,미생물학과,학생부교과,교과(교과),70,2.89
2027,부산대학교,분자생물학과,학생부교과,교과(교과),50,2.77
2027,부산대학교,분자생물학과,학생부교과,교과(교과),70,2.88
2027,부산대학교,사회기반시스템공학과,학생부교과,교과(교과),50,3.37
2027,부산대학교,사회기반시스템공학과,학생부교과,교과(교과),70,3.44
2027,부산대학교,생명과학과,학생부교과,교과(교과),50,2.24
2027,부산대학교,생명과학과,학생부교과,교과(교과),70,2.41
2027,부산대학교,생물교육과,학생부교과,교과(교과),50,2.86
2027,부산대학교,생물교육과,학생부교과,교과(교과),70,2.97
2027,부산대학교,수학교육과,학생부교과,교과(교과),50,2.1
2027,부산대학교,수학교육과,학생부교과,교과(교과),70,2.28
2027,부산대학교,식품영양학과,학생부교과,교과(교과),50,2.74
2027,부산대학교,식품영양학과,학생부교과,교과(교과),70,3.13
2027,부산대학교,유기소재시스템공학과,학생부교과,교과(교과),50,2.76
2027,부산대학교,유기소재시스템공학과,학생부교과,교과(교과),70,2.99
2027,부산대학교,재료공학부,학생부교과,교과(교과),50,2.4
2027,부산대학교,재료공학부,학생부교과,교과(교과),70,2.4
2027,부산대학교,조선·해양공학과,학생부교과,교과(교과),50,2.83
2027,부산대학교,조선·해양공학과,학생부교과,교과(교과),70,2.86
2027,부산대학교,지구과학교육과,학생부교과,교과(교과),50,3.01
2027,부산대학교,지구과학교육과,학생부교과,교과(교과),70,3.14
2027,부산대학교,지질환경과학과,학생부교과,교과(교과),50,3.53
2027,부산대학교,지질환경과학과,학생부교과,교과(교과),70,3.53
2027,부산대학교,통계학과,학생부교과,교과(교과),50,2.73
2027,부산대학교,통계학과,학생부교과,교과(교과),70,2.77
2027,부산대학교,항공우주공학과,학생부교과,교과(교과),50,2.63
2027,부산대학교,항공우주공학과,학생부교과,교과(교과),70,2.63
2027,부산대학교,해양학과,학생부교과,교과(교과),50,3.37
2027,부산대학교,해양학과,학생부교과,교과(교과),70,3.38
2027,부산대학교,화공생명공학과,학생부교과,교과(교과),50,2.1
2027,부산대학교,화공생명공학과,학생부교과,교과(교과),70,2.13
2027,부산대학교,화학과,학생부교과,교과(교과),50,2.54
2027,부산대학교,화학과,학생부교과,교과(교과),70,2.57
2027,부산대학교,화학교육과,학생부교과,교과(교과),50,2.98
2027,부산대학교,화학교육과,학생부교과,교과(교과),70,3.05
2027,부산대학교,환경공학과,학생부교과,교과(교과),50,2.7
2027,부산대학교,환경공학과,학생부교과,교과(교과),70,2.9
2027,부산대학교,스포츠과학과,학생부교과,교과(교과),50,3.73
2027,부산대학교,스포츠과학과,학생부교과,교과(교과),70,3.81
2027,부산대학교,경영학과,학생부종합,학생부종합,50,2.2
2027,부산대학교,경영학과,학생부종합,학생부종합,70,2.38
2027,부산대학교,경제학부,학생부종합,학생부종합,50,2.51
2027,부산대학교,경제학부,학생부종합,학생부종합,70,2.54
2027,부산대학교,고고학과,학생부종합,학생부종합,50,3.51
2027,부산대학교,고고학과,학생부종합,학생부종합,70,3.68
2027,부산대학교,공공정책학부,학생부종합,학생부종합,50,2.33
2027,부산대학교,공공정책학부,학생부종합,학생부종합,70,2.35
2027,부산대학교,관광컨벤션학과,학생부종합,학생부종합,50,2.89
2027,부산대학교,관광컨벤션학과,학생부종합,학생부종합,70,2.89
2027,부산대학교,교육학과,학생부종합,학생부종합,50,2.35
2027,부산대학교,교육학과,학생부종합,학생부종합,70,2.58
2027,부산대학교,국어교육과,학생부종합,학생부종합,50,2.35
2027,부산대학교,국어교육과,학생부종합,학생부종합,70,2.42
2027,부산대학교,국어국문학과,학생부종합,학생부종합,50,2.95
2027,부산대학교,국어국문학과,학생부종합,학생부종합,70,2.95
2027,부산대학교,국제학부,학생부종합,학생부종합,50,2.91
2027,부산대학교,국제학부,학생부종합,학생부종합,70,3.02
2027,부산대학교,독어독문학과,학생부종합,학생부종합,50,3.88
2027,부산대학교,독어독문학과,학생부종합,학생부종합,70,4.19
2027,부산대학교,무역학부,학생부종합,학생부종합,50,2.36
2027,부산대학교,무역학부,학생부종합,학생부종합,70,2.64
2027,부산대학교,문헌정보학과,학생부종합,학생부종합,50,2.95
2027,부산대학교,문헌정보학과,학생부종합,학생부종합,70,2.95
2027,부산대학교,사학과,학생부종합,학생부종합,50,2.88
2027,부산대학교,사학과,학생부종합,학생부종합,70,2.98
2027,부산대학교,사회학과,학생부종합,학생부종합,50,2.82
2027,부산대학교,사회학과,학생부종합,학생부종합,70,2.99
2027,부산대학교,아동가족학과,학생부종합,학생부종합,50,2.58
2027,부산대학교,아동가족학과,학생부종합,학생부종합,70,2.67
2027,부산대학교,언어정보학과,학생부종합,학생부종합,50,2.84
2027,부산대학교,언어정보학과,학생부종합,학생부종합,70,2.98
2027,부산대학교,역사교육과,학생부종합,학생부종합,50,2.47
2027,부산대학교,역사교육과,학생부종합,학생부종합,70,2.48
2027,부산대학교,영어교육과,학생부종합,학생부종합,50,2.58
2027,부산대학교,영어교육과,학생부종합,학생부종합,70,2.65
2027,부산대학교,영어영문학과,학생부종합,학생부종합,50,2.82
2027,부산대학교,영어영문학과,학생부종합,학생부종합,70,3.05
2027,부산대학교,예술문화영상학과,학생부종합,학생부종합,50,2.61
2027,부산대학교,예술문화영상학과,학생부종합,학생부종합,70,2.68
2027,부산대학교,유아교육과,학생부종합,학생부종합,50,3.42
2027,부산대학교,유아교육과,학생부종합,학생부종합,70,3.54
2027,부산대학교,일어일문학과,학생부종합,학생부종합,50,3.04
2027,부산대학교,일어일문학과,학생부종합,학생부종합,70,3.1
2027,부산대학교,중어중문학과,학생부종합,학생부종합,50,3.18
2027,부산대학교,중어중문학과,학생부종합,학생부종합,70,3.62
2027,부산대학교,철학과,학생부종합,학생부종합,50,2.89
2027,부산대학교,철학과,학생부종합,학생부종합,70,3.16
2027,부산대학교,특수교육과,학생부종합,학생부종합,50,3.17
2027,부산대학교,특수교육과,학생부종합,학생부종합,70,3.2
2027,부산대학교,한문학과,학생부종합,학생부종합,50,3.78
2027,부산대학교,한문학과,학생부종합,학생부종합,70,4.25
2027,부산대학교,행정학과,학생부종합,학생부종합,50,2.17
2027,부산대학교,행정학과,학생부종합,학생부종합,70,2.26
2027,부산대학교,치의예과,학생부종합,학생부종합,50,1.44
2027,부산대학교,치의예과,학생부종합,학생부종합,70,1.51
2027,부산대학교,건축공학과,학생부종합,학생부종합,50,2.79
2027,부산대학교,건축공학과,학생부종합,학생부종합,70,2.92
2027,부산대학교,건축학과,학생부종합,학생부종합,50,2.61
2027,부산대학교,건축학과,학생부종합,학생부종합,70,2.63
2027,부산대학교,고분자공학과,학생부종합,학생부종합,50,2.43
2027,부산대학교,고분자공학과,학생부종합,학생부종합,70,2.43
2027,부산대학교,기계공학부,학생부종합,학생부종합,50,2.32
2027,부산대학교,기계공학부,학생부종합,학생부종합,70,2.61
2027,부산대학교,대기환경과학과,학생부종합,학생부종합,50,2.83
2027,부산대학교,대기환경과학과,학생부종합,학생부종합,70,2.83
2027,부산대학교,도시공학과,학생부종합,학생부종합,50,2.78
2027,부산대학교,도시공학과,학생부종합,학생부종합,70,3.07
2027,부산대학교,물리학과,학생부종합,학생부종합,50,2.8
2027,부산대학교,물리학과,학생부종합,학생부종합,70,2.92
2027,부산대학교,미생물학과,학생부종합,학생부종합,50,2.46
2027,부산대학교,미생물학과,학생부종합,학생부종합,70,2.53
2027,부산대학교,분자생물학과,학생부종합,학생부종합,50,2.4
2027,부산대학교,분자생물학과,학생부종합,학생부종합,70,2.57
2027,부산대학교,사회기반시스템공학과,학생부종합,학생부종합,50,2.95
2027,부산대학교,사회기반시스템공학과,학생부종합,학생부종합,70,3.04
2027,부산대학교,생명과학과,학생부종합,학생부종합,50,1.99
2027,부산대학교,생명과학과,학생부종합,학생부종합,70,2.31
2027,부산대학교,생물교육과,학생부종합,학생부종합,50,2.12
2027,부산대학교,생물교육과,학생부종합,학생부종합,70,2.19
2027,부산대학교,수학과,학생부종합,학생부종합,50,2.51
2027,부산대학교,수학과,학생부종합,학생부종합,70,2.54
2027,부산대학교,수학교육과,학생부종합,학생부종합,50,2.32
2027,부산대학교,수학교육과,학생부종합,학생부종합,70,2.4
2027,부산대학교,식품영양학과,학생부종합,학생부종합,50,2.47
2027,부산대학교,식품영양학과,학생부종합,학생부종합,70,2.81
2027,부산대학교,유기소재시스템공학과,학생부종합,학생부종합,50,2.77
2027,부산대학교,유기소재시스템공학과,학생부종합,학생부종합,70,2.9
2027,부산대학교,재료공학부,학생부종합,학생부종합,50,2.69
2027,부산대학교,재료공학부,학생부종합,학생부종합,70,2.71
2027,부산대학교,조선·해양공학과,학생부종합,학생부종합,50,2.86
2027,부산대학교,조선·해양공학과,학생부종합,학생부종합,70,2.99
2027,부산대학교,지질환경과학과,학생부종합,학생부종합,50,2.91
2027,부산대학교,지질환경과학과,학생부종합,학생부종합,70,3.07
2027,부산대학교,항공우주공학과,학생부종합,학생부종합,50,2.4
2027,부산대학교,항공우주공학과,학생부종합,학생부종합,70,2.5
2027,부산대학교,해양학과,학생부종합,학생부종합,50,2.83
2027,부산대학교,해양학과,학생부종합,학생부종합,70,3.04
2027,부산대학교,화공생명공학과,학생부종합,학생부종합,50,1.77
2027,부산대학교,화공생명공학과,학생부종합,학생부종합,70,1.78
2027,부산대학교,화학과,학생부종합,학생부종합,50,1.71
2027,부산대학교,화학과,학생부종합,학생부종합,70,2.21
2027,부산대학교,화학교육과,학생부종합,학생부종합,50,2.28
2027,부산대학교,화학교육과,학생부종합,학생부종합,70,2.96
2027,부산대학교,환경공학과,학생부종합,학생부종합,50,2.78
2027,부산대학교,환경공학과,학생부종합,학생부종합,70,2.88
2027,부산대학교,약학부,논술,논술(지역인재),50,2.66
2027,부산대학교,약학부,논술,논술(지역인재),70,2.92
2027,부산대학교,경영학과,학생부교과,교과(지역인재),50,2.4
2027,부산대학교,경영학과,학생부교과,교과(지역인재),70,2.52
2027,부산대학교,경제학부,학생부교과,교과(지역인재),50,2.56
2027,부산대학교,경제학부,학생부교과,교과(지역인재),70,2.62
2027,부산대학교,관광컨벤션학과,학생부교과,교과(지역인재),50,2.94
2027,부산대학교,관광컨벤션학과,학생부교과,교과(지역인재),70,2.94
2027,부산대학교,무역학부,학생부교과,교과(지역인재),50,2.83
2027,부산대학교,무역학부,학생부교과,교과(지역인재),70,2.89
2027,부산대학교,문헌정보학과,학생부교과,교과(지역인재),50,2.74
2027,부산대학교,문헌정보학과,학생부교과,교과(지역인재),70,2.8
2027,부산대학교,미디어커뮤니케이션학과,학생부교과,교과(지역인재),50,2.84
2027,부산대학교,미디어커뮤니케이션학과,학생부교과,교과(지역인재),70,2.89
2027,부산대학교,사회복지학과,학생부교과,교과(지역인재),50,3.33
2027,부산대학교,사회복지학과,학생부교과,교과(지역인재),70,3.44
2027,부산대학교,사회학과,학생부교과,교과(지역인재),50,2.75
2027,부산대학교,사회학과,학생부교과,교과(지역인재),70,2.84
2027,부산대학교,심리학과,학생부교과,교과(지역인재),50,2.63
2027,부산대학교,심리학과,학생부교과,교과(지역인재),70,2.93
2027,부산대학교,정치외교학과,학생부교과,교과(지역인재),50,2.91
2027,부산대학교,정치외교학과,학생부교과,교과(지역인재),70,2.95
2027,부산대학교,행정학과,학생부교과,교과(지역인재),50,2.31
2027,부산대학교,행정학과,학생부교과,교과(지역인재),70,2.33
2027,부산대학교,건축학과,학생부교과,교과(지역인재),50,2.78
2027,부산대학교,건축학과,학생부교과,교과(지역인재),70,2.84
2027,부산대학교,기계공학부,학생부교과,교과(지역인재),50,2.3
2027,부산대학교,기계공학부,학생부교과,교과(지역인재),70,2.36
2027,부산대학교,대기환경과학과,학생부교과,교과(지역인재),50,2.76
2027,부산대학교,대기환경과학과,학생부교과,교과(지역인재),70,3.16
2027,부산대학교,물리학과,학생부교과,교과(지역인재),50,2.83
2027,부산대학교,물리학과,학생부교과,교과(지역인재),70,2.84
2027,부산대학교,미생물학과,학생부교과,교과(지역인재),50,2.86
2027,부산대학교,미생물학과,학생부교과,교과(지역인재),70,2.89
2027,부산대학교,분자생물학과,학생부교과,교과(지역인재),50,2.77
2027,부산대학교,분자생물학과,학생부교과,교과(지역인재),70,2.88
2027,부산대학교,사회기반시스템공학과,학생부교과,교과(지역인재),50,3.37
2027,부산대학교,사회기반시스템공학과,학생부교과,교과(지역인재),70,3.44
2027,부산대학교,생명과학과,학생부교과,교과(지역인재),50,2.24
2027,부산대학교,생명과학과,학생부교과,교과(지역인재),70,2.41
2027,부산대학교,약학부,학생부교과,교과(지역인재),50,1.41
2027,부산대학교,약학부,학생부교과,교과(지역인재),70,1.44
2027,부산대학교,재료공학부,학생부교과,교과(지역),50,2.4
2027,부산대학교,재료공학부,학생부교과,교과(지역),70,2.4
2027,부산대학교,조선·해양공학과,학생부교과,교과(지역인재),50,2.83
2027,부산대학교,조선·해양공학과,학생부교과,교과(지역인재),70,2.86
2027,부산대학교,지질환경과학과,학생부교과,교과(지역인재),50,3.53
2027,부산대학교,지질환경과학과,학생부교과,교과(지역인재),70,3.53
2027,부산대학교,통계학과,학생부교과,교과(지역인재),50,2.73
2027,부산대학교,통계학과,학생부교과,교과(지역인재),70,2.77
2027,부산대학교,항공우주공학과,학생부교과,교과(지역인재),50,2.63
2027,부산대학교,항공우주공학과,학생부교과,교과(지역인재),70,2.63
2027,부산대학교,해양학과,학생부교과,교과(지역인재),50,3.37
2027,부산대학교,해양학과,학생부교과,교과(지역인재),70,3.38
2027,부산대학교,화공생명공학과,학생부교과,교과(지역),50,2.1
2027,부산대학교,화공생명공학과,학생부교과,교과(지역),70,2.13
2027,부산대학교,화학과,학생부교과,교과(지역),50,2.54
2027,부산대학교,화학과,학생부교과,교과(지역),70,2.57
2027,부산대학교,고분자공학과,학생부종합,학생부종합(지역),50,2.43
2027,부산대학교,고분자공학과,학생부종합,학생부종합(지역),70,2.43
2027,부산대학교,기계공학부,학생부종합,학생부종합(지역),50,2.32
2027,부산대학교,기계공학부,학생부종합,학생부종합(지역),70,2.61
2027,부산대학교,대기환경과학과,학생부종합,학생부종합(지역),50,2.83
2027,부산대학교,대기환경과학과,학생부종합,학생부종합(지역),70,2.83
2027,부산대학교,도시공학과,학생부종합,학생부종합(지역),50,2.78
2027,부산대학교,도시공학과,학생부종합,학생부종합(지역),70,3.07
2027,부산대학교,사회기반시스템공학과,학생부종합,학생부종합(지역),50,2.95
2027,부산대학교,사회기반시스템공학과,학생부종합,학생부종합(지역),70,3.04
2027,부산대학교,약학부,학생부종합,학생부종합(지역),50,1.5
2027,부산대학교,약학부,학생부종합,학생부종합(지역),70,1.51
2027,부산대학교,재료공학부,학생부종합,학생부종합(지역),50,2.69
2027,부산대학교,재료공학부,학생부종합,학생부종합(지역),70,2.71
2027,충북대학교,경영정보학과,학생부교과,교과(교과),50,2.81
2027,충북대학교,경영정보학과,학생부교과,교과(교과),70,3.02
2027,충북대학교,고고미술사학과,학생부교과,교과(교과),50,3.22
2027,충북대학교,고고미술사학과,학생부교과,교과(교과),70,3.26
2027,충북대학교,국어교육과,학생부교과,교과(교과),50,2.14
2027,충북대학교,국어교육과,학생부교과,교과(교과),70,2.43
2027,충북대학교,국제경영학과,학생부교과,교과(교과),50,2.86
2027,충북대학교,국제경영학과,학생부교과,교과(교과),70,2.89
2027,충북대학교,농업경제학과,학생부교과,교과(교과),50,2.98
2027,충북대학교,농업경제학과,학생부교과,교과(교과),70,2.98
2027,충북대학교,독일언어문화학과,학생부교과,교과(교과),50,3.15
2027,충북대학교,독일언어문화학과,학생부교과,교과(교과),70,3.15
2027,충북대학교,사회학과,학생부교과,교과(교과),50,2.96
2027,충북대학교,사회학과,학생부교과,교과(교과),70,2.96
2027,충북대학교,소비자학과,학생부교과,교과(교과),50,2.76
2027,충북대학교,소비자학과,학생부교과,교과(교과),70,2.76
2027,충북대학교,심리학과,학생부교과,교과(교과),50,1.06
2027,충북대학교,심리학과,학생부교과,교과(교과),70,1.06
2027,충북대학교,중어중문학과,학생부교과,교과(교과),50,2.95
2027,충북대학교,중어중문학과,학생부교과,교과(교과),70,2.95
2027,충북대학교,건축공학과,학생부교과,교과(교과),50,3.2
2027,충북대학교,건축공학과,학생부교과,교과(교과),70,3.21
2027,충북대학교,건축학과,학생부교과,교과(교과),50,2.7
2027,충북대학교,건축학과,학생부교과,교과(교과),70,2.71
2027,충북대학교,공업화학과,학생부교과,교과(교과),50,3.12
2027,충북대학교,공업화학과,학생부교과,교과(교과),70,3.15
2027,충북대학교,기계공학부,학생부교과,교과(교과),50,2.66
2027,충북대학교,기계공학부,학생부교과,교과(교과),70,2.67
2027,충북대학교,도시공학과,학생부교과,교과(교과),50,3.24
2027,충북대학교,도시공학과,학생부교과,교과(교과),70,3.29
2027,충북대학교,물리학과,학생부교과,교과(교과),50,3.27
2027,충북대학교,물리학과,학생부교과,교과(교과),70,3.27
2027,충북대학교,미생물학과,학생부교과,교과(교과),50,2.9
2027,충북대학교,미생물학과,학생부교과,교과(교과),70,2.91
2027,충북대학교,바이오시스템공학과,학생부교과,교과(교과),50,2.59
2027,충북대학교,바이오시스템공학과,학생부교과,교과(교과),70,3.04
2027,충북대학교,반도체공학부,학생부교과,교과(교과),50,2.66
2027,충북대학교,반도체공학부,학생부교과,교과(교과),70,2.67
2027,충북대학교,산림학과,학생부교과,교과(교과),50,3.35
2027,충북대학교,산림학과,학생부교과,교과(교과),70,3.39
2027,충북대학교,생물학과,학생부교과,교과(교과),50,2.51
2027,충북대학교,생물학과,학생부교과,교과(교과),70,2.64
2027,충북대학교,생화학과,학생부교과,교과(교과),50,2.68
2027,충북대학교,생화학과,학생부교과,교과(교과),70,2.7
2027,충북대학교,수의예과,학생부교과,교과(교과),50,1.08
2027,충북대학교,수의예과,학생부교과,교과(교과),70,1.1
2027,충북대학교,수학과,학생부교과,교과(교과),50,3.24
2027,충북대학교,수학과,학생부교과,교과(교과),70,3.32
2027,충북대학교,수학교육과,학생부교과,교과(교과),50,2.25
2027,충북대학교,수학교육과,학생부교과,교과(교과),70,2.25
2027,충북대학교,식물의학과,학생부교과,교과(교과),50,2.91
2027,충북대학교,식물의학과,학생부교과,교과(교과),70,2.91
2027,충북대학교,식물자원학과,학생부교과,교과(교과),50,3.28
2027,충북대학교,식물자원학과,학생부교과,교과(교과),70,3.28
2027,충북대학교,식품생명공학과,학생부교과,교과(교과),50,2.53
2027,충북대학교,식품생명공학과,학생부교과,교과(교과),70,2.53
2027,충북대학교,식품영양학과,학생부교과,교과(교과),50,1.45
2027,충북대학교,식품영양학과,학생부교과,교과(교과),70,1.45
2027,충북대학교,신소재공학과,학생부교과,교과(교과),50,2.77
2027,충북대학교,신소재공학과,학생부교과,교과(교과),70,2.77
2027,충북대학교,안전공학과,학생부교과,교과(교과),50,3.05
2027,충북대학교,안전공학과,학생부교과,교과(교과),70,3.07
2027,충북대학교,원예과학과,학생부교과,교과(교과),50,3.07
2027,충북대학교,원예과학과,학생부교과,교과(교과),70,3.17
2027,충북대학교,의예과,학생부교과,교과(교과),50,1.08
2027,충북대학교,의예과,학생부교과,교과(교과),70,1.08
2027,충북대학교,전기공학부,학생부교과,교과(교과),50,2.56
2027,충북대학교,전기공학부,학생부교과,교과(교과),70,2.57
2027,충북대학교,전자공학과,학생부교과,교과(교과),50,2.35
2027,충북대학교,전자공학과,학생부교과,교과(교과),70,2.35
2027,충북대학교,정보통계학과,학생부교과,교과(교과),50,3.2
2027,충북대학교,정보통계학과,학생부교과,교과(교과),70,3.34
2027,충북대학교,정보통신공학부,학생부교과,교과(교과),50,3.21
2027,충북대학교,정보통신공학부,학생부교과,교과(교과),70,3.26
2027,충북대학교,주거환경학과,학생부교과,교과(교과),50,2.97
2027,충북대학교,주거환경학과,학생부교과,교과(교과),70,2.97
2027,충북대학교,지구환경과학과,학생부교과,교과(교과),50,3.36
2027,충북대학교,지구환경과학과,학생부교과,교과(교과),70,3.44
2027,충북대학교,지능로봇공학과,학생부교과,교과(교과),50,3.02
2027,충북대학교,지능로봇공학과,학생부교과,교과(교과),70,3.18
2027,충북대학교,천문우주학과,학생부교과,교과(교과),50,3.22
2027,충북대학교,천문우주학과,학생부교과,교과(교과),70,3.25
2027,충북대학교,축산학과,학생부교과,교과(교과),50,2.89
2027,충북대학교,축산학과,학생부교과,교과(교과),70,2.89
2027,충북대학교,컴퓨터공학과,학생부교과,교과(교과),50,2.8
2027,충북대학교,컴퓨터공학과,학생부교과,교과(교과),70,2.8
2027,충북대학교,토목공학부,학생부교과,교과(교과),50,3.28
2027,충북대학교,토목공학부,학생부교과,교과(교과),70,3.33
2027,충북대학교,특용식물학과,학생부교과,교과(교과),50,3.3
2027,충북대학교,특용식물학과,학생부교과,교과(교과),70,3.43
2027,충북대학교,화학과,학생부교과,교과(교과),50,2.61
2027,충북대학교,화학과,학생부교과,교과(교과),70,2.67
2027,충북대학교,환경공학과,학생부교과,교과(교과),50,2.74
2027,충북대학교,환경공학과,학생부교과,교과(교과),70,2.8
2027,충북대학교,환경생명화학과,학생부교과,교과(교과),50,2.78
2027,충북대학교,환경생명화학과,학생부교과,교과(교과),70,2.95
2027,충북대학교,정보통신공학부,학생부종합,SW우수인재전형,50,3.69
2027,충북대학교,정보통신공학부,학생부종합,SW우수인재전형,70,3.69
2027,충북대학교,컴퓨터공학과,학생부종합,SW우수인재전형,50,3.29
2027,충북대학교,컴퓨터공학과,학생부종합,SW우수인재전형,70,3.29
2027,충북대학교,경영정보학과,학생부종합,학생부종합I,50,3.13
2027,충북대학교,경영정보학과,학생부종합,학생부종합I,70,3.26
2027,충북대학교,경영학부,학생부종합,학생부종합I,50,3.03
2027,충북대학교,경영학부,학생부종합,학생부종합I,70,3.48
2027,충북대학교,경제학과,학생부종합,학생부종합I,50,3.47
2027,충북대학교,경제학과,학생부종합,학생부종합I,70,2.92
2027,충북대학교,고고미술사학과,학생부종합,학생부종합I,50,3.48
2027,충북대학교,고고미술사학과,학생부종합,학생부종합I,70,3.48
2027,충북대학교,교육학과,학생부종합,학생부종합I,50,2.8
2027,충북대학교,교육학과,학생부종합,학생부종합I,70,2.86
2027,충북대학교,국어교육과,학생부종합,학생부종합I,50,2.8
2027,충북대학교,국어교육과,학생부종합,학생부종합I,70,3.05
2027,충북대학교,국어국문학과,학생부종합,학생부종합I,50,3.58
2027,충북대학교,국어국문학과,학생부종합,학생부종합I,70,3.58
2027,충북대학교,국제경영학과,학생부종합,학생부종합I,50,3.46
2027,충북대학교,국제경영학과,학생부종합,학생부종합I,70,3.33
2027,충북대학교,농업경제학과,학생부종합,학생부종합I,50,3.19
2027,충북대학교,농업경제학과,학생부종합,학생부종합I,70,3.7
2027,충북대학교,독일언어문화학과,학생부종합,학생부종합I,50,3.69
2027,충북대학교,독일언어문화학과,학생부종합,학생부종합I,70,3.69
2027,충북대학교,러시아언어문화학과,학생부종합,학생부종합I,50,3.79
2027,충북대학교,러시아언어문화학과,학생부종합,학생부종합I,70,3.79
2027,충북대학교,사학과,학생부종합,학생부종합I,50,3.35
2027,충북대학교,사학과,학생부종합,학생부종합I,70,3.35
2027,충북대학교,사회교육과,학생부종합,학생부종합I,50,2.61
2027,충북대학교,사회교육과,학생부종합,학생부종합I,70,2.7
2027,충북대학교,사회학과,학생부종합,학생부종합I,50,3.02
2027,충북대학교,사회학과,학생부종합,학생부종합I,70,3.02
2027,충북대학교,소비자학과,학생부종합,학생부종합I,50,3.2
2027,충북대학교,소비자학과,학생부종합,학생부종합I,70,3.2
2027,충북대학교,심리학과,학생부종합,학생부종합I,50,3.34
2027,충북대학교,심리학과,학생부종합,학생부종합I,70,3.34
2027,충북대학교,아동복지학과,학생부종합,학생부종합I,50,3.4
2027,충북대학교,아동복지학과,학생부종합,학생부종합I,70,3.4
2027,충북대학교,역사교육과,학생부종합,학생부종합I,50,2.16
2027,충북대학교,역사교육과,학생부종합,학생부종합I,70,2.35
2027,충북대학교,영어교육과,학생부종합,학생부종합I,50,2.73
2027,충북대학교,영어교육과,학생부종합,학생부종합I,70,2.79
2027,충북대학교,영어영문학과,학생부종합,학생부종합I,50,3.29
2027,충북대학교,영어영문학과,학생부종합,학생부종합I,70,3.67
2027,충북대학교,윤리교육과,학생부종합,학생부종합I,50,2.27
2027,충북대학교,윤리교육과,학생부종합,학생부종합I,70,2.53
2027,충북대학교,정치외교학과,학생부종합,학생부종합I,50,3.13
2027,충북대학교,정치외교학과,학생부종합,학생부종합I,70,3.16
2027,충북대학교,중어중문학과,학생부종합,학생부종합I,50,3.22
2027,충북대학교,중어중문학과,학생부종합,학생부종합I,70,3.22
2027,충북대학교,지리교육과,학생부종합,학생부종합I,50,2.77
2027,충북대학교,지리교육과,학생부종합,학생부종합I,70,2.72
2027,충북대학교,철학과,학생부종합,학생부종합I,50,4.05
2027,충북대학교,철학과,학생부종합,학생부종합I,70,4.05
2027,충북대학교,프랑스언어문화학과,학생부종합,학생부종합I,50,3.66
2027,충북대학교,프랑스언어문화학과,학생부종합,학생부종합I,70,3.66
2027,충북대학교,행정학과,학생부종합,학생부종합I,50,3.06
2027,충북대학교,행정학과,학생부종합,학생부종합I,70,3.06
2027,충북대학교,간호학과,학생부종합,학생부종합I,50,2.36
2027,충북대학교,간호학과,학생부종합,학생부종합I,70,2.27
2027,충북대학교,건축공학과,학생부종합,학생부종합I,50,2.92
2027,충북대학교,건축공학과,학생부종합,학생부종합I,70,3.66
2027,충북대학교,건축학과,학생부종합,학생부종합I,50,2.99
2027,충북대학교,건축학과,학생부종합,학생부종합I,70,2.79
2027,충북대학교,공업화학과,학생부종합,학생부종합I,50,3.33
2027,충북대학교,공업화학과,학생부종합,학생부종합I,70,3.23
2027,충북대학교,기계공학부,학생부종합,학생부종합I,50,2.99
2027,충북대학교,기계공학부,학생부종합,학생부종합I,70,3.21
2027,충북대학교,도시공학과,학생부종합,학생부종합I,50,3.99
2027,충북대학교,도시공학과,학생부종합,학생부종합I,70,3.21
2027,충북대학교,물리교육과,학생부종합,학생부종합I,50,3.88
2027,충북대학교,물리교육과,학생부종합,학생부종합I,70,3.69
2027,충북대학교,물리학과,학생부종합,학생부종합I,50,3.59
2027,충북대학교,물리학과,학생부종합,학생부종합I,70,4.03
2027,충북대학교,미생물학과,학생부종합,학생부종합I,50,3.04
2027,충북대학교,미생물학과,학생부종합,학생부종합I,70,2.96
2027,충북대학교,바이오시스템공학과,학생부종합,학생부종합I,50,3.12
2027,충북대학교,바이오시스템공학과,학생부종합,학생부종합I,70,3.12
2027,충북대학교,반도체공학부,학생부종합,학생부종합I,50,3.13
2027,충북대학교,반도체공학부,학생부종합,학생부종합I,70,3.28
2027,충북대학교,산림학과,학생부종합,학생부종합I,50,3.81
2027,충북대학교,산림학과,학생부종합,학생부종합I,70,3.81
2027,충북대학교,생물교육과,학생부종합,학생부종합I,50,2.65
2027,충북대학교,생물교육과,학생부종합,학생부종합I,70,2.83
2027,충북대학교,생물학과,학생부종합,학생부종합I,50,3.21
2027,충북대학교,생물학과,학생부종합,학생부종합I,70,2.95
2027,충북대학교,생화학과,학생부종합,학생부종합I,50,2.66
2027,충북대학교,생화학과,학생부종합,학생부종합I,70,2.99
2027,충북대학교,수의예과,학생부종합,학생부종합I,50,1.29
2027,충북대학교,수의예과,학생부종합,학생부종합I,70,1.36
2027,충북대학교,수학과,학생부종합,학생부종합I,50,3.3
2027,충북대학교,수학과,학생부종합,학생부종합I,70,3.39
2027,충북대학교,수학교육과,학생부종합,학생부종합I,50,2.36
2027,충북대학교,수학교육과,학생부종합,학생부종합I,70,2.96
2027,충북대학교,식물의학과,학생부종합,학생부종합I,50,2.99
2027,충북대학교,식물의학과,학생부종합,학생부종합I,70,3.66
2027,충북대학교,식물자원학과,학생부종합,학생부종합I,50,3.69
2027,충북대학교,식물자원학과,학생부종합,학생부종합I,70,3.69
2027,충북대학교,식품생명공학과,학생부종합,학생부종합I,50,3.31
2027,충북대학교,식품생명공학과,학생부종합,학생부종합I,70,3.31
2027,충북대학교,식품영양학과,학생부종합,학생부종합I,50,3.2
2027,충북대학교,식품영양학과,학생부종합,학생부종합I,70,2.99
2027,충북대학교,신소재공학과,학생부종합,학생부종합I,50,3.57
2027,충북대학교,신소재공학과,학생부종합,학생부종합I,70,2.93
2027,충북대학교,안전공학과,학생부종합,학생부종합I,50,3.76
2027,충북대학교,안전공학과,학생부종합,학생부종합I,70,3.76
2027,충북대학교,원예과학과,학생부종합,학생부종합I,50,3.66
2027,충북대학교,원예과학과,학생부종합,학생부종합I,70,3.66
2027,충북대학교,의류학과,학생부종합,학생부종합I,50,3.43
2027,충북대학교,의류학과,학생부종합,학생부종합I,70,3.43
2027,충북대학교,전기공학부,학생부종합,학생부종합I,50,2.96
2027,충북대학교,전기공학부,학생부종합,학생부종합I,70,3.75
2027,충북대학교,전자공학과,학생부종합,학생부종합I,50,2.51
2027,충북대학교,전자공학과,학생부종합,학생부종합I,70,3.79
2027,충북대학교,정보통계학과,학생부종합,학생부종합I,50,3.42
2027,충북대학교,정보통계학과,학생부종합,학생부종합I,70,4.12
2027,충북대학교,정보통신공학부,학생부종합,학생부종합I,50,3.46
2027,충북대학교,정보통신공학부,학생부종합,학생부종합I,70,3.26
2027,충북대학교,주거환경학과,학생부종합,학생부종합I,50,3.25
2027,충북대학교,주거환경학과,학생부종합,학생부종합I,70,3.25
2027,충북대학교,지구과학교육과,학생부종합,학생부종합I,50,3.15
2027,충북대학교,지구과학교육과,학생부종합,학생부종합I,70,2.75
2027,충북대학교,지구환경과학과,학생부종합,학생부종합I,50,3.48
2027,충북대학교,지구환경과학과,학생부종합,학생부종합I,70,3.48
2027,충북대학교,지능로봇공학과,학생부종합,학생부종합I,50,3.84
2027,충북대학교,지능로봇공학과,학생부종합,학생부종합I,70,3.84
2027,충북대학교,천문우주학과,학생부종합,학생부종합I,50,3.32
2027,충북대학교,천문우주학과,학생부종합,학생부종합I,70,2.82
2027,충북대학교,축산학과,학생부종합,학생부종합I,50,3.95
2027,충북대학교,축산학과,학생부종합,학생부종합I,70,4.17
2027,충북대학교,컴퓨터공학과,학생부종합,학생부종합I,50,3.29
2027,충북대학교,컴퓨터공학과,학생부종합,학생부종합I,70,3.29
2027,충북대학교,토목공학부,학생부종합,학생부종합I,50,3.92
2027,충북대학교,토목공학부,학생부종합,학생부종합I,70,3.56
2027,충북대학교,특용식물학과,학생부종합,학생부종합I,50,3.79
2027,충북대학교,특용식물학과,학생부종합,학생부종합I,70,3.79
2027,충북대학교,화학공학과,학생부종합,학생부종합I,50,2.24
2027,충북대학교,화학공학과,학생부종합,학생부종합I,70,2.85
2027,충북대학교,화학과,학생부종합,학생부종합I,50,3.73
2027,충북대학교,화학과,학생부종합,학생부종합I,70,3.4
2027,충북대학교,화학교육과,학생부종합,학생부종합I,50,3.25
2027,충북대학교,화학교육과,학생부종합,학생부종합I,70,3.1
2027,충북대학교,환경공학과,학생부종합,학생부종합I,50,3.25
2027,충북대학교,환경공학과,학생부종합,학생부종합I,70,3.25
2027,충북대학교,환경생명화학과,학생부종합,학생부종합I,50,3.04
2027,충북대학교,환경생명화학과,학생부종합,학생부종합I,70,3.3
2027,충북대학교,경영정보학과,학생부종합,학생부종합(학생부종합II),50,3.13
2027,충북대학교,경영정보학과,학생부종합,학생부종합(학생부종합II),70,3.26
2027,충북대학교,경영학부,학생부종합,학생부종합(학생부종합II),50,3.03
2027,충북대학교,경영학부,학생부종합,학생부종합(학생부종합II),70,3.48
2027,충북대학교,경제학과,학생부종합,학생부종합(학생부종합II),50,3.47
2027,충북대학교,경제학과,학생부종합,학생부종합(학생부종합II),70,2.92
2027,충북대학교,고고미술사학과,학생부종합,학생부종합(학생부종합II),50,3.48
2027,충북대학교,고고미술사학과,학생부종합,학생부종합(학생부종합II),70,3.48
2027,충북대학교,국어국문학과,학생부종합,학생부종합(학생부종합II),50,3.58
2027,충북대학교,국어국문학과,학생부종합,학생부종합(학생부종합II),70,3.58
2027,충북대학교,국제경영학과,학생부종합,학생부종합(학생부종합II),50,3.46
2027,충북대학교,국제경영학과,학생부종합,학생부종합(학생부종합II),70,3.33
2027,충북대학교,농업경제학과,학생부종합,학생부종합(학생부종합II),50,3.19
2027,충북대학교,농업경제학과,학생부종합,학생부종합(학생부종합II),70,3.7
2027,충북대학교,독일언어문화학과,학생부종합,학생부종합(학생부종합II),50,3.69
2027,충북대학교,독일언어문화학과,학생부종합,학생부종합(학생부종합II),70,3.69
2027,충북대학교,러시아언어문화학과,학생부종합,학생부종합(학생부종합II),50,3.79
2027,충북대학교,러시아언어문화학과,학생부종합,학생부종합(학생부종합II),70,3.79
2027,충북대학교,사학과,학생부종합,학생부종합(학생부종합II),50,3.35
2027,충북대학교,사학과,학생부종합,학생부종합(학생부종합II),70,3.35
2027,충북대학교,사회학과,학생부종합,학생부종합(학생부종합II),50,3.02
2027,충북대학교,사회학과,학생부종합,학생부종합(학생부종합II),70,3.02
2027,충북대학교,소비자학과,학생부종합,학생부종합(학생부종합II),50,3.2
2027,충북대학교,소비자학과,학생부종합,학생부종합(학생부종합II),70,3.2
2027,충북대학교,심리학과,학생부종합,학생부종합(학생부종합II),50,3.34
2027,충북대학교,심리학과,학생부종합,학생부종합(학생부종합II),70,3.34
2027,충북대학교,아동복지학과,학생부종합,학생부종합(학생부종합II),50,3.4
2027,충북대학교,아동복지학과,학생부종합,학생부종합(학생부종합II),70,3.4
2027,충북대학교,영어영문학과,학생부종합,학생부종합(학생부종합II),50,3.29
2027,충북대학교,영어영문학과,학생부종합,학생부종합(학생부종합II),70,3.67
2027,충북대학교,정치외교학과,학생부종합,학생부종합(학생부종합II),50,3.13
2027,충북대학교,정치외교학과,학생부종합,학생부종합(학생부종합II),70,3.16
2027,충북대학교,중어중문학과,학생부종합,학생부종합(학생부종합II),50,3.22
2027,충북대학교,중어중문학과,학생부종합,학생부종합(학생부종합II),70,3.22
2027,충북대학교,철학과,학생부종합,학생부종합(학생부종합II),50,4.05
2027,충북대학교,철학과,학생부종합,학생부종합(학생부종합II),70,4.05
2027,충북대학교,프랑스언어문화학과,학생부종합,학생부종합(학생부종합II),50,3.66
2027,충북대학교,프랑스언어문화학과,학생부종합,학생부종합(학생부종합II),70,3.66
2027,충북대학교,행정학과,학생부종합,학생부종합(학생부종합II),50,3.06
2027,충북대학교,행정학과,학생부종합,학생부종합(학생부종합II),70,3.06
2027,충북대학교,간호학과,학생부종합,학생부종합(학생부종합II),50,2.36
2027,충북대학교,간호학과,학생부종합,학생부종합(학생부종합II),70,2.27
2027,충북대학교,건축공학과,학생부종합,학생부종합(학생부종합II),50,2.92
2027,충북대학교,건축공학과,학생부종합,학생부종합(학생부종합II),70,3.66
2027,충북대학교,건축학과,학생부종합,학생부종합(학생부종합II),50,2.99
2027,충북대학교,건축학과,학생부종합,학생부종합(학생부종합II),70,2.79
2027,충북대학교,공업화학과,학생부종합,학생부종합(학생부종합II),50,3.33
2027,충북대학교,공업화학과,학생부종합,학생부종합(학생부종합II),70,3.23
2027,충북대학교,기계공학부,학생부종합,학생부종합(학생부종합II),50,2.99
2027,충북대학교,기계공학부,학생부종합,학생부종합(학생부종합II),70,3.21
2027,충북대학교,도시공학과,학생부종합,학생부종합(학생부종합II),50,3.99
2027,충북대학교,도시공학과,학생부종합,학생부종합(학생부종합II),70,3.21
2027,충북대학교,물리학과,학생부종합,학생부종합(학생부종합II),50,3.59
2027,충북대학교,물리학과,학생부종합,학생부종합(학생부종합II),70,4.03
2027,충북대학교,미생물학과,학생부종합,학생부종합(학생부종합II),50,3.04
2027,충북대학교,미생물학과,학생부종합,학생부종합(학생부종합II),70,2.96
2027,충북대학교,바이오시스템공학과,학생부종합,학생부종합(학생부종합II),50,3.12
2027,충북대학교,바이오시스템공학과,학생부종합,학생부종합(학생부종합II),70,3.12
2027,충북대학교,반도체공학부,학생부종합,학생부종합(학생부종합II),50,3.13
2027,충북대학교,반도체공학부,학생부종합,학생부종합(학생부종합II),70,3.28
2027,충북대학교,산림학과,학생부종합,학생부종합(학생부종합II),50,3.81
2027,충북대학교,산림학과,학생부종합,학생부종합(학생부종합II),70,3.81
2027,충북대학교,생물학과,학생부종합,학생부종합(학생부종합II),50,3.21
2027,충북대학교,생물학과,학생부종합,학생부종합(학생부종합II),70,2.95
2027,충북대학교,생화학과,학생부종합,학생부종합(학생부종합II),50,2.66
2027,충북대학교,생화학과,학생부종합,학생부종합(학생부종합II),70,2.99
2027,충북대학교,수의예과,학생부종합,학생부종합(학생부종합II),50,1.29
2027,충북대학교,수의예과,학생부종합,학생부종합(학생부종합II),70,1.36
2027,충북대학교,수학과,학생부종합,학생부종합(학생부종합II),50,3.3
2027,충북대학교,수학과,학생부종합,학생부종합(학생부종합II),70,3.39
2027,충북대학교,식물의학과,학생부종합,학생부종합(학생부종합II),50,2.99
2027,충북대학교,식물의학과,학생부종합,학생부종합(학생부종합II),70,3.66
2027,충북대학교,식물자원학과,학생부종합,학생부종합(학생부종합II),50,3.69
2027,충북대학교,식물자원학과,학생부종합,학생부종합(학생부종합II),70,3.69
2027,충북대학교,식품생명공학과,학생부종합,학생부종합(학생부종합II),50,3.31
2027,충북대학교,식품생명공학과,학생부종합,학생부종합(학생부종합II),70,3.31
2027,충북대학교,식품영양학과,학생부종합,학생부종합(학생부종합II),50,3.2
2027,충북대학교,식품영양학과,학생부종합,학생부종합(학생부종합II),70,2.99
2027,충북대학교,신소재공학과,학생부종합,학생부종합(학생부종합II),50,3.57
2027,충북대학교,신소재공학과,학생부종합,학생부종합(학생부종합II),70,2.93
2027,충북대학교,안전공학과,학생부종합,학생부종합(학생부종합II),50,3.76
2027,충북대학교,안전공학과,학생부종합,학생부종합(학생부종합II),70,3.76
2027,충북대학교,원예과학과,학생부종합,학생부종합(학생부종합II),50,3.66
2027,충북대학교,원예과학과,학생부종합,학생부종합(학생부종합II),70,3.66
2027,충북대학교,의류학과,학생부종합,학생부종합(학생부종합II),50,3.43
2027,충북대학교,의류학과,학생부종합,학생부종합(학생부종합II),70,3.43
2027,충북대학교,전기공학부,학생부종합,학생부종합(학생부종합II),50,2.96
2027,충북대학교,전기공학부,학생부종합,학생부종합(학생부종합II),70,3.75
2027,충북대학교,전자공학과,학생부종합,학생부종합(학생부종합II),50,2.51
2027,충북대학교,전자공학과,학생부종합,학생부종합(학생부종합II),70,3.79
2027,충북대학교,정보통계학과,학생부종합,학생부종합(학생부종합II),50,3.42
2027,충북대학교,정보통계학과,학생부종합,학생부종합(학생부종합II),70,4.12
2027,충북대학교,정보통신공학부,학생부종합,학생부종합(학생부종합II),50,3.46
2027,충북대학교,정보통신공학부,학생부종합,학생부종합(학생부종합II),70,3.26
2027,충북대학교,주거환경학과,학생부종합,학생부종합(학생부종합II),50,3.25
2027,충북대학교,주거환경학과,학생부종합,학생부종합(학생부종합II),70,3.25
2027,충북대학교,지구환경과학과,학생부종합,학생부종합(학생부종합II),50,3.48
2027,충북대학교,지구환경과학과,학생부종합,학생부종합(학생부종합II),70,3.48
2027,충북대학교,지능로봇공학과,학생부종합,학생부종합(학생부종합II),50,3.84
2027,충북대학교,지능로봇공학과,학생부종합,학생부종합(학생부종합II),70,3.84
2027,충북대학교,천문우주학과,학생부종합,학생부종합(학생부종합II),50,3.32
2027,충북대학교,천문우주학과,학생부종합,학생부종합(학생부종합II),70,2.82
2027,충북대학교,축산학과,학생부종합,학생부종합(학생부종합II),50,3.95
2027,충북대학교,축산학과,학생부종합,학생부종합(학생부종합II),70,4.17
2027,충북대학교,컴퓨터공학과,학생부종합,학생부종합(학생부종합II),50,3.29
2027,충북대학교,컴퓨터공학과,학생부종합,학생부종합(학생부종합II),70,3.29
2027,충북대학교,토목공학부,학생부종합,학생부종합(학생부종합II),50,3.92
2027,충북대학교,토목공학부,학생부종합,학생부종합(학생부종합II),70,3.56
2027,충북대학교,특용식물학과,학생부종합,학생부종합(학생부종합II),50,3.79
2027,충북대학교,특용식물학과,학생부종합,학생부종합(학생부종합II),70,3.79
2027,충북대학교,화학공학과,학생부종합,학생부종합(학생부종합II),50,2.24
2027,충북대학교,화학공학과,학생부종합,학생부종합(학생부종합II),70,2.85
2027,충북대학교,화학과,학생부종합,학생부종합(학생부종합II),50,3.73
2027,충북대학교,화학과,학생부종합,학생부종합(학생부종합II),70,3.4
2027,충북대학교,환경공학과,학생부종합,학생부종합(학생부종합II),50,3.25
2027,충북대학교,환경공학과,학생부종합,학생부종합(학생부종합II),70,3.25
2027,충북대학교,환경생명화학과,학생부종합,학생부종합(학생부종합II),50,3.04
2027,충북대학교,환경생명화학과,학생부종합,학생부종합(학생부종합II),70,3.3
2027,충북대학교,경영정보학과,학생부교과,교과(지역인재),50,3.1
2027,충북대학교,경영정보학과,학생부교과,교과(지역인재),70,3.11
2027,충북대학교,경제학과,학생부교과,교과(지역인재),50,3.15
2027,충북대학교,경제학과,학생부교과,교과(지역인재),70,3.57
2027,충북대학교,고고미술사학과,학생부교과,교과(지역인재),50,3.25
2027,충북대학교,고고미술사학과,학생부교과,교과(지역인재),70,3.25
2027,충북대학교,국어교육과,학생부교과,교과(지역인재),50,2.47
2027,충북대학교,국어교육과,학생부교과,교과(지역인재),70,2.71
2027,충북대학교,국어국문학과,학생부교과,교과(지역인재),50,3.54
2027,충북대학교,국어국문학과,학생부교과,교과(지역인재),70,3.54
2027,충북대학교,국제경영학과,학생부교과,교과(지역인재),50,3.05
2027,충북대학교,국제경영학과,학생부교과,교과(지역인재),70,3.11
2027,충북대학교,농업경제학과,학생부교과,교과(지역인재),50,3.43
2027,충북대학교,농업경제학과,학생부교과,교과(지역인재),70,3.45
2027,충북대학교,독일언어문화학과,학생부교과,교과(지역인재),50,3.26
2027,충북대학교,독일언어문화학과,학생부교과,교과(지역인재),70,3.26
2027,충북대학교,러시아언어문화학과,학생부교과,교과(지역인재),50,3.35
2027,충북대학교,러시아언어문화학과,학생부교과,교과(지역인재),70,3.35
2027,충북대학교,사학과,학생부교과,교과(지역인재),50,3.05
2027,충북대학교,사학과,학생부교과,교과(지역인재),70,3.05
2027,충북대학교,사회학과,학생부교과,교과(지역인재),50,3.21
2027,충북대학교,사회학과,학생부교과,교과(지역인재),70,3.21
2027,충북대학교,심리학과,학생부교과,교과(지역인재),50,2.83
2027,충북대학교,심리학과,학생부교과,교과(지역인재),70,2.91
2027,충북대학교,아동복지학과,학생부교과,교과(지역인재),50,3.28
2027,충북대학교,아동복지학과,학생부교과,교과(지역인재),70,3.28
2027,충북대학교,영어교육과,학생부교과,교과(지역인재),50,2.13
2027,충북대학교,영어교육과,학생부교과,교과(지역인재),70,2.13
2027,충북대학교,영어영문학과,학생부교과,교과(지역인재),50,2.7
2027,충북대학교,영어영문학과,학생부교과,교과(지역인재),70,2.7
2027,충북대학교,정치외교학과,학생부교과,교과(지역인재),50,3.15
2027,충북대학교,정치외교학과,학생부교과,교과(지역인재),70,3.15
2027,충북대학교,중어중문학과,학생부교과,교과(지역인재),50,3.41
2027,충북대학교,중어중문학과,학생부교과,교과(지역인재),70,3.41
2027,충북대학교,철학과,학생부교과,교과(지역인재),50,3.31
2027,충북대학교,철학과,학생부교과,교과(지역인재),70,3.52
2027,충북대학교,프랑스언어문화학과,학생부교과,교과(지역인재),50,3.41
2027,충북대학교,프랑스언어문화학과,학생부교과,교과(지역인재),70,3.41
2027,충북대학교,행정학과,학생부교과,교과(지역인재),50,3.14
2027,충북대학교,행정학과,학생부교과,교과(지역인재),70,3.14
2027,충북대학교,간호학과,학생부교과,교과(지역인재),50,2.34
2027,충북대학교,간호학과,학생부교과,교과(지역인재),70,2.49
2027,충북대학교,건축공학과,학생부교과,교과(지역인재),50,3.22
2027,충북대학교,건축공학과,학생부교과,교과(지역인재),70,3.24
2027,충북대학교,건축학과,학생부교과,교과(지역인재),50,2.8
2027,충북대학교,건축학과,학생부교과,교과(지역인재),70,2.96
2027,충북대학교,공업화학과,학생부교과,교과(지역인재),50,3.1
2027,충북대학교,공업화학과,학생부교과,교과(지역인재),70,3.1
2027,충북대학교,기계공학부,학생부교과,교과(지역인재),50,2.84
2027,충북대학교,기계공학부,학생부교과,교과(지역인재),70,2.99
2027,충북대학교,도시공학과,학생부교과,교과(지역인재),50,3.19
2027,충북대학교,도시공학과,학생부교과,교과(지역인재),70,3.19
2027,충북대학교,물리학과,학생부교과,교과(지역인재),50,3.39
2027,충북대학교,물리학과,학생부교과,교과(지역인재),70,3.41
2027,충북대학교,미생물학과,학생부교과,교과(지역인재),50,3.02
2027,충북대학교,미생물학과,학생부교과,교과(지역인재),70,3.16
2027,충북대학교,바이오시스템공학과,학생부교과,교과(지역인재),50,3.15
2027,충북대학교,바이오시스템공학과,학생부교과,교과(지역인재),70,3.15
2027,충북대학교,반도체공학부,학생부교과,교과(지역인재),50,2.76
2027,충북대학교,반도체공학부,학생부교과,교과(지역인재),70,2.76
2027,충북대학교,산림학과,학생부교과,교과(지역인재),50,3.37
2027,충북대학교,산림학과,학생부교과,교과(지역인재),70,3.37
2027,충북대학교,생물학과,학생부교과,교과(지역인재),50,3.29
2027,충북대학교,생물학과,학생부교과,교과(지역인재),70,3.34
2027,충북대학교,생화학과,학생부교과,교과(지역인재),50,3.01
2027,충북대학교,생화학과,학생부교과,교과(지역인재),70,3.06
2027,충북대학교,수의예과,학생부교과,교과(지역인재),50,1.17
2027,충북대학교,수의예과,학생부교과,교과(지역인재),70,1.22
2027,충북대학교,수학과,학생부교과,교과(지역인재),50,3.24
2027,충북대학교,수학과,학생부교과,교과(지역인재),70,3.24
2027,충북대학교,수학교육과,학생부교과,교과(지역인재),50,2.61
2027,충북대학교,수학교육과,학생부교과,교과(지역인재),70,2.81
2027,충북대학교,식물의학과,학생부교과,교과(지역인재),50,3.55
2027,충북대학교,식물의학과,학생부교과,교과(지역인재),70,3.6
2027,충북대학교,식물자원학과,학생부교과,교과(지역인재),50,3.36
2027,충북대학교,식물자원학과,학생부교과,교과(지역인재),70,3.63
2027,충북대학교,식품생명공학과,학생부교과,교과(지역인재),50,2.83
2027,충북대학교,식품생명공학과,학생부교과,교과(지역인재),70,2.89
2027,충북대학교,식품영양학과,학생부교과,교과(지역인재),50,3.5
2027,충북대학교,식품영양학과,학생부교과,교과(지역인재),70,3.5
2027,충북대학교,신소재공학과,학생부교과,교과(지역인재),50,2.47
2027,충북대학교,신소재공학과,학생부교과,교과(지역인재),70,2.71
2027,충북대학교,안전공학과,학생부교과,교과(지역인재),50,3.5
2027,충북대학교,안전공학과,학생부교과,교과(지역인재),70,3.5
2027,충북대학교,약학과,학생부교과,교과(지역인재),50,1.21
2027,충북대학교,약학과,학생부교과,교과(지역인재),70,1.23
2027,충북대학교,원예과학과,학생부교과,교과(지역인재),50,3.3
2027,충북대학교,원예과학과,학생부교과,교과(지역인재),70,3.4
2027,충북대학교,의류학과,학생부교과,교과(지역인재),50,3.22
2027,충북대학교,의류학과,학생부교과,교과(지역인재),70,3.22
2027,충북대학교,의예과,학생부교과,교과(지역인재),50,1.04
2027,충북대학교,의예과,학생부교과,교과(지역인재),70,1.04
2027,충북대학교,전기공학부,학생부교과,교과(지역인재),50,2.92
2027,충북대학교,전기공학부,학생부교과,교과(지역인재),70,3.4
2027,충북대학교,전자공학과,학생부교과,교과(지역인재),50,2.22
2027,충북대학교,전자공학과,학생부교과,교과(지역인재),70,2.62
2027,충북대학교,정보통계학과,학생부교과,교과(지역인재),50,3.25
2027,충북대학교,정보통계학과,학생부교과,교과(지역인재),70,3.43
2027,충북대학교,정보통신공학부,학생부교과,교과(지역인재),50,3.29
2027,충북대학교,정보통신공학부,학생부교과,교과(지역인재),70,3.31
2027,충북대학교,제약학과,학생부교과,교과(지역인재),50,1.25
2027,충북대학교,제약학과,학생부교과,교과(지역인재),70,1.25
2027,충북대학교,지구환경과학과,학생부교과,교과(지역인재),50,3.37
2027,충북대학교,지구환경과학과,학생부교과,교과(지역인재),70,3.37
2027,충북대학교,지능로봇공학과,학생부교과,교과(지역인재),50,3.14
2027,충북대학교,지능로봇공학과,학생부교과,교과(지역인재),70,3.19
2027,충북대학교,축산학과,학생부교과,교과(지역인재),50,3.54
2027,충북대학교,축산학과,학생부교과,교과(지역인재),70,3.54
2027,충북대학교,토목공학부,학생부교과,교과(지역인재),50,3.28
2027,충북대학교,토목공학부,학생부교과,교과(지역인재),70,3.32
2027,충북대학교,특용식물학과,학생부교과,교과(지역인재),50,3.52
2027,충북대학교,특용식물학과,학생부교과,교과(지역인재),70,3.52
2027,충북대학교,화학공학과,학생부교과,교과(지역인재),50,2.6
2027,충북대학교,화학공학과,학생부교과,교과(지역인재),70,2.61
2027,충북대학교,화학과,학생부교과,교과(지역인재),50,2.8
2027,충북대학교,화학과,학생부교과,교과(지역인재),70,3.08
2027,충북대학교,환경공학과,학생부교과,교과(지역인재),50,2.7
2027,충북대학교,환경공학과,학생부교과,교과(지역인재),70,2.76
2027,충북대학교,환경생명화학과,학생부교과,교과(지역인재),50,3.14
2027,충북대학교,환경생명화학과,학생부교과,교과(지역인재),70,3.54
2027,전남대학교,경제학부,학생부교과,교과(일반),50,3.6
2027,전남대학교,경제학부,학생부교과,교과(일반),70,3.73
2027,전남대학교,국어교육과,학생부교과,교과(일반),50,2.24
2027,전남대학교,국어교육과,학생부교과,교과(일반),70,2.61
2027,전남대학교,국어국문학과,학생부교과,교과(일반),50,3.05
2027,전남대학교,국어국문학과,학생부교과,교과(일반),70,3.07
2027,전남대학교,독일언어문학과,학생부교과,교과(일반),50,3.23
2027,전남대학교,독일언어문학과,학생부교과,교과(일반),70,3.23
2027,전남대학교,문헌정보학과,학생부교과,교과(일반),50,2.73
2027,전남대학교,문헌정보학과,학생부교과,교과(일반),70,2.73
2027,전남대학교,문화인류고고학과,학생부교과,교과(일반),50,2.79
2027,전남대학교,문화인류고고학과,학생부교과,교과(일반),70,3.45
2027,전남대학교,미디어커뮤니케이션학과,학생부교과,교과(일반),50,2.83
2027,전남대학교,미디어커뮤니케이션학과,학생부교과,교과(일반),70,2.91
2027,전남대학교,불어불문학과,학생부교과,교과(일반),50,3.61
2027,전남대학교,불어불문학과,학생부교과,교과(일반),70,3.67
2027,전남대학교,사학과,학생부교과,교과(일반),50,2.91
2027,전남대학교,사학과,학생부교과,교과(일반),70,2.91
2027,전남대학교,사회학과,학생부교과,교과(일반),50,2.43
2027,전남대학교,사회학과,학생부교과,교과(일반),70,2.43
2027,전남대학교,영어영문학과,학생부교과,교과(일반),50,3.02
2027,전남대학교,영어영문학과,학생부교과,교과(일반),70,3.2
2027,전남대학교,일어일문학과,학생부교과,교과(일반),50,3.75
2027,전남대학교,일어일문학과,학생부교과,교과(일반),70,3.75
2027,전남대학교,정치외교학과,학생부교과,교과(일반),50,2.87
2027,전남대학교,정치외교학과,학생부교과,교과(일반),70,2.87
2027,전남대학교,중어중문학과,학생부교과,교과(일반),50,3.34
2027,전남대학교,중어중문학과,학생부교과,교과(일반),70,3.36
2027,전남대학교,지리교육과,학생부교과,교과(일반),50,3.02
2027,전남대학교,지리교육과,학생부교과,교과(일반),70,3.33
2027,전남대학교,지리학과,학생부교과,교과(일반),50,3.34
2027,전남대학교,지리학과,학생부교과,교과(일반),70,3.34
2027,전남대학교,철학과,학생부교과,교과(일반),50,3.22
2027,전남대학교,철학과,학생부교과,교과(일반),70,3.28
2027,전남대학교,특수교육학부,학생부교과,교과(일반),50,3
2027,전남대학교,특수교육학부,학생부교과,교과(일반),70,3.44
2027,전남대학교,행정학과,학생부교과,교과(일반),50,2.66
2027,전남대학교,행정학과,학생부교과,교과(일반),70,3.03
2027,전남대학교,간호학과,학생부교과,교과(일반),50,1.68
2027,전남대학교,간호학과,학생부교과,교과(일반),70,1.94
2027,전남대학교,고분자융합소재공학부,학생부교과,교과(일반),50,3.17
2027,전남대학교,고분자융합소재공학부,학생부교과,교과(일반),70,3.21
2027,전남대학교,농생명화학과,학생부교과,교과(일반),50,3.23
2027,전남대학교,농생명화학과,학생부교과,교과(일반),70,3.23
2027,전남대학교,동물자원학부,학생부교과,교과(일반),50,1.98
2027,전남대학교,동물자원학부,학생부교과,교과(일반),70,2.44
2027,전남대학교,물리교육과,학생부교과,교과(일반),50,3.63
2027,전남대학교,물리교육과,학생부교과,교과(일반),70,3.63
2027,전남대학교,물리학과,학생부교과,교과(일반),50,3.71
2027,전남대학교,물리학과,학생부교과,교과(일반),70,3.72
2027,전남대학교,미래모빌리티학과,학생부교과,교과(일반),50,3.35
2027,전남대학교,미래모빌리티학과,학생부교과,교과(일반),70,3.45
2027,전남대학교,바이오에너지공학과,학생부교과,교과(일반),50,3.22
2027,전남대학교,바이오에너지공학과,학생부교과,교과(일반),70,3.22
2027,전남대학교,분자생명공학과,학생부교과,교과(일반),50,2.94
2027,전남대학교,분자생명공학과,학생부교과,교과(일반),70,3.04
2027,전남대학교,빅데이터융합학과,학생부교과,교과(일반),50,3.65
2027,전남대학교,빅데이터융합학과,학생부교과,교과(일반),70,3.69
2027,전남대학교,산림자원학과,학생부교과,교과(일반),50,3.31
2027,전남대학교,산림자원학과,학생부교과,교과(일반),70,3.4
2027,전남대학교,산업공학과,학생부교과,교과(일반),50,3.09
2027,전남대학교,산업공학과,학생부교과,교과(일반),70,3.16
2027,전남대학교,생명과학기술학부,학생부교과,교과(일반),50,2.99
2027,전남대학교,생명과학기술학부,학생부교과,교과(일반),70,2.99
2027,전남대학교,생물공학과,학생부교과,교과(일반),50,2.42
2027,전남대학교,생물공학과,학생부교과,교과(일반),70,2.48
2027,전남대학교,생물교육과,학생부교과,교과(일반),50,2.27
2027,전남대학교,생물교육과,학생부교과,교과(일반),70,2.27
2027,전남대학교,생물학과,학생부교과,교과(일반),50,3.07
2027,전남대학교,생물학과,학생부교과,교과(일반),70,3.07
2027,전남대학교,생활복지학과,학생부교과,교과(일반),50,3.17
2027,전남대학교,생활복지학과,학생부교과,교과(일반),70,3.34
2027,전남대학교,수의예과,학생부교과,교과(일반),50,1.27
2027,전남대학교,수의예과,학생부교과,교과(일반),70,1.28
2027,전남대학교,수학과,학생부교과,교과(일반),50,3.3
2027,전남대학교,수학과,학생부교과,교과(일반),70,3.41
2027,전남대학교,수학교육과,학생부교과,교과(일반),50,2.17
2027,전남대학교,수학교육과,학생부교과,교과(일반),70,2.34
2027,전남대학교,식품공학과,학생부교과,교과(일반),50,2.6
2027,전남대학교,식품공학과,학생부교과,교과(일반),70,2.64
2027,전남대학교,식품영양과학부,학생부교과,교과(일반),50,1.98
2027,전남대학교,식품영양과학부,학생부교과,교과(일반),70,1.98
2027,전남대학교,약학부,학생부교과,교과(일반),50,1.2
2027,전남대학교,약학부,학생부교과,교과(일반),70,1.55
2027,전남대학교,에너지자원공학과,학생부교과,교과(일반),50,2.9
2027,전남대학교,에너지자원공학과,학생부교과,교과(일반),70,3.11
2027,전남대학교,융합바이오시스템기계공학과,학생부교과,교과(일반),50,3.3
2027,전남대학교,융합바이오시스템기계공학과,학생부교과,교과(일반),70,3.35
2027,전남대학교,응용생물학과,학생부교과,교과(일반),50,3.17
2027,전남대학교,응용생물학과,학생부교과,교과(일반),70,3.17
2027,전남대학교,응용식물학과,학생부교과,교과(일반),50,2.77
2027,전남대학교,응용식물학과,학생부교과,교과(일반),70,3.22
2027,전남대학교,의류학과,학생부교과,교과(일반),50,2.78
2027,전남대학교,의류학과,학생부교과,교과(일반),70,3.24
2027,전남대학교,인공지능학부,학생부교과,교과(일반),50,3.08
2027,전남대학교,인공지능학부,학생부교과,교과(일반),70,3.14
2027,전남대학교,임산공학과,학생부교과,교과(일반),50,3.56
2027,전남대학교,임산공학과,학생부교과,교과(일반),70,3.56
2027,전남대학교,전기공학과,학생부교과,교과(일반),50,1.58
2027,전남대학교,전기공학과,학생부교과,교과(일반),70,1.6
2027,전남대학교,조경학과,학생부교과,교과(일반),50,2.59
2027,전남대학교,조경학과,학생부교과,교과(일반),70,2.59
2027,전남대학교,지구과학교육과,학생부교과,교과(일반),50,2.98
2027,전남대학교,지구과학교육과,학생부교과,교과(일반),70,3.22
2027,전남대학교,지구환경과학부,학생부교과,교과(일반),50,3.56
2027,전남대학교,지구환경과학부,학생부교과,교과(일반),70,3.59
2027,전남대학교,치의학과,학생부교과,교과(일반),50,1.15
2027,전남대학교,치의학과,학생부교과,교과(일반),70,1.2
2027,전남대학교,토목공학과,학생부교과,교과(일반),50,3.26
2027,전남대학교,토목공학과,학생부교과,교과(일반),70,3.32
2027,전남대학교,통계학과,학생부교과,교과(일반),50,2.98
2027,전남대학교,통계학과,학생부교과,교과(일반),70,2.98
2027,전남대학교,화학공학부,학생부교과,교과(일반),50,2.65
2027,전남대학교,화학공학부,학생부교과,교과(일반),70,2.74
2027,전남대학교,화학과,학생부교과,교과(일반),50,2.95
2027,전남대학교,화학과,학생부교과,교과(일반),70,3.15
2027,전남대학교,화학교육과,학생부교과,교과(일반),50,2.92
2027,전남대학교,화학교육과,학생부교과,교과(일반),70,3.33
2027,전남대학교,환경에너지공학과,학생부교과,교과(일반),50,3.11
2027,전남대학교,환경에너지공학과,학생부교과,교과(일반),70,3.17
2027,전남대학교,미술학과(이론전공),학생부교과,교과(일반),50,3.06
2027,전남대학교,미술학과(이론전공),학생부교과,교과(일반),70,3.37
2027,전남대학교,경제학부,학생부종합,학생부종합(고교생활우수자I),50,3.64
2027,전남대학교,경제학부,학생부종합,학생부종합(고교생활우수자I),70,3.73
2027,전남대학교,국어교육과,학생부종합,학생부종합(고교생활우수자I),50,2.83
2027,전남대학교,국어교육과,학생부종합,학생부종합(고교생활우수자I),70,2.85
2027,전남대학교,국어국문학과,학생부종합,학생부종합(고교생활우수자I),50,3.71
2027,전남대학교,국어국문학과,학생부종합,학생부종합(고교생활우수자I),70,3.91
2027,전남대학교,농업경제학과,학생부종합,학생부종합(고교생활우수자I),50,3.6
2027,전남대학교,농업경제학과,학생부종합,학생부종합(고교생활우수자I),70,3.73
2027,전남대학교,독일언어문학과,학생부종합,학생부종합(고교생활우수자I),50,4.14
2027,전남대학교,독일언어문학과,학생부종합,학생부종합(고교생활우수자I),70,4.27
2027,전남대학교,문헌정보학과,학생부종합,학생부종합(고교생활우수자I),50,3.43
2027,전남대학교,문헌정보학과,학생부종합,학생부종합(고교생활우수자I),70,3.51
2027,전남대학교,문화인류고고학과,학생부종합,학생부종합(고교생활우수자I),50,3.99
2027,전남대학교,문화인류고고학과,학생부종합,학생부종합(고교생활우수자I),70,4.12
2027,전남대학교,미디어커뮤니케이션학과,학생부종합,학생부종합(고교생활우수자I),50,2.87
2027,전남대학교,미디어커뮤니케이션학과,학생부종합,학생부종합(고교생활우수자I),70,3.05
2027,전남대학교,불어불문학과,학생부종합,학생부종합(고교생활우수자I),50,4.26
2027,전남대학교,불어불문학과,학생부종합,학생부종합(고교생활우수자I),70,4.52
2027,전남대학교,사학과,학생부종합,학생부종합(고교생활우수자I),50,3.35
2027,전남대학교,사학과,학생부종합,학생부종합(고교생활우수자I),70,3.69
2027,전남대학교,사회학과,학생부종합,학생부종합(고교생활우수자I),50,3.45
2027,전남대학교,사회학과,학생부종합,학생부종합(고교생활우수자I),70,3.58
2027,전남대학교,심리학과,학생부종합,학생부종합(고교생활우수자I),50,3.1
2027,전남대학교,심리학과,학생부종합,학생부종합(고교생활우수자I),70,3.24
2027,전남대학교,역사교육과,학생부종합,학생부종합(고교생활우수자I),50,2.67
2027,전남대학교,역사교육과,학생부종합,학생부종합(고교생활우수자I),70,2.82
2027,전남대학교,영어교육과,학생부종합,학생부종합(고교생활우수자I),50,2.54
2027,전남대학교,영어교육과,학생부종합,학생부종합(고교생활우수자I),70,2.62
2027,전남대학교,영어영문학과,학생부종합,학생부종합(고교생활우수자I),50,3.52
2027,전남대학교,영어영문학과,학생부종합,학생부종합(고교생활우수자I),70,3.58
2027,전남대학교,윤리교육과,학생부종합,학생부종합(고교생활우수자I),50,2.71
2027,전남대학교,윤리교육과,학생부종합,학생부종합(고교생활우수자I),70,2.71
2027,전남대학교,일어일문학과,학생부종합,학생부종합(고교생활우수자I),50,3.9
2027,전남대학교,일어일문학과,학생부종합,학생부종합(고교생활우수자I),70,4.1
2027,전남대학교,정치외교학과,학생부종합,학생부종합(고교생활우수자I),50,3.34
2027,전남대학교,정치외교학과,학생부종합,학생부종합(고교생활우수자I),70,3.49
2027,전남대학교,중어중문학과,학생부종합,학생부종합(고교생활우수자I),50,3.89
2027,전남대학교,중어중문학과,학생부종합,학생부종합(고교생활우수자I),70,3.97
2027,전남대학교,지리교육과,학생부종합,학생부종합(고교생활우수자I),50,3.12
2027,전남대학교,지리교육과,학생부종합,학생부종합(고교생활우수자I),70,3.2
2027,전남대학교,지리학과,학생부종합,학생부종합(고교생활우수자I),50,4.02
2027,전남대학교,지리학과,학생부종합,학생부종합(고교생활우수자I),70,4.05
2027,전남대학교,철학과,학생부종합,학생부종합(고교생활우수자I),50,3.96
2027,전남대학교,철학과,학생부종합,학생부종합(고교생활우수자I),70,4.13
2027,전남대학교,특수교육학부,학생부종합,학생부종합(고교생활우수자I),50,3.7
2027,전남대학교,특수교육학부,학생부종합,학생부종합(고교생활우수자I),70,3.79
2027,전남대학교,행정학과,학생부종합,학생부종합(고교생활우수자I),50,3
2027,전남대학교,행정학과,학생부종합,학생부종합(고교생활우수자I),70,3.09
2027,전남대학교,가정교육과,학생부종합,학생부종합(고교생활우수자I),50,3.55
2027,전남대학교,가정교육과,학생부종합,학생부종합(고교생활우수자I),70,3.55
2027,전남대학교,간호학과,학생부종합,학생부종합(고교생활우수자I),50,2.28
2027,전남대학교,간호학과,학생부종합,학생부종합(고교생활우수자I),70,2.33
2027,전남대학교,건축학부,학생부종합,학생부종합(고교생활우수자I),50,2.87
2027,전남대학교,건축학부,학생부종합,학생부종합(고교생활우수자I),70,2.98
2027,전남대학교,고분자융합소재공학부,학생부종합,학생부종합(고교생활우수자I),50,3.29
2027,전남대학교,고분자융합소재공학부,학생부종합,학생부종합(고교생활우수자I),70,3.47
2027,전남대학교,농생명화학과,학생부종합,학생부종합(고교생활우수자I),50,3.59
2027,전남대학교,농생명화학과,학생부종합,학생부종합(고교생활우수자I),70,3.71
2027,전남대학교,동물자원학부,학생부종합,학생부종합(고교생활우수자I),50,3.62
2027,전남대학교,동물자원학부,학생부종합,학생부종합(고교생활우수자I),70,3.75
2027,전남대학교,물리교육과,학생부종합,학생부종합(고교생활우수자I),50,3.82
2027,전남대학교,물리교육과,학생부종합,학생부종합(고교생활우수자I),70,3.86
2027,전남대학교,물리학과,학생부종합,학생부종합(고교생활우수자I),50,3.75
2027,전남대학교,물리학과,학생부종합,학생부종합(고교생활우수자I),70,3.91
2027,전남대학교,미래모빌리티학과,학생부종합,학생부종합(고교생활우수자I),50,3.59
2027,전남대학교,미래모빌리티학과,학생부종합,학생부종합(고교생활우수자I),70,3.62
2027,전남대학교,바이오에너지공학과,학생부종합,학생부종합(고교생활우수자I),50,3.33
2027,전남대학교,바이오에너지공학과,학생부종합,학생부종합(고교생활우수자I),70,3.48
2027,전남대학교,분자생명공학과,학생부종합,학생부종합(고교생활우수자I),50,3.15
2027,전남대학교,분자생명공학과,학생부종합,학생부종합(고교생활우수자I),70,3.4
2027,전남대학교,빅데이터융합학과,학생부종합,학생부종합(고교생활우수자I),50,3.67
2027,전남대학교,빅데이터융합학과,학생부종합,학생부종합(고교생활우수자I),70,3.72
2027,전남대학교,산림자원학과,학생부종합,학생부종합(고교생활우수자I),50,3.35
2027,전남대학교,산림자원학과,학생부종합,학생부종합(고교생활우수자I),70,3.57
2027,전남대학교,산업공학과,학생부종합,학생부종합(고교생활우수자I),50,3.47
2027,전남대학교,산업공학과,학생부종합,학생부종합(고교생활우수자I),70,3.52
2027,전남대학교,생명과학기술학부,학생부종합,학생부종합(고교생활우수자I),50,3.33
2027,전남대학교,생명과학기술학부,학생부종합,학생부종합(고교생활우수자I),70,3.46
2027,전남대학교,생물공학과,학생부종합,학생부종합(고교생활우수자I),50,2.61
2027,전남대학교,생물공학과,학생부종합,학생부종합(고교생활우수자I),70,2.64
2027,전남대학교,생물교육과,학생부종합,학생부종합(고교생활우수자I),50,2.8
2027,전남대학교,생물교육과,학생부종합,학생부종합(고교생활우수자I),70,2.84
2027,전남대학교,생물학과,학생부종합,학생부종합(고교생활우수자I),50,3.23
2027,전남대학교,생물학과,학생부종합,학생부종합(고교생활우수자I),70,3.31
2027,전남대학교,생활복지학과,학생부종합,학생부종합(고교생활우수자I),50,3.59
2027,전남대학교,생활복지학과,학생부종합,학생부종합(고교생활우수자I),70,3.69
2027,전남대학교,수의예과,학생부종합,학생부종합(고교생활우수자I),50,1.54
2027,전남대학교,수의예과,학생부종합,학생부종합(고교생활우수자I),70,1.61
2027,전남대학교,수학과,학생부종합,학생부종합(고교생활우수자I),50,3.69
2027,전남대학교,수학과,학생부종합,학생부종합(고교생활우수자I),70,4
2027,전남대학교,수학교육과,학생부종합,학생부종합(고교생활우수자I),50,3.02
2027,전남대학교,수학교육과,학생부종합,학생부종합(고교생활우수자I),70,3.19
2027,전남대학교,식품공학과,학생부종합,학생부종합(고교생활우수자I),50,3.02
2027,전남대학교,식품공학과,학생부종합,학생부종합(고교생활우수자I),70,3.07
2027,전남대학교,식품영양과학부,학생부종합,학생부종합(고교생활우수자I),50,3.61
2027,전남대학교,식품영양과학부,학생부종합,학생부종합(고교생활우수자I),70,3.75
2027,전남대학교,약학부,학생부종합,학생부종합(고교생활우수자I),50,1.27
2027,전남대학교,약학부,학생부종합,학생부종합(고교생활우수자I),70,1.27
2027,전남대학교,에너지자원공학과,학생부종합,학생부종합(고교생활우수자I),50,3.5
2027,전남대학교,에너지자원공학과,학생부종합,학생부종합(고교생활우수자I),70,3.69
2027,전남대학교,원예생명공학과,학생부종합,학생부종합(고교생활우수자I),50,3.41
2027,전남대학교,원예생명공학과,학생부종합,학생부종합(고교생활우수자I),70,3.85
2027,전남대학교,융합바이오시스템기계공학과,학생부종합,학생부종합(고교생활우수자I),50,3.72
2027,전남대학교,융합바이오시스템기계공학과,학생부종합,학생부종합(고교생활우수자I),70,3.85
2027,전남대학교,응용생물학과,학생부종합,학생부종합(고교생활우수자I),50,3.69
2027,전남대학교,응용생물학과,학생부종합,학생부종합(고교생활우수자I),70,3.72
2027,전남대학교,응용식물학과,학생부종합,학생부종합(고교생활우수자I),50,3.31
2027,전남대학교,응용식물학과,학생부종합,학생부종합(고교생활우수자I),70,3.58
2027,전남대학교,의류학과,학생부종합,학생부종합(고교생활우수자I),50,3.8
2027,전남대학교,의류학과,학생부종합,학생부종합(고교생활우수자I),70,3.86
2027,전남대학교,인공지능학부,학생부종합,학생부종합(고교생활우수자I),50,3.5
2027,전남대학교,인공지능학부,학생부종합,학생부종합(고교생활우수자I),70,3.68
2027,전남대학교,임산공학과,학생부종합,학생부종합(고교생활우수자I),50,4.05
2027,전남대학교,임산공학과,학생부종합,학생부종합(고교생활우수자I),70,4.06
2027,전남대학교,전기공학과,학생부종합,학생부종합(고교생활우수자I),50,1.91
2027,전남대학교,전기공학과,학생부종합,학생부종합(고교생활우수자I),70,1.98
2027,전남대학교,조경학과,학생부종합,학생부종합(고교생활우수자I),50,3.62
2027,전남대학교,조경학과,학생부종합,학생부종합(고교생활우수자I),70,3.79
2027,전남대학교,지구과학교육과,학생부종합,학생부종합(고교생활우수자I),50,2.91
2027,전남대학교,지구과학교육과,학생부종합,학생부종합(고교생활우수자I),70,3.08
2027,전남대학교,지구환경과학부,학생부종합,학생부종합(고교생활우수자I),50,3.76
2027,전남대학교,지구환경과학부,학생부종합,학생부종합(고교생활우수자I),70,3.8
2027,전남대학교,치의학과,학생부종합,고교생활우수자I,50,1.26
2027,전남대학교,치의학과,학생부종합,고교생활우수자I,70,1.26
2027,전남대학교,토목공학과,학생부종합,학생부종합(고교생활우수자I),50,3.6
2027,전남대학교,토목공학과,학생부종합,학생부종합(고교생활우수자I),70,3.64
2027,전남대학교,통계학과,학생부종합,학생부종합(고교생활우수자I),50,3.36
2027,전남대학교,통계학과,학생부종합,학생부종합(고교생활우수자I),70,3.8
2027,전남대학교,화학공학부,학생부종합,학생부종합(고교생활우수자I),50,2.94
2027,전남대학교,화학공학부,학생부종합,학생부종합(고교생활우수자I),70,3.04
2027,전남대학교,화학과,학생부종합,학생부종합(고교생활우수자I),50,3.58
2027,전남대학교,화학과,학생부종합,학생부종합(고교생활우수자I),70,3.73
2027,전남대학교,화학교육과,학생부종합,학생부종합(고교생활우수자I),50,3.58
2027,전남대학교,화학교육과,학생부종합,학생부종합(고교생활우수자I),70,3.63
2027,전남대학교,환경에너지공학과,학생부종합,학생부종합(고교생활우수자I),50,3.28
2027,전남대학교,환경에너지공학과,학생부종합,학생부종합(고교생활우수자I),70,3.37
2027,전남대학교,경제학부,학생부교과,교과(지역인재),50,3.38
2027,전남대학교,경제학부,학생부교과,교과(지역인재),70,3.51
2027,전남대학교,교육학과,학생부교과,교과(지역인재),50,2.84
2027,전남대학교,교육학과,학생부교과,교과(지역인재),70,2.84
2027,전남대학교,국어교육과,학생부교과,교과(지역인재),50,2.61
2027,전남대학교,국어교육과,학생부교과,교과(지역인재),70,2.77
2027,전남대학교,국어국문학과,학생부교과,교과(지역인재),50,3.15
2027,전남대학교,국어국문학과,학생부교과,교과(지역인재),70,3.18
2027,전남대학교,농업경제학과,학생부교과,교과(지역인재),50,3.39
2027,전남대학교,농업경제학과,학생부교과,교과(지역인재),70,3.41
2027,전남대학교,독일언어문학과,학생부교과,교과(지역인재),50,3.44
2027,전남대학교,독일언어문학과,학생부교과,교과(지역인재),70,3.5
2027,전남대학교,문헌정보학과,학생부교과,교과(지역인재),50,3.01
2027,전남대학교,문헌정보학과,학생부교과,교과(지역인재),70,3.01
2027,전남대학교,문화인류고고학과,학생부교과,교과(지역인재),50,3.46
2027,전남대학교,문화인류고고학과,학생부교과,교과(지역인재),70,3.46
2027,전남대학교,불어불문학과,학생부교과,교과(지역인재),50,3.55
2027,전남대학교,불어불문학과,학생부교과,교과(지역인재),70,3.63
2027,전남대학교,사학과,학생부교과,교과(지역인재),50,3.38
2027,전남대학교,사학과,학생부교과,교과(지역인재),70,3.49
2027,전남대학교,사회학과,학생부교과,교과(지역인재),50,2.76
2027,전남대학교,사회학과,학생부교과,교과(지역인재),70,2.8
2027,전남대학교,영어교육과,학생부교과,교과(지역인재),50,2.26
2027,전남대학교,영어교육과,학생부교과,교과(지역인재),70,2.26
2027,전남대학교,영어영문학과,학생부교과,교과(지역인재),50,3.27
2027,전남대학교,영어영문학과,학생부교과,교과(지역인재),70,3.33
2027,전남대학교,윤리교육과,학생부교과,교과(지역인재),50,2.34
2027,전남대학교,윤리교육과,학생부교과,교과(지역인재),70,2.34
2027,전남대학교,일어일문학과,학생부교과,교과(지역인재),50,3.34
2027,전남대학교,일어일문학과,학생부교과,교과(지역인재),70,3.37
2027,전남대학교,정치외교학과,학생부교과,교과(지역인재),50,2.74
2027,전남대학교,정치외교학과,학생부교과,교과(지역인재),70,2.77
2027,전남대학교,중어중문학과,학생부교과,교과(지역인재),50,3.44
2027,전남대학교,중어중문학과,학생부교과,교과(지역인재),70,3.52
2027,전남대학교,지리학과,학생부교과,교과(지역인재),50,2.65
2027,전남대학교,지리학과,학생부교과,교과(지역인재),70,2.65
2027,전남대학교,철학과,학생부교과,교과(지역인재),50,3.17
2027,전남대학교,철학과,학생부교과,교과(지역인재),70,3.47
2027,전남대학교,특수교육학부,학생부교과,교과(지역인재),50,3.49
2027,전남대학교,특수교육학부,학생부교과,교과(지역인재),70,3.51
2027,전남대학교,행정학과,학생부교과,교과(지역인재),50,2.48
2027,전남대학교,행정학과,학생부교과,교과(지역인재),70,2.65
2027,전남대학교,가정교육과,학생부교과,교과(지역인재),50,3.12
2027,전남대학교,가정교육과,학생부교과,교과(지역인재),70,3.27
2027,전남대학교,간호학과,학생부교과,교과(지역인재),50,1.85
2027,전남대학교,간호학과,학생부교과,교과(지역인재),70,1.96
2027,전남대학교,건축학부,학생부교과,교과(지역인재),50,2.76
2027,전남대학교,건축학부,학생부교과,교과(지역인재),70,2.92
2027,전남대학교,고분자융합소재공학부,학생부교과,교과(지역인재),50,2.96
2027,전남대학교,고분자융합소재공학부,학생부교과,교과(지역인재),70,3
2027,전남대학교,농생명화학과,학생부교과,교과(지역인재),50,3.38
2027,전남대학교,농생명화학과,학생부교과,교과(지역인재),70,3.44
2027,전남대학교,동물자원학부,학생부교과,교과(지역인재),50,3.32
2027,전남대학교,동물자원학부,학생부교과,교과(지역인재),70,3.38
2027,전남대학교,물리교육과,학생부교과,교과(지역인재),50,3.31
2027,전남대학교,물리교육과,학생부교과,교과(지역인재),70,3.63
2027,전남대학교,물리학과,학생부교과,교과(지역인재),50,3.53
2027,전남대학교,물리학과,학생부교과,교과(지역인재),70,3.69
2027,전남대학교,미래모빌리티학과,학생부교과,교과(지역인재),50,3.37
2027,전남대학교,미래모빌리티학과,학생부교과,교과(지역인재),70,3.45
2027,전남대학교,바이오에너지공학과,학생부교과,교과(지역인재),50,3.05
2027,전남대학교,바이오에너지공학과,학생부교과,교과(지역인재),70,3.1
2027,전남대학교,분자생명공학과,학생부교과,교과(지역인재),50,2.8
2027,전남대학교,분자생명공학과,학생부교과,교과(지역인재),70,3.02
2027,전남대학교,빅데이터융합학과,학생부교과,교과(지역인재),50,3.41
2027,전남대학교,빅데이터융합학과,학생부교과,교과(지역인재),70,3.56
2027,전남대학교,산림자원학과,학생부교과,교과(지역인재),50,3.03
2027,전남대학교,산림자원학과,학생부교과,교과(지역인재),70,3.17
2027,전남대학교,산업공학과,학생부교과,교과(지역인재),50,3.21
2027,전남대학교,산업공학과,학생부교과,교과(지역인재),70,3.33
2027,전남대학교,생명과학기술학부,학생부교과,교과(지역인재),50,2.72
2027,전남대학교,생명과학기술학부,학생부교과,교과(지역인재),70,2.86
2027,전남대학교,생물공학과,학생부교과,교과(지역인재),50,2.13
2027,전남대학교,생물공학과,학생부교과,교과(지역인재),70,2.13
2027,전남대학교,생물학과,학생부교과,교과(지역인재),50,2.76
2027,전남대학교,생물학과,학생부교과,교과(지역인재),70,2.8
2027,전남대학교,생활복지학과,학생부교과,교과(지역인재),50,2.82
2027,전남대학교,생활복지학과,학생부교과,교과(지역인재),70,2.92
2027,전남대학교,수의예과,학생부교과,교과(지역인재),50,1.35
2027,전남대학교,수의예과,학생부교과,교과(지역인재),70,1.36
2027,전남대학교,수학과,학생부교과,교과(지역인재),50,3.46
2027,전남대학교,수학과,학생부교과,교과(지역인재),70,3.58
2027,전남대학교,수학교육과,학생부교과,교과(지역인재),50,2.64
2027,전남대학교,수학교육과,학생부교과,교과(지역인재),70,2.64
2027,전남대학교,식품공학과,학생부교과,교과(지역인재),50,2.72
2027,전남대학교,식품공학과,학생부교과,교과(지역인재),70,3.29
2027,전남대학교,식품영양과학부,학생부교과,교과(지역인재),50,3.1
2027,전남대학교,식품영양과학부,학생부교과,교과(지역인재),70,3.14
2027,전남대학교,약학부,학생부교과,교과(지역인재),50,1.24
2027,전남대학교,약학부,학생부교과,교과(지역인재),70,1.29
2027,전남대학교,에너지자원공학과,학생부교과,교과(지역인재),50,3.41
2027,전남대학교,에너지자원공학과,학생부교과,교과(지역인재),70,3.41
2027,전남대학교,원예생명공학과,학생부교과,교과(지역인재),50,2.25
2027,전남대학교,원예생명공학과,학생부교과,교과(지역인재),70,2.25
2027,전남대학교,융합바이오시스템기계공학과,학생부교과,교과(지역인재),50,3.29
2027,전남대학교,융합바이오시스템기계공학과,학생부교과,교과(지역인재),70,3.44
2027,전남대학교,응용생물학과,학생부교과,교과(지역인재),50,3.31
2027,전남대학교,응용생물학과,학생부교과,교과(지역인재),70,3.32
2027,전남대학교,응용식물학과,학생부교과,교과(지역인재),50,3.41
2027,전남대학교,응용식물학과,학생부교과,교과(지역인재),70,3.41
2027,전남대학교,의류학과,학생부교과,교과(지역인재),50,3.25
2027,전남대학교,의류학과,학생부교과,교과(지역인재),70,3.4
2027,전남대학교,인공지능학부,학생부교과,교과(지역인재),50,3.11
2027,전남대학교,인공지능학부,학생부교과,교과(지역인재),70,3.22
2027,전남대학교,임산공학과,학생부교과,교과(지역인재),50,3.34
2027,전남대학교,임산공학과,학생부교과,교과(지역인재),70,3.54
2027,전남대학교,전기공학과,학생부교과,교과(지역인재),50,1.57
2027,전남대학교,전기공학과,학생부교과,교과(지역인재),70,1.59
2027,전남대학교,조경학과,학생부교과,교과(지역인재),50,3.28
2027,전남대학교,조경학과,학생부교과,교과(지역인재),70,3.28
2027,전남대학교,지구환경과학부,학생부교과,교과(지역인재),50,3.54
2027,전남대학교,지구환경과학부,학생부교과,교과(지역인재),70,3.7
2027,전남대학교,치의학과,학생부교과,교과(지역인재),50,1.27
2027,전남대학교,치의학과,학생부교과,교과(지역인재),70,1.27
2027,전남대학교,토목공학과,학생부교과,교과(지역인재),50,2.84
2027,전남대학교,토목공학과,학생부교과,교과(지역인재),70,3.24
2027,전남대학교,통계학과,학생부교과,교과(지역인재),50,2.51
2027,전남대학교,통계학과,학생부교과,교과(지역인재),70,2.51
2027,전남대학교,화학공학부,학생부교과,교과(지역인재),50,3.26
2027,전남대학교,화학공학부,학생부교과,교과(지역인재),70,3.73
2027,전남대학교,화학과,학생부교과,교과(지역인재),50,3.12
2027,전남대학교,화학과,학생부교과,교과(지역인재),70,3.2
2027,전남대학교,환경에너지공학과,학생부교과,교과(지역인재),50,2.77
2027,전남대학교,환경에너지공학과,학생부교과,교과(지역인재),70,3.07
2027,전북대학교,경상계열,학생부교과,교과(일반학생),50,3.26
2027,전북대학교,경상계열,학생부교과,교과(일반학생),70,3.45
2027,전북대학교,고고문화인류학과,학생부교과,교과(일반학생),50,3.53
2027,전북대학교,고고문화인류학과,학생부교과,교과(일반학생),70,3.54
2027,전북대학교,교육학과,학생부교과,교과(일반학생),50,3.11
2027,전북대학교,교육학과,학생부교과,교과(일반학생),70,3.11
2027,전북대학교,국어교육과,학생부교과,교과(일반학생),50,2.72
2027,전북대학교,국어교육과,학생부교과,교과(일반학생),70,3.04
2027,전북대학교,국어국문학과,학생부교과,교과(일반학생),50,3.48
2027,전북대학교,국어국문학과,학생부교과,교과(일반학생),70,3.78
2027,전북대학교,독일학과,학생부교과,교과(일반학생),50,3.69
2027,전북대학교,독일학과,학생부교과,교과(일반학생),70,3.71
2027,전북대학교,문헌정보학과,학생부교과,교과(일반학생),50,3.15
2027,전북대학교,문헌정보학과,학생부교과,교과(일반학생),70,3.23
2027,전북대학교,사학과,학생부교과,교과(일반학생),50,3.5
2027,전북대학교,사학과,학생부교과,교과(일반학생),70,3.55
2027,전북대학교,사회과학계열,학생부교과,교과(일반학생),50,3.23
2027,전북대학교,사회과학계열,학생부교과,교과(일반학생),70,3.38
2027,전북대학교,영어교육과,학생부교과,교과(일반학생),50,2.8
2027,전북대학교,영어교육과,학생부교과,교과(일반학생),70,2.84
2027,전북대학교,영어영문학과,학생부교과,교과(일반학생),50,3.3
2027,전북대학교,영어영문학과,학생부교과,교과(일반학생),70,3.35
2027,전북대학교,일본학과,학생부교과,교과(일반학생),50,3.43
2027,전북대학교,일본학과,학생부교과,교과(일반학생),70,3.51
2027,전북대학교,중어중문학과,학생부교과,교과(일반학생),50,3.6
2027,전북대학교,중어중문학과,학생부교과,교과(일반학생),70,3.67
2027,전북대학교,철학과,학생부교과,교과(일반학생),50,3.53
2027,전북대학교,철학과,학생부교과,교과(일반학생),70,3.61
2027,전북대학교,프랑스·아프리카학과,학생부교과,교과(일반학생),50,3.7
2027,전북대학교,프랑스·아프리카학과,학생부교과,교과(일반학생),70,3.86
2027,전북대학교,간호학과,학생부교과,교과(일반학생),50,2.12
2027,전북대학교,간호학과,학생부교과,교과(일반학생),70,2.23
2027,전북대학교,공학계열1,학생부교과,교과(일반학생),50,3.37
2027,전북대학교,공학계열1,학생부교과,교과(일반학생),70,3.49
2027,전북대학교,과학교육학부,학생부교과,교과(일반학생),50,3.04
2027,전북대학교,과학교육학부,학생부교과,교과(일반학생),70,3.07
2027,전북대학교,수학교육과,학생부교과,교과(일반학생),50,2.72
2027,전북대학교,수학교육과,학생부교과,교과(일반학생),70,2.92
2027,전북대학교,스마트팜학과,학생부교과,교과(일반학생),50,3.5
2027,전북대학교,스마트팜학과,학생부교과,교과(일반학생),70,3.61
2027,전북대학교,약학과,학생부교과,교과(일반학생),50,1.04
2027,전북대학교,약학과,학생부교과,교과(일반학생),70,1.04
2027,전북대학교,의예과,학생부교과,교과(일반학생),50,1.21
2027,전북대학교,의예과,학생부교과,교과(일반학생),70,1.24
2027,전북대학교,자연과학계열2,학생부교과,교과(일반학생),50,3.88
2027,전북대학교,자연과학계열2,학생부교과,교과(일반학생),70,3.96
2027,전북대학교,농업생명과학계열,학생부교과,교과(일반학생),50,3.66
2027,전북대학교,농업생명과학계열,학생부교과,교과(일반학생),70,3.77
2027,전북대학교,생활과학계열,학생부교과,교과(일반학생),50,3.52
2027,전북대학교,생활과학계열,학생부교과,교과(일반학생),70,3.59
2027,전북대학교,경상계열,학생부종합,학생부종합(큰사람),50,3.69
2027,전북대학교,경상계열,학생부종합,학생부종합(큰사람),70,3.76
2027,전북대학교,고고문화인류학과,학생부종합,학생부종합(큰사람),50,4.28
2027,전북대학교,고고문화인류학과,학생부종합,학생부종합(큰사람),70,4.28
2027,전북대학교,국어교육과,학생부종합,학생부종합(큰사람),50,2.82
2027,전북대학교,국어교육과,학생부종합,학생부종합(큰사람),70,2.82
2027,전북대학교,국제학부,학생부종합,학생부종합(큰사람),50,4.07
2027,전북대학교,국제학부,학생부종합,학생부종합(큰사람),70,4.28
2027,전북대학교,사회과학계열,학생부종합,학생부종합(큰사람),50,3.73
2027,전북대학교,사회과학계열,학생부종합,학생부종합(큰사람),70,3.81
2027,전북대학교,영어교육과,학생부종합,학생부종합(큰사람),50,3.11
2027,전북대학교,영어교육과,학생부종합,학생부종합(큰사람),70,3.11
2027,전북대학교,영어영문학과,학생부종합,학생부종합(큰사람),50,3.81
2027,전북대학교,영어영문학과,학생부종합,학생부종합(큰사람),70,3.85
2027,전북대학교,일본학과,학생부종합,학생부종합(큰사람),50,3.93
2027,전북대학교,일본학과,학생부종합,학생부종합(큰사람),70,3.93
2027,전북대학교,중어중문학과,학생부종합,학생부종합(큰사람),50,4.42
2027,전북대학교,중어중문학과,학생부종합,학생부종합(큰사람),70,4.72
2027,전북대학교,철학과,학생부종합,학생부종합(큰사람),50,4.16
2027,전북대학교,철학과,학생부종합,학생부종합(큰사람),70,4.16
2027,전북대학교,프랑스·아프리카학과,학생부종합,학생부종합(큰사람),50,4.09
2027,전북대학교,프랑스·아프리카학과,학생부종합,학생부종합(큰사람),70,4.13
2027,전북대학교,간호학과,학생부종합,학생부종합(큰사람),50,2.66
2027,전북대학교,간호학과,학생부종합,학생부종합(큰사람),70,2.67
2027,전북대학교,공학계열1,학생부종합,학생부종합(큰사람),50,3.74
2027,전북대학교,공학계열1,학생부종합,학생부종합(큰사람),70,3.86
2027,전북대학교,과학교육학부,학생부종합,학생부종합(큰사람),50,3.57
2027,전북대학교,과학교육학부,학생부종합,학생부종합(큰사람),70,3.77
2027,전북대학교,의예과,학생부종합,학생부종합(큰사람),50,1.26
2027,전북대학교,의예과,학생부종합,학생부종합(큰사람),70,1.27
2027,전북대학교,자연과학계열2,학생부종합,학생부종합(큰사람),50,4.03
2027,전북대학교,자연과학계열2,학생부종합,학생부종합(큰사람),70,4.16
2027,전북대학교,농업생명과학계열,학생부종합,학생부종합(큰사람),50,4.25
2027,전북대학교,농업생명과학계열,학생부종합,학생부종합(큰사람),70,4.45
2027,전북대학교,생활과학계열,학생부종합,학생부종합(큰사람),50,3.98
2027,전북대학교,생활과학계열,학생부종합,학생부종합(큰사람),70,4.15
2027,전북대학교,경상계열,학생부교과,교과(지역인재1-호남권),50,3.3
2027,전북대학교,경상계열,학생부교과,교과(지역인재1-호남권),70,3.36
2027,전북대학교,국어교육과,학생부교과,교과(지역인재1-호남권),50,2.53
2027,전북대학교,국어교육과,학생부교과,교과(지역인재1-호남권),70,2.53
2027,전북대학교,국어국문학과,학생부교과,교과(지역인재1-호남권),50,3.45
2027,전북대학교,국어국문학과,학생부교과,교과(지역인재1-호남권),70,3.55
2027,전북대학교,독일학과,학생부교과,교과(지역인재1-호남권),50,3.72
2027,전북대학교,독일학과,학생부교과,교과(지역인재1-호남권),70,3.83
2027,전북대학교,문헌정보학과,학생부교과,교과(지역인재1-호남권),50,3.05
2027,전북대학교,문헌정보학과,학생부교과,교과(지역인재1-호남권),70,3.25
2027,전북대학교,사학과,학생부교과,교과(지역인재1-호남권),50,3.57
2027,전북대학교,사학과,학생부교과,교과(지역인재1-호남권),70,3.59
2027,전북대학교,사회과학계열,학생부교과,교과(지역인재1-호남권),50,3.15
2027,전북대학교,사회과학계열,학생부교과,교과(지역인재1-호남권),70,3.32
2027,전북대학교,영어교육과,학생부교과,교과(지역인재1-호남권),50,2.91
2027,전북대학교,영어교육과,학생부교과,교과(지역인재1-호남권),70,2.91
2027,전북대학교,영어영문학과,학생부교과,교과(지역인재1-호남권),50,3.42
2027,전북대학교,영어영문학과,학생부교과,교과(지역인재1-호남권),70,3.73
2027,전북대학교,중어중문학과,학생부교과,교과(지역인재1-호남권),50,3.69
2027,전북대학교,중어중문학과,학생부교과,교과(지역인재1-호남권),70,3.75
2027,전북대학교,철학과,학생부교과,교과(지역인재1-호남권),50,3.6
2027,전북대학교,철학과,학생부교과,교과(지역인재1-호남권),70,3.66
2027,전북대학교,프랑스·아프리카학과,학생부교과,교과(지역인재1-호남권),50,3.93
2027,전북대학교,프랑스·아프리카학과,학생부교과,교과(지역인재1-호남권),70,4.06
2027,전북대학교,간호학과,학생부교과,교과(지역인재1-호남권),50,2.5
2027,전북대학교,간호학과,학생부교과,교과(지역인재1-호남권),70,2.52
2027,전북대학교,공학계열1,학생부교과,교과(지역인재1-호남권),50,3.33
2027,전북대학교,공학계열1,학생부교과,교과(지역인재1-호남권),70,3.43
2027,전북대학교,과학교육학부,학생부교과,교과(지역인재1-호남권),50,2.72
2027,전북대학교,과학교육학부,학생부교과,교과(지역인재1-호남권),70,3.08
2027,전북대학교,약학과,학생부교과,교과(지역인재1-호남권),50,1.09
2027,전북대학교,약학과,학생부교과,교과(지역인재1-호남권),70,1.18
2027,전북대학교,의예과,학생부교과,교과(지역인재1-호남권),50,1.23
2027,전북대학교,의예과,학생부교과,교과(지역인재1-호남권),70,1.27
2027,전북대학교,자연과학계열2,학생부교과,교과(지역인재1-호남권),50,3.94
2027,전북대학교,자연과학계열2,학생부교과,교과(지역인재1-호남권),70,3.97
2027,전북대학교,치의예과,학생부교과,교과(지역인재1-호남권),50,1.13
2027,전북대학교,치의예과,학생부교과,교과(지역인재1-호남권),70,1.13
2027,전북대학교,농업생명과학계열,학생부교과,교과(지역인재1-호남권),50,3.68
2027,전북대학교,농업생명과학계열,학생부교과,교과(지역인재1-호남권),70,3.76
2027,전북대학교,생활과학계열,학생부교과,교과(지역인재1-호남권),50,3.94
2027,전북대학교,생활과학계열,학생부교과,교과(지역인재1-호남권),70,4.05
2027,전북대학교,간호학과,학생부교과,교과(지역인재2-전북권),50,2.27
2027,전북대학교,간호학과,학생부교과,교과(지역인재2-전북권),70,2.41
2027,전북대학교,약학과,학생부교과,교과(지역인재2-전북권),50,1.26
2027,전북대학교,약학과,학생부교과,교과(지역인재2-전북권),70,1.27
2027,전북대학교,의예과,학생부교과,교과(지역인재2-전북권),50,1.37
2027,전북대학교,의예과,학생부교과,교과(지역인재2-전북권),70,1.65
2027,전북대학교,치의예과,학생부교과,교과(지역인재2-전북권),50,1.25
2027,전북대학교,치의예과,학생부교과,교과(지역인재2-전북권),70,1.26
2027,제주대학교,수의예과,학생부교과,학생부교과일반,50,1.27
2027,제주대학교,수의예과,학생부교과,학생부교과일반,70,1.29
2027,제주대학교,약학과,학생부교과,학생부교과일반,50,1.11
2027,제주대학교,약학과,학생부교과,학생부교과일반,70,1.12
2027,제주대학교,간호학과,학생부교과,학생부교과일반,50,3.16
2027,제주대학교,간호학과,학생부교과,학생부교과일반,70,3.23
2027,제주대학교,수의예과,학생부교과,학생부교과지역,50,1.66
2027,제주대학교,수의예과,학생부교과,학생부교과지역,70,1.69
2027,제주대학교,약학과,학생부교과,학생부교과지역,50,1.58
2027,제주대학교,약학과,학생부교과,학생부교과지역,70,1.59
2027,제주대학교,간호학과,학생부교과,학생부교과지역,50,3.39
2027,제주대학교,간호학과,학생부교과,학생부교과지역,70,3.6
2027,충남대학교,간호학과,학생부교과,학생부교과(일반),50,1.89
2027,충남대학교,간호학과,학생부교과,학생부교과(일반),70,1.98
2027,충남대학교,수의예과,학생부교과,학생부교과(일반),50,1.21
2027,충남대학교,수의예과,학생부교과,학생부교과(일반),70,1.23
2027,충남대학교,약학과,학생부교과,학생부교과(일반),50,1.23
2027,충남대학교,약학과,학생부교과,학생부교과(일반),70,1.24
2027,충남대학교,간호학과,학생부교과,학생부교과(지역),50,1.91
2027,충남대학교,간호학과,학생부교과,학생부교과(지역),70,1.93
2027,충남대학교,수의예과,학생부교과,학생부교과(지역),50,1.37
2027,충남대학교,수의예과,학생부교과,학생부교과(지역),70,1.39
2027,충남대학교,약학과,학생부교과,학생부교과(지역),50,1.38
2027,충남대학교,약학과,학생부교과,학생부교과(지역),70,1.4
2027,충남대학교,수의예과,학생부종합,학생부종합(면접),50,1.45
2027,충남대학교,수의예과,학생부종합,학생부종합(면접),70,1.65
2027,충남대학교,수의예과,학생부종합,학생부종합(서류),50,1.48
2027,충남대학교,수의예과,학생부종합,학생부종합(서류),70,1.55
2027,충남대학교,간호학과,학생부종합,학생부종합(서류),50,2.48
2027,충남대학교,간호학과,학생부종합,학생부종합(서류),70,2.51
2027,충남대학교,약학과,학생부종합,학생부종합(서류),50,1.51
2027,충남대학교,약학과,학생부종합,학생부종합(서류),70,1.53
2027,충남대학교,간호학과,학생부종합,학생부종합(일반),50,2.48
2027,충남대학교,간호학과,학생부종합,학생부종합(일반),70,2.51
2027,충남대학교,약학과,학생부종합,학생부종합(일반),50,1.51
2027,충남대학교,약학과,학생부종합,학생부종합(일반),70,1.53
2027,경북대학교,수의예과,논술,논술전형,50,2.6
2027,경북대학교,수의예과,논술,논술전형,70,2.79
2027,가천대학교,간호학과,학생부종합,기회균형전형,50,3.16
2027,가천대학교,간호학과,학생부종합,기회균형전형,70,3.3
2027,가톨릭관동대학교,간호학과,학생부교과,일반전형,50,2.9
2027,가톨릭관동대학교,간호학과,학생부교과,일반전형,70,3.04
2027,가톨릭관동대학교,간호학과,학생부교과,기회균형전형,50,3.74
2027,가톨릭관동대학교,간호학과,학생부교과,기회균형전형,70,3.74
2027,가톨릭관동대학교,간호학과,학생부종합,CKU종합전형,50,3.11
2027,가톨릭관동대학교,간호학과,학생부종합,CKU종합전형,70,3.16
2027,가톨릭관동대학교,간호학과,학생부종합,가톨릭지도자추천전형,50,3.26
2027,가톨릭관동대학교,간호학과,학생부종합,가톨릭지도자추천전형,70,3.38
2027,가톨릭관동대학교,간호학과,학생부교과,농어촌학생전형(외),50,3.22
2027,가톨릭관동대학교,간호학과,학생부교과,농어촌학생전형(외),70,3.24
2027,가톨릭관동대학교,간호학과,학생부교과,기초생활및차상위전형(외),50,4.23
2027,가톨릭관동대학교,간호학과,학생부교과,기초생활및차상위전형(외),70,4.33
2027,가톨릭꽃동네대학교,간호학과,학생부교과,일반학생전형,50,2.54
2027,가톨릭꽃동네대학교,간호학과,학생부교과,일반학생전형,70,3.67
2027,가톨릭꽃동네대학교,간호학과,학생부교과,휴먼리더(면접)전형,50,4.03
2027,가톨릭꽃동네대학교,간호학과,학생부교과,휴먼리더(면접)전형,70,4.89
2027,가톨릭꽃동네대학교,간호학과,학생부교과,가톨릭지도자추천전형,50,4.04
2027,가톨릭꽃동네대학교,간호학과,학생부교과,가톨릭지도자추천전형,70,5.33
2027,가톨릭꽃동네대학교,간호학과,학생부교과,지역인재전형,50,3.29
2027,가톨릭꽃동네대학교,간호학과,학생부교과,지역인재전형,70,4.11
2027,강서대학교,간호학과,학생부교과,일반학생,50,3.17
2027,강서대학교,간호학과,학생부교과,일반학생,70,3.86
2027,건양대학교,간호학과,학생부교과,일반학생전형,50,2.02
2027,건양대학교,간호학과,학생부교과,일반학생전형,70,2.17
2027,건양대학교,간호학과,학생부교과,지역인재전형,50,2.21
2027,건양대학교,간호학과,학생부교과,지역인재전형,70,2.34
2027,건양대학교,간호학과,학생부교과,지역인재(기초)전형,50,2.21
2027,건양대학교,간호학과,학생부교과,지역인재(기초)전형,70,2.34
2027,건양대학교,간호학과,학생부종합,학생부종합전형,50,2.57
2027,건양대학교,간호학과,학생부종합,학생부종합전형,70,2.67
2027,건양대학교,간호학과,학생부교과,농어촌학생전형(외),50,2.08
2027,건양대학교,간호학과,학생부교과,농어촌학생전형(외),70,2.2
2027,건양대학교,간호학과,학생부교과,기초생활및차상위전형(외),50,2.51
2027,건양대학교,간호학과,학생부교과,기초생활및차상위전형(외),70,2.57
2027,경남대학교,간호학과,학생부교과,일반학생전형,50,2.8
2027,경남대학교,간호학과,학생부교과,일반학생전형,70,3
2027,경남대학교,간호학과,학생부교과,지역인재전형,50,2.8
2027,경남대학교,간호학과,학생부교과,지역인재전형,70,2.9
2027,경남대학교,간호학과,학생부교과,사회통합전형,50,4.5
2027,경남대학교,간호학과,학생부교과,사회통합전형,70,4.5
2027,경남대학교,간호학과,학생부교과,기회균형전형,50,4.5
2027,경남대학교,간호학과,학생부교과,기회균형전형,70,4.5
2027,경남대학교,간호학과,학생부종합,일반전형,50,1
2027,경남대학교,간호학과,학생부종합,일반전형,70,1
2027,경남대학교,간호학과,학생부교과,농어촌학생전형(외),50,2.5
2027,경남대학교,간호학과,학생부교과,농어촌학생전형(외),70,2.5
2027,경동대학교,간호학과,학생부교과,일반학생전형,50,3.38
2027,경동대학교,간호학과,학생부교과,일반학생전형,70,3.53
2027,경동대학교,간호학과,학생부교과,지역인재전형,50,3.55
2027,경동대학교,간호학과,학생부교과,지역인재전형,70,3.81
2027,경북대학교,간호학과,학생부종합,농어촌학생전형(외),50,2.2
2027,경북대학교,간호학과,학생부종합,농어촌학생전형(외),70,2.21
2027,이화여자대학교,화공신소재공학과,학생부종합,고른기회전형,50,1.63
2027,이화여자대학교,화공신소재공학과,학생부종합,고른기회전형,70,1.63
2027,서울시립대학교,자유전공학부(자연),학생부종합,기회균형전형 I,50,2.23
2027,서울시립대학교,자유전공학부(자연),학생부종합,기회균형전형 I,70,2.29
2027,경성대학교,간호학과,학생부종합,학교생활우수자전형,50,3.73
2027,경성대학교,간호학과,학생부종합,학교생활우수자전형,70,3.88
2027,경일대학교,간호학과,학생부교과,일반전형,50,2.54
2027,경일대학교,간호학과,학생부교과,일반전형,70,2.72
2027,경일대학교,간호학과,학생부교과,지역인재교과전형,50,2.71
2027,경일대학교,간호학과,학생부교과,지역인재교과전형,70,2.86
2027,경일대학교,간호학과,학생부교과,면접전형,50,3.21
2027,경일대학교,간호학과,학생부교과,면접전형,70,3.49
2027,경일대학교,간호학과,학생부종합,학생부종합전형,50,3.29
2027,경일대학교,간호학과,학생부종합,학생부종합전형,70,3.64
2027,경일대학교,간호학과,학생부교과,농어촌학생전형(외),50,2.96
2027,경일대학교,간호학과,학생부교과,농어촌학생전형(외),70,3.08
2027,경일대학교,간호학과,학생부교과,기회균형전형(외),50,2.58
2027,경일대학교,간호학과,학생부교과,기회균형전형(외),70,2.75
2027,계명대학교,간호학과,학생부교과,일반전형,50,1.87
2027,계명대학교,간호학과,학생부교과,일반전형,70,1.97
2027,계명대학교,간호학과,학생부교과,지역전형,50,1
2027,계명대학교,간호학과,학생부교과,지역전형,70,1
2027,계명대학교,간호학과,학생부종합,일반전형,50,2.46
2027,계명대학교,간호학과,학생부종합,일반전형,70,2.52
2027,계명대학교,간호학과,학생부종합,지역전형,50,2.5
2027,계명대학교,간호학과,학생부종합,지역전형,70,2.58
2027,고신대학교,간호학과,학생부종합,자기추천자전형,50,3.63
2027,고신대학교,간호학과,학생부종합,자기추천자전형,70,3.63
2027,고신대학교,간호학과,학생부종합,학교생활우수자전형,50,3.77
2027,고신대학교,간호학과,학생부종합,학교생활우수자전형,70,4.05
2027,고신대학교,간호학과,학생부교과,일반고전형,50,2.25
2027,고신대학교,간호학과,학생부교과,일반고전형,70,2.32
2027,고신대학교,간호학과,학생부교과,지역인재전형,50,2.24
2027,고신대학교,간호학과,학생부교과,지역인재전형,70,2.27
2027,공주대학교,간호학과,학생부종합,일반전형,50,3.14
2027,공주대학교,간호학과,학생부종합,일반전형,70,3.31
2027,공주대학교,간호학과,학생부교과,일반전형,50,3.07
2027,공주대학교,간호학과,학생부교과,일반전형,70,3.15
2027,공주대학교,간호학과,학생부교과,지역인재전형,50,3.16
2027,공주대학교,간호학과,학생부교과,지역인재전형,70,3.23
2027,광주대학교,간호학과,학생부교과,일반학생전형,50,4.44
2027,광주대학교,간호학과,학생부교과,일반학생전형,70,4.63
2027,광주대학교,간호학과,학생부교과,지역학생전형,50,4.25
2027,광주대학교,간호학과,학생부교과,지역학생전형,70,4.5
2027,광주대학교,간호학과,학생부교과,기초생활및차상위전형(외),50,4.44
2027,광주대학교,간호학과,학생부교과,기초생활및차상위전형(외),70,4.63
2027,광주여자대학교,간호학과,학생부교과,일반학생전형 I,50,5.37
2027,광주여자대학교,간호학과,학생부교과,일반학생전형 I,70,5.53
2027,광주여자대학교,간호학과,학생부교과,일반학생전형 II,50,5.37
2027,광주여자대학교,간호학과,학생부교과,일반학생전형 II,70,5.53
2027,광주여자대학교,간호학과,학생부교과,지역인재전형,50,5.29
2027,광주여자대학교,간호학과,학생부교과,지역인재전형,70,5.55
2027,광주여자대학교,간호학과,학생부교과,농어촌학생전형(외),50,5.39
2027,광주여자대학교,간호학과,학생부교과,농어촌학생전형(외),70,5.78
2027,극동대학교,간호학과,학생부교과,일반학생전형,50,3.88
2027,극동대학교,간호학과,학생부교과,일반학생전형,70,4
2027,극동대학교,간호학과,학생부교과,지역인재 1 전형,50,4.75
2027,극동대학교,간호학과,학생부교과,지역인재 1 전형,70,5.13
2027,김천대학교,간호학과,학생부교과,일반교과전형,50,3.83
2027,김천대학교,간호학과,학생부교과,일반교과전형,70,3.92
2027,김천대학교,간호학과,학생부교과,일반면접전형,50,4.87
2027,김천대학교,간호학과,학생부교과,일반면접전형,70,6.29
2027,김천대학교,간호학과,학생부교과,지역인재전형,50,4.07
2027,김천대학교,간호학과,학생부교과,지역인재전형,70,4.63
2027,김천대학교,간호학과,학생부교과,농어촌학생전형(외),50,4.94
2027,김천대학교,간호학과,학생부교과,농어촌학생전형(외),70,4.96
2027,나사렛대학교,간호학과,학생부교과,일반학생전형,50,2.93
2027,나사렛대학교,간호학과,학생부교과,일반학생전형,70,3.09
2027,나사렛대학교,간호학과,학생부교과,기초생활및차상위전형(외),50,2.93
2027,나사렛대학교,간호학과,학생부교과,기초생활및차상위전형(외),70,3.09
2027,남부대학교,간호학과,학생부교과,일반학생전형,50,5.9
2027,남부대학교,간호학과,학생부교과,일반학생전형,70,6.18
2027,남부대학교,간호학과,학생부교과,지역인재전형,50,5.8
2027,남부대학교,간호학과,학생부교과,지역인재전형,70,6.26
2027,남부대학교,간호학과,학생부교과,농어촌학생전형(외),50,5.42
2027,남부대학교,간호학과,학생부교과,농어촌학생전형(외),70,6.1
2027,남부대학교,간호학과,학생부교과,기초생활및차상위전형(외),50,5.9
2027,남부대학교,간호학과,학생부교과,기초생활및차상위전형(외),70,6.18
2027,대구가톨릭대학교,간호학과,학생부교과,교과전형,50,1.5
2027,대구가톨릭대학교,간호학과,학생부교과,교과전형,70,1.67
2027,대구가톨릭대학교,간호학과,학생부교과,지역교과전형,50,1.42
2027,대구가톨릭대학교,간호학과,학생부교과,지역교과전형,70,1.45
2027,대구가톨릭대학교,간호학과,학생부교과,기회균형전형,50,1.42
2027,대구가톨릭대학교,간호학과,학생부교과,기회균형전형,70,1.92
2027,대구가톨릭대학교,간호학과,학생부교과,지역기회균형전형,50,1.42
2027,대구가톨릭대학교,간호학과,학생부교과,지역기회균형전형,70,1.92
2027,대구가톨릭대학교,간호학과,학생부종합,종합전형,50,1.75
2027,대구가톨릭대학교,간호학과,학생부종합,종합전형,70,1.83
2027,대구가톨릭대학교,간호학과,학생부종합,지역종합전형,50,2.08
2027,대구가톨릭대학교,간호학과,학생부종합,지역종합전형,70,2.17
2027,대구가톨릭대학교,간호학과,학생부종합,가톨릭지도자추천전형,50,1.92
2027,대구가톨릭대학교,간호학과,학생부종합,가톨릭지도자추천전형,70,2.08
2027,대구가톨릭대학교,간호학과,학생부교과,농어촌학생전형(외),50,1.73
2027,대구가톨릭대학교,간호학과,학생부교과,농어촌학생전형(외),70,1.75
2027,대구대학교,간호학과,학생부교과,일반전형,50,1.93
2027,대구대학교,간호학과,학생부교과,일반전형,70,2.07
2027,대구대학교,간호학과,학생부교과,지역인재전형,50,1.98
2027,대구대학교,간호학과,학생부교과,지역인재전형,70,2.07
2027,대구대학교,간호학과,학생부종합,서류전형,50,3.7
2027,대구대학교,간호학과,학생부종합,서류전형,70,3.93
2027,대구대학교,간호학과,학생부교과,농어촌학생전형(외),50,1.86
2027,대구대학교,간호학과,학생부교과,농어촌학생전형(외),70,2.03
2027,대구한의대학교,간호학과,학생부교과,일반전형,50,2.33
2027,대구한의대학교,간호학과,학생부교과,일반전형,70,2.5
2027,대구한의대학교,간호학과,학생부교과,면접전형,50,2.71
2027,대구한의대학교,간호학과,학생부교과,면접전형,70,2.74
2027,대구한의대학교,간호학과,학생부교과,지역인재전형,50,2.53
2027,대구한의대학교,간호학과,학생부교과,지역인재전형,70,2.89
2027,대구한의대학교,간호학과,학생부종합,일반전형,50,2.88
2027,대구한의대학교,간호학과,학생부종합,일반전형,70,2.94
2027,대구한의대학교,간호학과,학생부종합,지역인재전형,50,2.77
2027,대구한의대학교,간호학과,학생부종합,지역인재전형,70,3
2027,대전대학교,간호학과,학생부교과,교과면접전형,50,2.5
2027,대전대학교,간호학과,학생부교과,교과면접전형,70,2.56
2027,대전대학교,간호학과,학생부교과,교과중점전형,50,2.5
2027,대전대학교,간호학과,학생부교과,교과중점전형,70,2.64
2027,대전대학교,간호학과,학생부교과,지역인재 I 전형,50,2.17
2027,대전대학교,간호학과,학생부교과,지역인재 I 전형,70,2.17
2027,대전대학교,간호학과,학생부교과,지역인재 II 전형,50,2.17
2027,대전대학교,간호학과,학생부교과,지역인재 II 전형,70,2.17
2027,대전대학교,간호학과,학생부교과,농어촌학생전형(외),50,2.38
2027,대전대학교,간호학과,학생부교과,농어촌학생전형(외),70,2.88
2027,동명대학교,간호학과,학생부교과,면접전형,50,2.88
2027,동명대학교,간호학과,학생부교과,면접전형,70,3.25
2027,동명대학교,간호학과,학생부교과,일반고교과전형,50,2.25
2027,동명대학교,간호학과,학생부교과,일반고교과전형,70,2.5
2027,동명대학교,간호학과,학생부교과,특성화고교과전형,50,2.88
2027,동명대학교,간호학과,학생부교과,특성화고교과전형,70,3.25
2027,동명대학교,간호학과,학생부교과,농어촌학생전형(외),50,2.88
2027,동명대학교,간호학과,학생부교과,농어촌학생전형(외),70,3.25
2027,동신대학교,간호학과,학생부교과,일반전형,50,5.09
2027,동신대학교,간호학과,학생부교과,일반전형,70,5.34
2027,동신대학교,간호학과,학생부교과,지역학생전형,50,5.09
2027,동신대학교,간호학과,학생부교과,지역학생전형,70,5.34
2027,동아대학교,간호학과,학생부종합,잠재능력우수자전형,50,2.76
2027,동아대학교,간호학과,학생부종합,잠재능력우수자전형,70,2.83
2027,동아대학교,간호학과,학생부종합,학교생활우수자전형,50,2.64
2027,동아대학교,간호학과,학생부종합,학교생활우수자전형,70,2.72
2027,동아대학교,간호학과,학생부교과,교과성적우수자전형,50,2.17
2027,동아대학교,간호학과,학생부교과,교과성적우수자전형,70,2.25
2027,동양대학교,간호학과,학생부교과,일반전형,50,2.9
2027,동양대학교,간호학과,학생부교과,일반전형,70,3
2027,동양대학교,간호학과,학생부교과,지역인재전형,50,3.7
2027,동양대학교,간호학과,학생부교과,지역인재전형,70,4.3
2027,동양대학교,간호학과,학생부교과,농어촌학생전형(외),50,3.5
2027,동양대학교,간호학과,학생부교과,농어촌학생전형(외),70,3.7
2027,동양대학교,간호학과,학생부교과,사회적배려자전형(외),50,4.2
2027,동양대학교,간호학과,학생부교과,사회적배려자전형(외),70,4.5
2027,동의대학교,간호학과,학생부교과,일반고교과전형,50,2.25
2027,동의대학교,간호학과,학생부교과,일반고교과전형,70,2.33
2027,동의대학교,간호학과,학생부종합,학교생활우수자(면접)전형,50,3.73
2027,동의대학교,간호학과,학생부종합,학교생활우수자(면접)전형,70,4.34
2027,동의대학교,간호학과,학생부종합,지역인재종합전형,50,3.44
2027,동의대학교,간호학과,학생부종합,지역인재종합전형,70,4.09
2027,동의대학교,간호학과,학생부교과,지역인재교과(저소득층)전형,50,2.5
2027,동의대학교,간호학과,학생부교과,지역인재교과(저소득층)전형,70,2.58
2027,목포대학교,간호학과,학생부교과,교과일반전형,50,3.35
2027,목포대학교,간호학과,학생부교과,교과일반전형,70,3.48
2027,목포대학교,간호학과,학생부종합,지역인재전형,50,4.8
2027,목포대학교,간호학과,학생부종합,지역인재전형,70,3.86
2027,목포대학교,간호학과,학생부종합,종합일반전형,50,3.81
2027,목포대학교,간호학과,학생부종합,종합일반전형,70,3.9
2027,백석대학교,간호학과,학생부교과,일반전형,50,1
2027,백석대학교,간호학과,학생부교과,일반전형,70,1.27
2027,백석대학교,간호학과,학생부교과,사회기여자및배려대상자전형,50,1.97
2027,백석대학교,간호학과,학생부교과,사회기여자및배려대상자전형,70,2.19
2027,백석대학교,간호학과,학생부교과,지역인재(일반)전형,50,3
2027,백석대학교,간호학과,학생부교과,지역인재(일반)전형,70,3.11
2027,백석대학교,간호학과,학생부교과,지역인재(기초)전형,50,3.74
2027,백석대학교,간호학과,학생부교과,지역인재(기초)전형,70,4.09
2027,백석대학교,간호학과,학생부교과,백석인재전형,50,3
2027,백석대학교,간호학과,학생부교과,백석인재전형,70,3.11
2027,백석대학교,간호학과,학생부종합,창의인재전형,50,3.14
2027,백석대학교,간호학과,학생부종합,창의인재전형,70,3.2
2027,부경대학교,간호학과,학생부교과,교과성적우수인재전형,50,2.85
2027,부경대학교,간호학과,학생부교과,교과성적우수인재전형,70,3.22
2027,부경대학교,간호학과,학생부교과,지역혁신인재전형,50,2.89
2027,부경대학교,간호학과,학생부교과,지역혁신인재전형,70,2.95
2027,부경대학교,간호학과,학생부종합,학교생활우수인재전형,50,3.41
2027,부경대학교,간호학과,학생부종합,학교생활우수인재전형,70,3.43
2027,부산가톨릭대학교,간호학과,학생부교과,교과성적우수자전형,50,1.92
2027,부산가톨릭대학교,간호학과,학생부교과,교과성적우수자전형,70,1.92
2027,부산가톨릭대학교,간호학과,학생부종합,고교학생부전형,50,3.56
2027,부산가톨릭대학교,간호학과,학생부종합,고교학생부전형,70,3.56
2027,부산가톨릭대학교,간호학과,학생부종합,자기추천전형,50,3.52
2027,부산가톨릭대학교,간호학과,학생부종합,자기추천전형,70,3.52
2027,부산가톨릭대학교,간호학과,학생부종합,지역인재전형,50,3.53
2027,부산가톨릭대학교,간호학과,학생부종합,지역인재전형,70,3.53
2027,부산가톨릭대학교,간호학과,학생부종합,성직자-수도자추천전형,50,3.52
2027,부산가톨릭대학교,간호학과,학생부종합,성직자-수도자추천전형,70,3.52
2027,부산가톨릭대학교,간호학과,학생부종합,기회균형대상자전형,50,2.08
2027,부산가톨릭대학교,간호학과,학생부종합,기회균형대상자전형,70,2.08
2027,부산가톨릭대학교,간호학과,학생부교과,농어촌학생전형(외),50,2.08
2027,부산가톨릭대학교,간호학과,학생부교과,농어촌학생전형(외),70,2.08
2027,부산가톨릭대학교,간호학과,학생부교과,사회배려대상자전형(외),50,1.92
2027,부산가톨릭대학교,간호학과,학생부교과,사회배려대상자전형(외),70,1.92
2027,부산대학교,간호학과,학생부종합,사회적배려대상자 I 전형,50,2.52
2027,부산대학교,간호학과,학생부종합,사회적배려대상자 I 전형,70,2.55
2027,삼육대학교,간호학과,학생부교과,기회균형 I 전형,50,2.78
2027,삼육대학교,간호학과,학생부교과,기회균형 I 전형,70,2.78
2027,삼육대학교,간호학과,학생부종합,재림교회목회자추천전형,50,2.85
2027,삼육대학교,간호학과,학생부종합,재림교회목회자추천전형,70,3.05
2027,삼육대학교,간호학과,학생부종합,기회균형 II 전형(외),50,2.78
2027,삼육대학교,간호학과,학생부종합,기회균형 II 전형(외),70,2.78
2027,상지대학교,간호학과,학생부교과,교과일반전형,50,2.71
2027,상지대학교,간호학과,학생부교과,교과일반전형,70,2.84
2027,상지대학교,간호학과,학생부교과,교과강원인재전형,50,2.43
2027,상지대학교,간호학과,학생부교과,교과강원인재전형,70,2.45
2027,상지대학교,간호학과,학생부교과,교과강원인재균형전형,50,2.43
2027,상지대학교,간호학과,학생부교과,교과강원인재균형전형,70,2.45
2027,선문대학교,간호학과,학생부교과,일반학생전형,50,2.97
2027,선문대학교,간호학과,학생부교과,일반학생전형,70,3.3
2027,선문대학교,간호학과,학생부교과,지역학생전형,50,2.97
2027,선문대학교,간호학과,학생부교과,지역학생전형,70,3.3
2027,선문대학교,간호학과,학생부교과,기회균형전형,50,2.5
2027,선문대학교,간호학과,학생부교과,기회균형전형,70,3.17
2027,선문대학교,간호학과,학생부종합,서류전형,50,3.94
2027,선문대학교,간호학과,학생부종합,서류전형,70,3.94
2027,선문대학교,간호학과,학생부종합,면접전형,50,2.97
2027,선문대학교,간호학과,학생부종합,면접전형,70,3.3
2027,선문대학교,간호학과,학생부교과,농어촌학생전형(외),50,2.5
2027,선문대학교,간호학과,학생부교과,농어촌학생전형(외),70,3.17
2027,선문대학교,간호학과,학생부교과,특성화고교졸업자전형(외),50,2.9
2027,선문대학교,간호학과,학생부교과,특성화고교졸업자전형(외),70,3.1
2027,성신여자대학교,간호학과,학생부종합,기회균형 I 전형,50,2.35
2027,성신여자대학교,간호학과,학생부종합,기회균형 I 전형,70,2.45
2027,세명대학교,간호학과,학생부교과,일반전형,50,2.8
2027,세명대학교,간호학과,학생부교과,일반전형,70,2.93
2027,세명대학교,간호학과,학생부교과,사회배려자및봉사자전형,50,3.23
2027,세명대학교,간호학과,학생부교과,사회배려자및봉사자전형,70,3.33
2027,세명대학교,간호학과,학생부교과,지역인재전형,50,3.33
2027,세명대학교,간호학과,학생부교과,지역인재전형,70,3.6
2027,세명대학교,간호학과,학생부교과,면접우수자전형,50,3.67
2027,세명대학교,간호학과,학생부교과,면접우수자전형,70,3.93
2027,세명대학교,간호학과,학생부종합,학생부종합전형,50,3.72
2027,세명대학교,간호학과,학생부종합,학생부종합전형,70,3.8
2027,세명대학교,간호학과,학생부교과,농어촌학생전형(외),50,3.4
2027,세명대학교,간호학과,학생부교과,농어촌학생전형(외),70,3.67
2027,송원대학교,간호학과,학생부교과,일반고전형,50,5.3
2027,송원대학교,간호학과,학생부교과,일반고전형,70,5.6
2027,송원대학교,간호학과,학생부교과,인성우수자(일반)전형,50,5.3
2027,송원대학교,간호학과,학생부교과,인성우수자(일반)전형,70,5.6
2027,송원대학교,간호학과,학생부교과,인성우수자(지역인재)전형,50,5.3
2027,송원대학교,간호학과,학생부교과,인성우수자(지역인재)전형,70,5.6
2027,송원대학교,간호학과,학생부교과,인성우수자(고른기회)전형,50,5.3
2027,송원대학교,간호학과,학생부교과,인성우수자(고른기회)전형,70,5.6
2027,수원대학교,간호학과,논술,교과논술전형,50,4
2027,수원대학교,간호학과,논술,교과논술전형,70,4.43
2027,수원대학교,간호학과,학생부교과,면접(위주)교과전형,50,2
2027,수원대학교,간호학과,학생부교과,면접(위주)교과전형,70,2.16
2027,수원대학교,간호학과,학생부교과,고교추천전형,50,2.95
2027,수원대학교,간호학과,학생부교과,고교추천전형,70,3
2027,수원대학교,간호학과,학생부교과,교과우수전형,50,2.75
2027,수원대학교,간호학과,학생부교과,교과우수전형,70,2.65
2027,수원대학교,간호학과,학생부교과,기회균형특별전형,50,1.55
2027,수원대학교,간호학과,학생부교과,기회균형특별전형,70,1.44
2027,수원대학교,간호학과,학생부교과,농어촌학생전형(외),50,2.25
2027,수원대학교,간호학과,학생부교과,농어촌학생전형(외),70,2.93
2027,순천대학교,간호학과,학생부교과,지역인재전형,50,3.1
2027,순천대학교,간호학과,학생부교과,지역인재전형,70,3.2
2027,순천대학교,간호학과,학생부교과,지역균형인재전형,50,3.1
2027,순천대학교,간호학과,학생부교과,지역균형인재전형,70,3.2
2027,순천향대학교,간호학과,학생부교과,교과우수자전형,50,2
2027,순천향대학교,간호학과,학생부교과,교과우수자전형,70,2
2027,순천향대학교,간호학과,학생부교과,지역인재기초생활전형,50,2
2027,순천향대학교,간호학과,학생부교과,지역인재기초생활전형,70,2.15
2027,순천향대학교,간호학과,학생부종합,일반학생전형,50,2.5
2027,순천향대학교,간호학과,학생부종합,일반학생전형,70,2.55
2027,순천향대학교,간호학과,학생부종합,지역인재전형,50,2.42
2027,순천향대학교,간호학과,학생부종합,지역인재전형,70,2.49
2027,순천향대학교,간호학과,학생부종합,농어촌학생전형(외),50,2.57
2027,순천향대학교,간호학과,학생부종합,농어촌학생전형(외),70,2.57
2027,신라대학교,간호학과,학생부교과,일반고교과전형,50,2.1
2027,신라대학교,간호학과,학생부교과,일반고교과전형,70,2.3
2027,신라대학교,간호학과,학생부교과,면접우수자전형,50,2.4
2027,신라대학교,간호학과,학생부교과,면접우수자전형,70,3
2027,신라대학교,간호학과,학생부교과,특성화고교과전형,50,1.5
2027,신라대학교,간호학과,학생부교과,특성화고교과전형,70,1.5
2027,신라대학교,간호학과,학생부교과,사회배려전형,50,2
2027,신라대학교,간호학과,학생부교과,사회배려전형,70,2
2027,신라대학교,간호학과,학생부교과,농어촌학생전형(외),50,2.4
2027,신라대학교,간호학과,학생부교과,농어촌학생전형(외),70,2.7
2027,신한대학교,간호학과,학생부교과,일반전형,50,2.5
2027,신한대학교,간호학과,학생부교과,일반전형,70,2.5
2027,신한대학교,간호학과,학생부교과,학생부우수자전형,50,1.4
2027,신한대학교,간호학과,학생부교과,학생부우수자전형,70,1.6
2027,신한대학교,간호학과,학생부종합,사회기여자전형,50,4.38
2027,신한대학교,간호학과,학생부종합,사회기여자전형,70,4.41
2027,신한대학교,간호학과,학생부종합,기회균형전형,50,4.2
2027,신한대학교,간호학과,학생부종합,기회균형전형,70,4.32
2027,신한대학교,간호학과,학생부종합,신한국인전형,50,3.86
2027,신한대학교,간호학과,학생부종합,신한국인전형,70,4.36
2027,신한대학교,간호학과,학생부교과,농어촌학생전형(외),50,2.3
2027,신한대학교,간호학과,학생부교과,농어촌학생전형(외),70,2.4
2027,우석대학교,간호학과,학생부교과,일반학생(면접중심)전형,50,3.31
2027,우석대학교,간호학과,학생부교과,일반학생(면접중심)전형,70,3.86
2027,우석대학교,간호학과,학생부교과,일반학생(교과중심)전형,50,3.31
2027,우석대학교,간호학과,학생부교과,일반학생(교과중심)전형,70,3.86
2027,우송대학교,간호학과,학생부교과,면접전형,50,2.83
2027,우송대학교,간호학과,학생부교과,면접전형,70,3
2027,우송대학교,간호학과,학생부종합,서류형전형,50,3.59
2027,우송대학교,간호학과,학생부종합,서류형전형,70,3.59
2027,우송대학교,간호학과,학생부종합,면접형전형,50,4.04
2027,우송대학교,간호학과,학생부종합,면접형전형,70,4.28
2027,울산대학교,간호학과,학생부교과,학생부교과전형,50,2.48
2027,울산대학교,간호학과,학생부교과,학생부교과전형,70,3.37
2027,울산대학교,간호학과,학생부종합,학생부종합전형,50,2.64
2027,울산대학교,간호학과,학생부종합,학생부종합전형,70,1.96
2027,울산대학교,간호학과,학생부종합,지역인재전형,50,2.39
2027,울산대학교,간호학과,학생부종합,지역인재전형,70,2.4
2027,원광대학교,간호학과,학생부종합,학생부종합전형,50,3.42
2027,원광대학교,간호학과,학생부종합,학생부종합전형,70,3.59
2027,원광대학교,간호학과,학생부종합,지역인재 I 전형(전북),50,3.76
2027,원광대학교,간호학과,학생부종합,지역인재 I 전형(전북),70,3.99
2027,원광대학교,간호학과,학생부종합,"지역인재 I 전형(광주,전남)",50,3.94
2027,원광대학교,간호학과,학생부종합,"지역인재 I 전형(광주,전남)",70,4.04
2027,원광대학교,간호학과,학생부종합,특성화고교졸업자전형(외),50,2.11
2027,원광대학교,간호학과,학생부종합,특성화고교졸업자전형(외),70,2.43
2027,원광대학교,간호학과,학생부종합,기회균형 II 전형(외),50,3.06
2027,원광대학교,간호학과,학생부종합,기회균형 II 전형(외),70,3.39
2027,원광대학교,간호학과,학생부종합,농어촌학생전형(외),50,3.06
2027,원광대학교,간호학과,학생부종합,농어촌학생전형(외),70,3.39
2027,인제대학교,간호학과,학생부교과,지역인재 I 전형,50,1.9
2027,인제대학교,간호학과,학생부교과,지역인재 I 전형,70,2
2027,인제대학교,간호학과,학생부교과,기초생활수급권자전형(외),50,1.4
2027,인제대학교,간호학과,학생부교과,기초생활수급권자전형(외),70,1.4
2027,차의과학대학교,간호대학,학생부교과,CHA학생부교과전형,50,2.42
2027,차의과학대학교,간호대학,학생부교과,CHA학생부교과전형,70,2.48
2027,차의과학대학교,간호대학,학생부교과,지역균형선발전형,50,2.17
2027,차의과학대학교,간호대학,학생부교과,지역균형선발전형,70,2.24
2027,차의과학대학교,간호대학,학생부종합,CHA학생부종합전형,50,2.7
2027,차의과학대학교,간호대학,학생부종합,CHA학생부종합전형,70,2.75
2027,차의과학대학교,간호대학,학생부종합,사회통합전형,50,2.93
2027,차의과학대학교,간호대학,학생부종합,사회통합전형,70,3.07
2027,차의과학대학교,간호대학,학생부종합,농어촌학생전형(외),50,2.68
2027,차의과학대학교,간호대학,학생부종합,농어촌학생전형(외),70,2.68
2027,창신대학교,간호학과,학생부교과,창신인재면접전형,50,4.82
2027,창신대학교,간호학과,학생부교과,창신인재면접전형,70,4.96
2027,창신대학교,간호학과,학생부교과,지역인재전형(기회균형),50,4.39
2027,창신대학교,간호학과,학생부교과,지역인재전형(기회균형),70,4.54
2027,창신대학교,간호학과,학생부교과,농어촌학생전형(외),50,4.39
2027,창신대학교,간호학과,학생부교과,농어촌학생전형(외),70,4.54
2027,창신대학교,간호학과,학생부교과,기회균형전형(외),50,4.39
2027,창신대학교,간호학과,학생부교과,기회균형전형(외),70,4.54
2027,창원대학교,간호학과,학생부교과,학업성적우수자전형,50,2.97
2027,창원대학교,간호학과,학생부교과,학업성적우수자전형,70,3
2027,창원대학교,간호학과,학생부종합,계열적합인재전형,50,3.2
2027,창원대학교,간호학과,학생부종합,계열적합인재전형,70,3.31
2027,창원대학교,간호학과,학생부종합,지역인재전형,50,3.18
2027,창원대학교,간호학과,학생부종합,지역인재전형,70,3.32
2027,청주대학교,간호학과,학생부교과,일반전형,50,2.75
2027,청주대학교,간호학과,학생부교과,일반전형,70,2.5
2027,청주대학교,간호학과,학생부교과,창의면접전형,50,3.38
2027,청주대학교,간호학과,학생부교과,창의면접전형,70,3.63
2027,청주대학교,간호학과,학생부교과,지역인재전형,50,3.13
2027,청주대학교,간호학과,학생부교과,지역인재전형,70,2.88
2027,청주대학교,간호학과,학생부교과,지역기회균형전형,50,3.13
2027,청주대학교,간호학과,학생부교과,지역기회균형전형,70,3.13
2027,초당대학교,간호학과,학생부교과,일반전형,50,4.75
2027,초당대학교,간호학과,학생부교과,일반전형,70,5.25
2027,초당대학교,간호학과,학생부교과,지역인재전형,50,5.08
2027,초당대학교,간호학과,학생부교과,지역인재전형,70,5.75
2027,초당대학교,간호학과,학생부교과,농어촌학생전형(외),50,4.08
2027,초당대학교,간호학과,학생부교과,농어촌학생전형(외),70,4.42
2027,초당대학교,간호학과,학생부교과,기회균형선발전형(외),50,4.08
2027,초당대학교,간호학과,학생부교과,기회균형선발전형(외),70,4.42
2027,충남대학교,간호학과,학생부교과,지역인재저소득전형,50,2.03
2027,충남대학교,간호학과,학생부교과,지역인재저소득전형,70,2.07
2027,한국교통대학교,간호학과,학생부교과,일반전형,50,2.75
2027,한국교통대학교,간호학과,학생부교과,일반전형,70,2.83
2027,한국교통대학교,간호학과,학생부교과,지역인재전형,50,1.83
2027,한국교통대학교,간호학과,학생부교과,지역인재전형,70,3.15
2027,한국교통대학교,간호학과,학생부교과,사회기여및배려자전형,50,2.06
2027,한국교통대학교,간호학과,학생부교과,사회기여및배려자전형,70,2.06
2027,한국교통대학교,간호학과,학생부교과,고른기회전형,50,2.08
2027,한국교통대학교,간호학과,학생부교과,고른기회전형,70,2.08
2027,한국성서대학교,간호학과,학생부교과,일반학생,50,3.75
2027,한국성서대학교,간호학과,학생부교과,일반학생,70,3.97
2027,한국성서대학교,간호학과,학생부교과,교과성적우수자전형,50,3.41
2027,한국성서대학교,간호학과,학생부교과,교과성적우수자전형,70,3.59
2027,한국성서대학교,간호학과,학생부교과,목회자추천자,50,4.7
2027,한국성서대학교,간호학과,학생부교과,목회자추천자,70,4.72
2027,한남대학교,간호학과,학생부교과,일반전형,50,2.38
2027,한남대학교,간호학과,학생부교과,일반전형,70,2.78
2027,한남대학교,간호학과,학생부교과,지역인재교과우수자전형,50,2.98
2027,한남대학교,간호학과,학생부교과,지역인재교과우수자전형,70,3.09
2027,한남대학교,간호학과,학생부교과,지역인재기초생활전형,50,3.42
2027,한남대학교,간호학과,학생부교과,지역인재기초생활전형,70,3.42
2027,한남대학교,간호학과,학생부종합,한남인재전형,50,3.33
2027,한남대학교,간호학과,학생부종합,한남인재전형,70,3.44
2027,한남대학교,간호학과,학생부종합,한남인재2 (면접),50,3.31
2027,한남대학교,간호학과,학생부종합,한남인재2 (면접),70,3.61
2027,한림대학교,간호학과,학생부종합,학교생활우수자전형,50,2.84
2027,한림대학교,간호학과,학생부종합,학교생활우수자전형,70,2.95
2027,한림대학교,간호학과,학생부교과,교과우수자전형,50,2.34
2027,한림대학교,간호학과,학생부교과,교과우수자전형,70,2.39
2027,한림대학교,간호학과,학생부교과,지역인재전형,50,50
2027,한림대학교,간호학과,학생부교과,한림케어 I 전형,50,1.23
2027,한림대학교,간호학과,학생부교과,한림케어 I 전형,70,1.63
2027,한서대학교,간호학과,학생부교과,학생부교과 I 전형,50,3.3
2027,한서대학교,간호학과,학생부교과,학생부교과 I 전형,70,3.6
2027,한서대학교,간호학과,학생부교과,학생부교과 II 전형,50,3.3
2027,한서대학교,간호학과,학생부교과,학생부교과 II 전형,70,3.6
2027,한서대학교,간호학과,학생부교과,지역인재전형,50,3.3
2027,한서대학교,간호학과,학생부교과,지역인재전형,70,3.6
2027,한서대학교,간호학과,학생부교과,사회기여배려자전형,50,2.9
2027,한서대학교,간호학과,학생부교과,사회기여배려자전형,70,3
2027,한서대학교,간호학과,학생부교과,한서인재전형,50,3.3
2027,한서대학교,간호학과,학생부교과,한서인재전형,70,3.6
2027,한세대학교,간호학과,학생부교과,학생부교과우수자전형,50,3.4
2027,한세대학교,간호학과,학생부교과,학생부교과우수자전형,70,3.4
2027,호남대학교,간호학과,학생부교과,일반학생전형,50,4.72
2027,호남대학교,간호학과,학생부교과,일반학생전형,70,4.81
2027,호남대학교,간호학과,학생부교과,일반고전형,50,4.31
2027,호남대학교,간호학과,학생부교과,일반고전형,70,4.39
2027,호남대학교,간호학과,학생부교과,지역인재전형,50,4.13
2027,호남대학교,간호학과,학생부교과,지역인재전형,70,4.2
2027,호남대학교,간호학과,학생부교과,기초차상위한부모전형(외),50,5.04
2027,호남대학교,간호학과,학생부교과,기초차상위한부모전형(외),70,5.19
2027,호서대학교,간호학과,학생부교과,학생부전형,50,1.67
2027,호서대학교,간호학과,학생부교과,학생부전형,70,1.87
2027,호서대학교,간호학과,학생부교과,지역인재전형,50,2.13
2027,호서대학교,간호학과,학생부교과,지역인재전형,70,2.56
2027,호서대학교,간호학과,학생부교과,지역인재 II 전형,50,2.13
2027,호서대학교,간호학과,학생부교과,지역인재 II 전형,70,2.56
2027,호서대학교,간호학과,학생부종합,호서인재전형,50,2.91
2027,호서대학교,간호학과,학생부종합,호서인재전형,70,3.32
2027,호서대학교,간호학과,학생부교과,농어촌학생전형(외),50,2.73
2027,호서대학교,간호학과,학생부교과,농어촌학생전형(외),70,2.86
2027,우석대학교,한약학과,학생부교과,일반학생(교과중심)전형,50,50
2027,원광대학교,한약학과,학생부종합,학생부종합전형,50,2.04
2027,원광대학교,한약학과,학생부종합,학생부종합전형,70,2.27
2027,원광대학교,한약학과,학생부종합,지역인재 I 전형(전북),50,2.06
2027,원광대학교,한약학과,학생부종합,지역인재 I 전형(전북),70,2.18
2027,원광대학교,한약학과,학생부종합,지역인재 I 전형(호남통합),50,2.06
2027,원광대학교,한약학과,학생부종합,지역인재 I 전형(호남통합),70,2.18
2027,가톨릭대학교,의예과,학생부교과,지역균형,50,1
2027,가톨릭대학교,의예과,학생부교과,지역균형,70,1
2027,가톨릭대학교,의예과,학생부종합,학교장추천자,50,1.08
2027,가톨릭대학교,의예과,학생부종합,학교장추천자,70,1.13
2027,고려대학교,의예과,학생부종합,고른기회,50,1.1
2027,고려대학교,의예과,학생부종합,고른기회,70,1.23
2027,울산대학교,의예과,학생부종합,잠재역량,50,1.03
2027,울산대학교,의예과,학생부종합,잠재역량,70,1.03
2027,한양대학교,의예과,학생부종합,학생부종합(추천형),50,1.19
2027,한양대학교,의예과,학생부종합,학생부종합(추천형),70,1.25
2027,인하대학교,의예과,학생부종합,인하미래인재면접,50,1.04
2027,인하대학교,의예과,학생부종합,인하미래인재면접,70,1.14
2027,인하대학교,의예과,학생부교과,지역균형,50,1
2027,인하대학교,의예과,학생부교과,지역균형,70,1
2027,가천대학교,의예과,학생부종합,가천의약학,50,1.71
2027,가천대학교,의예과,학생부종합,가천의약학,70,1.81
2027,경북대학교,의예과,논술,논술AAT,50,2.7
2027,경북대학교,의예과,논술,논술AAT,70,2.7
2027,경북대학교,의예과,학생부종합,학생부종합(일반),50,1.41
2027,경북대학교,의예과,학생부종합,학생부종합(일반),70,1.45
2027,부산대학교,의예과,학생부교과,학생부교과(일반),50,1.04
2027,부산대학교,의예과,학생부교과,학생부교과(일반),70,1.08
2027,충남대학교,의예과,학생부종합,종합I(서류),50,1.14
2027,충남대학교,의예과,학생부종합,종합I(서류),70,1.15
2027,충남대학교,의예과,학생부종합,종합I(일반),50,1.14
2027,충남대학교,의예과,학생부종합,종합I(일반),70,1.15
2027,충남대학교,의예과,학생부교과,학생부교과(일반),50,1.05
2027,충남대학교,의예과,학생부교과,학생부교과(일반),70,1.05
2027,충북대학교,의예과,학생부교과,학생부교과(일반),50,1.08
2027,충북대학교,의예과,학생부교과,학생부교과(일반),70,1.08
2027,순천향대학교,의예과,학생부교과,교과우수자,50,1
2027,순천향대학교,의예과,학생부교과,교과우수자,70,1
2027,순천향대학교,의예과,학생부종합,학생부종합(일반),50,1
2027,순천향대학교,의예과,학생부종합,학생부종합(일반),70,1
2027,인제대학교,의예과,학생부교과,의예약학,50,1.08
2027,인제대학교,의예과,학생부교과,의예약학,70,1.13
2027,을지대학교,의예과,학생부교과,지역균형,50,1.05
2027,을지대학교,의예과,학생부교과,지역균형,70,1.06
2027,계명대학교,의예과,학생부교과,학생부교과(일반),50,1.17
2027,계명대학교,의예과,학생부교과,학생부교과(일반),70,1.23
2027,계명대학교,의예과,학생부종합,학생부종합(일반),50,1.39
2027,계명대학교,의예과,학생부종합,학생부종합(일반),70,1.4
2027,영남대학교,의예과,학생부교과,의학창의인재,50,1.35
2027,영남대학교,의예과,학생부교과,의학창의인재,70,1.36
2027,영남대학교,의예과,학생부교과,학생부교과(일반),50,1.25
2027,영남대학교,의예과,학생부교과,학생부교과(일반),70,1.3
2027,전북대학교,의예과,학생부종합,큰사람전형,50,1.26
2027,전북대학교,의예과,학생부종합,큰사람전형,70,1.27
2027,전북대학교,의예과,학생부교과,학생부교과(일반),50,1.21
2027,전북대학교,의예과,학생부교과,학생부교과(일반),70,1.24
2027,고신대학교,의예과,학생부교과,일반고,50,1.23
2027,고신대학교,의예과,학생부교과,일반고,70,1.28
2027,원광대학교,의예과,학생부종합,학생부종합,50,1.15
2027,원광대학교,의예과,학생부종합,학생부종합,70,1.17
2027,조선대학교,의예과,학생부교과,학생부교과(일반),50,1.08
2027,조선대학교,의예과,학생부교과,학생부교과(일반),70,1.09
2027,조선대학교,의예과,학생부종합,학생부종합서류,50,1.32
2027,조선대학교,의예과,학생부종합,학생부종합서류,70,1.21
2027,조선대학교,의예과,학생부종합,학생부종합면접,50,1.22
2027,조선대학교,의예과,학생부종합,학생부종합면접,70,1.22
2027,제주대학교,의예과,학생부교과,학생부교과(일반),50,1.02
2027,제주대학교,의예과,학생부교과,학생부교과(일반),70,1.03
2027,경북대학교,의예과,학생부교과,학생부교과(지역),50,1.11
2027,경북대학교,의예과,학생부교과,학생부교과(지역),70,1.15
2027,경북대학교,의예과,학생부교과,학생부종합(지역),50,1.29
2027,경북대학교,의예과,학생부교과,학생부종합(지역),70,1.45
2027,계명대학교,의예과,학생부교과,학생부교과(지역),50,1.18
2027,계명대학교,의예과,학생부교과,학생부교과(지역),70,1.23
2027,계명대학교,의예과,학생부종합,학생부종합(지역),50,1.54
2027,계명대학교,의예과,학생부종합,학생부종합(지역),70,1.71
2027,고신대학교,의예과,학생부교과,지역인재,50,1.27
2027,고신대학교,의예과,학생부교과,지역인재,70,1.31
2027,대구가톨릭대학교,의예과,학생부교과,학생부교과(지역),50,1.54
2027,대구가톨릭대학교,의예과,학생부교과,학생부교과(지역),70,1.91
2027,동아대학교,의예과,학생부교과,지역인재교과,50,1.2
2027,동아대학교,의예과,학생부교과,지역인재교과,70,1.12
2027,동아대학교,의예과,학생부종합,지역인재종합,50,1.26
2027,동아대학교,의예과,학생부종합,지역인재종합,70,1.32
2027,부산대학교,의예과,학생부교과,학생부교과(지역),50,1.04
2027,부산대학교,의예과,학생부교과,학생부교과(지역),70,1.08
2027,부산대학교,의예과,학생부종합,학생부종합(지역),50,1.2
2027,부산대학교,의예과,학생부종합,학생부종합(지역),70,1.29
2027,부산대학교,의예과,논술,논술지역,50,1.95
2027,부산대학교,의예과,논술,논술지역,70,2.43
2027,순천향대학교,의예과,학생부교과,교과(지역 충청 충남),50,1
2027,순천향대학교,의예과,학생부교과,교과(지역 충청 충남),70,1
2027,영남대학교,의예과,학생부교과,지역인재,50,1.54
2027,영남대학교,의예과,학생부교과,지역인재,70,1.69
2027,울산대학교,의예과,학생부교과,지역교과,50,1.03
2027,울산대학교,의예과,학생부교과,지역교과,70,1
2027,울산대학교,의예과,학생부종합,학생부종합(지역),50,1.66
2027,울산대학교,의예과,학생부종합,학생부종합(지역),70,1.06
2027,원광대학교,의예과,학생부종합,지역종합(전북),50,1.3
2027,원광대학교,의예과,학생부종합,지역종합(전북),70,1.36
2027,원광대학교,의예과,학생부종합,지역종합(호남),50,1.15
2027,원광대학교,의예과,학생부종합,지역종합(호남),70,1.27
2027,을지대학교,의예과,학생부교과,지역의료인재,50,1.27
2027,을지대학교,의예과,학생부교과,지역의료인재,70,1.31
2027,제주대학교,의예과,학생부교과,학생부교과(지역),50,1.19
2027,제주대학교,의예과,학생부교과,학생부교과(지역),70,1.25
2027,조선대학교,의예과,학생부교과,학생부교과(지역),50,1.24
2027,조선대학교,의예과,학생부교과,학생부교과(지역),70,1.27
2027,충남대학교,의예과,학생부교과,학생부교과(지역),50,1.09
2027,충남대학교,의예과,학생부교과,학생부교과(지역),70,1.13
2027,충북대학교,의예과,학생부교과,학생부교과(지역),50,1.04
2027,충북대학교,의예과,학생부교과,학생부교과(지역),70,1.04
2027,차의과학대학교,간호대학,학생부교과,CHA학생부교과,50,2.42
2027,차의과학대학교,간호대학,학생부교과,CHA학생부교과,70,2.48
2027,차의과학대학교,간호대학,학생부교과,지역균형,50,2.17
2027,차의과학대학교,간호대학,학생부교과,지역균형,70,2.24
2027,강남대학교,자유전공학부,학생부교과,지역균형전형,50,2.86
2027,강남대학교,자유전공학부,학생부교과,지역균형전형,70,2.86
2027,강남대학교,글로벌문화콘텐츠대학,학생부교과,지역균형전형,50,2.73
2027,강남대학교,글로벌문화콘텐츠대학,학생부교과,지역균형전형,70,2.77
2027,강남대학교,법행정세무학부,학생부교과,지역균형전형,50,3.03
2027,강남대학교,법행정세무학부,학생부교과,지역균형전형,70,3.05
2027,강남대학교,법행정세무학부(야),학생부교과,지역균형전형,50,3.13
2027,강남대학교,법행정세무학부(야),학생부교과,지역균형전형,70,3.18
2027,강남대학교,복지융합대학,학생부교과,지역균형전형,50,2.76
2027,강남대학교,복지융합대학,학생부교과,지역균형전형,70,2.89
2027,강남대학교,사회복지학부(야),학생부교과,지역균형전형,50,3.26
2027,강남대학교,사회복지학부(야),학생부교과,지역균형전형,70,3.27
2027,강남대학교,상경학부,학생부교과,지역균형전형,50,2.81
2027,강남대학교,상경학부,학생부교과,지역균형전형,70,2.85
2027,강남대학교,상경학부(야),학생부교과,지역균형전형,50,3.23
2027,강남대학교,상경학부(야),학생부교과,지역균형전형,70,3.33
2027,강남대학교,부동산건설학부,학생부교과,지역균형전형,50,3.05
2027,강남대학교,부동산건설학부,학생부교과,지역균형전형,70,3.23
2027,강남대학교,인공지능융합공학부,학생부교과,지역균형전형,50,3.12
2027,강남대학교,인공지능융합공학부,학생부교과,지역균형전형,70,3.18
2027,강남대학교,전자반도체공학부,학생부교과,지역균형전형,50,3.05
2027,강남대학교,전자반도체공학부,학생부교과,지역균형전형,70,3.06
2027,강남대학교,부동산건설학부,학생부종합,학교생활우수자전형1,50,4.4
2027,강남대학교,부동산건설학부,학생부종합,학교생활우수자전형1,70,4.78
2027,강남대학교,인공지능융합공학부,학생부종합,학교생활우수자전형1,50,4.28
2027,강남대학교,인공지능융합공학부,학생부종합,학교생활우수자전형1,70,4.36
2027,강남대학교,전자반도체공학부,학생부종합,학교생활우수자전형1,50,4.04
2027,강남대학교,전자반도체공학부,학생부종합,학교생활우수자전형1,70,4.16
2027,강남대학교,자유전공학부,학생부종합,학교생활우수자전형1,50,4.01
2027,강남대학교,자유전공학부,학생부종합,학교생활우수자전형1,70,4.15
2027,공주대학교,가구리빙디자인학과,실기/실적,일반전형,50,5.62
2027,공주대학교,가구리빙디자인학과,실기/실적,일반전형,70,6.58
2027,공주대학교,게임디자인학과,실기/실적,일반전형,50,4.91
2027,공주대학교,게임디자인학과,실기/실적,일반전형,70,5.39
2027,공주대학교,도자문화융합디자인학과,실기/실적,일반전형,50,5.41
2027,공주대학교,도자문화융합디자인학과,실기/실적,일반전형,70,6.08
2027,공주대학교,만화애니메이션학부,실기/실적,일반전형,50,4.8
2027,공주대학교,만화애니메이션학부,실기/실적,일반전형,70,5.18
2027,공주대학교,무용학과,실기/실적,일반전형,50,6.78
2027,공주대학교,무용학과,실기/실적,일반전형,70,7.37
2027,공주대학교,영상학과,실기/실적,일반전형,50,5.14
2027,공주대학교,영상학과,실기/실적,일반전형,70,5.43
2027,공주대학교,체육교육과,실기/실적,특기자전형,50,7.2
2027,공주대학교,체육교육과,실기/실적,특기자전형,70,8.32
2027,공주대학교,부동산학과,학생부교과,교과II전형,50,5.32
2027,공주대학교,부동산학과,학생부교과,교과II전형,70,5.53
2027,공주대학교,산업유통학과,학생부교과,교과II전형,50,5.14
2027,공주대학교,산업유통학과,학생부교과,교과II전형,70,5.16
2027,공주대학교,지역사회개발학과,학생부교과,교과II전형,50,4.92
2027,공주대학교,지역사회개발학과,학생부교과,교과II전형,70,5.08
2027,경희대학교,간호학과,학생부종합,기회균형전형 II,50,2.11
2027,경희대학교,간호학과,학생부종합,기회균형전형 II,70,2.11
2027,아주대학교,건축학과,학생부종합,고른기회 II 전형,50,2.27
2027,아주대학교,건축학과,학생부종합,고른기회 II 전형,70,2.84
2027,아주대학교,기계공학과,학생부종합,고른기회 II 전형,50,2.6
2027,아주대학교,기계공학과,학생부종합,고른기회 II 전형,70,2.66
2027,아주대학교,디지털미디어학과,학생부종합,고른기회 II 전형,50,1.44
2027,아주대학교,디지털미디어학과,학생부종합,고른기회 II 전형,70,2.68
2027,아주대학교,미래모빌리티공학과,학생부종합,고른기회 II 전형,50,2.61
2027,아주대학교,미래모빌리티공학과,학생부종합,고른기회 II 전형,70,2.78
2027,아주대학교,산업공학과,학생부종합,고른기회 II 전형,50,2.43
2027,아주대학교,산업공학과,학생부종합,고른기회 II 전형,70,2.43
2027,아주대학교,소프트웨어학과,학생부종합,고른기회 II 전형,50,2.35
2027,아주대학교,소프트웨어학과,학생부종합,고른기회 II 전형,70,2.35
2027,아주대학교,전자공학과,학생부종합,고른기회 II 전형,50,2.27
2027,아주대학교,전자공학과,학생부종합,고른기회 II 전형,70,2.56
2027,아주대학교,지능형반도체공학과,학생부종합,고른기회 II 전형,50,2.05
2027,아주대학교,지능형반도체공학과,학생부종합,고른기회 II 전형,70,2.05
2027,아주대학교,첨단바이오융합대학,학생부종합,고른기회 II 전형,50,2.05
2027,아주대학교,첨단바이오융합대학,학생부종합,고른기회 II 전형,70,2.21
2027,성공회대학교,사회융합학부,학생부종합,열린인재전형,50,4.24
2027,성공회대학교,사회융합학부,학생부종합,열린인재전형,70,4.33
2027,삼육대학교,환경디자인원예학과,기회종합,기회균형 I 전형,50,4.26
2027,삼육대학교,환경디자인원예학과,기회종합,기회균형 I 전형,70,4.35
2027,공주대학교,디지털융합금형공학과,학생부종합,농어촌학생전형(외),50,5.29
2027,공주대학교,디지털융합금형공학과,학생부종합,농어촌학생전형(외),70,5.35
2027,공주대학교,미래자동차공학과,학생부종합,농어촌학생전형(외),50,5.45
2027,공주대학교,미래자동차공학과,학생부종합,농어촌학생전형(외),70,5.54
2027,공주대학교,부동산학과,학생부종합,농어촌학생전형(외),50,5.39
2027,공주대학교,부동산학과,학생부종합,농어촌학생전형(외),70,5.72
2027,공주대학교,신소재공학부,학생부종합,농어촌학생전형(외),50,4.44
2027,공주대학교,신소재공학부,학생부종합,농어촌학생전형(외),70,4.63
2027,공주대학교,외식상품학과,학생부종합,농어촌학생전형(외),50,5.5
2027,공주대학교,외식상품학과,학생부종합,농어촌학생전형(외),70,5.6
2027,공주대학교,지역건설공학과,학생부종합,농어촌학생전형(외),50,5.59
2027,공주대학교,지역건설공학과,학생부종합,농어촌학생전형(외),70,5.66
2027,공주대학교,화학교육과,학생부종합,농어촌학생전형(외),50,3.51
2027,공주대학교,화학교육과,학생부종합,농어촌학생전형(외),70,3.82
2027,공주대학교,게임디자인학과,학생부종합,일반전형,50,2.55
2027,공주대학교,게임디자인학과,학생부종합,일반전형,70,2.74
2027,공주대학교,미술교육과,학생부종합,일반전형,50,3.29
2027,공주대학교,미술교육과,학생부종합,일반전형,70,3.66
2027,공주대학교,영상학과,학생부종합,일반전형,50,3.73
2027,공주대학교,영상학과,학생부종합,일반전형,70,3.83
2027,공주대학교,경영학과,학생부종합,일반전형,50,3.74
2027,공주대학교,경영학과,학생부종합,일반전형,70,4.01
2027,공주대학교,경제통상학부,학생부종합,일반전형,50,4.26
2027,공주대학교,경제통상학부,학생부종합,일반전형,70,4.48
2027,공주대학교,관광경영학과,학생부종합,일반전형,50,4.16
2027,공주대학교,관광경영학과,학생부종합,일반전형,70,4.18
2027,공주대학교,교육학과,학생부종합,일반전형,50,3.21
2027,공주대학교,교육학과,학생부종합,일반전형,70,3.26
2027,공주대학교,국어교육과,학생부종합,일반전형,50,3.04
2027,공주대학교,국어교육과,학생부종합,일반전형,70,3.25
2027,공주대학교,국제학부,학생부종합,일반전형,50,4.67
2027,공주대학교,국제학부,학생부종합,일반전형,70,4.69
2027,공주대학교,독어독문학과,학생부종합,일반전형,50,5.25
2027,공주대학교,독어독문학과,학생부종합,일반전형,70,5.36
2027,공주대학교,문헌정보교육과,학생부종합,일반전형,50,2.71
2027,공주대학교,문헌정보교육과,학생부종합,일반전형,70,2.89
2027,공주대학교,법학과,학생부종합,일반전형,50,3.85
2027,공주대학교,법학과,학생부종합,일반전형,70,4.07
2027,공주대학교,부동산학과,학생부종합,일반전형,50,5.39
2027,공주대학교,부동산학과,학생부종합,일반전형,70,5.72
2027,공주대학교,불어불문학과,학생부종합,일반전형,50,5.4
2027,공주대학교,불어불문학과,학생부종합,일반전형,70,6.02
2027,공주대학교,사학과,학생부종합,일반전형,50,3.69
2027,공주대학교,사학과,학생부종합,일반전형,70,3.84
2027,공주대학교,사회복지학과,학생부종합,일반전형,50,4.08
2027,공주대학교,사회복지학과,학생부종합,일반전형,70,4.09
2027,공주대학교,산업유통학과,학생부종합,일반전형,50,5.39
2027,공주대학교,산업유통학과,학생부종합,일반전형,70,5.59
2027,공주대학교,역사교육과,학생부종합,일반전형,50,2.66
2027,공주대학교,역사교육과,학생부종합,일반전형,70,2.73
2027,공주대학교,영어교육과,학생부종합,일반전형,50,3.19
2027,공주대학교,영어교육과,학생부종합,일반전형,70,3.37
2027,공주대학교,영어영문학과,학생부종합,일반전형,50,4.51
2027,공주대학교,영어영문학과,학생부종합,일반전형,70,4.67
2027,공주대학교,유아교육과,학생부종합,일반전형,50,3.67
2027,공주대학교,유아교육과,학생부종합,일반전형,70,3.82
2027,공주대학교,윤리교육과,학생부종합,일반전형,50,2.84
2027,공주대학교,윤리교육과,학생부종합,일반전형,70,2.91
2027,공주대학교,일반사회교육과,학생부종합,일반전형,50,2.96
2027,공주대학교,일반사회교육과,학생부종합,일반전형,70,3.04
2027,공주대학교,중어중문학과,학생부종합,일반전형,50,4.56
2027,공주대학교,중어중문학과,학생부종합,일반전형,70,4.66
2027,공주대학교,지리교육과,학생부종합,일반전형,50,3.01
2027,공주대학교,지리교육과,학생부종합,일반전형,70,3.31
2027,공주대학교,지리학과,학생부종합,일반전형,50,4.42
2027,공주대학교,지리학과,학생부종합,일반전형,70,4.47
2027,공주대학교,특수교육과,학생부종합,일반전형,50,3.63
2027,공주대학교,특수교육과,학생부종합,일반전형,70,3.73
2027,공주대학교,한문교육과,학생부종합,일반전형,50,3.8
2027,공주대학교,한문교육과,학생부종합,일반전형,70,3.87
2027,공주대학교,행정학과,학생부종합,일반전형,50,4.39
2027,공주대학교,행정학과,학생부종합,일반전형,70,4.43
2027,공주대학교,광공학과,학생부종합,일반전형,50,5.5
2027,공주대학교,광공학과,학생부종합,일반전형,70,5.86
2027,공주대학교,기계자동차공학부,학생부종합,일반전형,50,4.6
2027,공주대학교,기계자동차공학부,학생부종합,일반전형,70,4.68
2027,공주대학교,대기과학과,학생부종합,일반전형,50,4.29
2027,공주대학교,대기과학과,학생부종합,일반전형,70,4.34
2027,공주대학교,데이터정보물리학과,학생부종합,일반전형,50,4.93
2027,공주대학교,데이터정보물리학과,학생부종합,일반전형,70,5.15
2027,공주대학교,디자인컨버전스학과,학생부종합,일반전형,50,3.37
2027,공주대학교,디자인컨버전스학과,학생부종합,일반전형,70,3.88
2027,공주대학교,디지털융합금형공학과,학생부종합,일반전형,50,5.29
2027,공주대학교,디지털융합금형공학과,학생부종합,일반전형,70,5.35
2027,공주대학교,문화재보존과학과,학생부종합,일반전형,50,4.19
2027,공주대학교,문화재보존과학과,학생부종합,일반전형,70,4.26
2027,공주대학교,물리교육과,학생부종합,일반전형,50,3.66
2027,공주대학교,물리교육과,학생부종합,일반전형,70,3.81
2027,공주대학교,미래자동차공학과,학생부종합,일반전형,50,5.45
2027,공주대학교,미래자동차공학과,학생부종합,일반전형,70,5.54
2027,공주대학교,보건행정학과,학생부종합,일반전형,50,4.39
2027,공주대학교,보건행정학과,학생부종합,일반전형,70,4.58
2027,공주대학교,산림과학과,학생부종합,일반전형,50,4.73
2027,공주대학교,산림과학과,학생부종합,일반전형,70,5.39
2027,공주대학교,산업공학과,학생부종합,일반전형,50,5.03
2027,공주대학교,산업공학과,학생부종합,일반전형,70,5.05
2027,공주대학교,생명과학과,학생부종합,일반전형,50,4.15
2027,공주대학교,생명과학과,학생부종합,일반전형,70,4.2
2027,공주대학교,생물교육과,학생부종합,일반전형,50,3.19
2027,공주대학교,생물교육과,학생부종합,일반전형,70,3.26
2027,공주대학교,소프트웨어학과,학생부종합,일반전형,50,4.33
2027,공주대학교,소프트웨어학과,학생부종합,일반전형,70,4.4
2027,공주대학교,수산생명의학과,학생부종합,일반전형,50,5.2
2027,공주대학교,수산생명의학과,학생부종합,일반전형,70,5.63
2027,공주대학교,수학교육과,학생부종합,일반전형,50,3.24
2027,공주대학교,수학교육과,학생부종합,일반전형,70,3.45
2027,공주대학교,스마트인프라공학과,학생부종합,일반전형,50,5.43
2027,공주대학교,스마트인프라공학과,학생부종합,일반전형,70,5.6
2027,공주대학교,스마트정보기술공학과,학생부종합,일반전형,50,4.92
2027,공주대학교,스마트정보기술공학과,학생부종합,일반전형,70,5.13
2027,공주대학교,스마트팜공학과,학생부종합,일반전형,50,4.34
2027,공주대학교,스마트팜공학과,학생부종합,일반전형,70,4.67
2027,공주대학교,식물자원학과,학생부종합,일반전형,50,5.19
2027,공주대학교,식물자원학과,학생부종합,일반전형,70,5.26
2027,공주대학교,식품공학과,학생부종합,일반전형,50,4.72
2027,공주대학교,식품공학과,학생부종합,일반전형,70,4.85
2027,공주대학교,식품영양학과,학생부종합,일반전형,50,4.83
2027,공주대학교,식품영양학과,학생부종합,일반전형,70,5.02
2027,공주대학교,신소재공학부,학생부종합,일반전형,50,4.44
2027,공주대학교,신소재공학부,학생부종합,일반전형,70,4.63
2027,공주대학교,외식상품학과,학생부종합,일반전형,50,5.5
2027,공주대학교,외식상품학과,학생부종합,일반전형,70,5.6
2027,공주대학교,원예학과,학생부종합,일반전형,50,3.31
2027,공주대학교,원예학과,학생부종합,일반전형,70,4.79
2027,공주대학교,응급구조학과,학생부종합,일반전형,50,4.32
2027,공주대학교,응급구조학과,학생부종합,일반전형,70,4.36
2027,공주대학교,응용수학과,학생부종합,일반전형,50,4.85
2027,공주대학교,응용수학과,학생부종합,일반전형,70,4.91
2027,공주대학교,의료정보학과,학생부종합,일반전형,50,4.6
2027,공주대학교,의료정보학과,학생부종합,일반전형,70,4.64
2027,공주대학교,의류상품학과,학생부종합,일반전형,50,4.35
2027,공주대학교,의류상품학과,학생부종합,일반전형,70,4.6
2027,공주대학교,인공지능학부,학생부종합,일반전형,50,4.4
2027,공주대학교,인공지능학부,학생부종합,일반전형,70,4.47
2027,공주대학교,전기전자제어공학부,학생부종합,일반전형,50,4.24
2027,공주대학교,전기전자제어공학부,학생부종합,일반전형,70,4.42
2027,공주대학교,정보통신공학과,학생부종합,일반전형,50,5.39
2027,공주대학교,정보통신공학과,학생부종합,일반전형,70,5.46
2027,공주대학교,조경학과,학생부종합,일반전형,50,5.25
2027,공주대학교,조경학과,학생부종합,일반전형,70,5.4
2027,공주대학교,지구과학교육과,학생부종합,일반전형,50,3.31
2027,공주대학교,지구과학교육과,학생부종합,일반전형,70,3.84
2027,공주대학교,지능형모빌리티공학과,학생부종합,일반전형,50,5.42
2027,공주대학교,지능형모빌리티공학과,학생부종합,일반전형,70,5.49
2027,공주대학교,지역건설공학과,학생부종합,일반전형,50,5.59
2027,공주대학교,지역건설공학과,학생부종합,일반전형,70,5.66
2027,공주대학교,지질환경과학과,학생부종합,일반전형,50,4.05
2027,공주대학교,지질환경과학과,학생부종합,일반전형,70,4.24
2027,공주대학교,컴퓨터공학과,학생부종합,일반전형,50,3.97
2027,공주대학교,컴퓨터공학과,학생부종합,일반전형,70,4.15
2027,공주대학교,컴퓨터교육과,학생부종합,일반전형,50,3.26
2027,공주대학교,컴퓨터교육과,학생부종합,일반전형,70,3.33
2027,공주대학교,특수동물학과,학생부종합,일반전형,50,3.27
2027,공주대학교,특수동물학과,학생부종합,일반전형,70,3.45
2027,공주대학교,화학공학부,학생부종합,일반전형,50,4.29
2027,공주대학교,화학공학부,학생부종합,일반전형,70,4.39
2027,공주대학교,화학과,학생부종합,일반전형,50,4.43
2027,공주대학교,화학과,학생부종합,일반전형,70,4.6
2027,공주대학교,화학교육과,학생부종합,일반전형,50,3.51
2027,공주대학교,화학교육과,학생부종합,일반전형,70,3.82
2027,공주대학교,환경공학과,학생부종합,일반전형,50,4.9
2027,공주대학교,환경공학과,학생부종합,일반전형,70,5.01
2027,공주대학교,환경교육과,학생부종합,일반전형,50,3.94
2027,공주대학교,환경교육과,학생부종합,일반전형,70,4.04
2027,금오공과대학교,경영학과,학생부교과,농어촌학생전형(외),50,4.31
2027,금오공과대학교,경영학과,학생부교과,농어촌학생전형(외),70,4.31
2027,금오공과대학교,광시스템공학과,학생부교과,농어촌학생전형(외),50,5.28
2027,금오공과대학교,광시스템공학과,학생부교과,농어촌학생전형(외),70,5.28
2027,금오공과대학교,바이오메디컬공학과,학생부교과,농어촌학생전형(외),50,4.24
2027,금오공과대학교,바이오메디컬공학과,학생부교과,농어촌학생전형(외),70,4.42
2027,금오공과대학교,경영학과,학생부교과,지역인재전형,50,4.26
2027,금오공과대학교,경영학과,학생부교과,지역인재전형,70,4.3
2027,금오공과대학교,바이오메디컬공학과,학생부교과,지역인재전형,50,4.52
2027,금오공과대학교,바이오메디컬공학과,학생부교과,지역인재전형,70,4.68
2027,금오공과대학교,자율전공학부,학생부교과,지역인재전형,50,4.69
2027,금오공과대학교,자율전공학부,학생부교과,지역인재전형,70,4.92
2027,금오공과대학교,경영학과,학생부교과,학생부교과전형,50,4.75
2027,금오공과대학교,경영학과,학생부교과,학생부교과전형,70,5.07
2027,금오공과대학교,광시스템공학과,학생부교과,학생부교과전형,50,4.85
2027,금오공과대학교,광시스템공학과,학생부교과,학생부교과전형,70,5.01
2027,금오공과대학교,바이오메디컬공학과,학생부교과,학생부교과전형,50,4.01
2027,금오공과대학교,바이오메디컬공학과,학생부교과,학생부교과전형,70,4.06
2027,금오공과대학교,자율전공학부,학생부교과,학생부교과전형,50,4.38
2027,금오공과대학교,자율전공학부,학생부교과,학생부교과전형,70,4.58
2027,성결대학교,뷰티디자인학과,학생부교과,SKU창의적인재전형,50,3.6
2027,성결대학교,뷰티디자인학과,학생부교과,SKU창의적인재전형,70,4
2027,성결대학교,경영학과,학생부교과,SKU창의적인재전형,50,3.8
2027,성결대학교,경영학과,학생부교과,SKU창의적인재전형,70,4.4
2027,성결대학교,글로벌물류학과,학생부교과,SKU창의적인재전형,50,4.8
2027,성결대학교,글로벌물류학과,학생부교과,SKU창의적인재전형,70,5.6
2027,성결대학교,사회복지학과,학생부교과,SKU창의적인재전형,50,4.2
2027,성결대학교,사회복지학과,학생부교과,SKU창의적인재전형,70,4.6
2027,성결대학교,유아교육과,학생부교과,SKU창의적인재전형,50,3.4
2027,성결대학교,유아교육과,학생부교과,SKU창의적인재전형,70,3.8
2027,성결대학교,미디어소프트웨어학과,학생부교과,SKU창의적인재전형,50,4.4
2027,성결대학교,미디어소프트웨어학과,학생부교과,SKU창의적인재전형,70,5
2027,성결대학교,뷰티디자인학과,학생부교과,교과성적우수자전형,50,1.8
2027,성결대학교,뷰티디자인학과,학생부교과,교과성적우수자전형,70,2.6
2027,성결대학교,경영학과,학생부교과,교과성적우수자전형,50,2
2027,성결대학교,경영학과,학생부교과,교과성적우수자전형,70,2.4
2027,성결대학교,글로벌물류학과,학생부교과,교과성적우수자전형,50,3.4
2027,성결대학교,글로벌물류학과,학생부교과,교과성적우수자전형,70,3.6
2027,성결대학교,기독교교육상담학과,학생부교과,교과성적우수자전형,50,3.8
2027,성결대학교,기독교교육상담학과,학생부교과,교과성적우수자전형,70,4.2
2027,성결대학교,사회복지학과,학생부교과,교과성적우수자전형,50,2.4
2027,성결대학교,사회복지학과,학생부교과,교과성적우수자전형,70,3
2027,성결대학교,신학과,학생부교과,교과성적우수자전형,50,5.2
2027,성결대학교,신학과,학생부교과,교과성적우수자전형,70,7
2027,성결대학교,유아교육과,학생부교과,교과성적우수자전형,50,2.2
2027,성결대학교,유아교육과,학생부교과,교과성적우수자전형,70,2.8
2027,성결대학교,미디어소프트웨어학과,학생부교과,교과성적우수자전형,50,3
2027,성결대학교,미디어소프트웨어학과,학생부교과,교과성적우수자전형,70,3.4
2027,성결대학교,뷰티디자인학과,학생부교과,농어촌학생전형(외),50,3.8
2027,성결대학교,뷰티디자인학과,학생부교과,농어촌학생전형(외),70,3.4
2027,성결대학교,경영학과,학생부교과,농어촌학생전형(외),50,3.8
2027,성결대학교,경영학과,학생부교과,농어촌학생전형(외),70,3.8
2027,성결대학교,글로벌물류학과,학생부교과,농어촌학생전형(외),50,4.4
2027,성결대학교,글로벌물류학과,학생부교과,농어촌학생전형(외),70,4.4
2027,성결대학교,사회복지학과,학생부교과,농어촌학생전형(외),50,3.4
2027,성결대학교,사회복지학과,학생부교과,농어촌학생전형(외),70,3.6
2027,성결대학교,유아교육과,학생부교과,농어촌학생전형(외),50,3.4
2027,성결대학교,유아교육과,학생부교과,농어촌학생전형(외),70,3.4
2027,수원대학교,디지털콘텐츠,논술,교과논술전형,50,4.25
2027,수원대학교,디지털콘텐츠,논술,교과논술전형,70,4.6
2027,수원대학교,반도체공학과,논술,교과논술전형,50,4.8
2027,수원대학교,반도체공학과,논술,교과논술전형,70,4.95
2027,수원대학교,식품영양학과,논술,교과논술전형,50,4.1
2027,수원대학교,식품영양학과,논술,교과논술전형,70,4.65
2027,수원대학교,아동가족복지학과,논술,교과논술전형,50,5.1
2027,수원대학교,아동가족복지학과,논술,교과논술전형,70,5.18
2027,수원대학교,의류학과,논술,교과논술전형,50,3.7
2027,수원대학교,의류학과,논술,교과논술전형,70,4.3
2027,수원대학교,인문사회융합대학,학생부교과,고교추천전형,50,3.75
2027,수원대학교,인문사회융합대학,학생부교과,고교추천전형,70,3.8
2027,수원대학교,반도체공학과,학생부교과,고교추천전형,50,3.86
2027,수원대학교,반도체공학과,학생부교과,고교추천전형,70,3.95
2027,수원대학교,식품영양학과,학생부교과,고교추천전형,50,3.35
2027,수원대학교,식품영양학과,학생부교과,고교추천전형,70,4.08
2027,수원대학교,아동가족복지학과,학생부교과,고교추천전형,50,3.93
2027,수원대학교,아동가족복지학과,학생부교과,고교추천전형,70,4.11
2027,수원대학교,의류학과,학생부교과,고교추천전형,50,3.75
2027,수원대학교,의류학과,학생부교과,고교추천전형,70,3.75
2027,수원대학교,반도체공학과,학생부교과,교과우수전형,50,3.1
2027,수원대학교,반도체공학과,학생부교과,교과우수전형,70,3.2
2027,수원대학교,식품영양학과,학생부교과,교과우수전형,50,3.15
2027,수원대학교,식품영양학과,학생부교과,교과우수전형,70,3.2
2027,수원대학교,아동가족복지학과,학생부교과,교과우수전형,50,3.95
2027,수원대학교,아동가족복지학과,학생부교과,교과우수전형,70,3.78
2027,수원대학교,의류학과,학생부교과,교과우수전형,50,3.29
2027,수원대학교,의류학과,학생부교과,교과우수전형,70,3.29
2027,수원대학교,반도체공학과,학생부교과,농어촌학생전형(외),50,3.38
2027,수원대학교,반도체공학과,학생부교과,농어촌학생전형(외),70,3.9
2027,수원대학교,식품영양학과,학생부교과,농어촌학생전형(외),50,3.42
2027,수원대학교,식품영양학과,학생부교과,농어촌학생전형(외),70,3.42
2027,수원대학교,아동가족복지학과,학생부교과,농어촌학생전형(외),50,3.4
2027,수원대학교,아동가족복지학과,학생부교과,농어촌학생전형(외),70,3.4
2027,수원대학교,의류학과,학생부교과,농어촌학생전형(외),50,3.2
2027,수원대학교,의류학과,학생부교과,농어촌학생전형(외),70,3.2
2027,수원대학교,인문사회융합대학,학생부교과,면접(위주)교과전형,50,3.35
2027,수원대학교,인문사회융합대학,학생부교과,면접(위주)교과전형,70,3.5
2027,수원대학교,반도체공학과,학생부교과,면접(위주)교과전형,50,3.7
2027,수원대학교,반도체공학과,학생부교과,면접(위주)교과전형,70,3.7
2027,수원대학교,식품영양학과,학생부교과,면접(위주)교과전형,50,2.69
2027,수원대학교,식품영양학과,학생부교과,면접(위주)교과전형,70,2.88
2027,수원대학교,아동가족복지학과,학생부교과,면접(위주)교과전형,50,3.9
2027,수원대학교,아동가족복지학과,학생부교과,면접(위주)교과전형,70,3.99
2027,수원대학교,의류학과,학생부교과,면접(위주)교과전형,50,3.88
2027,수원대학교,의류학과,학생부교과,면접(위주)교과전형,70,3.98
2027,신한대학교,방사선학과,학생부교과,농어촌학생전형(외),50,1.8
2027,신한대학교,방사선학과,학생부교과,농어촌학생전형(외),70,2.1
2027,신한대학교,식품영양학과,학생부교과,농어촌학생전형(외),50,3.3
2027,신한대학교,식품영양학과,학생부교과,농어촌학생전형(외),70,3.1
2027,신한대학교,임상병리학과,학생부교과,농어촌학생전형(외),50,2.6
2027,신한대학교,임상병리학과,학생부교과,농어촌학생전형(외),70,2.7
2027,신한대학교,치위생학과,학생부교과,농어촌학생전형(외),50,2.7
2027,신한대학교,치위생학과,학생부교과,농어촌학생전형(외),70,2.7
2027,신한대학교,미래스포츠융합학과,학생부교과,일반전형,50,3.9
2027,신한대학교,미래스포츠융합학과,학생부교과,일반전형,70,4.3
2027,신한대학교,산업디자인학과,학생부교과,일반전형,50,2.5
2027,신한대학교,산업디자인학과,학생부교과,일반전형,70,2.6
2027,신한대학교,스포츠의학과,학생부교과,일반전형,50,3.5
2027,신한대학교,스포츠의학과,학생부교과,일반전형,70,3.6
2027,신한대학교,실내디자인학과,학생부교과,일반전형,50,3.4
2027,신한대학교,실내디자인학과,학생부교과,일반전형,70,3
2027,신한대학교,패션디자인학과,학생부교과,일반전형,50,2.4
2027,신한대학교,패션디자인학과,학생부교과,일반전형,70,2.6
2027,신한대학교,유아교육과,학생부교과,일반전형,50,3
2027,신한대학교,유아교육과,학생부교과,일반전형,70,3.2
2027,신한대학교,K-뷰티학과,학생부교과,일반전형,50,3.6
2027,신한대학교,K-뷰티학과,학생부교과,일반전형,70,4.1
2027,신한대학교,기계공학과,학생부교과,일반전형,50,3.1
2027,신한대학교,기계공학과,학생부교과,일반전형,70,3.2
2027,신한대학교,미래자동차공학과,학생부교과,일반전형,50,2.7
2027,신한대학교,미래자동차공학과,학생부교과,일반전형,70,4.3
2027,신한대학교,바이오식품외식산업학과,학생부교과,일반전형,50,2.7
2027,신한대학교,바이오식품외식산업학과,학생부교과,일반전형,70,3.3
2027,신한대학교,방사선학과,학생부교과,일반전형,50,2
2027,신한대학교,방사선학과,학생부교과,일반전형,70,2.4
2027,신한대학교,사이버드론봇군사학과,학생부교과,일반전형,50,4.4
2027,신한대학교,사이버드론봇군사학과,학생부교과,일반전형,70,4.7
2027,신한대학교,소프트웨어융합학과,학생부교과,일반전형,50,3.7
2027,신한대학교,소프트웨어융합학과,학생부교과,일반전형,70,4
2027,신한대학교,식품영양학과,학생부교과,일반전형,50,3.3
2027,신한대학교,식품영양학과,학생부교과,일반전형,70,3.1
2027,신한대학교,안경광학과,학생부교과,일반전형,50,3
2027,신한대학교,안경광학과,학생부교과,일반전형,70,3.5
2027,신한대학교,에너지공학과,학생부교과,일반전형,50,3.7
2027,신한대학교,에너지공학과,학생부교과,일반전형,70,3.9
2027,신한대학교,임상병리학과,학생부교과,일반전형,50,2.5
2027,신한대학교,임상병리학과,학생부교과,일반전형,70,3
2027,신한대학교,전자공학과,학생부교과,일반전형,50,3.6
2027,신한대학교,전자공학과,학생부교과,일반전형,70,3.1
2027,신한대학교,첨단소재공학과,학생부교과,일반전형,50,3.6
2027,신한대학교,첨단소재공학과,학생부교과,일반전형,70,2.9
2027,신한대학교,치기공학과,학생부교과,일반전형,50,3.3
2027,신한대학교,치기공학과,학생부교과,일반전형,70,2.9
2027,신한대학교,치위생학과,학생부교과,일반전형,50,2.7
2027,신한대학교,치위생학과,학생부교과,일반전형,70,2.9
2027,신한대학교,K-뷰티학과,학생부교과,학생부우수자전형,50,1.8
2027,신한대학교,K-뷰티학과,학생부교과,학생부우수자전형,70,2.6
2027,신한대학교,스포츠의학과,학생부교과,학생부우수자전형,50,2.5
2027,신한대학교,스포츠의학과,학생부교과,학생부우수자전형,70,2.8
2027,신한대학교,유아교육과,학생부교과,학생부우수자전형,50,2.9
2027,신한대학교,유아교육과,학생부교과,학생부우수자전형,70,3.1
2027,신한대학교,기계공학과,학생부교과,학생부우수자전형,50,2.5
2027,신한대학교,기계공학과,학생부교과,학생부우수자전형,70,2.7
2027,신한대학교,미래자동차공학과,학생부교과,학생부우수자전형,50,2.8
2027,신한대학교,미래자동차공학과,학생부교과,학생부우수자전형,70,2.9
2027,신한대학교,바이오식품외식산업학과,학생부교과,학생부우수자전형,50,1.7
2027,신한대학교,바이오식품외식산업학과,학생부교과,학생부우수자전형,70,2
2027,신한대학교,방사선학과,학생부교과,학생부우수자전형,50,1
2027,신한대학교,방사선학과,학생부교과,학생부우수자전형,70,1.1
2027,신한대학교,소프트웨어융합학과,학생부교과,학생부우수자전형,50,1.5
2027,신한대학교,소프트웨어융합학과,학생부교과,학생부우수자전형,70,1.6
2027,신한대학교,식품영양학과,학생부교과,학생부우수자전형,50,1.9
2027,신한대학교,식품영양학과,학생부교과,학생부우수자전형,70,2.4
2027,신한대학교,안경광학과,학생부교과,학생부우수자전형,50,2.7
2027,신한대학교,안경광학과,학생부교과,학생부우수자전형,70,2.7
2027,신한대학교,에너지공학과,학생부교과,학생부우수자전형,50,2.8
2027,신한대학교,에너지공학과,학생부교과,학생부우수자전형,70,3
2027,신한대학교,임상병리학과,학생부교과,학생부우수자전형,50,1.8
2027,신한대학교,임상병리학과,학생부교과,학생부우수자전형,70,1.8
2027,신한대학교,전자공학과,학생부교과,학생부우수자전형,50,2.3
2027,신한대학교,전자공학과,학생부교과,학생부우수자전형,70,2.5
2027,신한대학교,첨단소재공학과,학생부교과,학생부우수자전형,50,2.7
2027,신한대학교,첨단소재공학과,학생부교과,학생부우수자전형,70,2.8
2027,신한대학교,치기공학과,학생부교과,학생부우수자전형,50,2.6
2027,신한대학교,치기공학과,학생부교과,학생부우수자전형,70,2.7
2027,신한대학교,치위생학과,학생부교과,학생부우수자전형,50,2.2
2027,신한대학교,치위생학과,학생부교과,학생부우수자전형,70,2.2
2027,신한대학교,유아교육과,학생부종합,신한국인전형,50,4.71
2027,신한대학교,유아교육과,학생부종합,신한국인전형,70,5.09
2027,신한대학교,방사선학과,학생부종합,신한국인전형,50,3.52
2027,신한대학교,방사선학과,학생부종합,신한국인전형,70,3.61
2027,신한대학교,소프트웨어융합학과,학생부종합,신한국인전형,50,4
2027,신한대학교,소프트웨어융합학과,학생부종합,신한국인전형,70,4.3
2027,신한대학교,식품영양학과,학생부종합,신한국인전형,50,4.43
2027,신한대학교,식품영양학과,학생부종합,신한국인전형,70,4.43
2027,신한대학교,임상병리학과,학생부종합,신한국인전형,50,3.77
2027,신한대학교,임상병리학과,학생부종합,신한국인전형,70,3.84
2027,신한대학교,치기공학과,학생부종합,신한국인전형,50,4.79
2027,신한대학교,치기공학과,학생부종합,신한국인전형,70,4.82
2027,신한대학교,치위생학과,학생부종합,신한국인전형,50,4.61
2027,신한대학교,치위생학과,학생부종합,신한국인전형,70,4.61
2027,안양대학교,화장품발명디자인학과,학생부교과,농어촌학생전형(외),50,5.31
2027,안양대학교,화장품발명디자인학과,학생부교과,농어촌학생전형(외),70,5.31
2027,안양대학교,관광경영학과,학생부교과,농어촌학생전형(외),50,4.07
2027,안양대학교,관광경영학과,학생부교과,농어촌학생전형(외),70,4.22
2027,안양대학교,국어국문학과,학생부교과,농어촌학생전형(외),50,4.55
2027,안양대학교,국어국문학과,학생부교과,농어촌학생전형(외),70,4.55
2027,안양대학교,글로벌경영학과,학생부교과,농어촌학생전형(외),50,4.58
2027,안양대학교,글로벌경영학과,학생부교과,농어촌학생전형(외),70,4.58
2027,안양대학교,영미언어문화학과,학생부교과,농어촌학생전형(외),50,5.46
2027,안양대학교,영미언어문화학과,학생부교과,농어촌학생전형(외),70,5.46
2027,안양대학교,유아교육과,학생부교과,농어촌학생전형(외),50,4.38
2027,안양대학교,유아교육과,학생부교과,농어촌학생전형(외),70,4.38
2027,안양대학교,중국언어문화학과,학생부교과,농어촌학생전형(외),50,5.7
2027,안양대학교,중국언어문화학과,학생부교과,농어촌학생전형(외),70,5.7
2027,안양대학교,행정학과,학생부교과,농어촌학생전형(외),50,4.11
2027,안양대학교,행정학과,학생부교과,농어촌학생전형(외),70,4.11
2027,안양대학교,소프트웨어학과,학생부교과,농어촌학생전형(외),50,4.9
2027,안양대학교,소프트웨어학과,학생부교과,농어촌학생전형(외),70,4.9
2027,안양대학교,식품영양학과,학생부교과,농어촌학생전형(외),50,2
2027,안양대학교,식품영양학과,학생부교과,농어촌학생전형(외),70,2
2027,안양대학교,정보전기전자공학과,학생부교과,농어촌학생전형(외),50,4.8
2027,안양대학교,정보전기전자공학과,학생부교과,농어촌학생전형(외),70,4.8
2027,안양대학교,컴퓨터공학과,학생부교과,농어촌학생전형(외),50,2.9
2027,안양대학교,컴퓨터공학과,학생부교과,농어촌학생전형(외),70,3.12
2027,안양대학교,환경에너지공학과,학생부교과,농어촌학생전형(외),50,4.31
2027,안양대학교,환경에너지공학과,학생부교과,농어촌학생전형(외),70,4.31
2027,안양대학교,뷰티메디컬디자인학과,학생부교과,아리학생부교과전형,50,3.09
2027,안양대학교,뷰티메디컬디자인학과,학생부교과,아리학생부교과전형,70,3.12
2027,안양대학교,화장품발명디자인학과,학생부교과,아리학생부교과전형,50,3.32
2027,안양대학교,화장품발명디자인학과,학생부교과,아리학생부교과전형,70,3.32
2027,안양대학교,관광경영학과,학생부교과,아리학생부교과전형,50,2.97
2027,안양대학교,관광경영학과,학생부교과,아리학생부교과전형,70,3.29
2027,안양대학교,국어국문학과,학생부교과,아리학생부교과전형,50,3.17
2027,안양대학교,국어국문학과,학생부교과,아리학생부교과전형,70,3.17
2027,안양대학교,글로벌경영학과,학생부교과,아리학생부교과전형,50,2.61
2027,안양대학교,글로벌경영학과,학생부교과,아리학생부교과전형,70,3.07
2027,안양대학교,글로벌경영학과(야),학생부교과,아리학생부교과전형,50,4.59
2027,안양대학교,글로벌경영학과(야),학생부교과,아리학생부교과전형,70,4.62
2027,안양대학교,기독교교육과,학생부교과,아리학생부교과전형,50,4.49
2027,안양대학교,기독교교육과,학생부교과,아리학생부교과전형,70,4.65
2027,안양대학교,러시아언어문화학과,학생부교과,아리학생부교과전형,50,4.09
2027,안양대학교,러시아언어문화학과,학생부교과,아리학생부교과전형,70,4.09
2027,안양대학교,사회계열자유전공,학생부교과,아리학생부교과전형,50,3.57
2027,안양대학교,사회계열자유전공,학생부교과,아리학생부교과전형,70,3.57
2027,안양대학교,신학과,학생부교과,아리학생부교과전형,50,4.69
2027,안양대학교,신학과,학생부교과,아리학생부교과전형,70,4.69
2027,안양대학교,영미언어문화학과,학생부교과,아리학생부교과전형,50,3.76
2027,안양대학교,영미언어문화학과,학생부교과,아리학생부교과전형,70,3.76
2027,안양대학교,유아교육과,학생부교과,아리학생부교과전형,50,3.28
2027,안양대학교,유아교육과,학생부교과,아리학생부교과전형,70,3.29
2027,안양대학교,인문계열자유전공,학생부교과,아리학생부교과전형,50,3.74
2027,안양대학교,인문계열자유전공,학생부교과,아리학생부교과전형,70,3.81
2027,안양대학교,중국언어문화학과,학생부교과,아리학생부교과전형,50,3.69
2027,안양대학교,중국언어문화학과,학생부교과,아리학생부교과전형,70,3.69
2027,안양대학교,행정학과,학생부교과,아리학생부교과전형,50,2.88
2027,안양대학교,행정학과,학생부교과,아리학생부교과전형,70,2.88
2027,안양대학교,행정학과(야),학생부교과,아리학생부교과전형,50,4.33
2027,안양대학교,행정학과(야),학생부교과,아리학생부교과전형,70,4.33
2027,안양대학교,AI융합학과,학생부교과,아리학생부교과전형,50,3.77
2027,안양대학교,AI융합학과,학생부교과,아리학생부교과전형,70,3.77
2027,안양대학교,도시정보공학과,학생부교과,아리학생부교과전형,50,3.58
2027,안양대학교,도시정보공학과,학생부교과,아리학생부교과전형,70,3.74
2027,안양대학교,도시정보공학과(야),학생부교과,아리학생부교과전형,50,4.66
2027,안양대학교,도시정보공학과(야),학생부교과,아리학생부교과전형,70,5.09
2027,안양대학교,소프트웨어학과,학생부교과,아리학생부교과전형,50,4.1
2027,안양대학교,소프트웨어학과,학생부교과,아리학생부교과전형,70,4.45
2027,안양대학교,식품영양학과,학생부교과,아리학생부교과전형,50,2.36
2027,안양대학교,식품영양학과,학생부교과,아리학생부교과전형,70,3
2027,안양대학교,이공계열자유전공,학생부교과,아리학생부교과전형,50,3.53
2027,안양대학교,이공계열자유전공,학생부교과,아리학생부교과전형,70,3.82
2027,안양대학교,정보전기전자공학과,학생부교과,아리학생부교과전형,50,3.7
2027,안양대학교,정보전기전자공학과,학생부교과,아리학생부교과전형,70,3.73
2027,안양대학교,정보전기전자공학과(야),학생부교과,아리학생부교과전형,50,4.8
2027,안양대학교,정보전기전자공학과(야),학생부교과,아리학생부교과전형,70,4.8
2027,안양대학교,컴퓨터공학과,학생부교과,아리학생부교과전형,50,2.97
2027,안양대학교,컴퓨터공학과,학생부교과,아리학생부교과전형,70,3.66
2027,안양대학교,통계데이터사이언스학과,학생부교과,아리학생부교과전형,50,4.09
2027,안양대학교,통계데이터사이언스학과,학생부교과,아리학생부교과전형,70,4.09
2027,안양대학교,통계데이터사이언스학과(야),학생부교과,아리학생부교과전형,50,4.68
2027,안양대학교,통계데이터사이언스학과(야),학생부교과,아리학생부교과전형,70,4.72
2027,안양대학교,환경에너지공학과,학생부교과,아리학생부교과전형,50,3.62
2027,안양대학교,환경에너지공학과,학생부교과,아리학생부교과전형,70,3.62
2027,안양대학교,자유전공,학생부교과,아리학생부교과전형,50,3.44
2027,안양대학교,자유전공,학생부교과,아리학생부교과전형,70,3.48
2027,안양대학교,뷰티메디컬디자인학과,학생부교과,아리학생부면접전형,50,3.09
2027,안양대학교,뷰티메디컬디자인학과,학생부교과,아리학생부면접전형,70,3.12
2027,안양대학교,화장품발명디자인학과,학생부교과,아리학생부면접전형,50,3.32
2027,안양대학교,화장품발명디자인학과,학생부교과,아리학생부면접전형,70,3.32
2027,안양대학교,관광경영학과,학생부교과,아리학생부면접전형,50,2.97
2027,안양대학교,관광경영학과,학생부교과,아리학생부면접전형,70,3.29
2027,안양대학교,국어국문학과,학생부교과,아리학생부면접전형,50,3.17
2027,안양대학교,국어국문학과,학생부교과,아리학생부면접전형,70,3.17
2027,안양대학교,글로벌경영학과,학생부교과,아리학생부면접전형,50,2.61
2027,안양대학교,글로벌경영학과,학생부교과,아리학생부면접전형,70,3.07
2027,안양대학교,글로벌경영학과(야),학생부교과,아리학생부면접전형,50,4.59
2027,안양대학교,글로벌경영학과(야),학생부교과,아리학생부면접전형,70,4.62
2027,안양대학교,기독교교육과,학생부교과,아리학생부면접전형,50,4.49
2027,안양대학교,기독교교육과,학생부교과,아리학생부면접전형,70,4.65
2027,안양대학교,러시아언어문화학과,학생부교과,아리학생부면접전형,50,4.09
2027,안양대학교,러시아언어문화학과,학생부교과,아리학생부면접전형,70,4.09
2027,안양대학교,사회계열자유전공,학생부교과,아리학생부면접전형,50,3.57
2027,안양대학교,사회계열자유전공,학생부교과,아리학생부면접전형,70,3.57
2027,안양대학교,신학과,학생부교과,아리학생부면접전형,50,4.69
2027,안양대학교,신학과,학생부교과,아리학생부면접전형,70,4.69
2027,안양대학교,영미언어문화학과,학생부교과,아리학생부면접전형,50,3.76
2027,안양대학교,영미언어문화학과,학생부교과,아리학생부면접전형,70,3.76
2027,안양대학교,유아교육과,학생부교과,아리학생부면접전형,50,3.28
2027,안양대학교,유아교육과,학생부교과,아리학생부면접전형,70,3.29
2027,안양대학교,인문계열자유전공,학생부교과,아리학생부면접전형,50,3.74
2027,안양대학교,인문계열자유전공,학생부교과,아리학생부면접전형,70,3.81
2027,안양대학교,중국언어문화학과,학생부교과,아리학생부면접전형,50,3.69
2027,안양대학교,중국언어문화학과,학생부교과,아리학생부면접전형,70,3.69
2027,안양대학교,행정학과,학생부교과,아리학생부면접전형,50,2.88
2027,안양대학교,행정학과,학생부교과,아리학생부면접전형,70,2.88
2027,안양대학교,행정학과(야),학생부교과,아리학생부면접전형,50,4.33
2027,안양대학교,행정학과(야),학생부교과,아리학생부면접전형,70,4.33
2027,안양대학교,AI융합학과,학생부교과,아리학생부면접전형,50,3.77
2027,안양대학교,AI융합학과,학생부교과,아리학생부면접전형,70,3.77
2027,안양대학교,도시정보공학과,학생부교과,아리학생부면접전형,50,3.58
2027,안양대학교,도시정보공학과,학생부교과,아리학생부면접전형,70,3.74
2027,안양대학교,도시정보공학과(야),학생부교과,아리학생부면접전형,50,4.66
2027,안양대학교,도시정보공학과(야),학생부교과,아리학생부면접전형,70,5.09
2027,안양대학교,소프트웨어학과,학생부교과,아리학생부면접전형,50,4.1
2027,안양대학교,소프트웨어학과,학생부교과,아리학생부면접전형,70,4.45
2027,안양대학교,식품영양학과,학생부교과,아리학생부면접전형,50,2.36
2027,안양대학교,식품영양학과,학생부교과,아리학생부면접전형,70,3
2027,안양대학교,이공계열자유전공,학생부교과,아리학생부면접전형,50,3.53
2027,안양대학교,이공계열자유전공,학생부교과,아리학생부면접전형,70,3.82
2027,안양대학교,정보전기전자공학과,학생부교과,아리학생부면접전형,50,3.7
2027,안양대학교,정보전기전자공학과,학생부교과,아리학생부면접전형,70,3.73
2027,안양대학교,정보전기전자공학과(야),학생부교과,아리학생부면접전형,50,4.8
2027,안양대학교,정보전기전자공학과(야),학생부교과,아리학생부면접전형,70,4.8
2027,안양대학교,컴퓨터공학과,학생부교과,아리학생부면접전형,50,2.97
2027,안양대학교,컴퓨터공학과,학생부교과,아리학생부면접전형,70,3.66
2027,안양대학교,통계데이터사이언스학과,학생부교과,아리학생부면접전형,50,4.09
2027,안양대학교,통계데이터사이언스학과,학생부교과,아리학생부면접전형,70,4.09
2027,안양대학교,통계데이터사이언스학과(야),학생부교과,아리학생부면접전형,50,4.68
2027,안양대학교,통계데이터사이언스학과(야),학생부교과,아리학생부면접전형,70,4.72
2027,안양대학교,환경에너지공학과,학생부교과,아리학생부면접전형,50,3.62
2027,안양대학교,환경에너지공학과,학생부교과,아리학생부면접전형,70,3.62
2027,안양대학교,자유전공,학생부교과,아리학생부면접전형,50,3.44
2027,안양대학교,자유전공,학생부교과,아리학생부면접전형,70,3.48
2027,안양대학교,화장품발명디자인학과,학생부교과,학교장추천전형,50,3.32
2027,안양대학교,화장품발명디자인학과,학생부교과,학교장추천전형,70,3.32
2027,안양대학교,관광경영학과,학생부교과,학교장추천전형,50,2.97
2027,안양대학교,관광경영학과,학생부교과,학교장추천전형,70,3.29
2027,안양대학교,글로벌경영학과,학생부교과,학교장추천전형,50,2.61
2027,안양대학교,글로벌경영학과,학생부교과,학교장추천전형,70,3.07
2027,안양대학교,영미언어문화학과,학생부교과,학교장추천전형,50,3.76
2027,안양대학교,영미언어문화학과,학생부교과,학교장추천전형,70,3.76
2027,안양대학교,유아교육과,학생부교과,학교장추천전형,50,3.28
2027,안양대학교,유아교육과,학생부교과,학교장추천전형,70,3.29
2027,안양대학교,중국언어문화학과,학생부교과,학교장추천전형,50,3.69
2027,안양대학교,중국언어문화학과,학생부교과,학교장추천전형,70,3.69
2027,안양대학교,소프트웨어학과,학생부교과,학교장추천전형,50,4.1
2027,안양대학교,소프트웨어학과,학생부교과,학교장추천전형,70,4.45
2027,안양대학교,식품영양학과,학생부교과,학교장추천전형,50,2.36
2027,안양대학교,식품영양학과,학생부교과,학교장추천전형,70,3
2027,안양대학교,이공계열자유전공,학생부교과,학교장추천전형,50,3.53
2027,안양대학교,이공계열자유전공,학생부교과,학교장추천전형,70,3.82
2027,안양대학교,정보전기전자공학과,학생부교과,학교장추천전형,50,3.7
2027,안양대학교,정보전기전자공학과,학생부교과,학교장추천전형,70,3.73
2027,안양대학교,환경에너지공학과,학생부교과,학교장추천전형,50,3.62
2027,안양대학교,환경에너지공학과,학생부교과,학교장추천전형,70,3.62
2027,안양대학교,자유전공,학생부교과,학교장추천전형,50,3.44
2027,안양대학교,자유전공,학생부교과,학교장추천전형,70,3.48
2027,용인대학교,경영학과,학생부교과,교과성적우수자특별전형,50,50
2027,용인대학교,경찰행정학과,학생부교과,교과성적우수자특별전형,50,50
2027,용인대학교,관광경영학과,학생부교과,교과성적우수자특별전형,50,50
2027,용인대학교,문화콘텐츠학과,학생부교과,교과성적우수자특별전형,50,50
2027,용인대학교,사회복지학과,학생부교과,교과성적우수자특별전형,50,50
2027,용인대학교,중국학과,학생부교과,교과성적우수자특별전형,50,50
2027,용인대학교,문화유산학과,학생부교과,교과성적우수자특별전형,50,50
2027,용인대학교,물리치료학과,학생부교과,교과성적우수자특별전형,50,50
2027,용인대학교,바이오생명공학과,학생부교과,교과성적우수자특별전형,50,50
2027,용인대학교,보건환경안전학과,학생부교과,교과성적우수자특별전형,50,50
2027,용인대학교,경호학과,학생부교과,농어촌학생특별전형(외),50,2.2
2027,용인대학교,경호학과,학생부교과,농어촌학생특별전형(외),70,2.2
2027,용인대학교,경영학과,학생부교과,농어촌학생특별전형(외),50,1.6
2027,용인대학교,경영학과,학생부교과,농어촌학생특별전형(외),70,1.9
2027,용인대학교,경찰행정학과,학생부교과,농어촌학생특별전형(외),50,1.6
2027,용인대학교,경찰행정학과,학생부교과,농어촌학생특별전형(외),70,1.6
2027,용인대학교,관광경영학과,학생부교과,농어촌학생특별전형(외),50,2.3
2027,용인대학교,관광경영학과,학생부교과,농어촌학생특별전형(외),70,2.3
2027,용인대학교,문화콘텐츠학과,학생부교과,농어촌학생특별전형(외),50,2.4
2027,용인대학교,문화콘텐츠학과,학생부교과,농어촌학생특별전형(외),70,2.4
2027,용인대학교,사회복지학과,학생부교과,농어촌학생특별전형(외),50,2.1
2027,용인대학교,사회복지학과,학생부교과,농어촌학생특별전형(외),70,2.8
2027,용인대학교,문화유산학과,학생부교과,농어촌학생특별전형(외),50,2.8
2027,용인대학교,문화유산학과,학생부교과,농어촌학생특별전형(외),70,2.8
2027,용인대학교,물리치료학과,학생부교과,농어촌학생특별전형(외),50,1.3
2027,용인대학교,물리치료학과,학생부교과,농어촌학생특별전형(외),70,1.3
2027,용인대학교,보건환경안전학과,학생부교과,농어촌학생특별전형(외),50,2.8
2027,용인대학교,보건환경안전학과,학생부교과,농어촌학생특별전형(외),70,2.8
2027,용인대학교,경호학과,학생부교과,일반학생전형,50,1.9
2027,용인대학교,경호학과,학생부교과,일반학생전형,70,2
2027,용인대학교,경영학과,학생부교과,일반학생전형,50,2.3
2027,용인대학교,경영학과,학생부교과,일반학생전형,70,2.3
2027,용인대학교,경찰행정학과,학생부교과,일반학생전형,50,1.6
2027,용인대학교,경찰행정학과,학생부교과,일반학생전형,70,1.8
2027,용인대학교,관광경영학과,학생부교과,일반학생전형,50,2.3
2027,용인대학교,관광경영학과,학생부교과,일반학생전형,70,2.5
2027,용인대학교,문화콘텐츠학과,학생부교과,일반학생전형,50,1.9
2027,용인대학교,문화콘텐츠학과,학생부교과,일반학생전형,70,2.1
2027,용인대학교,사회복지학과,학생부교과,일반학생전형,50,2.3
2027,용인대학교,사회복지학과,학생부교과,일반학생전형,70,2.3
2027,용인대학교,중국학과,학생부교과,일반학생전형,50,2.4
2027,용인대학교,중국학과,학생부교과,일반학생전형,70,2.5
2027,용인대학교,문화유산학과,학생부교과,일반학생전형,50,2.8
2027,용인대학교,문화유산학과,학생부교과,일반학생전형,70,2.9
2027,용인대학교,물리치료학과,학생부교과,일반학생전형,50,1.5
2027,용인대학교,물리치료학과,학생부교과,일반학생전형,70,1.6
2027,용인대학교,바이오생명공학과,학생부교과,일반학생전형,50,2.3
2027,용인대학교,바이오생명공학과,학생부교과,일반학생전형,70,2.3
2027,용인대학교,보건환경안전학과,학생부교과,일반학생전형,50,2.3
2027,용인대학교,보건환경안전학과,학생부교과,일반학생전형,70,2.4
2027,용인대학교,무도계열전공학부,학생부교과,자율전공특별전형,50,2.2
2027,용인대학교,무도계열전공학부,학생부교과,자율전공특별전형,70,2.3
2027,용인대학교,문화예술계열전공학부,학생부교과,자율전공특별전형,50,2
2027,용인대학교,문화예술계열전공학부,학생부교과,자율전공특별전형,70,2.1
2027,용인대학교,체육계열전공학부,학생부교과,자율전공특별전형,50,1.6
2027,용인대학교,체육계열전공학부,학생부교과,자율전공특별전형,70,1.7
2027,용인대학교,인문사회계열전공학부,학생부교과,자율전공특별전형,50,2.3
2027,용인대학교,인문사회계열전공학부,학생부교과,자율전공특별전형,70,2.4
2027,용인대학교,자연계열전공학부,학생부교과,자율전공특별전형,50,2.6
2027,용인대학교,자연계열전공학부,학생부교과,자율전공특별전형,70,2.6
2027,용인대학교,무전공학부,학생부교과,자율전공특별전형,50,2.3
2027,용인대학교,무전공학부,학생부교과,자율전공특별전형,70,2.5
2027,평택대학교,경영학과,학생부교과,PTU교과전형,50,2.44
2027,평택대학교,경영학과,학생부교과,PTU교과전형,70,2.44
2027,평택대학교,광고홍보학과,학생부교과,PTU교과전형,50,2.44
2027,평택대학교,광고홍보학과,학생부교과,PTU교과전형,70,2.55
2027,평택대학교,국제무역행정학과,학생부교과,PTU교과전형,50,2.88
2027,평택대학교,국제무역행정학과,학생부교과,PTU교과전형,70,3
2027,평택대학교,국제물류학과,학생부교과,PTU교과전형,50,3
2027,평택대학교,국제물류학과,학생부교과,PTU교과전형,70,3.22
2027,평택대학교,글로벌자율전공학부,학생부교과,PTU교과전형,50,2.66
2027,평택대학교,글로벌자율전공학부,학생부교과,PTU교과전형,70,2.77
2027,평택대학교,도시계획부동산학과,학생부교과,PTU교과전형,50,3.22
2027,평택대학교,도시계획부동산학과,학생부교과,PTU교과전형,70,3.22
2027,평택대학교,사회복지학과,학생부교과,PTU교과전형,50,2.33
2027,평택대학교,사회복지학과,학생부교과,PTU교과전형,70,2.66
2027,평택대학교,미디어디자인학과,학생부교과,PTU교과전형,50,2.77
2027,평택대학교,미디어디자인학과,학생부교과,PTU교과전형,70,2.77
2027,평택대학교,스마트모빌리티학과,학생부교과,PTU교과전형,50,3
2027,평택대학교,스마트모빌리티학과,학생부교과,PTU교과전형,70,3.11
2027,평택대학교,재활상담학과,학생부교과,PTU교과전형,50,3.11
2027,평택대학교,재활상담학과,학생부교과,PTU교과전형,70,3.11
2027,평택대학교,지능형반도체학과,학생부교과,PTU교과전형,50,3
2027,평택대학교,지능형반도체학과,학생부교과,PTU교과전형,70,3.11
2027,평택대학교,경영학과,학생부교과,PTU추천전형,50,2.83
2027,평택대학교,경영학과,학생부교과,PTU추천전형,70,2.83
2027,평택대학교,광고홍보학과,학생부교과,PTU추천전형,50,2.66
2027,평택대학교,광고홍보학과,학생부교과,PTU추천전형,70,2.66
2027,평택대학교,국제무역행정학과,학생부교과,PTU추천전형,50,3
2027,평택대학교,국제무역행정학과,학생부교과,PTU추천전형,70,3.66
2027,평택대학교,국제물류학과,학생부교과,PTU추천전형,50,3.66
2027,평택대학교,국제물류학과,학생부교과,PTU추천전형,70,3.66
2027,평택대학교,도시계획부동산학과,학생부교과,PTU추천전형,50,3.33
2027,평택대학교,도시계획부동산학과,학생부교과,PTU추천전형,70,4
2027,평택대학교,사회복지학과,학생부교과,PTU추천전형,50,3.33
2027,평택대학교,사회복지학과,학생부교과,PTU추천전형,70,3.33
2027,평택대학교,미디어디자인학과,학생부교과,PTU추천전형,50,2.66
2027,평택대학교,미디어디자인학과,학생부교과,PTU추천전형,70,2.66
2027,평택대학교,스마트모빌리티학과,학생부교과,PTU추천전형,50,3.33
2027,평택대학교,스마트모빌리티학과,학생부교과,PTU추천전형,70,3.66
2027,평택대학교,재활상담학과,학생부교과,PTU추천전형,50,4
2027,평택대학교,재활상담학과,학생부교과,PTU추천전형,70,4
2027,평택대학교,경영학과,학생부종합,PTU종합전형,50,5.46
2027,평택대학교,경영학과,학생부종합,PTU종합전형,70,5.83
2027,평택대학교,광고홍보학과,학생부종합,PTU종합전형,50,4.91
2027,평택대학교,광고홍보학과,학생부종합,PTU종합전형,70,5.14
2027,평택대학교,사회복지학과,학생부종합,PTU종합전형,50,5.2
2027,평택대학교,사회복지학과,학생부종합,PTU종합전형,70,5.45
2027,한국공학대학교,IT반도체융합자율전공,논술,논술우수자전형,50,5.25
2027,한국공학대학교,IT반도체융합자율전공,논술,논술우수자전형,70,4.52
2027,한국공학대학교,스마트기계융합자율전공,논술,논술우수자전형,50,4.02
2027,한국공학대학교,스마트기계융합자율전공,논술,논술우수자전형,70,5.02
2027,한국공학대학교,첨단융합자율전공,논술,논술우수자전형,50,4.44
2027,한국공학대학교,첨단융합자율전공,논술,논술우수자전형,70,3.46
2027,한국공학대학교,자유전공학부,논술,논술우수자전형,50,4.35
2027,한국공학대학교,자유전공학부,논술,논술우수자전형,70,4
2027,한국공학대학교,게임공학과,학생부교과,교과우수자전형,50,2.97
2027,한국공학대학교,게임공학과,학생부교과,교과우수자전형,70,3.11
2027,한국공학대학교,기계공학과,학생부교과,교과우수자전형,50,2.83
2027,한국공학대학교,기계공학과,학생부교과,교과우수자전형,70,2.92
2027,한국공학대학교,생명화학공학과,학생부교과,교과우수자전형,50,2.65
2027,한국공학대학교,생명화학공학과,학생부교과,교과우수자전형,70,2.78
2027,한국공학대학교,신소재공학과,학생부교과,교과우수자전형,50,2.68
2027,한국공학대학교,신소재공학과,학생부교과,교과우수자전형,70,2.76
2027,한국공학대학교,인공지능학과,학생부교과,교과우수자전형,50,2.86
2027,한국공학대학교,인공지능학과,학생부교과,교과우수자전형,70,2.89
2027,한국공학대학교,게임공학과,학생부교과,지역균형전형,50,3.25
2027,한국공학대학교,게임공학과,학생부교과,지역균형전형,70,3.27
2027,한국공학대학교,기계공학과,학생부교과,지역균형전형,50,2.7
2027,한국공학대학교,기계공학과,학생부교과,지역균형전형,70,2.77
2027,한국공학대학교,생명화학공학과,학생부교과,지역균형전형,50,2.49
2027,한국공학대학교,생명화학공학과,학생부교과,지역균형전형,70,2.62
2027,한국공학대학교,신소재공학과,학생부교과,지역균형전형,50,2.63
2027,한국공학대학교,신소재공학과,학생부교과,지역균형전형,70,2.69
2027,한국공학대학교,인공지능학과,학생부교과,지역균형전형,50,3.05
2027,한국공학대학교,인공지능학과,학생부교과,지역균형전형,70,3.05
2027,한국공학대학교,자유전공학부,학생부종합,융합인재전형,50,50
2027,한국공학대학교,AI소프트웨어학과,학생부종합,조기취업형계약학과(외),50,4.72
2027,한국공학대학교,AI소프트웨어학과,학생부종합,조기취업형계약학과(외),70,5.22
2027,한국공학대학교,IT융합디자인공학과,학생부종합,조기취업형계약학과(외),50,4.93
2027,한국공학대학교,IT융합디자인공학과,학생부종합,조기취업형계약학과(외),70,5.95
2027,한국공학대학교,스마트그린소재공학과,학생부종합,조기취업형계약학과(외),50,4.92
2027,한국공학대학교,스마트그린소재공학과,학생부종합,조기취업형계약학과(외),70,5.22
2027,한국공학대학교,스마트전자공학과,학생부종합,조기취업형계약학과(외),50,3.66
2027,한국공학대학교,스마트전자공학과,학생부종합,조기취업형계약학과(외),70,4.06
2027,한국공학대학교,게임공학과,학생부종합,창의인재(면접)전형,50,3.53
2027,한국공학대학교,게임공학과,학생부종합,창의인재(면접)전형,70,3.57
2027,한국공학대학교,기계공학과,학생부종합,창의인재(면접)전형,50,3.76
2027,한국공학대학교,기계공학과,학생부종합,창의인재(면접)전형,70,3.88
2027,한국공학대학교,생명화학공학과,학생부종합,창의인재(면접)전형,50,3.46
2027,한국공학대학교,생명화학공학과,학생부종합,창의인재(면접)전형,70,3.55
2027,한국공학대학교,신소재공학과,학생부종합,창의인재(면접)전형,50,3.7
2027,한국공학대학교,신소재공학과,학생부종합,창의인재(면접)전형,70,3.84
2027,한국공학대학교,인공지능학과,학생부종합,창의인재(면접)전형,50,3.88
2027,한국공학대학교,인공지능학과,학생부종합,창의인재(면접)전형,70,3.88
2027,한국기술교육대학교,고용서비스정책학과,학생부교과,일반전형,50,3.71
2027,한국기술교육대학교,고용서비스정책학과,학생부교과,일반전형,70,3.64
2027,한국기술교육대학교,고용서비스정책학과,학생부교과,지역인재전형,50,2.53
2027,한국기술교육대학교,고용서비스정책학과,학생부교과,지역인재전형,70,3.6
2027,한국기술교육대학교,고용서비스정책학과,학생부종합,창의인재전형(면접형),50,3.92
2027,한국기술교육대학교,고용서비스정책학과,학생부종합,창의인재전형(면접형),70,4.18
2027,한국기술교육대학교,고용서비스정책학과,학생부종합,창의인재전형(서류형),50,1.19
2027,한국기술교육대학교,고용서비스정책학과,학생부종합,창의인재전형(서류형),70,4.05
2027,한남대학교,미술교육과,실기/실적,일반전형,50,3.3
2027,한남대학교,미술교육과,실기/실적,일반전형,70,3.81
2027,한남대학교,스포츠과학과,실기/실적,일반전형,50,3.68
2027,한남대학교,스포츠과학과,실기/실적,일반전형,70,3.93
2027,한남대학교,융합디자인학과,실기/실적,일반전형,50,4.77
2027,한남대학교,융합디자인학과,실기/실적,일반전형,70,5.57
2027,한남대학교,스포츠과학과,실기/실적,특기자전형,50,7.5
2027,한남대학교,스포츠과학과,실기/실적,특기자전형,70,6.81
2027,한남대학교,패션디자인학과,학생부교과,일반전형,50,4.02
2027,한남대학교,패션디자인학과,학생부교과,일반전형,70,4.11
2027,한남대학교,경영정보학과,학생부교과,일반전형,50,4.75
2027,한남대학교,경영정보학과,학생부교과,일반전형,70,4.93
2027,한남대학교,경영학과,학생부교과,일반전형,50,4.18
2027,한남대학교,경영학과,학생부교과,일반전형,70,4.35
2027,한남대학교,경제학과,학생부교과,일반전형,50,4.6
2027,한남대학교,경제학과,학생부교과,일반전형,70,5.07
2027,한남대학교,경찰학과,학생부교과,일반전형,50,3.65
2027,한남대학교,경찰학과,학생부교과,일반전형,70,3.72
2027,한남대학교,교육학과,학생부교과,일반전형,50,3.51
2027,한남대학교,교육학과,학생부교과,일반전형,70,3.63
2027,한남대학교,국어교육과,학생부교과,일반전형,50,3.02
2027,한남대학교,국어교육과,학생부교과,일반전형,70,3.12
2027,한남대학교,국어국문창작학과,학생부교과,일반전형,50,4.54
2027,한남대학교,국어국문창작학과,학생부교과,일반전형,70,4.72
2027,한남대학교,기독교학과,학생부교과,일반전형,50,2.92
2027,한남대학교,기독교학과,학생부교과,일반전형,70,2.92
2027,한남대학교,무역물류학과,학생부교과,일반전형,50,5.09
2027,한남대학교,무역물류학과,학생부교과,일반전형,70,5.74
2027,한남대학교,문헌정보학과,학생부교과,일반전형,50,3.56
2027,한남대학교,문헌정보학과,학생부교과,일반전형,70,3.73
2027,한남대학교,사학과,학생부교과,일반전형,50,3.68
2027,한남대학교,사학과,학생부교과,일반전형,70,4.04
2027,한남대학교,사회복지학과,학생부교과,일반전형,50,3.79
2027,한남대학교,사회복지학과,학생부교과,일반전형,70,4
2027,한남대학교,아동복지학과,학생부교과,일반전형,50,5
2027,한남대학교,아동복지학과,학생부교과,일반전형,70,5.11
2027,한남대학교,역사교육과,학생부교과,일반전형,50,2.46
2027,한남대학교,역사교육과,학생부교과,일반전형,70,2.7
2027,한남대학교,영어교육과,학생부교과,일반전형,50,3.32
2027,한남대학교,영어교육과,학생부교과,일반전형,70,3.63
2027,한남대학교,영어영문학과,학생부교과,일반전형,50,4.53
2027,한남대학교,영어영문학과,학생부교과,일반전형,70,4.7
2027,한남대학교,중국경제통상학과,학생부교과,일반전형,50,5.51
2027,한남대학교,중국경제통상학과,학생부교과,일반전형,70,5.71
2027,한남대학교,회계학과,학생부교과,일반전형,50,4.54
2027,한남대학교,회계학과,학생부교과,일반전형,70,4.88
2027,한남대학교,AI융합학과,학생부교과,일반전형,50,4.75
2027,한남대학교,AI융합학과,학생부교과,일반전형,70,5.09
2027,한남대학교,건축학과(5년제),학생부교과,일반전형,50,3.81
2027,한남대학교,건축학과(5년제),학생부교과,일반전형,70,3.88
2027,한남대학교,기계공학과,학생부교과,일반전형,50,4.81
2027,한남대학교,기계공학과,학생부교과,일반전형,70,4.96
2027,한남대학교,멀티미디어공학과,학생부교과,일반전형,50,4.8
2027,한남대학교,멀티미디어공학과,학생부교과,일반전형,70,5.04
2027,한남대학교,미디어영상학과,학생부교과,일반전형,50,3.76
2027,한남대학교,미디어영상학과,학생부교과,일반전형,70,4
2027,한남대학교,바이오제약공학과,학생부교과,일반전형,50,4.4
2027,한남대학교,바이오제약공학과,학생부교과,일반전형,70,4.6
2027,한남대학교,생명시스템과학과,학생부교과,일반전형,50,4.77
2027,한남대학교,생명시스템과학과,학생부교과,일반전형,70,4.87
2027,한남대학교,수학교육과,학생부교과,일반전형,50,3.35
2027,한남대학교,수학교육과,학생부교과,일반전형,70,3.56
2027,한남대학교,식품영양학과,학생부교과,일반전형,50,4.48
2027,한남대학교,식품영양학과,학생부교과,일반전형,70,4.66
2027,한남대학교,전기전자공학과,학생부교과,일반전형,50,4.45
2027,한남대학교,전기전자공학과,학생부교과,일반전형,70,4.6
2027,한남대학교,정보통신공학과,학생부교과,일반전형,50,5.11
2027,한남대학교,정보통신공학과,학생부교과,일반전형,70,5.38
2027,한남대학교,화학공학과,학생부교과,일반전형,50,4.68
2027,한남대학교,화학공학과,학생부교과,일반전형,70,5.16
2027,한남대학교,화학과,학생부교과,일반전형,50,5.33
2027,한남대학교,화학과,학생부교과,일반전형,70,5.5
2027,한남대학교,패션디자인학과,학생부교과,지역인재교과우수자전형,50,4.4
2027,한남대학교,패션디자인학과,학생부교과,지역인재교과우수자전형,70,4.41
2027,한남대학교,경영정보학과,학생부교과,지역인재교과우수자전형,50,4.75
2027,한남대학교,경영정보학과,학생부교과,지역인재교과우수자전형,70,4.93
2027,한남대학교,경영학과,학생부교과,지역인재교과우수자전형,50,4.38
2027,한남대학교,경영학과,학생부교과,지역인재교과우수자전형,70,4.47
2027,한남대학교,경제학과,학생부교과,지역인재교과우수자전형,50,5.53
2027,한남대학교,경제학과,학생부교과,지역인재교과우수자전형,70,5.63
2027,한남대학교,경찰학과,학생부교과,지역인재교과우수자전형,50,3.58
2027,한남대학교,경찰학과,학생부교과,지역인재교과우수자전형,70,3.83
2027,한남대학교,교육학과,학생부교과,지역인재교과우수자전형,50,3.49
2027,한남대학교,교육학과,학생부교과,지역인재교과우수자전형,70,3.58
2027,한남대학교,국어교육과,학생부교과,지역인재교과우수자전형,50,2.85
2027,한남대학교,국어교육과,학생부교과,지역인재교과우수자전형,70,3.94
2027,한남대학교,국어국문창작학과,학생부교과,지역인재교과우수자전형,50,4.15
2027,한남대학교,국어국문창작학과,학생부교과,지역인재교과우수자전형,70,4.49
2027,한남대학교,기독교학과,학생부교과,지역인재교과우수자전형,50,6.86
2027,한남대학교,기독교학과,학생부교과,지역인재교과우수자전형,70,7.71
2027,한남대학교,무역물류학과,학생부교과,지역인재교과우수자전형,50,5.2
2027,한남대학교,무역물류학과,학생부교과,지역인재교과우수자전형,70,5.28
2027,한남대학교,문헌정보학과,학생부교과,지역인재교과우수자전형,50,3.93
2027,한남대학교,문헌정보학과,학생부교과,지역인재교과우수자전형,70,4.09
2027,한남대학교,사학과,학생부교과,지역인재교과우수자전형,50,3.36
2027,한남대학교,사학과,학생부교과,지역인재교과우수자전형,70,3.36
2027,한남대학교,사회복지학과,학생부교과,지역인재교과우수자전형,50,3.87
2027,한남대학교,사회복지학과,학생부교과,지역인재교과우수자전형,70,3.87
2027,한남대학교,아동복지학과,학생부교과,지역인재교과우수자전형,50,4.89
2027,한남대학교,아동복지학과,학생부교과,지역인재교과우수자전형,70,4.89
2027,한남대학교,역사교육과,학생부교과,지역인재교과우수자전형,50,2.96
2027,한남대학교,역사교육과,학생부교과,지역인재교과우수자전형,70,2.96
2027,한남대학교,영어교육과,학생부교과,지역인재교과우수자전형,50,3.45
2027,한남대학교,영어교육과,학생부교과,지역인재교과우수자전형,70,3.96
2027,한남대학교,영어영문학과,학생부교과,지역인재교과우수자전형,50,4.5
2027,한남대학교,영어영문학과,학생부교과,지역인재교과우수자전형,70,4.88
2027,한남대학교,중국경제통상학과,학생부교과,지역인재교과우수자전형,50,6.04
2027,한남대학교,중국경제통상학과,학생부교과,지역인재교과우수자전형,70,6.27
2027,한남대학교,회계학과,학생부교과,지역인재교과우수자전형,50,4.8
2027,한남대학교,회계학과,학생부교과,지역인재교과우수자전형,70,5.14
2027,한남대학교,AI융합학과,학생부교과,지역인재교과우수자전형,50,5.24
2027,한남대학교,AI융합학과,학생부교과,지역인재교과우수자전형,70,5.41
2027,한남대학교,건축학과(5년제),학생부교과,지역인재교과우수자전형,50,4.63
2027,한남대학교,건축학과(5년제),학생부교과,지역인재교과우수자전형,70,4.64
2027,한남대학교,기계공학과,학생부교과,지역인재교과우수자전형,50,4.75
2027,한남대학교,기계공학과,학생부교과,지역인재교과우수자전형,70,4.81
2027,한남대학교,멀티미디어공학과,학생부교과,지역인재교과우수자전형,50,4.94
2027,한남대학교,멀티미디어공학과,학생부교과,지역인재교과우수자전형,70,5
2027,한남대학교,미디어영상학과,학생부교과,지역인재교과우수자전형,50,3.06
2027,한남대학교,미디어영상학과,학생부교과,지역인재교과우수자전형,70,4.25
2027,한남대학교,바이오제약공학과,학생부교과,지역인재교과우수자전형,50,4.86
2027,한남대학교,바이오제약공학과,학생부교과,지역인재교과우수자전형,70,5.07
2027,한남대학교,생명시스템과학과,학생부교과,지역인재교과우수자전형,50,5.35
2027,한남대학교,생명시스템과학과,학생부교과,지역인재교과우수자전형,70,5.38
2027,한남대학교,수학교육과,학생부교과,지역인재교과우수자전형,50,3.74
2027,한남대학교,수학교육과,학생부교과,지역인재교과우수자전형,70,3.74
2027,한남대학교,식품영양학과,학생부교과,지역인재교과우수자전형,50,4.63
2027,한남대학교,식품영양학과,학생부교과,지역인재교과우수자전형,70,4.73
2027,한남대학교,전기전자공학과,학생부교과,지역인재교과우수자전형,50,3.81
2027,한남대학교,전기전자공학과,학생부교과,지역인재교과우수자전형,70,3.96
2027,한남대학교,정보통신공학과,학생부교과,지역인재교과우수자전형,50,5.49
2027,한남대학교,정보통신공학과,학생부교과,지역인재교과우수자전형,70,5.76
2027,한남대학교,화학공학과,학생부교과,지역인재교과우수자전형,50,4.88
2027,한남대학교,화학공학과,학생부교과,지역인재교과우수자전형,70,5.23
2027,한남대학교,화학과,학생부교과,지역인재교과우수자전형,50,5.58
2027,한남대학교,화학과,학생부교과,지역인재교과우수자전형,70,6.02
2027,한남대학교,패션디자인학과,학생부종합,창업인재전형,50,4.37
2027,한남대학교,패션디자인학과,학생부종합,창업인재전형,70,4.37
2027,한남대학교,경영학과,학생부종합,창업인재전형,50,3.69
2027,한남대학교,경영학과,학생부종합,창업인재전형,70,4.94
2027,한남대학교,패션디자인학과,학생부종합,한남인재 I (서류)전형,50,4.46
2027,한남대학교,패션디자인학과,학생부종합,한남인재 I (서류)전형,70,4.51
2027,한남대학교,경영학과,학생부종합,한남인재 I (서류)전형,50,4.68
2027,한남대학교,경영학과,학생부종합,한남인재 I (서류)전형,70,4.78
2027,한남대학교,경제학과,학생부종합,한남인재 I (서류)전형,50,4.9
2027,한남대학교,경제학과,학생부종합,한남인재 I (서류)전형,70,5.27
2027,한남대학교,경찰학과,학생부종합,한남인재 I (서류)전형,50,3.62
2027,한남대학교,경찰학과,학생부종합,한남인재 I (서류)전형,70,3.94
2027,한남대학교,교육학과,학생부종합,한남인재 I (서류)전형,50,3.76
2027,한남대학교,교육학과,학생부종합,한남인재 I (서류)전형,70,3.76
2027,한남대학교,국어교육과,학생부종합,한남인재 I (서류)전형,50,3.31
2027,한남대학교,국어교육과,학생부종합,한남인재 I (서류)전형,70,3.5
2027,한남대학교,국어국문창작학과,학생부종합,한남인재 I (서류)전형,50,5.07
2027,한남대학교,국어국문창작학과,학생부종합,한남인재 I (서류)전형,70,5.41
2027,한남대학교,기독교학과,학생부종합,한남인재 I (서류)전형,50,6.4
2027,한남대학교,기독교학과,학생부종합,한남인재 I (서류)전형,70,6.4
2027,한남대학교,무역물류학과,학생부종합,한남인재 I (서류)전형,50,5.58
2027,한남대학교,무역물류학과,학생부종합,한남인재 I (서류)전형,70,5.68
2027,한남대학교,문헌정보학과,학생부종합,한남인재 I (서류)전형,50,4.16
2027,한남대학교,문헌정보학과,학생부종합,한남인재 I (서류)전형,70,4.42
2027,한남대학교,사학과,학생부종합,한남인재 I (서류)전형,50,4.39
2027,한남대학교,사학과,학생부종합,한남인재 I (서류)전형,70,4.42
2027,한남대학교,사회복지학과,학생부종합,한남인재 I (서류)전형,50,4.11
2027,한남대학교,사회복지학과,학생부종합,한남인재 I (서류)전형,70,4.43
2027,한남대학교,아동복지학과,학생부종합,한남인재 I (서류)전형,50,5.2
2027,한남대학교,아동복지학과,학생부종합,한남인재 I (서류)전형,70,5.36
2027,한남대학교,역사교육과,학생부종합,한남인재 I (서류)전형,50,2.98
2027,한남대학교,역사교육과,학생부종합,한남인재 I (서류)전형,70,3.05
2027,한남대학교,영어교육과,학생부종합,한남인재 I (서류)전형,50,4.02
2027,한남대학교,영어교육과,학생부종합,한남인재 I (서류)전형,70,4.04
2027,한남대학교,영어영문학과,학생부종합,한남인재 I (서류)전형,50,5.57
2027,한남대학교,영어영문학과,학생부종합,한남인재 I (서류)전형,70,5.62
2027,한남대학교,중국경제통상학과,학생부종합,한남인재 I (서류)전형,50,5.89
2027,한남대학교,중국경제통상학과,학생부종합,한남인재 I (서류)전형,70,6.25
2027,한남대학교,회계학과,학생부종합,한남인재 I (서류)전형,50,5.33
2027,한남대학교,회계학과,학생부종합,한남인재 I (서류)전형,70,5.6
2027,한남대학교,AI융합학과,학생부종합,한남인재 I (서류)전형,50,5.2
2027,한남대학교,AI융합학과,학생부종합,한남인재 I (서류)전형,70,5.44
2027,한남대학교,간호학과,학생부종합,한남인재 I (서류)전형,50,3.33
2027,한남대학교,간호학과,학생부종합,한남인재 I (서류)전형,70,3.44
2027,한남대학교,건축학과(5년제),학생부종합,한남인재 I (서류)전형,50,4.18
2027,한남대학교,건축학과(5년제),학생부종합,한남인재 I (서류)전형,70,4.3
2027,한남대학교,경영정보학과,학생부종합,한남인재 I (서류)전형,50,5.03
2027,한남대학교,경영정보학과,학생부종합,한남인재 I (서류)전형,70,5.12
2027,한남대학교,기계공학과,학생부종합,한남인재 I (서류)전형,50,4.93
2027,한남대학교,기계공학과,학생부종합,한남인재 I (서류)전형,70,5
2027,한남대학교,멀티미디어공학과,학생부종합,한남인재 I (서류)전형,50,5.4
2027,한남대학교,멀티미디어공학과,학생부종합,한남인재 I (서류)전형,70,5.59
2027,한남대학교,미디어영상학과,학생부종합,한남인재 I (서류)전형,50,3.83
2027,한남대학교,미디어영상학과,학생부종합,한남인재 I (서류)전형,70,4.43
2027,한남대학교,바이오제약공학과,학생부종합,한남인재 I (서류)전형,50,4.52
2027,한남대학교,바이오제약공학과,학생부종합,한남인재 I (서류)전형,70,4.52
2027,한남대학교,생명시스템과학과,학생부종합,한남인재 I (서류)전형,50,5.25
2027,한남대학교,생명시스템과학과,학생부종합,한남인재 I (서류)전형,70,5.31
2027,한남대학교,수학교육과,학생부종합,한남인재 I (서류)전형,50,3.55
2027,한남대학교,수학교육과,학생부종합,한남인재 I (서류)전형,70,3.55
2027,한남대학교,식품영양학과,학생부종합,한남인재 I (서류)전형,50,5.09
2027,한남대학교,식품영양학과,학생부종합,한남인재 I (서류)전형,70,5.48
2027,한남대학교,전기전자공학과,학생부종합,한남인재 I (서류)전형,50,5.44
2027,한남대학교,전기전자공학과,학생부종합,한남인재 I (서류)전형,70,5.68
2027,한남대학교,정보통신공학과,학생부종합,한남인재 I (서류)전형,50,5.94
2027,한남대학교,정보통신공학과,학생부종합,한남인재 I (서류)전형,70,6.38
2027,한남대학교,화학공학과,학생부종합,한남인재 I (서류)전형,50,4.79
2027,한남대학교,화학공학과,학생부종합,한남인재 I (서류)전형,70,4.93
2027,한남대학교,화학과,학생부종합,한남인재 I (서류)전형,50,5.37
2027,한남대학교,화학과,학생부종합,한남인재 I (서류)전형,70,6
2027,한남대학교,경찰학과,학생부종합,한남인재 II (면접형)전형,50,3.75
2027,한남대학교,경찰학과,학생부종합,한남인재 II (면접형)전형,70,3.8
2027,한남대학교,교육학과,학생부종합,한남인재 II (면접형)전형,50,4
2027,한남대학교,교육학과,학생부종합,한남인재 II (면접형)전형,70,4.24
2027,한남대학교,국어교육과,학생부종합,한남인재 II (면접형)전형,50,3.78
2027,한남대학교,국어교육과,학생부종합,한남인재 II (면접형)전형,70,3.78
2027,한남대학교,문헌정보학과,학생부종합,한남인재 II (면접형)전형,50,4.27
2027,한남대학교,문헌정보학과,학생부종합,한남인재 II (면접형)전형,70,4.27
2027,한남대학교,사회복지학과,학생부종합,한남인재 II (면접형)전형,50,4.11
2027,한남대학교,사회복지학과,학생부종합,한남인재 II (면접형)전형,70,4.43
2027,한남대학교,아동복지학과,학생부종합,한남인재 II (면접형)전형,50,5.2
2027,한남대학교,아동복지학과,학생부종합,한남인재 II (면접형)전형,70,5.36
2027,한남대학교,역사교육과,학생부종합,한남인재 II (면접형)전형,50,3.42
2027,한남대학교,역사교육과,학생부종합,한남인재 II (면접형)전형,70,3.51
2027,한남대학교,영어교육과,학생부종합,한남인재 II (면접형)전형,50,3.61
2027,한남대학교,영어교육과,학생부종합,한남인재 II (면접형)전형,70,3.61
2027,한남대학교,간호학과,학생부종합,한남인재 II (면접형)전형,50,3.31
2027,한남대학교,간호학과,학생부종합,한남인재 II (면접형)전형,70,3.61
2027,한남대학교,건축학과(5년제),학생부종합,한남인재 II (면접형)전형,50,3.45
2027,한남대학교,건축학과(5년제),학생부종합,한남인재 II (면접형)전형,70,3.62
2027,한남대학교,미디어영상학과,학생부종합,한남인재 II (면접형)전형,50,4.37
2027,한남대학교,미디어영상학과,학생부종합,한남인재 II (면접형)전형,70,4.8
2027,한남대학교,수학교육과,학생부종합,한남인재 II (면접형)전형,50,4.91
2027,한남대학교,수학교육과,학생부종합,한남인재 II (면접형)전형,70,4.96
2027,한남대학교,전기전자공학과,학생부종합,한남인재 II (면접형)전형,50,4.52
2027,한남대학교,전기전자공학과,학생부종합,한남인재 II (면접형)전형,70,4.52
2027,한밭대학교,산업디자인학과,실기/실적,실기(일반)전형,50,5
2027,한밭대학교,산업디자인학과,실기/실적,실기(일반)전형,70,3.3
2027,한밭대학교,신소재공학과,학생부교과,농어촌학생전형(외),50,3.77
2027,한밭대학교,신소재공학과,학생부교과,농어촌학생전형(외),70,4.08
2027,한밭대학교,전자공학과,학생부교과,농어촌학생전형(외),50,4
2027,한밭대학교,전자공학과,학생부교과,농어촌학생전형(외),70,3.92
2027,한밭대학교,화학생명공학과,학생부교과,농어촌학생전형(외),50,3.85
2027,한밭대학교,화학생명공학과,학생부교과,농어촌학생전형(외),70,3.85
2027,한밭대학교,영어영문학과,학생부교과,지역인재(교과)전형,50,3.77
2027,한밭대학교,영어영문학과,학생부교과,지역인재(교과)전형,70,3.77
2027,한밭대학교,인문사회경상학부,학생부교과,지역인재(교과)전형,50,3.77
2027,한밭대학교,인문사회경상학부,학생부교과,지역인재(교과)전형,70,3.85
2027,한밭대학교,일본어과,학생부교과,지역인재(교과)전형,50,3.54
2027,한밭대학교,일본어과,학생부교과,지역인재(교과)전형,70,3.54
2027,한밭대학교,건축공학과,학생부교과,지역인재(교과)전형,50,3.46
2027,한밭대학교,건축공학과,학생부교과,지역인재(교과)전형,70,3.46
2027,한밭대학교,공학건설학부,학생부교과,지역인재(교과)전형,50,4.23
2027,한밭대학교,공학건설학부,학생부교과,지역인재(교과)전형,70,4.23
2027,한밭대학교,신소재공학과,학생부교과,지역인재(교과)전형,50,3.92
2027,한밭대학교,신소재공학과,학생부교과,지역인재(교과)전형,70,4.08
2027,한밭대학교,자율전공학부,학생부교과,지역인재(교과)전형,50,3.77
2027,한밭대학교,자율전공학부,학생부교과,지역인재(교과)전형,70,3.92
2027,한밭대학교,전자공학과,학생부교과,지역인재(교과)전형,50,3.54
2027,한밭대학교,전자공학과,학생부교과,지역인재(교과)전형,70,3.54
2027,한밭대학교,화학생명공학과,학생부교과,지역인재(교과)전형,50,3.54
2027,한밭대학교,화학생명공학과,학생부교과,지역인재(교과)전형,70,3.46
2027,한밭대학교,경제학과,학생부교과,학생부교과전형,50,3.23
2027,한밭대학교,경제학과,학생부교과,학생부교과전형,70,3.62
2027,한밭대학교,공공행정학과,학생부교과,학생부교과전형,50,3
2027,한밭대학교,공공행정학과,학생부교과,학생부교과전형,70,3
2027,한밭대학교,영어영문학과,학생부교과,학생부교과전형,50,3.54
2027,한밭대학교,영어영문학과,학생부교과,학생부교과전형,70,3.62
2027,한밭대학교,융합경영학과,학생부교과,학생부교과전형,50,3.31
2027,한밭대학교,융합경영학과,학생부교과,학생부교과전형,70,3.38
2027,한밭대학교,인문사회경상학부,학생부교과,학생부교과전형,50,3.77
2027,한밭대학교,인문사회경상학부,학생부교과,학생부교과전형,70,3.23
2027,한밭대학교,일본어과,학생부교과,학생부교과전형,50,3.69
2027,한밭대학교,일본어과,학생부교과,학생부교과전형,70,3.69
2027,한밭대학교,중국어과,학생부교과,학생부교과전형,50,4.31
2027,한밭대학교,중국어과,학생부교과,학생부교과전형,70,4.15
2027,한밭대학교,회계세무학과,학생부교과,학생부교과전형,50,3.23
2027,한밭대학교,회계세무학과,학생부교과,학생부교과전형,70,3.62
2027,한밭대학교,건축공학과,학생부교과,학생부교과전형,50,3.77
2027,한밭대학교,건축공학과,학생부교과,학생부교과전형,70,3.54
2027,한밭대학교,건축학과(5년제),학생부교과,학생부교과전형,50,2.85
2027,한밭대학교,건축학과(5년제),학생부교과,학생부교과전형,70,2.85
2027,한밭대학교,공학건설학부,학생부교과,학생부교과전형,50,4.46
2027,한밭대학교,공학건설학부,학생부교과,학생부교과전형,70,4.46
2027,한밭대학교,도시공학과,학생부교과,학생부교과전형,50,3.69
2027,한밭대학교,도시공학과,학생부교과,학생부교과전형,70,3.54
2027,한밭대학교,모바일융합공학과,학생부교과,학생부교과전형,50,3.85
2027,한밭대학교,모바일융합공학과,학생부교과,학생부교과전형,70,4.31
2027,한밭대학교,반도체시스템공학과,학생부교과,학생부교과전형,50,3.54
2027,한밭대학교,반도체시스템공학과,학생부교과,학생부교과전형,70,3.77
2027,한밭대학교,산업경영공학과,학생부교과,학생부교과전형,50,3.69
2027,한밭대학교,산업경영공학과,학생부교과,학생부교과전형,70,4.08
2027,한밭대학교,신소재공학과,학생부교과,학생부교과전형,50,3.69
2027,한밭대학교,신소재공학과,학생부교과,학생부교과전형,70,3.92
2027,한밭대학교,인공지능소프트웨어학과,학생부교과,학생부교과전형,50,3.77
2027,한밭대학교,인공지능소프트웨어학과,학생부교과,학생부교과전형,70,4.08
2027,한밭대학교,자율전공학부,학생부교과,학생부교과전형,50,3.77
2027,한밭대학교,자율전공학부,학생부교과,학생부교과전형,70,3.85
2027,한밭대학교,전기공학과,학생부교과,학생부교과전형,50,3.38
2027,한밭대학교,전기공학과,학생부교과,학생부교과전형,70,3.31
2027,한밭대학교,전자공학과,학생부교과,학생부교과전형,50,3.54
2027,한밭대학교,전자공학과,학생부교과,학생부교과전형,70,3.62
2027,한밭대학교,정보통신공학과,학생부교과,학생부교과전형,50,3.85
2027,한밭대학교,정보통신공학과,학생부교과,학생부교과전형,70,4.23
2027,한밭대학교,지능미디어공학과,학생부교과,학생부교과전형,50,4.23
2027,한밭대학교,지능미디어공학과,학생부교과,학생부교과전형,70,4.31
2027,한밭대학교,컴퓨터공학과,학생부교과,학생부교과전형,50,3.54
2027,한밭대학교,컴퓨터공학과,학생부교과,학생부교과전형,70,3.38
2027,한밭대학교,화학생명공학과,학생부교과,학생부교과전형,50,3.08
2027,한밭대학교,화학생명공학과,학생부교과,학생부교과전형,70,3.46
2027,한밭대학교,경제학과,학생부종합,지역인재(종합)전형,50,4.44
2027,한밭대학교,경제학과,학생부종합,지역인재(종합)전형,70,4.57
2027,한밭대학교,공공행정학과,학생부종합,지역인재(종합)전형,50,3.93
2027,한밭대학교,공공행정학과,학생부종합,지역인재(종합)전형,70,4.33
2027,한밭대학교,영어영문학과,학생부종합,지역인재(종합)전형,50,5
2027,한밭대학교,영어영문학과,학생부종합,지역인재(종합)전형,70,4.7
2027,한밭대학교,일본어과,학생부종합,지역인재(종합)전형,50,4.93
2027,한밭대학교,일본어과,학생부종합,지역인재(종합)전형,70,4.35
2027,한밭대학교,중국어과,학생부종합,지역인재(종합)전형,50,5.56
2027,한밭대학교,중국어과,학생부종합,지역인재(종합)전형,70,5.63
2027,한밭대학교,회계세무학과,학생부종합,지역인재(종합)전형,50,4
2027,한밭대학교,회계세무학과,학생부종합,지역인재(종합)전형,70,4
2027,한밭대학교,건축공학과,학생부종합,지역인재(종합)전형,50,4.92
2027,한밭대학교,건축공학과,학생부종합,지역인재(종합)전형,70,4.92
2027,한밭대학교,건축학과(5년제),학생부종합,지역인재(종합)전형,50,4.12
2027,한밭대학교,건축학과(5년제),학생부종합,지역인재(종합)전형,70,4.12
2027,한밭대학교,도시공학과,학생부종합,지역인재(종합)전형,50,4.88
2027,한밭대학교,도시공학과,학생부종합,지역인재(종합)전형,70,5.19
2027,한밭대학교,산업경영공학과,학생부종합,지역인재(종합)전형,50,4.9
2027,한밭대학교,산업경영공학과,학생부종합,지역인재(종합)전형,70,4.9
2027,한밭대학교,신소재공학과,학생부종합,지역인재(종합)전형,50,5.17
2027,한밭대학교,신소재공학과,학생부종합,지역인재(종합)전형,70,4.16
2027,한밭대학교,전기공학과,학생부종합,지역인재(종합)전형,50,4.48
2027,한밭대학교,전기공학과,학생부종합,지역인재(종합)전형,70,4.72
2027,한밭대학교,전자공학과,학생부종합,지역인재(종합)전형,50,4.76
2027,한밭대학교,전자공학과,학생부종합,지역인재(종합)전형,70,5.27
2027,한밭대학교,정보통신공학과,학생부종합,지역인재(종합)전형,50,4.96
2027,한밭대학교,정보통신공학과,학생부종합,지역인재(종합)전형,70,4.96
2027,한밭대학교,컴퓨터공학과,학생부종합,지역인재(종합)전형,50,4.14
2027,한밭대학교,컴퓨터공학과,학생부종합,지역인재(종합)전형,70,4.29
2027,한밭대학교,화학생명공학과,학생부종합,지역인재(종합)전형,50,4.62
2027,한밭대학교,화학생명공학과,학생부종합,지역인재(종합)전형,70,4.28
2027,한밭대학교,경제학과,학생부종합,학생부종합(일반)전형,50,5.04
2027,한밭대학교,경제학과,학생부종합,학생부종합(일반)전형,70,4.93
2027,한밭대학교,공공행정학과,학생부종합,학생부종합(일반)전형,50,3.97
2027,한밭대학교,공공행정학과,학생부종합,학생부종합(일반)전형,70,3.7
2027,한밭대학교,영어영문학과,학생부종합,학생부종합(일반)전형,50,5.03
2027,한밭대학교,영어영문학과,학생부종합,학생부종합(일반)전형,70,5
2027,한밭대학교,융합경영학과,학생부종합,학생부종합(일반)전형,50,3.93
2027,한밭대학교,융합경영학과,학생부종합,학생부종합(일반)전형,70,4.48
2027,한밭대학교,일본어과,학생부종합,학생부종합(일반)전형,50,4.42
2027,한밭대학교,일본어과,학생부종합,학생부종합(일반)전형,70,4.79
2027,한밭대학교,중국어과,학생부종합,학생부종합(일반)전형,50,4.95
2027,한밭대학교,중국어과,학생부종합,학생부종합(일반)전형,70,5.69
2027,한밭대학교,회계세무학과,학생부종합,학생부종합(일반)전형,50,3.05
2027,한밭대학교,회계세무학과,학생부종합,학생부종합(일반)전형,70,2.81
2027,한밭대학교,건설환경공학과,학생부종합,학생부종합(일반)전형,50,5.17
2027,한밭대학교,건설환경공학과,학생부종합,학생부종합(일반)전형,70,5.59
2027,한밭대학교,건축공학과,학생부종합,학생부종합(일반)전형,50,4.69
2027,한밭대학교,건축공학과,학생부종합,학생부종합(일반)전형,70,4.78
2027,한밭대학교,건축학과(5년제),학생부종합,학생부종합(일반)전형,50,4.1
2027,한밭대학교,건축학과(5년제),학생부종합,학생부종합(일반)전형,70,4
2027,한밭대학교,기계공학과,학생부종합,학생부종합(일반)전형,50,4.81
2027,한밭대학교,기계공학과,학생부종합,학생부종합(일반)전형,70,5
2027,한밭대학교,도시공학과,학생부종합,학생부종합(일반)전형,50,5.03
2027,한밭대학교,도시공학과,학생부종합,학생부종합(일반)전형,70,5.17
2027,한밭대학교,반도체시스템공학과,학생부종합,학생부종합(일반)전형,50,4.29
2027,한밭대학교,반도체시스템공학과,학생부종합,학생부종합(일반)전형,70,4.03
2027,한밭대학교,산업경영공학과,학생부종합,학생부종합(일반)전형,50,3.9
2027,한밭대학교,산업경영공학과,학생부종합,학생부종합(일반)전형,70,5.54
2027,한밭대학교,신소재공학과,학생부종합,학생부종합(일반)전형,50,4.59
2027,한밭대학교,신소재공학과,학생부종합,학생부종합(일반)전형,70,4.69
2027,한밭대학교,전기공학과,학생부종합,학생부종합(일반)전형,50,4.45
2027,한밭대학교,전기공학과,학생부종합,학생부종합(일반)전형,70,4.52
2027,한밭대학교,전자공학과,학생부종합,학생부종합(일반)전형,50,5.66
2027,한밭대학교,전자공학과,학생부종합,학생부종합(일반)전형,70,5.36
2027,한밭대학교,정보통신공학과,학생부종합,학생부종합(일반)전형,50,4.55
2027,한밭대학교,정보통신공학과,학생부종합,학생부종합(일반)전형,70,4.55
2027,한밭대학교,지능미디어공학과,학생부종합,학생부종합(일반)전형,50,4.68
2027,한밭대학교,지능미디어공학과,학생부종합,학생부종합(일반)전형,70,4.82
2027,한밭대학교,컴퓨터공학과,학생부종합,학생부종합(일반)전형,50,4.23
2027,한밭대학교,컴퓨터공학과,학생부종합,학생부종합(일반)전형,70,4.44
2027,한밭대학교,화학생명공학과,학생부종합,학생부종합(일반)전형,50,4.12
2027,한밭대학교,화학생명공학과,학생부종합,학생부종합(일반)전형,70,4.21
2027,한밭대학교,건설환경공학과,학생부종합,학생부종합(학석사)전형,50,5.17
2027,한밭대학교,건설환경공학과,학생부종합,학생부종합(학석사)전형,70,5.59
2027,한밭대학교,기계공학과,학생부종합,학생부종합(학석사)전형,50,4.81
2027,한밭대학교,기계공학과,학생부종합,학생부종합(학석사)전형,70,5
2027,한밭대학교,산업경영공학과,학생부종합,학생부종합(학석사)전형,50,3.9
2027,한밭대학교,산업경영공학과,학생부종합,학생부종합(학석사)전형,70,5.54
2027,한신대학교,경제금융학,논술,논술전형,50,5.37
2027,한신대학교,경제금융학,논술,논술전형,70,4.23
2027,한신대학교,공공인재빅데이터융합학,논술,논술전형,50,5.09
2027,한신대학교,공공인재빅데이터융합학,논술,논술전형,70,4.59
2027,한신대학교,문예창작학,논술,논술전형,50,3.84
2027,한신대학교,문예창작학,논술,논술전형,70,4.74
2027,한신대학교,사회복지학,논술,논술전형,50,5.13
2027,한신대학교,사회복지학,논술,논술전형,70,6.76
2027,한신대학교,영미문화학,논술,논술전형,50,4.84
2027,한신대학교,영미문화학,논술,논술전형,70,5.15
2027,한신대학교,일본학,논술,논술전형,50,4.25
2027,한신대학교,일본학,논술,논술전형,70,5.95
2027,한신대학교,재활상담학,논술,논술전형,50,6.05
2027,한신대학교,재활상담학,논술,논술전형,70,5.37
2027,한신대학교,중국어문화콘텐츠학,논술,논술전형,50,6.16
2027,한신대학교,중국어문화콘텐츠학,논술,논술전형,70,6.84
2027,한신대학교,한국사학,논술,논술전형,50,4.14
2027,한신대학교,한국사학,논술,논술전형,70,3.44
2027,한신대학교,한국어문학,논술,논술전형,50,5.26
2027,한신대학교,한국어문학,논술,논술전형,70,5.32
2027,한신대학교,AI시스템반도체학,논술,논술전형,50,5.3
2027,한신대학교,AI시스템반도체학,논술,논술전형,70,4.38
2027,한신대학교,금융공학,논술,논술전형,50,4.84
2027,한신대학교,금융공학,논술,논술전형,70,5.82
2027,한신대학교,빅데이터융합학,논술,논술전형,50,4.93
2027,한신대학교,빅데이터융합학,논술,논술전형,70,4.76
2027,한신대학교,자유전공학부,논술,논술전형,50,4.64
2027,한신대학교,자유전공학부,논술,논술전형,70,5.29
2027,한신대학교,디지털영상문화콘텐츠학,학생부교과,농어촌학생전형(외),50,3.83
2027,한신대학교,디지털영상문화콘텐츠학,학생부교과,농어촌학생전형(외),70,3.83
2027,한신대학교,사회복지학,학생부교과,농어촌학생전형(외),50,4.52
2027,한신대학교,사회복지학,학생부교과,농어촌학생전형(외),70,4.52
2027,한신대학교,휴먼서비스계열,학생부교과,학교장추천전형,50,3.42
2027,한신대학교,휴먼서비스계열,학생부교과,학교장추천전형,70,3.48
2027,한신대학교,첨단융합계열,학생부교과,학교장추천전형,50,3.88
2027,한신대학교,첨단융합계열,학생부교과,학교장추천전형,70,4.03
2027,한신대학교,휴먼서비스계열,학생부교과,학생부우수자전형,50,3.38
2027,한신대학교,휴먼서비스계열,학생부교과,학생부우수자전형,70,3.54
2027,한신대학교,AI시스템반도체학,학생부교과,학생부우수자전형,50,5
2027,한신대학교,AI시스템반도체학,학생부교과,학생부우수자전형,70,4.56
2027,한신대학교,첨단융합계열,학생부교과,학생부우수자전형,50,3.71
2027,한신대학교,첨단융합계열,학생부교과,학생부우수자전형,70,3.82
2027,한신대학교,자유전공학부,학생부교과,학생부우수자전형,50,4.5
2027,한신대학교,자유전공학부,학생부교과,학생부우수자전형,70,4.48
2027,제주대학교,경영정보학과,학생부교과,일반전형,50,4.8
2027,제주대학교,경영정보학과,학생부교과,일반전형,70,4.89
2027,제주대학교,경영학과,학생부교과,일반전형,50,2.97
2027,제주대학교,경영학과,학생부교과,일반전형,70,3.13
2027,제주대학교,경제학과,학생부교과,일반전형,50,4.67
2027,제주대학교,경제학과,학생부교과,일반전형,70,4.68
2027,제주대학교,관광개발학과,학생부교과,일반전형,50,4.89
2027,제주대학교,관광개발학과,학생부교과,일반전형,70,5.15
2027,제주대학교,관광경영학과,학생부교과,일반전형,50,4.12
2027,제주대학교,관광경영학과,학생부교과,일반전형,70,4.32
2027,제주대학교,국어국문학과,학생부교과,일반전형,50,4.67
2027,제주대학교,국어국문학과,학생부교과,일반전형,70,4.8
2027,제주대학교,독일학과,학생부교과,일반전형,50,5.39
2027,제주대학교,독일학과,학생부교과,일반전형,70,5.88
2027,제주대학교,무역학과,학생부교과,일반전형,50,4.8
2027,제주대학교,무역학과,학생부교과,일반전형,70,5.16
2027,제주대학교,사학과,학생부교과,일반전형,50,4.62
2027,제주대학교,사학과,학생부교과,일반전형,70,4.79
2027,제주대학교,사회학과,학생부교과,일반전형,50,4.33
2027,제주대학교,사회학과,학생부교과,일반전형,70,4.61
2027,제주대학교,산업응용경제학과,학생부교과,일반전형,50,5.79
2027,제주대학교,산업응용경제학과,학생부교과,일반전형,70,5.81
2027,제주대학교,언론홍보학과,학생부교과,일반전형,50,4.07
2027,제주대학교,언론홍보학과,학생부교과,일반전형,70,4.16
2027,제주대학교,영어영문학과,학생부교과,일반전형,50,4.01
2027,제주대학교,영어영문학과,학생부교과,일반전형,70,4.28
2027,제주대학교,일어일문학과,학생부교과,일반전형,50,4.62
2027,제주대학교,일어일문학과,학생부교과,일반전형,70,4.86
2027,제주대학교,정치외교학과,학생부교과,일반전형,50,4.76
2027,제주대학교,정치외교학과,학생부교과,일반전형,70,5.02
2027,제주대학교,중어중문학과,학생부교과,일반전형,50,4.62
2027,제주대학교,중어중문학과,학생부교과,일반전형,70,4.98
2027,제주대학교,철학과,학생부교과,일반전형,50,5.03
2027,제주대학교,철학과,학생부교과,일반전형,70,5.07
2027,제주대학교,행정학과,학생부교과,일반전형,50,4.4
2027,제주대학교,행정학과,학생부교과,일반전형,70,4.5
2027,제주대학교,회계학과,학생부교과,일반전형,50,4.6
2027,제주대학교,회계학과,학생부교과,일반전형,70,4.66
2027,제주대학교,행정학과(야),학생부교과,일반전형,50,5.6
2027,제주대학교,행정학과(야),학생부교과,일반전형,70,5.78
2027,제주대학교,간호학과,학생부교과,일반전형,50,3.16
2027,제주대학교,간호학과,학생부교과,일반전형,70,3.23
2027,제주대학교,건축공학과,학생부교과,일반전형,50,5.24
2027,제주대학교,건축공학과,학생부교과,일반전형,70,5.7
2027,제주대학교,기계시스템공학과,학생부교과,일반전형,50,5.22
2027,제주대학교,기계시스템공학과,학생부교과,일반전형,70,5.33
2027,제주대학교,데이터사이언스학과,학생부교과,일반전형,50,5.59
2027,제주대학교,데이터사이언스학과,학생부교과,일반전형,70,5.81
2027,제주대학교,물리학과,학생부교과,일반전형,50,6.11
2027,제주대학교,물리학과,학생부교과,일반전형,70,6.89
2027,제주대학교,바이오메디컬정보학과,학생부교과,일반전형,50,5.46
2027,제주대학교,바이오메디컬정보학과,학생부교과,일반전형,70,5.71
2027,제주대학교,생명공학부,학생부교과,일반전형,50,4.7
2027,제주대학교,생명공학부,학생부교과,일반전형,70,4.94
2027,제주대학교,생물학과,학생부교과,일반전형,50,5.68
2027,제주대학교,생물학과,학생부교과,일반전형,70,5.84
2027,제주대학교,수산생명의학과,학생부교과,일반전형,50,4.04
2027,제주대학교,수산생명의학과,학생부교과,일반전형,70,4.08
2027,제주대학교,수학과,학생부교과,일반전형,50,6.63
2027,제주대학교,수학과,학생부교과,일반전형,70,6.77
2027,제주대학교,식물자원환경전공,학생부교과,일반전형,50,4.6
2027,제주대학교,식물자원환경전공,학생부교과,일반전형,70,4.85
2027,제주대학교,식품생명공학과,학생부교과,일반전형,50,4.31
2027,제주대학교,식품생명공학과,학생부교과,일반전형,70,4.56
2027,제주대학교,식품영양학과,학생부교과,일반전형,50,4.26
2027,제주대학교,식품영양학과,학생부교과,일반전형,70,4.39
2027,제주대학교,원예과학전공,학생부교과,일반전형,50,4.29
2027,제주대학교,원예과학전공,학생부교과,일반전형,70,4.48
2027,제주대학교,원자력공학과,학생부교과,일반전형,50,5.11
2027,제주대학교,원자력공학과,학생부교과,일반전형,70,5.45
2027,제주대학교,인공지능학과,학생부교과,일반전형,50,5.28
2027,제주대학교,인공지능학과,학생부교과,일반전형,70,5.44
2027,제주대학교,전기공학과,학생부교과,일반전형,50,4.85
2027,제주대학교,전기공학과,학생부교과,일반전형,70,4.94
2027,제주대학교,전자공학과,학생부교과,일반전형,50,4.39
2027,제주대학교,전자공학과,학생부교과,일반전형,70,4.74
2027,제주대학교,지구해양과학과,학생부교과,일반전형,50,5.35
2027,제주대학교,지구해양과학과,학생부교과,일반전형,70,5.4
2027,제주대학교,컴퓨터공학과,학생부교과,일반전형,50,3.96
2027,제주대학교,컴퓨터공학과,학생부교과,일반전형,70,4.18
2027,제주대학교,토목공학과,학생부교과,일반전형,50,5.28
2027,제주대학교,토목공학과,학생부교과,일반전형,70,5.34
2027,제주대학교,통신공학과,학생부교과,일반전형,50,5.99
2027,제주대학교,통신공학과,학생부교과,일반전형,70,6.09
2027,제주대학교,패션의류학과,학생부교과,일반전형,50,4.05
2027,제주대학교,패션의류학과,학생부교과,일반전형,70,5.12
2027,제주대학교,해양산업경찰학과,학생부교과,일반전형,50,4.19
2027,제주대학교,해양산업경찰학과,학생부교과,일반전형,70,4.68
2027,제주대학교,해양생명과학과,학생부교과,일반전형,50,4.27
2027,제주대학교,해양생명과학과,학생부교과,일반전형,70,4.35
2027,제주대학교,해양시스템공학과,학생부교과,일반전형,50,5.1
2027,제주대학교,해양시스템공학과,학생부교과,일반전형,70,5.29
2027,제주대학교,화공그린에너지학과,학생부교과,일반전형,50,5.42
2027,제주대학교,화공그린에너지학과,학생부교과,일반전형,70,6.08
2027,제주대학교,화학·코스메틱스학과,학생부교과,일반전형,50,5.53
2027,제주대학교,화학·코스메틱스학과,학생부교과,일반전형,70,5.68
2027,제주대학교,환경공학과,학생부교과,일반전형,50,5.45
2027,제주대학교,환경공학과,학생부교과,일반전형,70,5.64
2027,한동대학교,전 모집단위,학생부교과,학생부교과전형,50,2.61
2027,한동대학교,전 모집단위,학생부교과,학생부교과전형,70,2.97
2027,한동대학교,전 모집단위,학생부종합,G-IMPACT인재전형,50,3.89
2027,한동대학교,전 모집단위,학생부종합,G-IMPACT인재전형,70,4.09
2027,한동대학교,전 모집단위,학생부종합,소프트웨어인재전형,50,3.47
2027,한동대학교,전 모집단위,학생부종합,소프트웨어인재전형,70,5.16
2027,서울시립대학교,스포츠과학과,학생부종합,학생부종합전형1(면접형),50,2.31
2027,서울시립대학교,스포츠과학과,학생부종합,학생부종합전형1(면접형),70,2.48
2027,전북대학교,사학과,학생부교과,학생부교과 (지역인재 I 전형),50,3.57
2027,전북대학교,사학과,학생부교과,학생부교과 (지역인재 I 전형),70,3.59
2027,가야대학교,사회복지상담학과,학생부교과,일반학생,50,6
2027,가야대학교,사회복지상담학과,학생부교과,일반학생,70,7
2027,가야대학교,방사선학과,학생부교과,일반학생,50,3.75
2027,가야대학교,방사선학과,학생부교과,일반학생,70,3.88
2027,가야대학교,간호학과,학생부교과,일반학생,50,2.75
2027,가야대학교,간호학과,학생부교과,일반학생,70,3.13
2027,가야대학교,물리치료학과,학생부교과,일반학생,50,2.75
2027,가야대학교,물리치료학과,학생부교과,일반학생,70,2.75
2027,가야대학교,스포츠재활복지학과,학생부교과,일반학생,50,4.25
2027,가야대학교,스포츠재활복지학과,학생부교과,일반학생,70,4.5
2027,가야대학교,간호학과,학생부교과,가야인재전형,50,3.38
2027,가야대학교,간호학과,학생부교과,가야인재전형,70,3.5
2027,가야대학교,물리치료학과,학생부교과,가야인재전형,50,3.75
2027,가야대학교,물리치료학과,학생부교과,가야인재전형,70,3.88
2027,가야대학교,간호학과,학생부교과,지역인재전형,50,3.25
2027,가야대학교,간호학과,학생부교과,지역인재전형,70,3.63
2027,가야대학교,물리치료학과,학생부교과,지역인재전형,50,3.88
2027,가야대학교,물리치료학과,학생부교과,지역인재전형,70,4.38
2027,가야대학교,간호학과,학생부교과,기초생활수급자전형,50,5
2027,가야대학교,간호학과,학생부교과,기초생활수급자전형,70,5
2027,가야대학교,간호학과,학생부교과,농어촌학생전형(외),50,4.13
2027,가야대학교,간호학과,학생부교과,농어촌학생전형(외),70,4.25
2027,가야대학교,간호학과,학생부교과,특성화고교졸업자전형(외),50,2.13
2027,가야대학교,간호학과,학생부교과,특성화고교졸업자전형(외),70,2.63
2027,가야대학교,간호학과,학생부교과,기초생활수급자전형(외),50,5
2027,가야대학교,간호학과,학생부교과,기초생활수급자전형(외),70,5
2027,가야대학교,물리치료학과,학생부교과,기초생활수급자전형(외),50,4.13
2027,가야대학교,물리치료학과,학생부교과,기초생활수급자전형(외),70,4.63
2027,목원대학교,신학과,학생부교과,교과전형,50,3.88
2027,목원대학교,신학과,학생부교과,교과전형,70,4.13
2027,목원대학교,영어학과,학생부교과,교과전형,50,3.75
2027,목원대학교,영어학과,학생부교과,교과전형,70,4.13
2027,목원대학교,역사학과,학생부교과,교과전형,50,2.88
2027,목원대학교,역사학과,학생부교과,교과전형,70,2.88
2027,목원대학교,항공호텔관광경영학과,학생부교과,교과전형,50,4.13
2027,목원대학교,항공호텔관광경영학과,학생부교과,교과전형,70,4.25
2027,목원대학교,부동산금융보험학과,학생부교과,교과전형,50,4.63
2027,목원대학교,부동산금융보험학과,학생부교과,교과전형,70,5.38
2027,목원대학교,금융경제학과,학생부교과,교과전형,50,4.63
2027,목원대학교,금융경제학과,학생부교과,교과전형,70,5
2027,목원대학교,마케팅빅데이터학과,학생부교과,교과전형,50,4.38
2027,목원대학교,마케팅빅데이터학과,학생부교과,교과전형,70,4.75
2027,목원대학교,경찰법학과,학생부교과,교과전형,50,3.88
2027,목원대학교,경찰법학과,학생부교과,교과전형,70,4.13
2027,목원대학교,화장품학과,학생부교과,교과전형,50,3.38
2027,목원대학교,화장품학과,학생부교과,교과전형,70,3.63
2027,목원대학교,소방방재학과,학생부교과,교과전형,50,3.75
2027,목원대학교,소방방재학과,학생부교과,교과전형,70,4
2027,목원대학교,보건의료행정학과,학생부교과,교과전형,50,3.63
2027,목원대학교,보건의료행정학과,학생부교과,교과전형,70,3.75
2027,목원대학교,응급구조학과,학생부교과,교과전형,50,3.13
2027,목원대학교,응급구조학과,학생부교과,교과전형,70,3.13
2027,목원대학교,도시공학과,학생부교과,교과전형,50,4.13
2027,목원대학교,도시공학과,학생부교과,교과전형,70,4.63
2027,목원대학교,전기전자공학과,학생부교과,교과전형,50,3.75
2027,목원대학교,전기전자공학과,학생부교과,교과전형,70,3.88
2027,목원대학교,게임소프트웨어공학과,학생부교과,교과전형,50,3.25
2027,목원대학교,게임소프트웨어공학과,학생부교과,교과전형,70,4.13
2027,목원대학교,AI응용학과,학생부교과,교과전형,50,4.38
2027,목원대학교,AI응용학과,학생부교과,교과전형,70,5.13
2027,목원대학교,국어교육과,학생부교과,교과전형,50,2.38
2027,목원대학교,국어교육과,학생부교과,교과전형,70,2.5
2027,목원대학교,영어교육과,학생부교과,교과전형,50,2.75
2027,목원대학교,영어교육과,학생부교과,교과전형,70,3
2027,목원대학교,수학교육과,학생부교과,교과전형,50,2.63
2027,목원대학교,수학교육과,학생부교과,교과전형,70,2.88
2027,목원대학교,음악교육과,학생부교과,교과전형,50,1.63
2027,목원대학교,음악교육과,학생부교과,교과전형,70,1.63
2027,목원대학교,미술교육과,학생부교과,교과전형,50,1.38
2027,목원대학교,미술교육과,학생부교과,교과전형,70,1.5
2027,목원대학교,유아교육과,학생부교과,교과전형,50,2.63
2027,목원대학교,유아교육과,학생부교과,교과전형,70,2.75
2027,목원대학교,시각디자인학과,학생부교과,교과전형,50,1.63
2027,목원대학교,시각디자인학과,학생부교과,교과전형,70,1.63
2027,목원대학교,산업디자인학과,학생부교과,교과전형,50,2.25
2027,목원대학교,산업디자인학과,학생부교과,교과전형,70,2.5
2027,목원대학교,도자디자인학과,학생부교과,교과전형,50,2.13
2027,목원대학교,도자디자인학과,학생부교과,교과전형,70,2.25
2027,목원대학교,웹툰학과,학생부교과,교과전형,50,1.75
2027,목원대학교,웹툰학과,학생부교과,교과전형,70,1.88
2027,목원대학교,애니메이션학과,학생부교과,교과전형,50,1.38
2027,목원대학교,애니메이션학과,학생부교과,교과전형,70,1.38
2027,목원대학교,게임콘텐츠학과,학생부교과,교과전형,50,1.63
2027,목원대학교,게임콘텐츠학과,학생부교과,교과전형,70,1.88
2027,목원대학교,자율전공학부,학생부교과,교과전형,50,3.75
2027,목원대학교,자율전공학부,학생부교과,교과전형,70,3.88
2027,목원대학교,창의예술자율전공학부,학생부교과,교과전형,50,1.88
2027,목원대학교,창의예술자율전공학부,학생부교과,교과전형,70,1.88
2027,목원대학교,국어교육과,학생부교과,교과면접전형,50,2.38
2027,목원대학교,국어교육과,학생부교과,교과면접전형,70,2.5
2027,목원대학교,수학교육과,학생부교과,교과면접전형,50,2.63
2027,목원대학교,수학교육과,학생부교과,교과면접전형,70,2.88
2027,목원대학교,유아교육과,학생부교과,교과면접전형,50,3.25
2027,목원대학교,유아교육과,학생부교과,교과면접전형,70,3.5
2027,목원대학교,항공호텔관광경영학과,학생부교과,지역인재전형,50,4.38
2027,목원대학교,항공호텔관광경영학과,학생부교과,지역인재전형,70,4.38
2027,목원대학교,부동산금융보험학과,학생부교과,지역인재전형,50,4.25
2027,목원대학교,부동산금융보험학과,학생부교과,지역인재전형,70,4.25
2027,목원대학교,마케팅빅데이터학과,학생부교과,지역인재전형,50,4.5
2027,목원대학교,마케팅빅데이터학과,학생부교과,지역인재전형,70,4.5
2027,목원대학교,경찰법학과,학생부교과,지역인재전형,50,3.75
2027,목원대학교,경찰법학과,학생부교과,지역인재전형,70,3.75
2027,목원대학교,화장품학과,학생부교과,지역인재전형,50,3.75
2027,목원대학교,화장품학과,학생부교과,지역인재전형,70,3.88
2027,목원대학교,소방방재학과,학생부교과,지역인재전형,50,3.88
2027,목원대학교,소방방재학과,학생부교과,지역인재전형,70,4.13
2027,목원대학교,보건의료행정학과,학생부교과,지역인재전형,50,3.38
2027,목원대학교,보건의료행정학과,학생부교과,지역인재전형,70,3.38
2027,목원대학교,응급구조학과,학생부교과,지역인재전형,50,3.5
2027,목원대학교,응급구조학과,학생부교과,지역인재전형,70,3.63
2027,목원대학교,전기전자공학과,학생부교과,지역인재전형,50,3.63
2027,목원대학교,전기전자공학과,학생부교과,지역인재전형,70,3.63
2027,목원대학교,AI응용학과,학생부교과,지역인재전형,50,4.38
2027,목원대학교,AI응용학과,학생부교과,지역인재전형,70,4.5
2027,목원대학교,웹툰학과,학생부교과,지역인재전형,50,1.88
2027,목원대학교,웹툰학과,학생부교과,지역인재전형,70,1.88
2027,목원대학교,애니메이션학과,학생부교과,지역인재전형,50,1.88
2027,목원대학교,애니메이션학과,학생부교과,지역인재전형,70,1.88
2027,목원대학교,게임콘텐츠학과,학생부교과,지역인재전형,50,2
2027,목원대학교,게임콘텐츠학과,학생부교과,지역인재전형,70,2
2027,목원대학교,자율전공학부,학생부교과,지역인재전형,50,4
2027,목원대학교,자율전공학부,학생부교과,지역인재전형,70,4.13
2027,목원대학교,소방방재학과,학생부교과,사회적배려자전형,50,4.13
2027,목원대학교,소방방재학과,학생부교과,사회적배려자전형,70,4.13
2027,목원대학교,역사학과,학생부종합,학생부종합전형,50,3
2027,목원대학교,역사학과,학생부종합,학생부종합전형,70,3
2027,목원대학교,음악교육과,실기/실적,실기교과전형,50,3
2027,목원대학교,음악교육과,실기/실적,실기교과전형,70,2.38
2027,목원대학교,미술교육과,실기/실적,실기교과전형,50,2.38
2027,목원대학교,미술교육과,실기/실적,실기교과전형,70,3
2027,목포해양대학교,항해학부,학생부교과,학생부성적우수자전형,50,2.33
2027,목포해양대학교,항해학부,학생부교과,학생부성적우수자전형,70,2.67
2027,목포해양대학교,해상운송학부,학생부교과,학생부성적우수자전형,50,2.17
2027,목포해양대학교,해상운송학부,학생부교과,학생부성적우수자전형,70,2.33
2027,목포해양대학교,항해정보시스템학부,학생부교과,학생부성적우수자전형,50,2.5
2027,목포해양대학교,항해정보시스템학부,학생부교과,학생부성적우수자전형,70,2.33
2027,목포해양대학교,기관시스템공학부,학생부교과,학생부성적우수자전형,50,2.33
2027,목포해양대학교,기관시스템공학부,학생부교과,학생부성적우수자전형,70,2.5
2027,목포해양대학교,해양경찰학부,학생부교과,학생부성적우수자전형,50,2.67
2027,목포해양대학교,해양경찰학부,학생부교과,학생부성적우수자전형,70,3
2027,목포해양대학교,해양메카트로닉스학부,학생부교과,학생부성적우수자전형,50,3.5
2027,목포해양대학교,해양메카트로닉스학부,학생부교과,학생부성적우수자전형,70,4.17
2027,목포해양대학교,컴퓨터공학과,학생부교과,학생부성적우수자전형,50,4.44
2027,목포해양대학교,컴퓨터공학과,학생부교과,학생부성적우수자전형,70,4.44
2027,목포해양대학교,조선해양공학과,학생부교과,학생부성적우수자전형,50,4.56
2027,목포해양대학교,조선해양공학과,학생부교과,학생부성적우수자전형,70,4.59
2027,목포해양대학교,환경생명공학과,학생부교과,학생부성적우수자전형,50,4.97
2027,목포해양대학교,환경생명공학과,학생부교과,학생부성적우수자전형,70,4.95
2027,목포해양대학교,해양건설공학과,학생부교과,학생부성적우수자전형,50,5.22
2027,목포해양대학교,해양건설공학과,학생부교과,학생부성적우수자전형,70,5.26
2027,목포해양대학교,해양스포츠학과,학생부교과,학생부성적우수자전형,50,4.75
2027,목포해양대학교,해양스포츠학과,학생부교과,학생부성적우수자전형,70,4.75
2027,목포해양대학교,첨단해양모빌리티학과,학생부교과,학생부성적우수자전형,50,5.53
2027,목포해양대학교,첨단해양모빌리티학과,학생부교과,학생부성적우수자전형,70,5.56
2027,목포해양대학교,항해학부,학생부교과,누구나전형,50,2.33
2027,목포해양대학교,항해학부,학생부교과,누구나전형,70,2.67
2027,목포해양대학교,해상운송학부,학생부교과,누구나전형,50,2.17
2027,목포해양대학교,해상운송학부,학생부교과,누구나전형,70,2.33
2027,목포해양대학교,항해정보시스템학부,학생부교과,누구나전형,50,2.5
2027,목포해양대학교,항해정보시스템학부,학생부교과,누구나전형,70,2.33
2027,목포해양대학교,기관시스템공학부,학생부교과,누구나전형,50,2.33
2027,목포해양대학교,기관시스템공학부,학생부교과,누구나전형,70,2.5
2027,목포해양대학교,해양경찰학부,학생부교과,누구나전형,50,2.67
2027,목포해양대학교,해양경찰학부,학생부교과,누구나전형,70,3
2027,목포해양대학교,해양메카트로닉스학부,학생부교과,누구나전형,50,3.5
2027,목포해양대학교,해양메카트로닉스학부,학생부교과,누구나전형,70,4.17
2027,목포해양대학교,컴퓨터공학과,학생부교과,누구나전형,50,4.44
2027,목포해양대학교,컴퓨터공학과,학생부교과,누구나전형,70,4.44
2027,목포해양대학교,조선해양공학과,학생부교과,누구나전형,50,4.56
2027,목포해양대학교,조선해양공학과,학생부교과,누구나전형,70,4.59
2027,목포해양대학교,환경생명공학과,학생부교과,누구나전형,50,4.97
2027,목포해양대학교,환경생명공학과,학생부교과,누구나전형,70,4.95
2027,목포해양대학교,해양건설공학과,학생부교과,누구나전형,50,5.22
2027,목포해양대학교,해양건설공학과,학생부교과,누구나전형,70,5.26
2027,목포해양대학교,해양스포츠학과,학생부교과,누구나전형,50,4.75
2027,목포해양대학교,해양스포츠학과,학생부교과,누구나전형,70,4.75
2027,목포해양대학교,첨단해양모빌리티학과,학생부교과,누구나전형,50,5.53
2027,목포해양대학교,첨단해양모빌리티학과,학생부교과,누구나전형,70,5.56
2027,목포해양대학교,항해학부,학생부교과,지역인재전형,50,2.94
2027,목포해양대학교,항해학부,학생부교과,지역인재전형,70,3.24
2027,목포해양대학교,해상운송학부,학생부교과,지역인재전형,50,3.73
2027,목포해양대학교,해상운송학부,학생부교과,지역인재전형,70,4.25
2027,목포해양대학교,항해정보시스템학부,학생부교과,지역인재전형,50,3.68
2027,목포해양대학교,항해정보시스템학부,학생부교과,지역인재전형,70,3.75
2027,목포해양대학교,기관시스템공학부,학생부교과,지역인재전형,50,3.63
2027,목포해양대학교,기관시스템공학부,학생부교과,지역인재전형,70,4.39
2027,목포해양대학교,해양경찰학부,학생부교과,지역인재전형,50,3.76
2027,목포해양대학교,해양경찰학부,학생부교과,지역인재전형,70,3.87
2027,목포해양대학교,해양메카트로닉스학부,학생부교과,지역인재전형,50,4.41
2027,목포해양대학교,해양메카트로닉스학부,학생부교과,지역인재전형,70,4.72
2027,목포해양대학교,컴퓨터공학과,학생부교과,지역인재전형,50,6.81
2027,목포해양대학교,컴퓨터공학과,학생부교과,지역인재전형,70,7.31
2027,목포해양대학교,조선해양공학과,학생부교과,지역인재전형,50,5.19
2027,목포해양대학교,조선해양공학과,학생부교과,지역인재전형,70,5.57
2027,목포해양대학교,환경생명공학과,학생부교과,지역인재전형,50,6.2
2027,목포해양대학교,환경생명공학과,학생부교과,지역인재전형,70,7.19
2027,목포해양대학교,해양건설공학과,학생부교과,지역인재전형,50,6.99
2027,목포해양대학교,해양건설공학과,학생부교과,지역인재전형,70,6.99
2027,목포해양대학교,첨단해양모빌리티학과,학생부교과,지역인재전형,50,5.61
2027,목포해양대학교,첨단해양모빌리티학과,학생부교과,지역인재전형,70,6.67
2027,목포해양대학교,항해학부,학생부교과,선원자녀및선원경력자전형,50,3.74
2027,목포해양대학교,항해학부,학생부교과,선원자녀및선원경력자전형,70,3.75
2027,목포해양대학교,해상운송학부,학생부교과,선원자녀및선원경력자전형,50,3.92
2027,목포해양대학교,해상운송학부,학생부교과,선원자녀및선원경력자전형,70,3.93
2027,목포해양대학교,항해정보시스템학부,학생부교과,선원자녀및선원경력자전형,50,3.67
2027,목포해양대학교,항해정보시스템학부,학생부교과,선원자녀및선원경력자전형,70,3.67
2027,목포해양대학교,기관시스템공학부,학생부교과,선원자녀및선원경력자전형,50,4.78
2027,목포해양대학교,기관시스템공학부,학생부교과,선원자녀및선원경력자전형,70,4.17
2027,목포해양대학교,해양경찰학부,학생부교과,선원자녀및선원경력자전형,50,5.23
2027,목포해양대학교,해양경찰학부,학생부교과,선원자녀및선원경력자전형,70,4.89
2027,목포해양대학교,해양메카트로닉스학부,학생부교과,선원자녀및선원경력자전형,50,5.37
2027,목포해양대학교,해양메카트로닉스학부,학생부교과,선원자녀및선원경력자전형,70,5.37
2027,목포해양대학교,항해학부,학생부교과,사회적배려대상자전형,50,3.14
2027,목포해양대학교,항해학부,학생부교과,사회적배려대상자전형,70,3.6
2027,목포해양대학교,해상운송학부,학생부교과,사회적배려대상자전형,50,2.23
2027,목포해양대학교,해상운송학부,학생부교과,사회적배려대상자전형,70,2.91
2027,목포해양대학교,기관시스템공학부,학생부교과,사회적배려대상자전형,50,3.93
2027,목포해양대학교,기관시스템공학부,학생부교과,사회적배려대상자전형,70,4.08
2027,목포해양대학교,해양경찰학부,학생부교과,사회적배려대상자전형,50,4.19
2027,목포해양대학교,해양경찰학부,학생부교과,사회적배려대상자전형,70,4.19
2027,목포해양대학교,항해학부,학생부교과,농어촌학생전형(외),50,2.97
2027,목포해양대학교,항해학부,학생부교과,농어촌학생전형(외),70,3.24
2027,목포해양대학교,해상운송학부,학생부교과,농어촌학생전형(외),50,4.12
2027,목포해양대학교,해상운송학부,학생부교과,농어촌학생전형(외),70,3.93
2027,목포해양대학교,기관시스템공학부,학생부교과,농어촌학생전형(외),50,4.38
2027,목포해양대학교,기관시스템공학부,학생부교과,농어촌학생전형(외),70,4.17
2027,목포해양대학교,해양경찰학부,학생부교과,농어촌학생전형(외),50,4.57
2027,목포해양대학교,해양경찰학부,학생부교과,농어촌학생전형(외),70,4.78
2027,목포해양대학교,항해학부,학생부교과,기초생활및차상위전형(외),50,2.33
2027,목포해양대학교,항해학부,학생부교과,기초생활및차상위전형(외),70,2.67
2027,목포해양대학교,해상운송학부,학생부교과,기초생활및차상위전형(외),50,2.17
2027,목포해양대학교,해상운송학부,학생부교과,기초생활및차상위전형(외),70,2.33
2027,목포해양대학교,항해정보시스템학부,학생부교과,기초생활및차상위전형(외),50,2.5
2027,목포해양대학교,항해정보시스템학부,학생부교과,기초생활및차상위전형(외),70,2.33
2027,목포해양대학교,기관시스템공학부,학생부교과,기초생활및차상위전형(외),50,2.33
2027,목포해양대학교,기관시스템공학부,학생부교과,기초생활및차상위전형(외),70,2.5
2027,목포해양대학교,해양경찰학부,학생부교과,기초생활및차상위전형(외),50,2.67
2027,목포해양대학교,해양경찰학부,학생부교과,기초생활및차상위전형(외),70,3
2027,목포해양대학교,해양메카트로닉스학부,학생부교과,기초생활및차상위전형(외),50,3.5
2027,목포해양대학교,해양메카트로닉스학부,학생부교과,기초생활및차상위전형(외),70,4.17
2027,목포해양대학교,해군사관학부,학생부교과,기초생활및차상위전형(외),50,2.67
2027,목포해양대학교,해군사관학부,학생부교과,기초생활및차상위전형(외),70,2.67
2027,목포해양대학교,컴퓨터공학과,학생부교과,기초생활및차상위전형(외),50,4.44
2027,목포해양대학교,컴퓨터공학과,학생부교과,기초생활및차상위전형(외),70,4.44
2027,목포해양대학교,조선해양공학과,학생부교과,기초생활및차상위전형(외),50,4.56
2027,목포해양대학교,조선해양공학과,학생부교과,기초생활및차상위전형(외),70,4.59
2027,목포해양대학교,환경생명공학과,학생부교과,기초생활및차상위전형(외),50,4.97
2027,목포해양대학교,환경생명공학과,학생부교과,기초생활및차상위전형(외),70,4.95
2027,목포해양대학교,해양건설공학과,학생부교과,기초생활및차상위전형(외),50,5.22
2027,목포해양대학교,해양건설공학과,학생부교과,기초생활및차상위전형(외),70,5.26
2027,목포해양대학교,해양스포츠학과,학생부교과,기초생활및차상위전형(외),50,4.75
2027,목포해양대학교,해양스포츠학과,학생부교과,기초생활및차상위전형(외),70,4.75
2027,목포해양대학교,첨단해양모빌리티학과,학생부교과,기초생활및차상위전형(외),50,5.53
2027,목포해양대학교,첨단해양모빌리티학과,학생부교과,기초생활및차상위전형(외),70,5.56
2027,부산외국어대학교,통합모집(자유전공),학생부교과,일반고교과전형,50,4.8
2027,부산외국어대학교,통합모집(자유전공),학생부교과,일반고교과전형,70,5.2
2027,부산외국어대학교,통합모집(자유전공),학생부교과,교과면접전형,50,4.8
2027,부산외국어대학교,통합모집(자유전공),학생부교과,교과면접전형,70,5.2
2027,부산외국어대학교,통합모집(자유전공),학생부종합,학생부서류전형,50,4.4
2027,부산외국어대학교,통합모집(자유전공),학생부종합,학생부서류전형,70,5.1
2027,부산외국어대학교,통합모집(자유전공),학생부교과,기회균형전형,50,4.6
2027,부산외국어대학교,통합모집(자유전공),학생부교과,기회균형전형,70,5.4
2027,부산외국어대학교,통합모집(자유전공),학생부교과,기초생활및차상위전형(외),50,4.8
2027,부산외국어대학교,통합모집(자유전공),학생부교과,기초생활및차상위전형(외),70,5.2
2027,서원대학교,국어교육과,학생부교과,일반전형,50,2.6
2027,서원대학교,국어교육과,학생부교과,일반전형,70,2.8
2027,서원대학교,영어교육과,학생부교과,일반전형,50,2.9
2027,서원대학교,영어교육과,학생부교과,일반전형,70,3.6
2027,서원대학교,교육학과,학생부교과,일반전형,50,3.2
2027,서원대학교,교육학과,학생부교과,일반전형,70,3.4
2027,서원대학교,유아교육과,학생부교과,일반전형,50,3.5
2027,서원대학교,유아교육과,학생부교과,일반전형,70,4.2
2027,서원대학교,윤리교육과,학생부교과,일반전형,50,2.6
2027,서원대학교,윤리교육과,학생부교과,일반전형,70,2.9
2027,서원대학교,사회교육과,학생부교과,일반전형,50,2.8
2027,서원대학교,사회교육과,학생부교과,일반전형,70,3.2
2027,서원대학교,역사교육과,학생부교과,일반전형,50,2.9
2027,서원대학교,역사교육과,학생부교과,일반전형,70,3.3
2027,서원대학교,수학교육과,학생부교과,일반전형,50,2.6
2027,서원대학교,수학교육과,학생부교과,일반전형,70,3.2
2027,서원대학교,생물교육과,학생부교과,일반전형,50,3.3
2027,서원대학교,생물교육과,학생부교과,일반전형,70,3.9
2027,서원대학교,체육교육과,학생부교과,일반전형,50,2.6
2027,서원대학교,체육교육과,학생부교과,일반전형,70,3.3
2027,서원대학교,음악교육과,학생부교과,일반전형,50,3.5
2027,서원대학교,음악교육과,학생부교과,일반전형,70,4.5
2027,서원대학교,항공관광학과,학생부교과,일반전형,50,3.4
2027,서원대학교,항공관광학과,학생부교과,일반전형,70,3.8
2027,서원대학교,소방행정학과,학생부교과,일반전형,50,3.9
2027,서원대학교,소방행정학과,학생부교과,일반전형,70,4.3
2027,서원대학교,응급구조학과,학생부교과,일반전형,50,3.9
2027,서원대학교,응급구조학과,학생부교과,일반전형,70,4.3
2027,서원대학교,아동복지학과,학생부교과,일반전형,50,4.4
2027,서원대학교,아동복지학과,학생부교과,일반전형,70,4.8
2027,서원대학교,상담심리학과,학생부교과,일반전형,50,3.7
2027,서원대학교,상담심리학과,학생부교과,일반전형,70,4
2027,서원대학교,식품영양학과,학생부교과,일반전형,50,3.8
2027,서원대학교,식품영양학과,학생부교과,일반전형,70,4.9
2027,서원대학교,식품공학과,학생부교과,일반전형,50,5.1
2027,서원대학교,식품공학과,학생부교과,일반전형,70,6.9
2027,서원대학교,바이오코스메틱학과,학생부교과,일반전형,50,4.4
2027,서원대학교,바이오코스메틱학과,학생부교과,일반전형,70,4.7
2027,서원대학교,뷰티학과,학생부교과,일반전형,50,3.9
2027,서원대학교,뷰티학과,학생부교과,일반전형,70,4.6
2027,서원대학교,제약공학과,학생부교과,일반전형,50,4.7
2027,서원대학교,제약공학과,학생부교과,일반전형,70,5.4
2027,서원대학교,헬스케어운동학과,학생부교과,일반전형,50,3.4
2027,서원대학교,헬스케어운동학과,학생부교과,일반전형,70,3.7
2027,서원대학교,디자인학과,학생부교과,일반전형,50,3.6
2027,서원대학교,디자인학과,학생부교과,일반전형,70,4.1
2027,서원대학교,광고홍보학과,학생부교과,일반전형,50,4.2
2027,서원대학교,광고홍보학과,학생부교과,일반전형,70,4.7
2027,서원대학교,패션의류학과,학생부교과,일반전형,50,3.3
2027,서원대학교,패션의류학과,학생부교과,일반전형,70,3.8
2027,서원대학교,컴퓨터공학과,학생부교과,일반전형,50,5
2027,서원대학교,컴퓨터공학과,학생부교과,일반전형,70,6.5
2027,서원대학교,AI소프트웨어학과,학생부교과,일반전형,50,5.4
2027,서원대학교,AI소프트웨어학과,학생부교과,일반전형,70,6.8
2027,서원대학교,소방행정학과,학생부교과,인문계고전형,50,4.1
2027,서원대학교,소방행정학과,학생부교과,인문계고전형,70,4.4
2027,서원대학교,응급구조학과,학생부교과,인문계고전형,50,4.1
2027,서원대학교,응급구조학과,학생부교과,인문계고전형,70,4.4
2027,서원대학교,상담심리학과,학생부교과,인문계고전형,50,3.8
2027,서원대학교,상담심리학과,학생부교과,인문계고전형,70,4.1
2027,서원대학교,식품영양학과,학생부교과,인문계고전형,50,4.5
2027,서원대학교,식품영양학과,학생부교과,인문계고전형,70,5
2027,서원대학교,광고홍보학과,학생부교과,인문계고전형,50,4.4
2027,서원대학교,광고홍보학과,학생부교과,인문계고전형,70,4.7
2027,서원대학교,패션의류학과,학생부교과,인문계고전형,50,3.5
2027,서원대학교,패션의류학과,학생부교과,인문계고전형,70,3.6
2027,서원대학교,항공관광학과,학생부교과,창의면접전형,50,4.6
2027,서원대학교,항공관광학과,학생부교과,창의면접전형,70,6.7
2027,서원대학교,소방행정학과,학생부교과,창의면접전형,50,5.1
2027,서원대학교,소방행정학과,학생부교과,창의면접전형,70,5.6
2027,서원대학교,상담심리학과,학생부교과,창의면접전형,50,5.2
2027,서원대학교,상담심리학과,학생부교과,창의면접전형,70,6.1
2027,서원대학교,뷰티학과,학생부교과,창의면접전형,50,4.9
2027,서원대학교,뷰티학과,학생부교과,창의면접전형,70,6
2027,서원대학교,헬스케어운동학과,학생부교과,창의면접전형,50,4.9
2027,서원대학교,헬스케어운동학과,학생부교과,창의면접전형,70,7.1
2027,서원대학교,웹툰콘텐츠학과,학생부교과,창의면접전형,50,4.7
2027,서원대학교,웹툰콘텐츠학과,학생부교과,창의면접전형,70,6
2027,서원대학교,패션의류학과,학생부교과,창의면접전형,50,4.2
2027,서원대학교,패션의류학과,학생부교과,창의면접전형,70,5.3
2027,서원대학교,컴퓨터공학과,학생부교과,창의면접전형,50,5.6
2027,서원대학교,컴퓨터공학과,학생부교과,창의면접전형,70,6.6
2027,서원대학교,국어교육과,학생부교과,지역인재전형,50,2.8
2027,서원대학교,국어교육과,학생부교과,지역인재전형,70,2.9
2027,서원대학교,영어교육과,학생부교과,지역인재전형,50,2.5
2027,서원대학교,영어교육과,학생부교과,지역인재전형,70,2.6
2027,서원대학교,교육학과,학생부교과,지역인재전형,50,2.9
2027,서원대학교,교육학과,학생부교과,지역인재전형,70,3
2027,서원대학교,유아교육과,학생부교과,지역인재전형,50,3.3
2027,서원대학교,유아교육과,학생부교과,지역인재전형,70,3.4
2027,서원대학교,윤리교육과,학생부교과,지역인재전형,50,2.5
2027,서원대학교,윤리교육과,학생부교과,지역인재전형,70,2.6
2027,서원대학교,사회교육과,학생부교과,지역인재전형,50,2.9
2027,서원대학교,사회교육과,학생부교과,지역인재전형,70,3
2027,서원대학교,역사교육과,학생부교과,지역인재전형,50,2.5
2027,서원대학교,역사교육과,학생부교과,지역인재전형,70,2.5
2027,서원대학교,수학교육과,학생부교과,지역인재전형,50,2.9
2027,서원대학교,수학교육과,학생부교과,지역인재전형,70,3
2027,서원대학교,생물교육과,학생부교과,지역인재전형,50,3.5
2027,서원대학교,생물교육과,학생부교과,지역인재전형,70,3.6
2027,서원대학교,소방행정학과,학생부교과,사회기여자전형,50,4.4
2027,서원대학교,소방행정학과,학생부교과,사회기여자전형,70,4.5
2027,서원대학교,체육교육과,실기/실적,체육특기자전형,50,5.3
2027,서원대학교,체육교육과,실기/실적,체육특기자전형,70,5.5
2027,서원대학교,뷰티학과,실기/실적,예체능전형,50,5.3
2027,서원대학교,뷰티학과,실기/실적,예체능전형,70,6
2027,서원대학교,헬스케어운동학과,실기/실적,예체능전형,50,4.8
2027,서원대학교,헬스케어운동학과,실기/실적,예체능전형,70,5.7
2027,서원대학교,웹툰콘텐츠학과,실기/실적,예체능전형,50,4.7
2027,서원대학교,웹툰콘텐츠학과,실기/실적,예체능전형,70,6.4
2027,서원대학교,디자인학과,실기/실적,예체능전형,50,4.4
2027,서원대학교,디자인학과,실기/실적,예체능전형,70,6.3
2027,경국대학교,자유전공학부,학생부교과,일반학생전형,50,4.44
2027,경국대학교,자유전공학부,학생부교과,일반학생전형,70,4.83
2027,경국대학교,간호학부,학생부교과,일반학생전형,50,2.59
2027,경국대학교,간호학부,학생부교과,일반학생전형,70,2.67
2027,경국대학교,식품영양학과,학생부교과,일반학생전형,50,3.93
2027,경국대학교,식품영양학과,학생부교과,일반학생전형,70,4.3
2027,경국대학교,스마트모빌리티공학과,학생부교과,일반학생전형,50,4.71
2027,경국대학교,스마트모빌리티공학과,학생부교과,일반학생전형,70,4.89
2027,경국대학교,국어교육과,학생부교과,일반학생전형,50,2.35
2027,경국대학교,국어교육과,학생부교과,일반학생전형,70,2.61
2027,경국대학교,윤리교육과,학생부교과,일반학생전형,50,2
2027,경국대학교,윤리교육과,학생부교과,일반학생전형,70,2.14
2027,경국대학교,영어교육과,학생부교과,일반학생전형,50,2.75
2027,경국대학교,영어교육과,학생부교과,일반학생전형,70,2.83
2027,경국대학교,교육공학과,학생부교과,일반학생전형,50,3.41
2027,경국대학교,교육공학과,학생부교과,일반학생전형,70,3.64
2027,경국대학교,수학교육과,학생부교과,일반학생전형,50,2.43
2027,경국대학교,수학교육과,학생부교과,일반학생전형,70,2.5
2027,경국대학교,컴퓨터교육과,학생부교과,일반학생전형,50,1.93
2027,경국대학교,컴퓨터교육과,학생부교과,일반학생전형,70,2.2
2027,경국대학교,전기전자교육과,학생부교과,일반학생전형,50,3.38
2027,경국대학교,전기전자교육과,학생부교과,일반학생전형,70,3.91
2027,경국대학교,기계교육과,학생부교과,일반학생전형,50,2.53
2027,경국대학교,기계교육과,학생부교과,일반학생전형,70,3
2027,경국대학교,유아교육과,학생부교과,일반학생전형,50,3.86
2027,경국대학교,유아교육과,학생부교과,일반학생전형,70,3.98
2027,경국대학교,자유전공학부,학생부교과,지역인재전형,50,5.52
2027,경국대학교,자유전공학부,학생부교과,지역인재전형,70,5.74
2027,경국대학교,간호학부,학생부교과,지역인재전형,50,2.6
2027,경국대학교,간호학부,학생부교과,지역인재전형,70,2.71
2027,경국대학교,패션라이프스타일학전공,학생부교과,지역인재전형,50,4.09
2027,경국대학교,패션라이프스타일학전공,학생부교과,지역인재전형,70,4.09
2027,경국대학교,식품영양학과,학생부교과,지역인재전형,50,4.8
2027,경국대학교,식품영양학과,학생부교과,지역인재전형,70,4.8
2027,경국대학교,스마트모빌리티공학과,학생부교과,지역인재전형,50,4.57
2027,경국대학교,스마트모빌리티공학과,학생부교과,지역인재전형,70,4.91
2027,경국대학교,국어교육과,학생부교과,지역인재전형,50,2.93
2027,경국대학교,국어교육과,학생부교과,지역인재전형,70,3.02
2027,경국대학교,윤리교육과,학생부교과,지역인재전형,50,2.19
2027,경국대학교,윤리교육과,학생부교과,지역인재전형,70,2.84
2027,경국대학교,영어교육과,학생부교과,지역인재전형,50,3.69
2027,경국대학교,영어교육과,학생부교과,지역인재전형,70,3.77
2027,경국대학교,교육공학과,학생부교과,지역인재전형,50,3.27
2027,경국대학교,교육공학과,학생부교과,지역인재전형,70,3.56
2027,경국대학교,수학교육과,학생부교과,지역인재전형,50,2.86
2027,경국대학교,수학교육과,학생부교과,지역인재전형,70,3.12
2027,경국대학교,컴퓨터교육과,학생부교과,지역인재전형,50,2.51
2027,경국대학교,컴퓨터교육과,학생부교과,지역인재전형,70,2.6
2027,경국대학교,전기전자교육과,학생부교과,지역인재전형,50,3.81
2027,경국대학교,전기전자교육과,학생부교과,지역인재전형,70,4.44
2027,경국대학교,기계교육과,학생부교과,지역인재전형,50,3.52
2027,경국대학교,기계교육과,학생부교과,지역인재전형,70,3.81
2027,경국대학교,유아교육과,학생부교과,지역인재전형,50,3.18
2027,경국대학교,유아교육과,학생부교과,지역인재전형,70,4.27
2027,경국대학교,간호학부,학생부교과,지역사회적배려자전형,50,3.43
2027,경국대학교,간호학부,학생부교과,지역사회적배려자전형,70,3.54
2027,경국대학교,자유전공학부,학생부교과,기회균형전형,50,4.97
2027,경국대학교,자유전공학부,학생부교과,기회균형전형,70,5.19
2027,경국대학교,간호학부,학생부교과,기회균형전형,50,1.96
2027,경국대학교,간호학부,학생부교과,기회균형전형,70,2.32
2027,경국대학교,자유전공학부,학생부종합,바른인재전형,50,4.89
2027,경국대학교,자유전공학부,학생부종합,바른인재전형,70,5.47
2027,경국대학교,간호학부,학생부종합,바른인재전형,50,3.53
2027,경국대학교,간호학부,학생부종합,바른인재전형,70,3.81
2027,경국대학교,국어국문학전공,학생부종합,바른인재전형,50,5.36
2027,경국대학교,국어국문학전공,학생부종합,바른인재전형,70,6.28
2027,경국대학교,한자문화콘텐츠학전공,학생부종합,바른인재전형,50,5.29
2027,경국대학교,한자문화콘텐츠학전공,학생부종합,바른인재전형,70,7.9
2027,경국대학교,문화유산학전공,학생부종합,바른인재전형,50,4.81
2027,경국대학교,문화유산학전공,학생부종합,바른인재전형,70,5.73
2027,경국대학교,사학전공,학생부종합,바른인재전형,50,5.06
2027,경국대학교,사학전공,학생부종합,바른인재전형,70,5.56
2027,경국대학교,미디어문화커뮤니케이션학전공,학생부종합,바른인재전형,50,5.43
2027,경국대학교,미디어문화커뮤니케이션학전공,학생부종합,바른인재전형,70,5.66
2027,경국대학교,컴퓨터공학전공,학생부종합,바른인재전형,50,5.11
2027,경국대학교,컴퓨터공학전공,학생부종합,바른인재전형,70,6.12
2027,경국대학교,경영학전공,학생부종합,바른인재전형,50,5.33
2027,경국대학교,경영학전공,학생부종합,바른인재전형,70,6.13
2027,경국대학교,회계세무학전공,학생부종합,바른인재전형,50,4.69
2027,경국대학교,회계세무학전공,학생부종합,바른인재전형,70,6.14
2027,경국대학교,무역학전공,학생부종합,바른인재전형,50,6.08
2027,경국대학교,무역학전공,학생부종합,바른인재전형,70,7.17
2027,경국대학교,법학전공,학생부종합,바른인재전형,50,5.54
2027,경국대학교,법학전공,학생부종합,바른인재전형,70,5.63
2027,경국대학교,행정학전공,학생부종합,바른인재전형,50,4.68
2027,경국대학교,행정학전공,학생부종합,바른인재전형,70,5.29
2027,경국대학교,경제학전공,학생부종합,바른인재전형,50,4.99
2027,경국대학교,경제학전공,학생부종합,바른인재전형,70,6.62
2027,경국대학교,패션라이프스타일학전공,학생부종합,바른인재전형,50,7.45
2027,경국대학교,패션라이프스타일학전공,학생부종합,바른인재전형,70,7.48
2027,경국대학교,생명과학전공,학생부종합,바른인재전형,50,5.21
2027,경국대학교,생명과학전공,학생부종합,바른인재전형,70,5.8
2027,경국대학교,백신생명공학전공,학생부종합,바른인재전형,50,5.07
2027,경국대학교,백신생명공학전공,학생부종합,바른인재전형,70,5.63
2027,경국대학교,화학생명공학전공,학생부종합,바른인재전형,50,7
2027,경국대학교,화학생명공학전공,학생부종합,바른인재전형,70,7
2027,경국대학교,스마트원예과학전공,학생부종합,바른인재전형,50,4.6
2027,경국대학교,스마트원예과학전공,학생부종합,바른인재전형,70,4.85
2027,경국대학교,산림과학전공,학생부종합,바른인재전형,50,4.86
2027,경국대학교,산림과학전공,학생부종합,바른인재전형,70,5.48
2027,경국대학교,식물의학전공,학생부종합,바른인재전형,50,5.11
2027,경국대학교,식물의학전공,학생부종합,바른인재전형,70,5.22
2027,경국대학교,건축공학전공,학생부종합,바른인재전형,50,6.04
2027,경국대학교,건축공학전공,학생부종합,바른인재전형,70,6.3
2027,경국대학교,환경공학전공,학생부종합,바른인재전형,50,5
2027,경국대학교,환경공학전공,학생부종합,바른인재전형,70,5
2027,경국대학교,지구환경과학전공,학생부종합,바른인재전형,50,5.49
2027,경국대학교,지구환경과학전공,학생부종합,바른인재전형,70,7.26
2027,경국대학교,전자공학전공,학생부종합,바른인재전형,50,6.45
2027,경국대학교,전자공학전공,학생부종합,바른인재전형,70,6.96
2027,경국대학교,기계공학전공,학생부종합,바른인재전형,50,4.83
2027,경국대학교,기계공학전공,학생부종합,바른인재전형,70,5.35
2027,경국대학교,로봇공학전공,학생부종합,바른인재전형,50,5.86
2027,경국대학교,로봇공학전공,학생부종합,바른인재전형,70,6.11
2027,경국대학교,디지털ICT공학전공,학생부종합,바른인재전형,50,5.58
2027,경국대학교,디지털ICT공학전공,학생부종합,바른인재전형,70,5.58
2027,경국대학교,전기에너지공학전공,학생부종합,바른인재전형,50,5.13
2027,경국대학교,전기에너지공학전공,학생부종합,바른인재전형,70,5.33
2027,경국대학교,식품영양학과,학생부종합,바른인재전형,50,5.77
2027,경국대학교,식품영양학과,학생부종합,바른인재전형,70,6.08
2027,경국대학교,스마트모빌리티공학과,학생부종합,바른인재전형,50,7.21
2027,경국대학교,스마트모빌리티공학과,학생부종합,바른인재전형,70,7.21
2027,경국대학교,국어교육과,학생부종합,바른인재전형,50,3.69
2027,경국대학교,국어교육과,학생부종합,바른인재전형,70,3.83
2027,경국대학교,윤리교육과,학생부종합,바른인재전형,50,3.33
2027,경국대학교,윤리교육과,학생부종합,바른인재전형,70,3.59
2027,경국대학교,영어교육과,학생부종합,바른인재전형,50,4.5
2027,경국대학교,영어교육과,학생부종합,바른인재전형,70,4.91
2027,경국대학교,교육공학과,학생부종합,바른인재전형,50,4.5
2027,경국대학교,교육공학과,학생부종합,바른인재전형,70,5.16
2027,경국대학교,수학교육과,학생부종합,바른인재전형,50,4.35
2027,경국대학교,수학교육과,학생부종합,바른인재전형,70,4.39
2027,경국대학교,컴퓨터교육과,학생부종합,바른인재전형,50,3.97
2027,경국대학교,컴퓨터교육과,학생부종합,바른인재전형,70,4.09
2027,경국대학교,전기전자교육과,학생부종합,바른인재전형,50,4.34
2027,경국대학교,전기전자교육과,학생부종합,바른인재전형,70,4.46
2027,경국대학교,기계교육과,학생부종합,바른인재전형,50,3.87
2027,경국대학교,기계교육과,학생부종합,바른인재전형,70,4.91
2027,경국대학교,유아교육과,학생부종합,바른인재전형,50,4.81
2027,경국대학교,유아교육과,학생부종합,바른인재전형,70,5.4
2027,경국대학교,동물생명공학과,학생부종합,바른인재전형,50,5.27
2027,경국대학교,동물생명공학과,학생부종합,바른인재전형,70,5.27
2027,경국대학교,모빌리티디자인공학과,학생부종합,바른인재전형,50,4.15
2027,경국대학교,모빌리티디자인공학과,학생부종합,바른인재전형,70,6.23
2027,경국대학교,소방방재학과,학생부종합,바른인재전형,50,6.12
2027,경국대학교,소방방재학과,학생부종합,바른인재전형,70,6.39
2027,경국대학교,응급구조학과,학생부종합,바른인재전형,50,5.44
2027,경국대학교,응급구조학과,학생부종합,바른인재전형,70,5.71
2027,경국대학교,미술학전공,실기/실적,실기우수자전형,50,3.89
2027,경국대학교,미술학전공,실기/실적,실기우수자전형,70,4.56
2027,경국대학교,공연예술음악학전공,실기/실적,실기우수자전형,50,4.14
2027,경국대학교,공연예술음악학전공,실기/실적,실기우수자전형,70,4.14
2027,경국대학교,체육학전공,실기/실적,실기우수자전형,50,5.52
2027,경국대학교,체육학전공,실기/실적,실기우수자전형,70,6.5
2027,경국대학교,체육학전공,실기/실적,체육특기자전형,50,5.52
2027,경국대학교,체육학전공,실기/실적,체육특기자전형,70,6.5
2027,경국대학교,스마트모빌리티공학과,학생부교과,특성화고출신자전형(외),50,2.45
2027,경국대학교,스마트모빌리티공학과,학생부교과,특성화고출신자전형(외),70,2.45
2027,경국대학교,기계교육과,학생부교과,특성화고출신자전형(외),50,1.81
2027,경국대학교,기계교육과,학생부교과,특성화고출신자전형(외),70,1.81
2027,경국대학교,자유전공학부,학생부교과,농어촌학생전형(외),50,3.4
2027,경국대학교,자유전공학부,학생부교과,농어촌학생전형(외),70,5.49
2027,경국대학교,간호학부,학생부교과,농어촌학생전형(외),50,2.19
2027,경국대학교,간호학부,학생부교과,농어촌학생전형(외),70,2.22
2027,경국대학교,국어교육과,학생부교과,농어촌학생전형(외),50,3.95
2027,경국대학교,국어교육과,학생부교과,농어촌학생전형(외),70,3.95
2027,경국대학교,윤리교육과,학생부교과,농어촌학생전형(외),50,2.66
2027,경국대학교,윤리교육과,학생부교과,농어촌학생전형(외),70,2.66
2027,경국대학교,영어교육과,학생부교과,농어촌학생전형(외),50,3.38
2027,경국대학교,영어교육과,학생부교과,농어촌학생전형(외),70,3.38
2027,경국대학교,교육공학과,학생부교과,농어촌학생전형(외),50,2.71
2027,경국대학교,교육공학과,학생부교과,농어촌학생전형(외),70,2.71
2027,경국대학교,수학교육과,학생부교과,농어촌학생전형(외),50,4.03
2027,경국대학교,수학교육과,학생부교과,농어촌학생전형(외),70,4.03
2027,경국대학교,컴퓨터교육과,학생부교과,농어촌학생전형(외),50,2.91
2027,경국대학교,컴퓨터교육과,학생부교과,농어촌학생전형(외),70,2.91
2027,경국대학교,유아교육과,학생부교과,농어촌학생전형(외),50,3.88
2027,경국대학교,유아교육과,학생부교과,농어촌학생전형(외),70,3.88
2027,전주대학교,인문콘텐츠대학,학생부종합,일반학생전형,50,5.94
2027,전주대학교,인문콘텐츠대학,학생부종합,일반학생전형,70,6.28
2027,전주대학교,경찰학과,학생부종합,일반학생전형,50,5.55
2027,전주대학교,경찰학과,학생부종합,일반학생전형,70,5.69
2027,전주대학교,문헌정보학과,학생부종합,일반학생전형,50,5.05
2027,전주대학교,문헌정보학과,학생부종합,일반학생전형,70,5.36
2027,전주대학교,법학과,학생부종합,일반학생전형,50,5.13
2027,전주대학교,법학과,학생부종합,일반학생전형,70,5.85
2027,전주대학교,사회복지학과,학생부종합,일반학생전형,50,6.3
2027,전주대학교,사회복지학과,학생부종합,일반학생전형,70,6.51
2027,전주대학교,상담심리학과,학생부종합,일반학생전형,50,5.44
2027,전주대학교,상담심리학과,학생부종합,일반학생전형,70,5.95
2027,전주대학교,경영대학,학생부종합,일반학생전형,50,6.98
2027,전주대학교,경영대학,학생부종합,일반학생전형,70,7.46
2027,전주대학교,간호학과,학생부종합,일반학생전형,50,4.04
2027,전주대학교,간호학과,학생부종합,일반학생전형,70,4.18
2027,전주대학교,물리치료학과,학생부종합,일반학생전형,50,4.52
2027,전주대학교,물리치료학과,학생부종합,일반학생전형,70,4.79
2027,전주대학교,방사선학과,학생부종합,일반학생전형,50,4.65
2027,전주대학교,방사선학과,학생부종합,일반학생전형,70,5.08
2027,전주대학교,보건관리학과,학생부종합,일반학생전형,50,6.61
2027,전주대학교,보건관리학과,학생부종합,일반학생전형,70,6.77
2027,전주대학교,작업치료학과,학생부종합,일반학생전형,50,5.95
2027,전주대학교,작업치료학과,학생부종합,일반학생전형,70,6.28
2027,전주대학교,식품영양학과,학생부종합,일반학생전형,50,6.31
2027,전주대학교,식품영양학과,학생부종합,일반학생전형,70,7.26
2027,전주대학교,재활학과,학생부종합,일반학생전형,50,6.66
2027,전주대학교,재활학과,학생부종합,일반학생전형,70,6.87
2027,전주대학교,운동처방학과,학생부종합,일반학생전형,50,5.95
2027,전주대학교,운동처방학과,학생부종합,일반학생전형,70,6.16
2027,전주대학교,건축공학과,학생부종합,일반학생전형,50,6.84
2027,전주대학교,건축공학과,학생부종합,일반학생전형,70,6.98
2027,전주대학교,토목환경공학과,학생부종합,일반학생전형,50,6.83
2027,전주대학교,토목환경공학과,학생부종합,일반학생전형,70,6.96
2027,전주대학교,기계공학과,학생부종합,일반학생전형,50,6.05
2027,전주대학교,기계공학과,학생부종합,일반학생전형,70,6.76
2027,전주대학교,기계자동차공학과,학생부종합,일반학생전형,50,6.25
2027,전주대학교,기계자동차공학과,학생부종합,일반학생전형,70,7.06
2027,전주대학교,소방안전공학과,학생부종합,일반학생전형,50,6.3
2027,전주대학교,소방안전공학과,학생부종합,일반학생전형,70,6.42
2027,전주대학교,전기전자공학과,학생부종합,일반학생전형,50,5.48
2027,전주대학교,전기전자공학과,학생부종합,일반학생전형,70,6.36
2027,전주대학교,정보통신공학과,학생부종합,일반학생전형,50,7.45
2027,전주대학교,정보통신공학과,학생부종합,일반학생전형,70,7.63
2027,전주대학교,데이터사이언스학과,학생부종합,일반학생전형,50,7.12
2027,전주대학교,데이터사이언스학과,학생부종합,일반학생전형,70,7.42
2027,전주대학교,스마트미디어학과,학생부종합,일반학생전형,50,5.51
2027,전주대학교,스마트미디어학과,학생부종합,일반학생전형,70,6.27
2027,전주대학교,인공지능학과,학생부종합,일반학생전형,50,4.66
2027,전주대학교,인공지능학과,학생부종합,일반학생전형,70,6.1
2027,전주대학교,컴퓨터공학과,학생부종합,일반학생전형,50,4.82
2027,전주대학교,컴퓨터공학과,학생부종합,일반학생전형,70,5.4
2027,전주대학교,게임콘텐츠학과,학생부종합,일반학생전형,50,6.42
2027,전주대학교,게임콘텐츠학과,학생부종합,일반학생전형,70,6.67
2027,전주대학교,산업디자인학과,학생부종합,일반학생전형,50,5.76
2027,전주대학교,산업디자인학과,학생부종합,일반학생전형,70,6.8
2027,전주대학교,영화방송학과,학생부종합,일반학생전형,50,5.57
2027,전주대학교,영화방송학과,학생부종합,일반학생전형,70,5.77
2027,전주대학교,외식산업조리학과,학생부종합,일반학생전형,50,6.57
2027,전주대학교,외식산업조리학과,학생부종합,일반학생전형,70,6.97
2027,전주대학교,호텔경영학과,학생부종합,일반학생전형,50,6.4
2027,전주대학교,호텔경영학과,학생부종합,일반학생전형,70,6.6
2027,전주대학교,패션산업학과,학생부종합,일반학생전형,50,6.49
2027,전주대학교,패션산업학과,학생부종합,일반학생전형,70,6.79
2027,전주대학교,한식조리학과,학생부종합,일반학생전형,50,5.55
2027,전주대학교,한식조리학과,학생부종합,일반학생전형,70,6.39
2027,전주대학교,국어교육과,학생부종합,일반학생전형,50,4.65
2027,전주대학교,국어교육과,학생부종합,일반학생전형,70,4.7
2027,전주대학교,영어교육과,학생부종합,일반학생전형,50,4.82
2027,전주대학교,영어교육과,학생부종합,일반학생전형,70,5.17
2027,전주대학교,중등특수교육과,학생부종합,일반학생전형,50,5.93
2027,전주대학교,중등특수교육과,학생부종합,일반학생전형,70,6.02
2027,전주대학교,한문교육과,학생부종합,일반학생전형,50,6.48
2027,전주대학교,한문교육과,학생부종합,일반학생전형,70,6.48
2027,전주대학교,가정교육과,학생부종합,일반학생전형,50,4.92
2027,전주대학교,가정교육과,학생부종합,일반학생전형,70,5.32
2027,전주대학교,수학교육과,학생부종합,일반학생전형,50,4.85
2027,전주대학교,수학교육과,학생부종합,일반학생전형,70,5.1
2027,전주대학교,인문콘텐츠대학,학생부교과,일반학생전형,50,5.25
2027,전주대학교,인문콘텐츠대학,학생부교과,일반학생전형,70,5.82
2027,전주대학교,경찰학과,학생부교과,일반학생전형,50,4.86
2027,전주대학교,경찰학과,학생부교과,일반학생전형,70,5.07
2027,전주대학교,문헌정보학과,학생부교과,일반학생전형,50,3.82
2027,전주대학교,문헌정보학과,학생부교과,일반학생전형,70,4.01
2027,전주대학교,법학과,학생부교과,일반학생전형,50,6.02
2027,전주대학교,법학과,학생부교과,일반학생전형,70,6.54
2027,전주대학교,사회복지학과,학생부교과,일반학생전형,50,5.43
2027,전주대학교,사회복지학과,학생부교과,일반학생전형,70,5.71
2027,전주대학교,상담심리학과,학생부교과,일반학생전형,50,4.23
2027,전주대학교,상담심리학과,학생부교과,일반학생전형,70,4.36
2027,전주대학교,행정학과,학생부교과,일반학생전형,50,6.32
2027,전주대학교,행정학과,학생부교과,일반학생전형,70,6.51
2027,전주대학교,경영대학,학생부교과,일반학생전형,50,6.03
2027,전주대학교,경영대학,학생부교과,일반학생전형,70,7.02
2027,전주대학교,간호학과,학생부교과,일반학생전형,50,1.84
2027,전주대학교,간호학과,학생부교과,일반학생전형,70,1.84
2027,전주대학교,물리치료학과,학생부교과,일반학생전형,50,4.15
2027,전주대학교,물리치료학과,학생부교과,일반학생전형,70,4.23
2027,전주대학교,방사선학과,학생부교과,일반학생전형,50,4.54
2027,전주대학교,방사선학과,학생부교과,일반학생전형,70,4.57
2027,전주대학교,보건관리학과,학생부교과,일반학생전형,50,5.24
2027,전주대학교,보건관리학과,학생부교과,일반학생전형,70,5.82
2027,전주대학교,작업치료학과,학생부교과,일반학생전형,50,5.09
2027,전주대학교,작업치료학과,학생부교과,일반학생전형,70,5.16
2027,전주대학교,식품영양학과,학생부교과,일반학생전형,50,5.61
2027,전주대학교,식품영양학과,학생부교과,일반학생전형,70,6
2027,전주대학교,재활학과,학생부교과,일반학생전형,50,6.17
2027,전주대학교,재활학과,학생부교과,일반학생전형,70,6.41
2027,전주대학교,운동처방학과,학생부교과,일반학생전형,50,5.08
2027,전주대학교,운동처방학과,학생부교과,일반학생전형,70,5.11
2027,전주대학교,건축공학과,학생부교과,일반학생전형,50,6.66
2027,전주대학교,건축공학과,학생부교과,일반학생전형,70,7.03
2027,전주대학교,토목환경공학과,학생부교과,일반학생전형,50,6.83
2027,전주대학교,토목환경공학과,학생부교과,일반학생전형,70,6.96
2027,전주대학교,기계공학과,학생부교과,일반학생전형,50,6.05
2027,전주대학교,기계공학과,학생부교과,일반학생전형,70,6.76
2027,전주대학교,기계자동차공학과,학생부교과,일반학생전형,50,6.25
2027,전주대학교,기계자동차공학과,학생부교과,일반학생전형,70,7.06
2027,전주대학교,소방안전공학과,학생부교과,일반학생전형,50,5.59
2027,전주대학교,소방안전공학과,학생부교과,일반학생전형,70,5.8
2027,전주대학교,전기전자공학과,학생부교과,일반학생전형,50,5.06
2027,전주대학교,전기전자공학과,학생부교과,일반학생전형,70,6.26
2027,전주대학교,정보통신공학과,학생부교과,일반학생전형,50,7.45
2027,전주대학교,정보통신공학과,학생부교과,일반학생전형,70,7.63
2027,전주대학교,데이터사이언스학과,학생부교과,일반학생전형,50,7.16
2027,전주대학교,데이터사이언스학과,학생부교과,일반학생전형,70,7.19
2027,전주대학교,스마트미디어학과,학생부교과,일반학생전형,50,6.98
2027,전주대학교,스마트미디어학과,학생부교과,일반학생전형,70,7.66
2027,전주대학교,인공지능학과,학생부교과,일반학생전형,50,4.87
2027,전주대학교,인공지능학과,학생부교과,일반학생전형,70,5.93
2027,전주대학교,컴퓨터공학과,학생부교과,일반학생전형,50,5.55
2027,전주대학교,컴퓨터공학과,학생부교과,일반학생전형,70,5.91
2027,전주대학교,게임콘텐츠학과,학생부교과,일반학생전형,50,5.41
2027,전주대학교,게임콘텐츠학과,학생부교과,일반학생전형,70,5.98
2027,전주대학교,공연예술학과,학생부교과,일반학생전형,50,6.12
2027,전주대학교,공연예술학과,학생부교과,일반학생전형,70,6.31
2027,전주대학교,영화방송학과,학생부교과,일반학생전형,50,2.71
2027,전주대학교,영화방송학과,학생부교과,일반학생전형,70,3.32
2027,전주대학교,예술심리치료학과,학생부교과,일반학생전형,50,6.4
2027,전주대학교,예술심리치료학과,학생부교과,일반학생전형,70,7.29
2027,전주대학교,시각디자인학과,학생부교과,일반학생전형,50,4.55
2027,전주대학교,시각디자인학과,학생부교과,일반학생전형,70,6.34
2027,전주대학교,관광경영학과,학생부교과,일반학생전형,50,6.7
2027,전주대학교,관광경영학과,학생부교과,일반학생전형,70,7.08
2027,전주대학교,외식산업조리학과,학생부교과,일반학생전형,50,5
2027,전주대학교,외식산업조리학과,학생부교과,일반학생전형,70,5.21
2027,전주대학교,호텔경영학과,학생부교과,일반학생전형,50,6.19
2027,전주대학교,호텔경영학과,학생부교과,일반학생전형,70,6.51
2027,전주대학교,패션산업학과,학생부교과,일반학생전형,50,5.88
2027,전주대학교,패션산업학과,학생부교과,일반학생전형,70,6.01
2027,전주대학교,한식조리학과,학생부교과,일반학생전형,50,4.42
2027,전주대학교,한식조리학과,학생부교과,일반학생전형,70,4.6
2027,전주대학교,국어교육과,학생부교과,일반학생전형,50,3.83
2027,전주대학교,국어교육과,학생부교과,일반학생전형,70,3.93
2027,전주대학교,영어교육과,학생부교과,일반학생전형,50,4.19
2027,전주대학교,영어교육과,학생부교과,일반학생전형,70,4.52
2027,전주대학교,중등특수교육과,학생부교과,일반학생전형,50,5.54
2027,전주대학교,중등특수교육과,학생부교과,일반학생전형,70,5.61
2027,전주대학교,한문교육과,학생부교과,일반학생전형,50,6.21
2027,전주대학교,한문교육과,학생부교과,일반학생전형,70,6.21
2027,전주대학교,가정교육과,학생부교과,일반학생전형,50,4.18
2027,전주대학교,가정교육과,학생부교과,일반학생전형,70,4.42
2027,전주대학교,수학교육과,학생부교과,일반학생전형,50,4.24
2027,전주대학교,수학교육과,학생부교과,일반학생전형,70,4.58
2027,전주대학교,인문콘텐츠대학,학생부교과,달란트전형,50,50
2027,전주대학교,경영대학,학생부교과,달란트전형,50,50
2027,전주대학교,자유전공학부,학생부교과,달란트전형,50,50
2027,전주대학교,인문콘텐츠대학,학생부교과,지역인재 I 전형,50,6.74
2027,전주대학교,인문콘텐츠대학,학생부교과,지역인재 I 전형,70,7.41
2027,전주대학교,경영대학,학생부교과,지역인재 I 전형,50,6.4
2027,전주대학교,경영대학,학생부교과,지역인재 I 전형,70,6.85
2027,전주대학교,간호학과,학생부교과,지역인재 I 전형,50,3.66
2027,전주대학교,간호학과,학생부교과,지역인재 I 전형,70,3.78
2027,전주대학교,물리치료학과,학생부교과,지역인재 I 전형,50,4.15
2027,전주대학교,물리치료학과,학생부교과,지역인재 I 전형,70,4.23
2027,전주대학교,방사선학과,학생부교과,지역인재 I 전형,50,4.54
2027,전주대학교,방사선학과,학생부교과,지역인재 I 전형,70,4.57
2027,전주대학교,보건관리학과,학생부교과,지역인재 I 전형,50,5.92
2027,전주대학교,보건관리학과,학생부교과,지역인재 I 전형,70,6.09
2027,전주대학교,작업치료학과,학생부교과,지역인재 I 전형,50,5.67
2027,전주대학교,작업치료학과,학생부교과,지역인재 I 전형,70,5.72
2027,전주대학교,건축공학과,학생부교과,지역인재 I 전형,50,5.92
2027,전주대학교,건축공학과,학생부교과,지역인재 I 전형,70,5.92
2027,전주대학교,소방안전공학과,학생부교과,지역인재 I 전형,50,5.84
2027,전주대학교,소방안전공학과,학생부교과,지역인재 I 전형,70,6.15
2027,전주대학교,전기전자공학과,학생부교과,지역인재 I 전형,50,4.68
2027,전주대학교,전기전자공학과,학생부교과,지역인재 I 전형,70,4.68
2027,전주대학교,컴퓨터공학과,학생부교과,지역인재 I 전형,50,6.78
2027,전주대학교,컴퓨터공학과,학생부교과,지역인재 I 전형,70,6.78
2027,전주대학교,게임콘텐츠학과,학생부교과,지역인재 I 전형,50,6.08
2027,전주대학교,게임콘텐츠학과,학생부교과,지역인재 I 전형,70,6.08
2027,전주대학교,예술심리치료학과,학생부교과,지역인재 I 전형,50,5.96
2027,전주대학교,예술심리치료학과,학생부교과,지역인재 I 전형,70,6.7
2027,전주대학교,관광경영학과,학생부교과,지역인재 I 전형,50,5.89
2027,전주대학교,관광경영학과,학생부교과,지역인재 I 전형,70,5.89
2027,전주대학교,외식산업조리학과,학생부교과,지역인재 I 전형,50,5.9
2027,전주대학교,외식산업조리학과,학생부교과,지역인재 I 전형,70,5.9
2027,전주대학교,호텔경영학과,학생부교과,지역인재 I 전형,50,5.61
2027,전주대학교,호텔경영학과,학생부교과,지역인재 I 전형,70,6.05
2027,전주대학교,패션산업학과,학생부교과,지역인재 I 전형,50,5.01
2027,전주대학교,패션산업학과,학생부교과,지역인재 I 전형,70,6.22
2027,전주대학교,한식조리학과,학생부교과,지역인재 I 전형,50,7.13
2027,전주대학교,한식조리학과,학생부교과,지역인재 I 전형,70,7.54
2027,전주대학교,자유전공학부,학생부교과,지역인재 I 전형,50,6.25
2027,전주대학교,자유전공학부,학생부교과,지역인재 I 전형,70,6.56
2027,전주대학교,간호학과,학생부교과,지역인재 II 전형,50,3.66
2027,전주대학교,간호학과,학생부교과,지역인재 II 전형,70,3.78
2027,전주대학교,웹툰만화콘텐츠학과,실기/실적,일반학생전형,50,5.82
2027,전주대학교,웹툰만화콘텐츠학과,실기/실적,일반학생전형,70,6.29
2027,전주대학교,공연예술학과,실기/실적,일반학생전형,50,5.82
2027,전주대학교,공연예술학과,실기/실적,일반학생전형,70,6.02
2027,전주대학교,시각디자인학과,실기/실적,일반학생전형,50,5.93
2027,전주대학교,시각디자인학과,실기/실적,일반학생전형,70,7.23
2027,전주대학교,축구학과,실기/실적,일반학생전형,50,5.28
2027,전주대학교,축구학과,실기/실적,일반학생전형,70,5.49
2027,전주대학교,태권도학과,실기/실적,일반학생전형,50,6.19
2027,전주대학교,태권도학과,실기/실적,일반학생전형,70,6.55
2027,전주대학교,운동처방학과,실기/실적,특기자전형,50,7.59
2027,전주대학교,운동처방학과,실기/실적,특기자전형,70,7.59
2027,전주대학교,축구학과,실기/실적,특기자전형,50,6.36
2027,전주대학교,축구학과,실기/실적,특기자전형,70,7.26
2027,전주대학교,태권도학과,실기/실적,특기자전형,50,7.18
2027,전주대학교,태권도학과,실기/실적,특기자전형,70,7.91
2027,중부대학교,경찰행정학전공,학생부교과,학교생활우수자전형,50,3.7
2027,중부대학교,경찰행정학전공,학생부교과,학교생활우수자전형,70,3.9
2027,중부대학교,경찰경호학전공,학생부교과,학교생활우수자전형,50,4
2027,중부대학교,경찰경호학전공,학생부교과,학교생활우수자전형,70,4.3
2027,중부대학교,간호학과,학생부교과,학교생활우수자전형,50,3.1
2027,중부대학교,간호학과,학생부교과,학교생활우수자전형,70,3.3
2027,중부대학교,물리치료학과,학생부교과,학교생활우수자전형,50,2.9
2027,중부대학교,물리치료학과,학생부교과,학교생활우수자전형,70,2.9
2027,중부대학교,반려동물사육학전공,학생부교과,학교생활우수자전형,50,3.5
2027,중부대학교,반려동물사육학전공,학생부교과,학교생활우수자전형,70,3.9
2027,중부대학교,공공안전학전공,학생부교과,학교생활우수자전형,50,3.3
2027,중부대학교,공공안전학전공,학생부교과,학교생활우수자전형,70,3.4
2027,중부대학교,경영학전공,학생부교과,학교생활우수자전형,50,3.3
2027,중부대학교,경영학전공,학생부교과,학교생활우수자전형,70,3.5
2027,중부대학교,미디어커뮤니케이션학전공,학생부교과,학교생활우수자전형,50,2.6
2027,중부대학교,미디어커뮤니케이션학전공,학생부교과,학교생활우수자전형,70,2.7
2027,중부대학교,유아교육과,학생부교과,학교생활우수자전형,50,2.8
2027,중부대학교,유아교육과,학생부교과,학교생활우수자전형,70,2.9
2027,중부대학교,특수교육과(초등특수교육),학생부교과,학교생활우수자전형,50,3
2027,중부대학교,특수교육과(초등특수교육),학생부교과,학교생활우수자전형,70,3.2
2027,중부대학교,특수교육과(중등특수교육),학생부교과,학교생활우수자전형,50,3.5
2027,중부대학교,특수교육과(중등특수교육),학생부교과,학교생활우수자전형,70,3.6
2027,중부대학교,건축학전공,학생부교과,학교생활우수자전형,50,3.1
2027,중부대학교,건축학전공,학생부교과,학교생활우수자전형,70,3.3
2027,중부대학교,게임소프트웨어전공,학생부교과,학교생활우수자전형,50,3.3
2027,중부대학교,게임소프트웨어전공,학생부교과,학교생활우수자전형,70,3.5
2027,중부대학교,정보보호학전공,학생부교과,학교생활우수자전형,50,3.3
2027,중부대학교,정보보호학전공,학생부교과,학교생활우수자전형,70,3.5
2027,중부대학교,인공지능전공,학생부교과,학교생활우수자전형,50,2.5
2027,중부대학교,인공지능전공,학생부교과,학교생활우수자전형,70,3
2027,중부대학교,전기전자공학전공,학생부교과,학교생활우수자전형,50,3.1
2027,중부대학교,전기전자공학전공,학생부교과,학교생활우수자전형,70,3.6
2027,중부대학교,엔터테인먼트학전공,학생부교과,학교생활우수자전형,50,2.9
2027,중부대학교,엔터테인먼트학전공,학생부교과,학교생활우수자전형,70,3
2027,중부대학교,항공서비스학전공,학생부교과,학교생활우수자전형,50,1.9
2027,중부대학교,항공서비스학전공,학생부교과,학교생활우수자전형,70,2
2027,중부대학교,경찰행정학전공,학생부교과,학생부우수자전형,50,3.5
2027,중부대학교,경찰행정학전공,학생부교과,학생부우수자전형,70,3.7
2027,중부대학교,경찰경호학전공,학생부교과,학생부우수자전형,50,4.7
2027,중부대학교,경찰경호학전공,학생부교과,학생부우수자전형,70,4.8
2027,중부대학교,간호학과,학생부교과,학생부우수자전형,50,2.5
2027,중부대학교,간호학과,학생부교과,학생부우수자전형,70,2.5
2027,중부대학교,물리치료학과,학생부교과,학생부우수자전형,50,2.3
2027,중부대학교,물리치료학과,학생부교과,학생부우수자전형,70,2.5
2027,중부대학교,응급구조학과,학생부교과,학생부우수자전형,50,4.1
2027,중부대학교,응급구조학과,학생부교과,학생부우수자전형,70,4.3
2027,중부대학교,작업치료학과,학생부교과,학생부우수자전형,50,4.5
2027,중부대학교,작업치료학과,학생부교과,학생부우수자전형,70,4.6
2027,중부대학교,반려동물사육학전공,학생부교과,학생부우수자전형,50,3.2
2027,중부대학교,반려동물사육학전공,학생부교과,학생부우수자전형,70,3.4
2027,중부대학교,스포츠재활복지학전공,학생부교과,학생부우수자전형,50,3.7
2027,중부대학교,스포츠재활복지학전공,학생부교과,학생부우수자전형,70,3.7
2027,중부대학교,스포츠건강관리학전공,학생부교과,학생부우수자전형,50,3.7
2027,중부대학교,스포츠건강관리학전공,학생부교과,학생부우수자전형,70,5.1
2027,중부대학교,공공안전학전공,학생부교과,학생부우수자전형,50,2.8
2027,중부대학교,공공안전학전공,학생부교과,학생부우수자전형,70,3
2027,중부대학교,경영학전공,학생부교과,학생부우수자전형,50,2.7
2027,중부대학교,경영학전공,학생부교과,학생부우수자전형,70,2.7
2027,중부대학교,미디어커뮤니케이션학전공,학생부교과,학생부우수자전형,50,2.3
2027,중부대학교,미디어커뮤니케이션학전공,학생부교과,학생부우수자전형,70,2.5
2027,중부대학교,문헌정보학전공,학생부교과,학생부우수자전형,50,2.5
2027,중부대학교,문헌정보학전공,학생부교과,학생부우수자전형,70,2.7
2027,중부대학교,항공서비스학전공,학생부교과,학생부우수자전형,50,1.9
2027,중부대학교,항공서비스학전공,학생부교과,학생부우수자전형,70,2
2027,중부대학교,자율설계학부,학생부교과,학생부우수자전형,50,2.9
2027,중부대학교,자율설계학부,학생부교과,학생부우수자전형,70,3.1
2027,중부대학교,동물보건학과,학생부교과,학생부우수자전형,50,2.5
2027,중부대학교,동물보건학과,학생부교과,학생부우수자전형,70,2.5
2027,중부대학교,유아교육과,학생부교과,학생부우수자전형,50,2.7
2027,중부대학교,유아교육과,학생부교과,학생부우수자전형,70,2.9
2027,중부대학교,특수교육과(초등특수교육),학생부교과,학생부우수자전형,50,2.9
2027,중부대학교,특수교육과(초등특수교육),학생부교과,학생부우수자전형,70,3.3
2027,중부대학교,특수교육과(중등특수교육),학생부교과,학생부우수자전형,50,2.9
2027,중부대학교,특수교육과(중등특수교육),학생부교과,학생부우수자전형,70,2.9
2027,중부대학교,건축학전공,학생부교과,학생부우수자전형,50,3.1
2027,중부대학교,건축학전공,학생부교과,학생부우수자전형,70,3.3
2027,중부대학교,게임소프트웨어전공,학생부교과,학생부우수자전형,50,2.7
2027,중부대학교,게임소프트웨어전공,학생부교과,학생부우수자전형,70,3.1
2027,중부대학교,정보보호학전공,학생부교과,학생부우수자전형,50,3.3
2027,중부대학교,정보보호학전공,학생부교과,학생부우수자전형,70,3.5
2027,중부대학교,인공지능전공,학생부교과,학생부우수자전형,50,3
2027,중부대학교,인공지능전공,학생부교과,학생부우수자전형,70,3.4
2027,중부대학교,전기전자공학전공,학생부교과,학생부우수자전형,50,3.2
2027,중부대학교,전기전자공학전공,학생부교과,학생부우수자전형,70,3.3
2027,중부대학교,사진영상학전공,학생부교과,학생부우수자전형,50,2.8
2027,중부대학교,사진영상학전공,학생부교과,학생부우수자전형,70,3.1
2027,중부대학교,경찰행정학전공,학생부교과,지역인재 I 전형,50,3.7
2027,중부대학교,경찰행정학전공,학생부교과,지역인재 I 전형,70,3.7
2027,중부대학교,경찰경호학전공,학생부교과,지역인재 I 전형,50,4.1
2027,중부대학교,경찰경호학전공,학생부교과,지역인재 I 전형,70,5.3
2027,중부대학교,간호학과,학생부교과,지역인재 I 전형,50,2.7
2027,중부대학교,간호학과,학생부교과,지역인재 I 전형,70,2.9
2027,중부대학교,물리치료학과,학생부교과,지역인재 I 전형,50,2.7
2027,중부대학교,물리치료학과,학생부교과,지역인재 I 전형,70,2.8
2027,중부대학교,응급구조학과,학생부교과,지역인재 I 전형,50,4.7
2027,중부대학교,응급구조학과,학생부교과,지역인재 I 전형,70,4.7
2027,중부대학교,작업치료학과,학생부교과,지역인재 I 전형,50,4
2027,중부대학교,작업치료학과,학생부교과,지역인재 I 전형,70,4
2027,중부대학교,반려동물사육학전공,학생부교과,지역인재 I 전형,50,2.9
2027,중부대학교,반려동물사육학전공,학생부교과,지역인재 I 전형,70,4.1
2027,중부대학교,간호학과,학생부교과,지역인재 II 전형,50,2.7
2027,중부대학교,간호학과,학생부교과,지역인재 II 전형,70,2.9
2027,중원대학교,간호학과,학생부교과,일반전형 I,50,4
2027,중원대학교,간호학과,학생부교과,일반전형 I,70,4.74
2027,중원대학교,작업치료학과,학생부교과,일반전형 I,50,4.33
2027,중원대학교,작업치료학과,학생부교과,일반전형 I,70,4.52
2027,중원대학교,임상병리학과,학생부교과,일반전형 I,50,4.69
2027,중원대학교,임상병리학과,학생부교과,일반전형 I,70,5
2027,중원대학교,보건복지학과,학생부교과,일반전형 I,50,2.88
2027,중원대학교,보건복지학과,학생부교과,일반전형 I,70,3.65
2027,중원대학교,뷰티메디컬학과,학생부교과,일반전형 I,50,3.15
2027,중원대학교,뷰티메디컬학과,학생부교과,일반전형 I,70,4.01
2027,중원대학교,항공정비학과,학생부교과,일반전형 I,50,4.21
2027,중원대학교,항공정비학과,학생부교과,일반전형 I,70,4.37
2027,중원대학교,종교문화학부,학생부교과,일반전형 I,50,3
2027,중원대학교,종교문화학부,학생부교과,일반전형 I,70,3.2
2027,중원대학교,경찰행정학과,학생부교과,일반전형 I,50,4.5
2027,중원대학교,경찰행정학과,학생부교과,일반전형 I,70,5.28
2027,중원대학교,드론봇군사학과,학생부교과,일반전형 I,50,3.92
2027,중원대학교,드론봇군사학과,학생부교과,일반전형 I,70,4.02
2027,중원대학교,자율전공학부,학생부교과,일반전형 I,50,4.53
2027,중원대학교,자율전공학부,학생부교과,일반전형 I,70,5.08
2027,중원대학교,운동레저학부,학생부교과,일반전형 I,50,5.4
2027,중원대학교,운동레저학부,학생부교과,일반전형 I,70,5.7
2027,중원대학교,간호학과,학생부교과,일반전형 II,50,4
2027,중원대학교,간호학과,학생부교과,일반전형 II,70,4.74
2027,중원대학교,임상병리학과,학생부교과,일반전형 II,50,4.69
2027,중원대학교,임상병리학과,학생부교과,일반전형 II,70,5
2027,중원대학교,보건복지학과,학생부교과,일반전형 II,50,2.88
2027,중원대학교,보건복지학과,학생부교과,일반전형 II,70,3.65
2027,중원대학교,뷰티메디컬학과,학생부교과,일반전형 II,50,3.15
2027,중원대학교,뷰티메디컬학과,학생부교과,일반전형 II,70,4.01
2027,중원대학교,항공정비학과,학생부교과,일반전형 II,50,4.21
2027,중원대학교,항공정비학과,학생부교과,일반전형 II,70,4.37
2027,중원대학교,종교문화학부,학생부교과,일반전형 II,50,3
2027,중원대학교,종교문화학부,학생부교과,일반전형 II,70,3.2
2027,중원대학교,경찰행정학과,학생부교과,일반전형 II,50,4.5
2027,중원대학교,경찰행정학과,학생부교과,일반전형 II,70,5.28
2027,중원대학교,드론봇군사학과,학생부교과,일반전형 II,50,3.92
2027,중원대학교,드론봇군사학과,학생부교과,일반전형 II,70,4.02
2027,중원대학교,운동레저학부,학생부교과,일반전형 II,50,5.4
2027,중원대학교,운동레저학부,학생부교과,일반전형 II,70,5.7
2027,중원대학교,간호학과,학생부교과,지역인재전형,50,4.5
2027,중원대학교,간호학과,학생부교과,지역인재전형,70,4.75
2027,중원대학교,간호학과,학생부교과,기회균형선발전형,50,4.27
2027,중원대학교,간호학과,학생부교과,기회균형선발전형,70,4.88
2027,중원대학교,운동레저학부,실기/실적,실기중심전형,50,3.68
2027,중원대학교,운동레저학부,실기/실적,실기중심전형,70,3.85
2027,중원대학교,운동레저학부,실기/실적,체육우수인재전형,50,4.72
2027,중원대학교,운동레저학부,실기/실적,체육우수인재전형,70,5.13
2027,한국해양대학교,조선해양시스템공학부,학생부교과,교과성적우수자전형,50,3.56
2027,한국해양대학교,조선해양시스템공학부,학생부교과,교과성적우수자전형,70,3.71
2027,한국해양대학교,해양공학과,학생부교과,교과성적우수자전형,50,3.77
2027,한국해양대학교,해양공학과,학생부교과,교과성적우수자전형,70,3.8
2027,한국해양대학교,에너지자원공학과,학생부교과,교과성적우수자전형,50,3.85
2027,한국해양대학교,에너지자원공학과,학생부교과,교과성적우수자전형,70,4.05
2027,한국해양대학교,해양건축공학과,학생부교과,교과성적우수자전형,50,4.13
2027,한국해양대학교,해양건축공학과,학생부교과,교과성적우수자전형,70,4.25
2027,한국해양대학교,물류시스템공학과,학생부교과,교과성적우수자전형,50,3.53
2027,한국해양대학교,물류시스템공학과,학생부교과,교과성적우수자전형,70,3.56
2027,한국해양대학교,환경공학과,학생부교과,교과성적우수자전형,50,3.86
2027,한국해양대학교,환경공학과,학생부교과,교과성적우수자전형,70,3.9
2027,한국해양대학교,토목공학과,학생부교과,교과성적우수자전형,50,4.4
2027,한국해양대학교,토목공학과,학생부교과,교과성적우수자전형,70,4.45
2027,한국해양대학교,해양스포츠과학과,학생부교과,교과성적우수자전형,50,4.56
2027,한국해양대학교,해양스포츠과학과,학생부교과,교과성적우수자전형,70,3.84
2027,한국해양대학교,국제관계학과,학생부교과,교과성적우수자전형,50,3.65
2027,한국해양대학교,국제관계학과,학생부교과,교과성적우수자전형,70,3.71
2027,한국해양대학교,해양행정학과,학생부교과,교과성적우수자전형,50,3.48
2027,한국해양대학교,해양행정학과,학생부교과,교과성적우수자전형,70,3.52
2027,한국해양대학교,해양영어영문학과,학생부교과,교과성적우수자전형,50,3.82
2027,한국해양대학교,해양영어영문학과,학생부교과,교과성적우수자전형,70,3.83
2027,한국해양대학교,동아시아학과,학생부교과,교과성적우수자전형,50,3.8
2027,한국해양대학교,동아시아학과,학생부교과,교과성적우수자전형,70,3.88
2027,한국해양대학교,항해융합학부,학생부교과,지역인재전형,50,2.92
2027,한국해양대학교,항해융합학부,학생부교과,지역인재전형,70,3.01
2027,한국해양대학교,기관시스템공학부,학생부교과,지역인재전형,50,3.85
2027,한국해양대학교,기관시스템공학부,학생부교과,지역인재전형,70,3.57
2027,한국해양대학교,조선해양시스템공학부,학생부교과,지역인재전형,50,4.52
2027,한국해양대학교,조선해양시스템공학부,학생부교과,지역인재전형,70,4.52
2027,한국해양대학교,해양건축공학과,학생부교과,지역인재전형,50,3.97
2027,한국해양대학교,해양건축공학과,학생부교과,지역인재전형,70,4.32
2027,한국해양대학교,항해융합학부,학생부종합,아치해양인재전형II(사배자),50,3.08
2027,한국해양대학교,항해융합학부,학생부종합,아치해양인재전형II(사배자),70,2.8
2027,한국해양대학교,기관시스템공학부,학생부종합,아치해양인재전형II(사배자),50,3.95
2027,한국해양대학교,기관시스템공학부,학생부종합,아치해양인재전형II(사배자),70,3.44
2027,한국해양대학교,항해융합학부,학생부교과,농어촌학생전형(외),50,2.74
2027,한국해양대학교,항해융합학부,학생부교과,농어촌학생전형(외),70,2.87
2027,한국해양대학교,기관시스템공학부,학생부교과,농어촌학생전형(외),50,2.5
2027,한국해양대학교,기관시스템공학부,학생부교과,농어촌학생전형(외),70,2.77
2027,한라대학교,기계자동차공학과,학생부교과,일반학생(교과중심)전형,50,4.28
2027,한라대학교,기계자동차공학과,학생부교과,일반학생(교과중심)전형,70,3.77
2027,한라대학교,미래모빌리티공학과,학생부교과,일반학생(교과중심)전형,50,3.28
2027,한라대학교,미래모빌리티공학과,학생부교과,일반학생(교과중심)전형,70,3.53
2027,한라대학교,도시인프라공학과,학생부교과,일반학생(교과중심)전형,50,4.89
2027,한라대학교,도시인프라공학과,학생부교과,일반학생(교과중심)전형,70,5.07
2027,한라대학교,컴퓨터공학과,학생부교과,일반학생(교과중심)전형,50,4.15
2027,한라대학교,컴퓨터공학과,학생부교과,일반학생(교과중심)전형,70,3.72
2027,한라대학교,IT소프트웨어학과,학생부교과,일반학생(교과중심)전형,50,4.44
2027,한라대학교,IT소프트웨어학과,학생부교과,일반학생(교과중심)전형,70,4.46
2027,한라대학교,전기전자공학과,학생부교과,일반학생(교과중심)전형,50,3.91
2027,한라대학교,전기전자공학과,학생부교과,일반학생(교과중심)전형,70,4.46
2027,한라대학교,AI정보보안학과,학생부교과,일반학생(교과중심)전형,50,4.44
2027,한라대학교,AI정보보안학과,학생부교과,일반학생(교과중심)전형,70,4.65
2027,한라대학교,철도운전시스템학과,학생부교과,일반학생(교과중심)전형,50,3.24
2027,한라대학교,철도운전시스템학과,학생부교과,일반학생(교과중심)전형,70,3.63
2027,한라대학교,미디어광고콘텐츠학과,학생부교과,일반학생(교과중심)전형,50,3.7
2027,한라대학교,미디어광고콘텐츠학과,학생부교과,일반학생(교과중심)전형,70,3.9
2027,한라대학교,영상제작학과,학생부교과,일반학생(교과중심)전형,50,3.31
2027,한라대학교,영상제작학과,학생부교과,일반학생(교과중심)전형,70,3.53
2027,한라대학교,건축학과,학생부교과,일반학생(교과중심)전형,50,3.8
2027,한라대학교,건축학과,학생부교과,일반학생(교과중심)전형,70,4.31
2027,한라대학교,소방안전학과,학생부교과,일반학생(교과중심)전형,50,4.82
2027,한라대학교,소방안전학과,학생부교과,일반학생(교과중심)전형,70,4.86
2027,한라대학교,사회복지학과,학생부교과,일반학생(교과중심)전형,50,4.14
2027,한라대학교,사회복지학과,학생부교과,일반학생(교과중심)전형,70,4.8
2027,한라대학교,경찰행정학과,학생부교과,일반학생(교과중심)전형,50,3.73
2027,한라대학교,경찰행정학과,학생부교과,일반학생(교과중심)전형,70,4.03
2027,한라대학교,경영학과,학생부교과,일반학생(교과중심)전형,50,3.75
2027,한라대학교,경영학과,학생부교과,일반학생(교과중심)전형,70,3.96
2027,한라대학교,호텔항공외식경영학과,학생부교과,일반학생(교과중심)전형,50,3.93
2027,한라대학교,호텔항공외식경영학과,학생부교과,일반학생(교과중심)전형,70,4.64
2027,한라대학교,문화관광경영학과,학생부교과,일반학생(교과중심)전형,50,5.11
2027,한라대학교,문화관광경영학과,학생부교과,일반학생(교과중심)전형,70,5.13
2027,한라대학교,뷰티디자인학과,학생부교과,일반학생(교과중심)전형,50,3.67
2027,한라대학교,뷰티디자인학과,학생부교과,일반학생(교과중심)전형,70,3.67
2027,한라대학교,스포츠학과,학생부교과,일반학생(교과중심)전형,50,4.65
2027,한라대학교,스포츠학과,학생부교과,일반학생(교과중심)전형,70,4.9
2027,한라대학교,자유전공학부,학생부교과,일반학생(교과중심)전형,50,4.13
2027,한라대학교,자유전공학부,학생부교과,일반학생(교과중심)전형,70,4.66
2027,한라대학교,기계자동차공학과,학생부교과,일반학생(면접중심)전형,50,4.28
2027,한라대학교,기계자동차공학과,학생부교과,일반학생(면접중심)전형,70,3.77
2027,한라대학교,미래모빌리티공학과,학생부교과,일반학생(면접중심)전형,50,5.08
2027,한라대학교,미래모빌리티공학과,학생부교과,일반학생(면접중심)전형,70,5.03
2027,한라대학교,영상제작학과,학생부교과,일반학생(면접중심)전형,50,5.08
2027,한라대학교,영상제작학과,학생부교과,일반학생(면접중심)전형,70,5.02
2027,한라대학교,경영학과,학생부교과,일반학생(면접중심)전형,50,3.75
2027,한라대학교,경영학과,학생부교과,일반학생(면접중심)전형,70,3.96
2027,한라대학교,뷰티디자인학과,학생부교과,일반학생(면접중심)전형,50,5.57
2027,한라대학교,뷰티디자인학과,학생부교과,일반학생(면접중심)전형,70,6.32
2027,한라대학교,스포츠학과,학생부교과,일반학생(면접중심)전형,50,4.25
2027,한라대학교,스포츠학과,학생부교과,일반학생(면접중심)전형,70,4.91
2027,한라대학교,기계자동차공학과,학생부교과,지역인재전형,50,4.38
2027,한라대학교,기계자동차공학과,학생부교과,지역인재전형,70,4.38
2027,한라대학교,미래모빌리티공학과,학생부교과,지역인재전형,50,5
2027,한라대학교,미래모빌리티공학과,학생부교과,지역인재전형,70,5
2027,한라대학교,도시인프라공학과,학생부교과,지역인재전형,50,4.6
2027,한라대학교,도시인프라공학과,학생부교과,지역인재전형,70,4.6
2027,한라대학교,컴퓨터공학과,학생부교과,지역인재전형,50,4.03
2027,한라대학교,컴퓨터공학과,학생부교과,지역인재전형,70,4.29
2027,한라대학교,IT소프트웨어학과,학생부교과,지역인재전형,50,3.17
2027,한라대학교,IT소프트웨어학과,학생부교과,지역인재전형,70,3.17
2027,한라대학교,전기전자공학과,학생부교과,지역인재전형,50,4.2
2027,한라대학교,전기전자공학과,학생부교과,지역인재전형,70,4.25
2027,한라대학교,AI정보보안학과,학생부교과,지역인재전형,50,4.35
2027,한라대학교,AI정보보안학과,학생부교과,지역인재전형,70,4.35
2027,한라대학교,미디어광고콘텐츠학과,학생부교과,지역인재전형,50,3.52
2027,한라대학교,미디어광고콘텐츠학과,학생부교과,지역인재전형,70,3.59
2027,한라대학교,영상제작학과,학생부교과,지역인재전형,50,3.12
2027,한라대학교,영상제작학과,학생부교과,지역인재전형,70,3.12
2027,한라대학교,건축학과,학생부교과,지역인재전형,50,4.44
2027,한라대학교,건축학과,학생부교과,지역인재전형,70,4.44
2027,한라대학교,소방안전학과,학생부교과,지역인재전형,50,5.13
2027,한라대학교,소방안전학과,학생부교과,지역인재전형,70,5.24
2027,한라대학교,사회복지학과,학생부교과,지역인재전형,50,3.44
2027,한라대학교,사회복지학과,학생부교과,지역인재전형,70,3.62
2027,한라대학교,경찰행정학과,학생부교과,지역인재전형,50,3.13
2027,한라대학교,경찰행정학과,학생부교과,지역인재전형,70,3.18
2027,한라대학교,경영학과,학생부교과,지역인재전형,50,4.11
2027,한라대학교,경영학과,학생부교과,지역인재전형,70,4.11
2027,한라대학교,호텔항공외식경영학과,학생부교과,지역인재전형,50,4.82
2027,한라대학교,호텔항공외식경영학과,학생부교과,지역인재전형,70,5.58
2027,한라대학교,문화관광경영학과,학생부교과,지역인재전형,50,5.05
2027,한라대학교,문화관광경영학과,학생부교과,지역인재전형,70,5.05
2027,한라대학교,뷰티디자인학과,학생부교과,지역인재전형,50,4.16
2027,한라대학교,뷰티디자인학과,학생부교과,지역인재전형,70,4.16
2027,한라대학교,스포츠학과,학생부교과,지역인재전형,50,3.75
2027,한라대학교,스포츠학과,학생부교과,지역인재전형,70,3.75
2027,한라대학교,자유전공학부,학생부교과,지역인재전형,50,3.76
2027,한라대학교,자유전공학부,학생부교과,지역인재전형,70,3.76
2027,한라대학교,기계자동차공학과,학생부교과,특성화고교전형,50,5.3
2027,한라대학교,기계자동차공학과,학생부교과,특성화고교전형,70,5.3
2027,한라대학교,도시인프라공학과,학생부교과,특성화고교전형,50,3.62
2027,한라대학교,도시인프라공학과,학생부교과,특성화고교전형,70,3.62
2027,한라대학교,컴퓨터공학과,학생부교과,특성화고교전형,50,1.42
2027,한라대학교,컴퓨터공학과,학생부교과,특성화고교전형,70,1.42
2027,한라대학교,IT소프트웨어학과,학생부교과,특성화고교전형,50,3.39
2027,한라대학교,IT소프트웨어학과,학생부교과,특성화고교전형,70,3.39
2027,한라대학교,전기전자공학과,학생부교과,특성화고교전형,50,4.3
2027,한라대학교,전기전자공학과,학생부교과,특성화고교전형,70,4.3
2027,한라대학교,영상제작학과,학생부교과,특성화고교전형,50,2.26
2027,한라대학교,영상제작학과,학생부교과,특성화고교전형,70,2.26
2027,한라대학교,건축학과,학생부교과,특성화고교전형,50,3.29
2027,한라대학교,건축학과,학생부교과,특성화고교전형,70,3.29
2027,한라대학교,뷰티디자인학과,학생부교과,특성화고교전형,50,4.9
2027,한라대학교,뷰티디자인학과,학생부교과,특성화고교전형,70,4.9
2027,한라대학교,스포츠학과,실기/실적,체육특기자전형,50,5.19
2027,한라대학교,스포츠학과,실기/실적,체육특기자전형,70,5.68
2027,협성대학교,신학과,학생부교과,학생부교과우수자전형,50,3.55
2027,협성대학교,신학과,학생부교과,학생부교과우수자전형,70,4.01
2027,협성대학교,문예창작학과,학생부교과,학생부교과우수자전형,50,2.64
2027,협성대학교,문예창작학과,학생부교과,학생부교과우수자전형,70,2.8
2027,협성대학교,사회복지학과,학생부교과,학생부교과우수자전형,50,3
2027,협성대학교,사회복지학과,학생부교과,학생부교과우수자전형,70,3
2027,협성대학교,아동보육학과,학생부교과,학생부교과우수자전형,50,3.26
2027,협성대학교,아동보육학과,학생부교과,학생부교과우수자전형,70,3.33
2027,협성대학교,중국어문화학과,학생부교과,학생부교과우수자전형,50,3.31
2027,협성대학교,중국어문화학과,학생부교과,학생부교과우수자전형,70,3.38
2027,협성대학교,도시행정학과,학생부교과,학생부교과우수자전형,50,3.18
2027,협성대학교,도시행정학과,학생부교과,학생부교과우수자전형,70,3.22
2027,협성대학교,미디어영상광고학과,학생부교과,학생부교과우수자전형,50,2.75
2027,협성대학교,미디어영상광고학과,학생부교과,학생부교과우수자전형,70,2.83
2027,협성대학교,경영학과,학생부교과,학생부교과우수자전형,50,2.9
2027,협성대학교,경영학과,학생부교과,학생부교과우수자전형,70,2.97
2027,협성대학교,금융보험학과,학생부교과,학생부교과우수자전형,50,3.55
2027,협성대학교,금융보험학과,학생부교과,학생부교과우수자전형,70,3.66
2027,협성대학교,세무회계학과,학생부교과,학생부교과우수자전형,50,3
2027,협성대학교,세무회계학과,학생부교과,학생부교과우수자전형,70,3.06
2027,협성대학교,호텔관광경영학과,학생부교과,학생부교과우수자전형,50,3
2027,협성대학교,호텔관광경영학과,학생부교과,학생부교과우수자전형,70,3
2027,협성대학교,유통경영학과,학생부교과,학생부교과우수자전형,50,3.35
2027,협성대학교,유통경영학과,학생부교과,학생부교과우수자전형,70,3.38
2027,협성대학교,컴퓨터공학과,학생부교과,학생부교과우수자전형,50,3
2027,협성대학교,컴퓨터공학과,학생부교과,학생부교과우수자전형,70,3.09
2027,협성대학교,소프트웨어공학과,학생부교과,학생부교과우수자전형,50,3.02
2027,협성대학교,소프트웨어공학과,학생부교과,학생부교과우수자전형,70,3.11
2027,협성대학교,건축공학과,학생부교과,학생부교과우수자전형,50,3.25
2027,협성대학교,건축공학과,학생부교과,학생부교과우수자전형,70,3.4
2027,협성대학교,도시공학과,학생부교과,학생부교과우수자전형,50,3.53
2027,협성대학교,도시공학과,학생부교과,학생부교과우수자전형,70,3.58
2027,협성대학교,보건관리학과,학생부교과,학생부교과우수자전형,50,3.2
2027,협성대학교,보건관리학과,학생부교과,학생부교과우수자전형,70,3.2
2027,협성대학교,의생명화학과,학생부교과,학생부교과우수자전형,50,2.77
2027,협성대학교,의생명화학과,학생부교과,학생부교과우수자전형,70,2.8
2027,협성대학교,자율전공학부,학생부교과,학생부교과우수자전형,50,3.31
2027,협성대학교,자율전공학부,학생부교과,학생부교과우수자전형,70,3.38
2027,협성대학교,문예창작학과,학생부교과,미래역량우수자전형,50,2.64
2027,협성대학교,문예창작학과,학생부교과,미래역량우수자전형,70,2.8
2027,협성대학교,사회복지학과,학생부교과,미래역량우수자전형,50,3
2027,협성대학교,사회복지학과,학생부교과,미래역량우수자전형,70,3
2027,협성대학교,아동보육학과,학생부교과,미래역량우수자전형,50,3.26
2027,협성대학교,아동보육학과,학생부교과,미래역량우수자전형,70,3.33
2027,협성대학교,중국어문화학과,학생부교과,미래역량우수자전형,50,3.31
2027,협성대학교,중국어문화학과,학생부교과,미래역량우수자전형,70,3.38
2027,협성대학교,도시행정학과,학생부교과,미래역량우수자전형,50,3.18
2027,협성대학교,도시행정학과,학생부교과,미래역량우수자전형,70,3.22
2027,협성대학교,미디어영상광고학과,학생부교과,미래역량우수자전형,50,2.75
2027,협성대학교,미디어영상광고학과,학생부교과,미래역량우수자전형,70,2.83
2027,협성대학교,경영학과,학생부교과,미래역량우수자전형,50,2.9
2027,협성대학교,경영학과,학생부교과,미래역량우수자전형,70,2.97
2027,협성대학교,금융보험학과,학생부교과,미래역량우수자전형,50,3.55
2027,협성대학교,금융보험학과,학생부교과,미래역량우수자전형,70,3.66
2027,협성대학교,세무회계학과,학생부교과,미래역량우수자전형,50,3
2027,협성대학교,세무회계학과,학생부교과,미래역량우수자전형,70,3.06
2027,협성대학교,호텔관광경영학과,학생부교과,미래역량우수자전형,50,3
2027,협성대학교,호텔관광경영학과,학생부교과,미래역량우수자전형,70,3
2027,협성대학교,유통경영학과,학생부교과,미래역량우수자전형,50,3.35
2027,협성대학교,유통경영학과,학생부교과,미래역량우수자전형,70,3.38
2027,협성대학교,컴퓨터공학과,학생부교과,미래역량우수자전형,50,3
2027,협성대학교,컴퓨터공학과,학생부교과,미래역량우수자전형,70,3.09
2027,협성대학교,소프트웨어공학과,학생부교과,미래역량우수자전형,50,3.02
2027,협성대학교,소프트웨어공학과,학생부교과,미래역량우수자전형,70,3.11
2027,협성대학교,건축공학과,학생부교과,미래역량우수자전형,50,3.25
2027,협성대학교,건축공학과,학생부교과,미래역량우수자전형,70,3.4
2027,협성대학교,도시공학과,학생부교과,미래역량우수자전형,50,3.53
2027,협성대학교,도시공학과,학생부교과,미래역량우수자전형,70,3.58
2027,협성대학교,보건관리학과,학생부교과,미래역량우수자전형,50,3.2
2027,협성대학교,보건관리학과,학생부교과,미래역량우수자전형,70,3.2
2027,협성대학교,의생명화학과,학생부교과,미래역량우수자전형,50,2.77
2027,협성대학교,의생명화학과,학생부교과,미래역량우수자전형,70,2.8
2027,협성대학교,자율전공학부,학생부교과,미래역량우수자전형,50,3.31
2027,협성대학교,자율전공학부,학생부교과,미래역량우수자전형,70,3.38
2027,협성대학교,자율전공학부,학생부종합,협성창의인재 I 전형(서류),50,4
2027,협성대학교,자율전공학부,학생부종합,협성창의인재 I 전형(서류),70,4.08
2027,협성대학교,피아노전공,실기/실적,실기우수자전형,50,4.47
2027,협성대학교,피아노전공,실기/실적,실기우수자전형,70,4.64
2027,협성대학교,관현악전공,실기/실적,실기우수자전형,50,4.11
2027,협성대학교,관현악전공,실기/실적,실기우수자전형,70,4.11
2027,협성대학교,성악전공,실기/실적,실기우수자전형,50,4.1
2027,협성대학교,성악전공,실기/실적,실기우수자전형,70,4.1
2027,협성대학교,실용음악전공,실기/실적,실기우수자전형,50,4.66
2027,협성대학교,실용음악전공,실기/실적,실기우수자전형,70,4.66
2027,협성대학교,실내디자인학과,실기/실적,실기우수자전형,50,3.48
2027,협성대학교,실내디자인학과,실기/실적,실기우수자전형,70,3.55
2027,협성대학교,가구디자인학과,실기/실적,실기우수자전형,50,3.89
2027,협성대학교,가구디자인학과,실기/실적,실기우수자전형,70,4.03
2027,협성대학교,산업디자인학과,실기/실적,실기우수자전형,50,3.41
2027,협성대학교,산업디자인학과,실기/실적,실기우수자전형,70,3.52
2027,협성대학교,시각디자인학과,실기/실적,실기우수자전형,50,3.37
2027,협성대학교,시각디자인학과,실기/실적,실기우수자전형,70,3.48
2027,협성대학교,문예창작학과,학생부교과,농어촌학생전형(외),50,3.13
2027,협성대학교,문예창작학과,학생부교과,농어촌학생전형(외),70,3.13
2027,협성대학교,사회복지학과,학생부교과,농어촌학생전형(외),50,4.41
2027,협성대학교,사회복지학과,학생부교과,농어촌학생전형(외),70,4.41
2027,협성대학교,도시행정학과,학생부교과,농어촌학생전형(외),50,4.56
2027,협성대학교,도시행정학과,학생부교과,농어촌학생전형(외),70,4.56
2027,협성대학교,미디어영상광고학과,학생부교과,농어촌학생전형(외),50,3.69
2027,협성대학교,미디어영상광고학과,학생부교과,농어촌학생전형(외),70,3.69
2027,협성대학교,경영학과,학생부교과,농어촌학생전형(외),50,3.51
2027,협성대학교,경영학과,학생부교과,농어촌학생전형(외),70,3.51
2027,협성대학교,세무회계학과,학생부교과,농어촌학생전형(외),50,4.73
2027,협성대학교,세무회계학과,학생부교과,농어촌학생전형(외),70,4.73
2027,협성대학교,호텔관광경영학과,학생부교과,농어촌학생전형(외),50,4.26
2027,협성대학교,호텔관광경영학과,학생부교과,농어촌학생전형(외),70,4.26
2027,협성대학교,유통경영학과,학생부교과,농어촌학생전형(외),50,4.73
2027,협성대학교,유통경영학과,학생부교과,농어촌학생전형(외),70,4.73
2027,협성대학교,컴퓨터공학과,학생부교과,농어촌학생전형(외),50,3.6
2027,협성대학교,컴퓨터공학과,학생부교과,농어촌학생전형(외),70,3.6
2027,협성대학교,소프트웨어공학과,학생부교과,농어촌학생전형(외),50,3.89
2027,협성대학교,소프트웨어공학과,학생부교과,농어촌학생전형(외),70,3.89
2027,협성대학교,건축공학과,학생부교과,농어촌학생전형(외),50,3.71
2027,협성대학교,건축공학과,학생부교과,농어촌학생전형(외),70,3.71
2027,협성대학교,보건관리학과,학생부교과,농어촌학생전형(외),50,4.58
2027,협성대학교,보건관리학과,학생부교과,농어촌학생전형(외),70,4.58
2027,협성대학교,의생명화학과,학생부교과,농어촌학생전형(외),50,2.73
2027,협성대학교,의생명화학과,학생부교과,농어촌학생전형(외),70,2.73
2027,협성대학교,산업디자인학과,학생부교과,농어촌학생전형(외),50,5.22
2027,협성대학교,산업디자인학과,학생부교과,농어촌학생전형(외),70,5.22
2027,협성대학교,가구디자인학과,학생부교과,농어촌학생전형(외),50,4.03
2027,협성대학교,가구디자인학과,학생부교과,농어촌학생전형(외),70,4.03
2027,협성대학교,산업디자인학과,학생부교과,농어촌학생전형(외),50,5.22
2027,협성대학교,산업디자인학과,학생부교과,농어촌학생전형(외),70,5.22
2027,협성대학교,시각디자인학과,학생부교과,농어촌학생전형(외),50,5.29
2027,협성대학교,시각디자인학과,학생부교과,농어촌학생전형(외),70,5.29
2027,협성대학교,미디어영상광고학과,학생부교과,특성화고교졸업자전형(외),50,2.62
2027,협성대학교,미디어영상광고학과,학생부교과,특성화고교졸업자전형(외),70,2.62
2027,협성대학교,경영학과,학생부교과,특성화고교졸업자전형(외),50,3.65
2027,협성대학교,경영학과,학생부교과,특성화고교졸업자전형(외),70,3.65
2027,협성대학교,금융보험학과,학생부교과,특성화고교졸업자전형(외),50,3.19
2027,협성대학교,금융보험학과,학생부교과,특성화고교졸업자전형(외),70,3.19
2027,협성대학교,세무회계학과,학생부교과,특성화고교졸업자전형(외),50,2.21
2027,협성대학교,세무회계학과,학생부교과,특성화고교졸업자전형(외),70,2.21
2027,협성대학교,호텔관광경영학과,학생부교과,특성화고교졸업자전형(외),50,3.92
2027,협성대학교,호텔관광경영학과,학생부교과,특성화고교졸업자전형(외),70,3.92
2027,협성대학교,유통경영학과,학생부교과,특성화고교졸업자전형(외),50,3.38
2027,협성대학교,유통경영학과,학생부교과,특성화고교졸업자전형(외),70,3.38
2027,협성대학교,컴퓨터공학과,학생부교과,특성화고교졸업자전형(외),50,2.3
2027,협성대학교,컴퓨터공학과,학생부교과,특성화고교졸업자전형(외),70,2.3
2027,협성대학교,소프트웨어공학과,학생부교과,특성화고교졸업자전형(외),50,1.72
2027,협성대학교,소프트웨어공학과,학생부교과,특성화고교졸업자전형(외),70,1.72
2027,협성대학교,건축공학과,학생부교과,특성화고교졸업자전형(외),50,2.11
2027,협성대학교,건축공학과,학생부교과,특성화고교졸업자전형(외),70,2.11
2027,협성대학교,보건관리학과,학생부교과,특성화고교졸업자전형(외),50,3.58
2027,협성대학교,보건관리학과,학생부교과,특성화고교졸업자전형(외),70,3.58
2027,협성대학교,실내디자인학과,학생부교과,특성화고교졸업자전형(외),50,2.14
2027,협성대학교,실내디자인학과,학생부교과,특성화고교졸업자전형(외),70,2.14
2027,협성대학교,산업디자인학과,학생부교과,특성화고교졸업자전형(외),50,3.27
2027,협성대학교,산업디자인학과,학생부교과,특성화고교졸업자전형(외),70,3.27
2027,협성대학교,시각디자인학과,학생부교과,특성화고교졸업자전형(외),50,2.03
2027,협성대학교,시각디자인학과,학생부교과,특성화고교졸업자전형(외),70,2.03
2027,협성대학교,문예창작학과,학생부교과,기초생활및차상위전형(외),50,3.55
2027,협성대학교,문예창작학과,학생부교과,기초생활및차상위전형(외),70,3.55
2027,협성대학교,사회복지학과,학생부교과,기초생활및차상위전형(외),50,3.96
2027,협성대학교,사회복지학과,학생부교과,기초생활및차상위전형(외),70,4.22
2027,협성대학교,아동보육학과,학생부교과,기초생활및차상위전형(외),50,4.16
2027,협성대학교,아동보육학과,학생부교과,기초생활및차상위전형(외),70,4.3
2027,협성대학교,도시행정학과,학생부교과,기초생활및차상위전형(외),50,4.25
2027,협성대학교,도시행정학과,학생부교과,기초생활및차상위전형(외),70,4.28
2027,협성대학교,미디어영상광고학과,학생부교과,기초생활및차상위전형(외),50,3.37
2027,협성대학교,미디어영상광고학과,학생부교과,기초생활및차상위전형(외),70,3.48
2027,협성대학교,경영학과,학생부교과,기초생활및차상위전형(외),50,3.44
2027,협성대학교,경영학과,학생부교과,기초생활및차상위전형(외),70,3.63
2027,협성대학교,금융보험학과,학생부교과,기초생활및차상위전형(외),50,4.11
2027,협성대학교,금융보험학과,학생부교과,기초생활및차상위전형(외),70,4.14
2027,협성대학교,세무회계학과,학생부교과,기초생활및차상위전형(외),50,3.92
2027,협성대학교,세무회계학과,학생부교과,기초생활및차상위전형(외),70,3.92
2027,협성대학교,호텔관광경영학과,학생부교과,기초생활및차상위전형(외),50,3.81
2027,협성대학교,호텔관광경영학과,학생부교과,기초생활및차상위전형(외),70,4.03
2027,협성대학교,유통경영학과,학생부교과,기초생활및차상위전형(외),50,4.25
2027,협성대학교,유통경영학과,학생부교과,기초생활및차상위전형(외),70,4.28
2027,협성대학교,컴퓨터공학과,학생부교과,기초생활및차상위전형(외),50,3.86
2027,협성대학교,컴퓨터공학과,학생부교과,기초생활및차상위전형(외),70,3.89
2027,협성대학교,소프트웨어공학과,학생부교과,기초생활및차상위전형(외),50,3.78
2027,협성대학교,소프트웨어공학과,학생부교과,기초생활및차상위전형(외),70,4.11
2027,협성대학교,건축공학과,학생부교과,기초생활및차상위전형(외),50,4.14
2027,협성대학교,건축공학과,학생부교과,기초생활및차상위전형(외),70,4.21
2027,협성대학교,보건관리학과,학생부교과,기초생활및차상위전형(외),50,3.93
2027,협성대학교,보건관리학과,학생부교과,기초생활및차상위전형(외),70,3.96
2027,협성대학교,의생명화학과,학생부교과,기초생활및차상위전형(외),50,3.44
2027,협성대학교,의생명화학과,학생부교과,기초생활및차상위전형(외),70,3.46