year,university,department,admission_type,track_name,cutoff_score_50,cutoff_score_70
2026,서울대학교,경영대학,학생부종합,지역균형선발,1.15,1.2
2026,서울대학교,경제학부,학생부종합,지역균형선발,1,1
2026,서울대학교,국어교육과,학생부종합,지역균형선발,1.12,1.14
2026,서울대학교,농경제사회학부,학생부종합,지역균형선발,1.33,1.38
2026,서울대학교,독어교육과,학생부종합,지역균형선발,1.58,1.58
2026,서울대학교,불어교육과,학생부종합,지역균형선발,1.56,1.56
2026,서울대학교,사회교육과,학생부종합,지역균형선발,1.32,1.32
2026,서울대학교,사회복지학과,학생부종합,지역균형선발,1.28,1.3
2026,서울대학교,사회학과,학생부종합,지역균형선발,1.08,1.22
2026,서울대학교,소비자학전공,학생부종합,지역균형선발,1.32,1.35
2026,서울대학교,심리학과,학생부종합,지역균형선발,1.28,1.29
2026,서울대학교,아동가족학전공,학생부종합,지역균형선발,1.44,1.15
2026,서울대학교,역사교육과,학생부종합,지역균형선발,1.41,1.45
2026,서울대학교,역사학부,학생부종합,지역균형선발,1.37,1.46
2026,서울대학교,영어교육과,학생부종합,지역균형선발,1.26,1.26
2026,서울대학교,윤리교육과,학생부종합,지역균형선발,,
2026,서울대학교,인문계열(광역),학생부종합,지역균형선발,1.4,1.31
2026,서울대학교,자유전공학부,학생부종합,지역균형선발,1.17,1.21
2026,서울대학교,정치외교학부,학생부종합,지역균형선발,1.09,1.15
2026,서울대학교,지리교육과,학생부종합,지역균형선발,1.59,1.62
2026,서울대학교,지리학과,학생부종합,지역균형선발,1.38,1.44
2026,서울대학교,경영대학,학생부종합,일반전형,1.81,1.94
2026,서울대학교,경제학부,학생부종합,일반전형,1.77,2.11
2026,서울대학교,고고미술사학과,학생부종합,일반전형,1.98,2.68
2026,서울대학교,교육학과,학생부종합,일반전형,1.88,1.99
2026,서울대학교,국어교육과,학생부종합,일반전형,1.77,1.95
2026,서울대학교,국어국문학과,학생부종합,일반전형,2.1,2.52
2026,서울대학교,노어노문학과,학생부종합,일반전형,1.57,2.16
2026,서울대학교,농경제사회학부,학생부종합,일반전형,2.33,2.45
2026,서울대학교,독어교육과,학생부종합,일반전형,2.43,2.79
2026,서울대학교,독어독문학과,학생부종합,일반전형,2.19,2.36
2026,서울대학교,미학과,학생부종합,일반전형,2.05,2.15
2026,서울대학교,불어교육과,학생부종합,일반전형,2.43,2.62
2026,서울대학교,불어불문학과,학생부종합,일반전형,2.29,2.37
2026,서울대학교,사회교육과,학생부종합,일반전형,1.67,1.91
2026,서울대학교,사회복지학과,학생부종합,일반전형,2.34,2.36
2026,서울대학교,사회학과,학생부종합,일반전형,1.77,1.93
2026,서울대학교,서어서문학과,학생부종합,일반전형,1.77,1.9
2026,서울대학교,소비자학전공,학생부종합,일반전형,1.51,1.77
2026,서울대학교,심리학과,학생부종합,일반전형,1.83,2.2
2026,서울대학교,아동가족학전공,학생부종합,일반전형,2.2,1.91
2026,서울대학교,아시아언어문명학부,학생부종합,일반전형,1.58,2.09
2026,서울대학교,언론정보학과,학생부종합,일반전형,1.5,1.67
2026,서울대학교,언어학과,학생부종합,일반전형,1.57,1.98
2026,서울대학교,역사교육과,학생부종합,일반전형,1.64,1.67
2026,서울대학교,역사학부,학생부종합,일반전형,1.47,2.38
2026,서울대학교,영어교육과,학생부종합,일반전형,1.78,2.34
2026,서울대학교,영어영문학과,학생부종합,일반전형,1.9,2.1
2026,서울대학교,윤리교육과,학생부종합,일반전형,1.69,1.73
2026,서울대학교,인류학과,학생부종합,일반전형,1.82,2.37
2026,서울대학교,자유전공학부,학생부종합,일반전형,1.9,2.19
2026,서울대학교,정치외교학부,학생부종합,일반전형,1.81,1.98
2026,서울대학교,종교학과,학생부종합,일반전형,2.37,2.49
2026,서울대학교,중어중문학과,학생부종합,일반전형,2.12,2.36
2026,서울대학교,지리교육과,학생부종합,일반전형,1.91,2.44
2026,서울대학교,지리학과,학생부종합,일반전형,2,2.34
2026,서울대학교,철학과,학생부종합,일반전형,1.85,2.36
2026,서울대학교,간호대학,학생부종합,지역균형선발,1.35,1.35
2026,서울대학교,건설환경공학부,학생부종합,지역균형선발,1.21,1.48
2026,서울대학교,건축학과,학생부종합,지역균형선발,1.24,1.34
2026,서울대학교,기계공학부,학생부종합,지역균형선발,1.17,1.28
2026,서울대학교,물리교육과,학생부종합,지역균형선발,,
2026,서울대학교,물리학전공,학생부종합,지역균형선발,1.24,1.24
2026,서울대학교,바이오시스템·소재,학생부종합,지역균형선발,1.37,1.38
2026,서울대학교,산림과학부,학생부종합,지역균형선발,1.32,1.44
2026,서울대학교,산업공학과,학생부종합,지역균형선발,1.21,1.21
2026,서울대학교,생명과학부,학생부종합,지역균형선발,1.17,1.23
2026,서울대학교,생물교육과,학생부종합,지역균형선발,1.26,
2026,서울대학교,수리과학부,학생부종합,지역균형선발,1.15,1.2
2026,서울대학교,수의예과,학생부종합,지역균형선발,1.11,1.15
2026,서울대학교,수학교육과,학생부종합,지역균형선발,1.05,1.05
2026,서울대학교,식물생산과학부,학생부종합,지역균형선발,1.34,1.4
2026,서울대학교,식품·동물생명공,학생부종합,지역균형선발,1.48,1.31
2026,서울대학교,식품영양학과,학생부종합,지역균형선발,1.25,1.25
2026,서울대학교,약학계열,학생부종합,지역균형선발,1.12,1.16
2026,서울대학교,에너지자원공학과,학생부종합,지역균형선발,1.33,1.48
2026,서울대학교,원자핵공학과,학생부종합,지역균형선발,1.24,1.3
2026,서울대학교,응용생물화학부,학생부종합,지역균형선발,1.23,1.19
2026,서울대학교,의류학과,학생부종합,지역균형선발,1.39,1.44
2026,서울대학교,의학과,학생부종합,지역균형선발,1.06,1.11
2026,서울대학교,재료공학부,학생부종합,지역균형선발,1.16,1.24
2026,서울대학교,전기·정보공학부,학생부종합,지역균형선발,1.1,1.16
2026,서울대학교,조경·지역시스템공,학생부종합,지역균형선발,1.46,1.37
2026,서울대학교,조선해양공학과,학생부종합,지역균형선발,1.4,1.4
2026,서울대학교,지구과학교육과,학생부종합,지역균형선발,,
2026,서울대학교,지구환경과학부,학생부종합,지역균형선발,1.42,1.46
2026,서울대학교,첨단융합학부,학생부종합,지역균형선발,1.16,1.18
2026,서울대학교,치의학과,학생부종합,지역균형선발,1.4,1.31
2026,서울대학교,컴퓨터공학부,학생부종합,지역균형선발,1.05,1.1
2026,서울대학교,통계학과,학생부종합,지역균형선발,1.21,1.21
2026,서울대학교,항공우주공학과,학생부종합,지역균형선발,1.1,1.1
2026,서울대학교,화학교육과,학생부종합,지역균형선발,1.25,1.43
2026,서울대학교,화학부,학생부종합,지역균형선발,1.21,1.23
2026,서울대학교,화학생물공학부,학생부종합,지역균형선발,1.11,1.25
2026,서울대학교,스마트시스템과학,학생부종합,지역균형선발,1.4,
2026,서울대학교,간호대학,학생부종합,일반전형,1.79,2.01
2026,서울대학교,건설환경공학부,학생부종합,일반전형,2.43,2.43
2026,서울대학교,건축학과,학생부종합,일반전형,1.85,2.69
2026,서울대학교,기계공학부,학생부종합,일반전형,2.04,2.26
2026,서울대학교,물리교육과,학생부종합,일반전형,1.65,1.7
2026,서울대학교,물리학전공,학생부종합,일반전형,2.32,2.54
2026,서울대학교,바이오시스템소재,학생부종합,일반전형,3.29,3.29
2026,서울대학교,산림과학부,학생부종합,일반전형,1.8,1.99
2026,서울대학교,산업공학과,학생부종합,일반전형,2.08,2.14
2026,서울대학교,생명과학부,학생부종합,일반전형,1.98,2.06
2026,서울대학교,생물교육과,학생부종합,일반전형,1.76,2.1
2026,서울대학교,수리과학부,학생부종합,일반전형,,1.32
2026,서울대학교,수의예과,학생부종합,일반전형,1.46,1.68
2026,서울대학교,수학교육과,학생부종합,일반전형,1.52,1.59
2026,서울대학교,식물생산과학부,학생부종합,일반전형,2.13,2.6
2026,서울대학교,식품동물생명공,학생부종합,일반전형,1.8,1.8
2026,서울대학교,식품영양학과,학생부종합,일반전형,1.64,1.75
2026,서울대학교,약학계열,학생부종합,일반전형,1.58,1.58
2026,서울대학교,에너지자원공,학생부종합,일반전형,2.28,2.28
2026,서울대학교,원자핵공학과,학생부종합,일반전형,2.4,2.51
2026,서울대학교,응용생물화학부,학생부종합,일반전형,2.29,2.71
2026,서울대학교,의류학과,학생부종합,일반전형,2.03,2.23
2026,서울대학교,의학과,학생부종합,일반전형,1.22,1.22
2026,서울대학교,재료공학부,학생부종합,일반전형,1.95,2.21
2026,서울대학교,전기정보공학부,학생부종합,일반전형,2,2
2026,서울대학교,조경지역시스템공,학생부종합,일반전형,2.35,2.35
2026,서울대학교,조선해양공학과,학생부종합,일반전형,2.15,2.82
2026,서울대학교,지구과학교육과,학생부종합,일반전형,2.01,2.36
2026,서울대학교,지구환경과학부,학생부종합,일반전형,2.26,3.36
2026,서울대학교,천문학전공,학생부종합,일반전형,,1.54
2026,서울대학교,첨단융합학부,학생부종합,일반전형,1.64,1.91
2026,서울대학교,치의학과,학생부종합,일반전형,1.52,1.52
2026,서울대학교,컴퓨터공학부,학생부종합,일반전형,1.3,1.32
2026,서울대학교,통계학과,학생부종합,일반전형,,1.71
2026,서울대학교,항공우주공학과,학생부종합,일반전형,2.51,2.72
2026,서울대학교,화학교육과,학생부종합,일반전형,2.12,2.18
2026,서울대학교,화학부,학생부종합,일반전형,2.76,2.76
2026,서울대학교,화학생물공학부,학생부종합,일반전형,1.69,1.82
2026,서울대학교,스마트시스템과학(에코),학생부종합,일반전형,2.02,2.02
2026,연세대학교,경영학과,학생부교과,추천형,1.24,1.28
2026,연세대학교,경제학부,학생부교과,추천형,1.24,1.26
2026,연세대학교,교육학부,학생부교과,추천형,1.61,1.62
2026,연세대학교,국어국문학과,학생부교과,추천형,1.27,1.35
2026,연세대학교,노어노문학과,학생부교과,추천형,1.52,1.56
2026,연세대학교,독어독문학과,학생부교과,추천형,1.47,1.52
2026,연세대학교,문헌정보학과,학생부교과,추천형,1.33,1.46
2026,연세대학교,문화인류학과,학생부교과,추천형,1.27,1.27
2026,연세대학교,불어불문학과,학생부교과,추천형,1.46,1.49
2026,연세대학교,사학과,학생부교과,추천형,1.38,1.43
2026,연세대학교,사회복지학과,학생부교과,추천형,1.55,1.55
2026,연세대학교,사회학과,학생부교과,추천형,1.21,1.26
2026,연세대학교,신학과,학생부교과,추천형,1.57,1.64
2026,연세대학교,심리학과,학생부교과,추천형,1.35,1.35
2026,연세대학교,아동·가족학과,학생부교과,추천형,1.43,1.43
2026,연세대학교,언론홍보영상학부,학생부교과,추천형,1.38,1.5
2026,연세대학교,영어영문학과,학생부교과,추천형,1.32,1.35
2026,연세대학교,응용통계학과,학생부교과,추천형,1.28,1.31
2026,연세대학교,정치외교학과,학생부교과,추천형,1.15,1.2
2026,연세대학교,중어중문학과,학생부교과,추천형,1.48,1.48
2026,연세대학교,철학과,학생부교과,추천형,1.38,1.4
2026,연세대학교,행정학과,학생부교과,추천형,1.38,1.44
2026,연세대학교,진리자유학부,학생부교과,추천형,,
2026,연세대학교,경영학과,학생부종합,활동우수형,1.62,1.78
2026,연세대학교,경제학부,학생부종합,활동우수형,1.8,2.15
2026,연세대학교,교육학부,학생부종합,활동우수형,1.86,2.76
2026,연세대학교,국어국문학과,학생부종합,활동우수형,2.01,2.24
2026,연세대학교,노어노문학과,학생부종합,활동우수형,3.06,3.31
2026,연세대학교,독어독문학과,학생부종합,활동우수형,2.29,2.29
2026,연세대학교,문헌정보학과,학생부종합,활동우수형,2.56,2.71
2026,연세대학교,문화인류학과,학생부종합,활동우수형,2.27,2.27
2026,연세대학교,불어불문학과,학생부종합,활동우수형,2.59,2.72
2026,연세대학교,사학과,학생부종합,활동우수형,1.84,2.04
2026,연세대학교,사회복지학과,학생부종합,활동우수형,1.76,1.86
2026,연세대학교,사회학과,학생부종합,활동우수형,1.76,1.92
2026,연세대학교,신학과,학생부종합,활동우수형,2.12,2.8
2026,연세대학교,심리학과,학생부종합,활동우수형,1.56,1.56
2026,연세대학교,아동·가족학과,학생부종합,활동우수형,1.8,1.8
2026,연세대학교,언론홍보영상학부,학생부종합,활동우수형,1.66,1.73
2026,연세대학교,영어영문학과,학생부종합,활동우수형,1.98,2.14
2026,연세대학교,응용통계학과,학생부종합,활동우수형,1.74,2.03
2026,연세대학교,정치외교학과,학생부종합,활동우수형,1.7,2.04
2026,연세대학교,중어중문학과,학생부종합,활동우수형,2.97,3
2026,연세대학교,철학과,학생부종합,활동우수형,2.01,2.38
2026,연세대학교,행정학과,학생부종합,활동우수형,1.66,1.77
2026,연세대학교,진리자유학부,학생부종합,활동우수형,,
2026,연세대학교,아시아학전공,학생부종합,국제형,2.32,2.76
2026,연세대학교,융합인문사회과학(HASS),학생부종합,국제형,1.8,2.43
2026,연세대학교,의예과,학생부교과,추천형,1.12,1.16
2026,연세대학교,약학과,학생부교과,추천형,1.78,1.78
2026,연세대학교,치의예과,학생부교과,추천형,1.05,1.06
2026,연세대학교,IT융합공학부,학생부교과,추천형,1.21,1.21
2026,연세대학교,간호학과,학생부교과,추천형,2.02,2.02
2026,연세대학교,건축공학과,학생부교과,추천형,1.3,1.32
2026,연세대학교,기계공학부,학생부교과,추천형,1.27,1.3
2026,연세대학교,대기과학과,학생부교과,추천형,1.29,1.35
2026,연세대학교,도시공학과,학생부교과,추천형,1.33,1.33
2026,연세대학교,디스플레이융합공학과,학생부교과,추천형,1.18,1.27
2026,연세대학교,물리학과,학생부교과,추천형,1.12,1.12
2026,연세대학교,사회환경시스템공,학생부교과,추천형,1.39,1.39
2026,연세대학교,산업공학과,학생부교과,추천형,1.25,1.25
2026,연세대학교,생명공학과,학생부교과,추천형,1.15,1.16
2026,연세대학교,생화학과,학생부교과,추천형,1.14,1.14
2026,연세대학교,수학과,학생부교과,추천형,1.25,1.26
2026,연세대학교,시스템반도체공학과,학생부교과,추천형,1.09,1.14
2026,연세대학교,시스템생물학과,학생부교과,추천형,1.24,1.24
2026,연세대학교,신소재공학부,학생부교과,추천형,1.2,1.22
2026,연세대학교,식품영양학과,학생부교과,추천형,1.29,1.29
2026,연세대학교,실내건축학과,학생부교과,추천형,1.47,1.48
2026,연세대학교,의류환경학과,학생부교과,추천형,1.18,1.24
2026,연세대학교,전기전자공학부,학생부교과,추천형,1.19,1.21
2026,연세대학교,지구시스템과학과,학생부교과,추천형,1.32,1.32
2026,연세대학교,천문우주학과,학생부교과,추천형,1.11,1.11
2026,연세대학교,첨단컴퓨팅학부,학생부교과,추천형,1.18,1.18
2026,연세대학교,진리자유학부(자연),학생부교과,추천형,1.14,1.21
2026,연세대학교,지능형반도체,학생부교과,추천형,1.48,1.48
2026,연세대학교,모빌리티시스템,학생부교과,추천형,,
2026,연세대학교,통합디자인학과,학생부교과,추천형,1.24,1.42
2026,연세대학교,화공생명공학부,학생부교과,추천형,1.12,1.16
2026,연세대학교,화학과,학생부교과,추천형,1.29,1.29
2026,연세대학교,의예과,학생부종합,활동우수형,1.07,1.09
2026,연세대학교,치의예과,학생부종합,활동우수형,1.21,1.26
2026,연세대학교,약학과,학생부종합,활동우수형,1.37,1.37
2026,연세대학교,IT융합공학부,학생부종합,활동우수형,1.81,1.87
2026,연세대학교,간호학과,학생부종합,활동우수형,1.87,1.91
2026,연세대학교,건축공학과,학생부종합,활동우수형,1.71,1.76
2026,연세대학교,기계공학부,학생부종합,활동우수형,1.48,1.68
2026,연세대학교,대기과학과,학생부종합,활동우수형,2.14,2.42
2026,연세대학교,도시공학과,학생부종합,활동우수형,1.77,2.18
2026,연세대학교,디스플레이융합공학과,학생부종합,활동우수형,2.02,2.48
2026,연세대학교,물리학과,학생부종합,활동우수형,1.46,1.58
2026,연세대학교,사회환경시스템공,학생부종합,활동우수형,2.34,2.34
2026,연세대학교,산업공학과,학생부종합,활동우수형,1.35,1.44
2026,연세대학교,생명공학과,학생부종합,활동우수형,1.41,1.45
2026,연세대학교,생명과학부,학생부종합,활동우수형,1.5,1.72
2026,연세대학교,생화학과,학생부종합,활동우수형,1.38,1.38
2026,연세대학교,수학과,학생부종합,활동우수형,1.62,1.63
2026,연세대학교,시스템반도체공학과,학생부종합,활동우수형,1.67,1.79
2026,연세대학교,시스템생물학과,학생부종합,활동우수형,1.44,1.46
2026,연세대학교,식품영양학과,학생부종합,활동우수형,1.51,1.58
2026,연세대학교,실내건축학과,학생부종합,활동우수형,1.96,2.11
2026,연세대학교,의류환경학과,학생부종합,활동우수형,1.82,1.87
2026,연세대학교,통합디자인학과,학생부종합,활동우수형,1.78,2.03
2026,연세대학교,신소재공학부,학생부종합,활동우수형,1.48,1.53
2026,연세대학교,전기전자공학부,학생부종합,활동우수형,1.52,1.57
2026,연세대학교,지구시스템과학과,학생부종합,활동우수형,1.84,1.92
2026,연세대학교,지능형반도체,학생부종합,활동우수형,1.72,1.72
2026,연세대학교,모빌리티시스템,학생부종합,활동우수형,,
2026,연세대학교,천문우주학과,학생부종합,활동우수형,1.48,1.48
2026,연세대학교,첨단컴퓨팅학부,학생부종합,활동우수형,1.67,1.67
2026,연세대학교,진리자유학부(자연),학생부종합,활동우수형,1.52,1.57
2026,연세대학교,화공생명공학부,학생부종합,활동우수형,1.41,1.5
2026,연세대학교,화학과,학생부종합,활동우수형,1.6,1.68
2026,연세대학교,융합과학공학부(ISE),학생부종합,국제형,1.72,1.82
2026,연세대학교,경영학과,논술,논술,,
2026,연세대학교,경제학부,논술,논술,,
2026,연세대학교,교육학부,논술,논술,,
2026,연세대학교,국어국문학과,논술,논술,,
2026,연세대학교,노어노문학과,논술,논술,,
2026,연세대학교,독어독문학과,논술,논술,,
2026,연세대학교,문헌정보학과,논술,논술,,
2026,연세대학교,불어불문학과,논술,논술,,
2026,연세대학교,사학과,논술,논술,,
2026,연세대학교,사회학과,논술,논술,,
2026,연세대학교,심리학과,논술,논술,,
2026,연세대학교,언론홍보영상학부,논술,논술,,
2026,연세대학교,영어영문학과,논술,논술,,
2026,연세대학교,응용통계학과,논술,논술,,
2026,연세대학교,정치외교학과,논술,논술,,
2026,연세대학교,중어중문학과,논술,논술,,
2026,연세대학교,철학과,논술,논술,,
2026,연세대학교,행정학과,논술,논술,,
2026,연세대학교,진리자유학부,논술,논술,,
2026,연세대학교,IT융합공학부,논술,논술,,
2026,연세대학교,건축공학과,논술,논술,,
2026,연세대학교,기계공학부,논술,논술,,
2026,연세대학교,대기과학과,논술,논술,,
2026,연세대학교,도시공학과,논술,논술,,
2026,연세대학교,디스플레이융합공학과,논술,논술,,
2026,연세대학교,물리학과,논술,논술,,
2026,연세대학교,사회환경시스템공학부,논술,논술,,
2026,연세대학교,산업공학과,논술,논술,,
2026,연세대학교,생명공학과,논술,논술,,
2026,연세대학교,생화학과,논술,논술,,
2026,연세대학교,수학과,논술,논술,,
2026,연세대학교,시스템반도체공학과,논술,논술,,
2026,연세대학교,시스템생물학과,논술,논술,,
2026,연세대학교,신소재공학부,논술,논술,,
2026,연세대학교,약학과,논술,논술,,
2026,연세대학교,전기전자공학부,논술,논술,,
2026,연세대학교,모빌리티시스템,논술,논술,,
2026,연세대학교,지구시스템과학과,논술,논술,,
2026,연세대학교,지능형반도체,논술,논술,,
2026,연세대학교,천문우주학과,논술,논술,,
2026,연세대학교,첨단컴퓨팅학부,논술,논술,,
2026,연세대학교,진리자유학부(자연),논술,논술,,
2026,연세대학교,치의예과,논술,[폐지] 논술,,
2026,연세대학교,화공생명공학부,논술,논술,,
2026,연세대학교,화학과,논술,논술,,
2026,고려대학교,경영대학,학생부교과,학교추천,1.34,1.48
2026,고려대학교,경제학과,학생부교과,학교추천,1.35,1.38
2026,고려대학교,교육학과,학생부교과,학교추천,1.55,1.62
2026,고려대학교,국어교육과,학생부교과,학교추천,1.41,1.44
2026,고려대학교,국어국문학과,학생부교과,학교추천,1.36,1.44
2026,고려대학교,국제학부,학생부교과,학교추천,1.4,1.42
2026,고려대학교,노어노문학과,학생부교과,학교추천,1.53,1.56
2026,고려대학교,독어독문학과,학생부교과,학교추천,1.53,1.54
2026,고려대학교,미디어학부,학생부교과,학교추천,1.27,1.28
2026,고려대학교,보건정책관리학부,학생부교과,학교추천,1.39,1.42
2026,고려대학교,불어불문학과,학생부교과,학교추천,1.46,1.47
2026,고려대학교,사학과,학생부교과,학교추천,1.51,1.53
2026,고려대학교,사회학과,학생부교과,학교추천,1.34,1.35
2026,고려대학교,서어서문학과,학생부교과,학교추천,1.46,1.49
2026,고려대학교,식품자원경제학과,학생부교과,학교추천,1.43,1.45
2026,고려대학교,심리학부,학생부교과,학교추천,1.4,1.42
2026,고려대학교,언어학과,학생부교과,학교추천,1.51,1.54
2026,고려대학교,역사교육과,학생부교과,학교추천,1.44,1.46
2026,고려대학교,영어교육과,학생부교과,학교추천,1.35,1.52
2026,고려대학교,영어영문학과,학생부교과,학교추천,1.41,1.43
2026,고려대학교,일어일문학과,학생부교과,학교추천,1.48,1.48
2026,고려대학교,자유전공학부,학생부교과,학교추천,1.39,1.39
2026,고려대학교,정치외교학과,학생부교과,학교추천,1.18,1.23
2026,고려대학교,중어중문학과,학생부교과,학교추천,1.49,1.5
2026,고려대학교,지리교육과,학생부교과,학교추천,1.47,1.51
2026,고려대학교,철학과,학생부교과,학교추천,1.47,1.48
2026,고려대학교,통계학과,학생부교과,학교추천,1.44,1.45
2026,고려대학교,한국사학과,학생부교과,학교추천,1.63,1.66
2026,고려대학교,한문학과,학생부교과,학교추천,1.62,1.62
2026,고려대학교,행정학과,학생부교과,학교추천,1.3,1.5
2026,고려대학교,경영대학,학생부종합,학업우수형,1.97,2.18
2026,고려대학교,경제학과,학생부종합,학업우수형,1.86,2.27
2026,고려대학교,교육학과,학생부종합,학업우수형,1.68,1.78
2026,고려대학교,국어교육과,학생부종합,학업우수형,1.98,2
2026,고려대학교,국어국문학과,학생부종합,학업우수형,1.94,2.53
2026,고려대학교,국제학부,학생부종합,학업우수형,2.32,2.39
2026,고려대학교,노어노문학과,학생부종합,학업우수형,3.09,3.42
2026,고려대학교,독어독문학과,학생부종합,학업우수형,2.8,2.89
2026,고려대학교,미디어학부,학생부종합,학업우수형,1.8,2.06
2026,고려대학교,보건정책관리학부,학생부종합,학업우수형,2.01,2.64
2026,고려대학교,불어불문학과,학생부종합,학업우수형,2.97,3.13
2026,고려대학교,사학과,학생부종합,학업우수형,1.79,2.06
2026,고려대학교,사회학과,학생부종합,학업우수형,1.81,2
2026,고려대학교,서어서문학과,학생부종합,학업우수형,2.52,2.86
2026,고려대학교,식품자원경제학과,학생부종합,학업우수형,1.85,1.9
2026,고려대학교,심리학부,학생부종합,학업우수형,1.68,1.83
2026,고려대학교,언어학과,학생부종합,학업우수형,1.88,2.04
2026,고려대학교,역사교육과,학생부종합,학업우수형,1.79,1.94
2026,고려대학교,영어교육과,학생부종합,학업우수형,1.81,2.17
2026,고려대학교,영어영문학과,학생부종합,학업우수형,2.18,2.44
2026,고려대학교,일어일문학과,학생부종합,학업우수형,2.88,3.03
2026,고려대학교,자유전공학부,학생부종합,학업우수형,2.27,2.27
2026,고려대학교,정치외교학과,학생부종합,학업우수형,1.61,1.9
2026,고려대학교,중어중문학과,학생부종합,학업우수형,3.15,3.27
2026,고려대학교,지리교육과,학생부종합,학업우수형,1.78,1.81
2026,고려대학교,철학과,학생부종합,학업우수형,1.74,2.75
2026,고려대학교,통계학과,학생부종합,학업우수형,1.7,2.16
2026,고려대학교,한국사학과,학생부종합,학업우수형,1.98,2.48
2026,고려대학교,한문학과,학생부종합,학업우수형,2.18,2.96
2026,고려대학교,행정학과,학생부종합,학업우수형,1.81,2.06
2026,고려대학교,경영대학,학생부종합,계열적합형,1.73,2.06
2026,고려대학교,경제학과,학생부종합,계열적합형,1.99,2.32
2026,고려대학교,교육학과,학생부종합,계열적합형,1.64,1.75
2026,고려대학교,국어교육과,학생부종합,계열적합형,2.07,2.46
2026,고려대학교,국어국문학과,학생부종합,계열적합형,2.45,2.58
2026,고려대학교,국제학부,학생부종합,계열적합형,2.34,2.47
2026,고려대학교,노어노문학과,학생부종합,계열적합형,2.44,2.59
2026,고려대학교,독어독문학과,학생부종합,계열적합형,2.77,2.88
2026,고려대학교,미디어학부,학생부종합,계열적합형,1.98,2.23
2026,고려대학교,보건정책관리학부,학생부종합,계열적합형,2.86,2.96
2026,고려대학교,불어불문학과,학생부종합,계열적합형,2.02,2.43
2026,고려대학교,사학과,학생부종합,계열적합형,1.95,2.24
2026,고려대학교,사회학과,학생부종합,계열적합형,1.71,1.88
2026,고려대학교,서어서문학과,학생부종합,계열적합형,2.28,2.51
2026,고려대학교,식품자원경제학과,학생부종합,계열적합형,1.98,2.3
2026,고려대학교,심리학부,학생부종합,계열적합형,1.69,2.17
2026,고려대학교,언어학과,학생부종합,계열적합형,,3.18
2026,고려대학교,역사교육과,학생부종합,계열적합형,2.63,3
2026,고려대학교,영어교육과,학생부종합,계열적합형,2.33,2.86
2026,고려대학교,영어영문학과,학생부종합,계열적합형,2.41,2.61
2026,고려대학교,일어일문학과,학생부종합,계열적합형,2.19,2.3
2026,고려대학교,자유전공학부,학생부종합,계열적합형,2.06,2.06
2026,고려대학교,정치외교학과,학생부종합,계열적합형,2,2.17
2026,고려대학교,중어중문학과,학생부종합,계열적합형,2.35,2.47
2026,고려대학교,지리교육과,학생부종합,계열적합형,2.27,2.94
2026,고려대학교,철학과,학생부종합,계열적합형,,2.8
2026,고려대학교,통계학과,학생부종합,계열적합형,2.82,3.06
2026,고려대학교,한국사학과,학생부종합,계열적합형,,3.91
2026,고려대학교,한문학과,학생부종합,계열적합형,,3.21
2026,고려대학교,행정학과,학생부종합,계열적합형,2.42,2.67
2026,고려대학교,글로벌한국융합학부,학생부종합,계열적합형,2.82,2.83
2026,고려대학교,경영대학,논술,논술전형,,
2026,고려대학교,경제학과,논술,논술전형,,
2026,고려대학교,교육학과,논술,논술전형,,
2026,고려대학교,국어교육과,논술,논술전형,,
2026,고려대학교,국어국문학과,논술,논술전형,,
2026,고려대학교,국제학부,논술,논술전형,,
2026,고려대학교,노어노문학과,논술,논술전형,,
2026,고려대학교,독어독문학과,논술,논술전형,,
2026,고려대학교,미디어학부,논술,논술전형,,
2026,고려대학교,보건정책관리학부,논술,논술전형,,
2026,고려대학교,불어불문학과,논술,논술전형,,
2026,고려대학교,사학과,논술,논술전형,,
2026,고려대학교,사회학과,논술,논술전형,,
2026,고려대학교,서어서문학과,논술,논술전형,,
2026,고려대학교,식품자원경제학과,논술,논술전형,,
2026,고려대학교,심리학부,논술,논술전형,,
2026,고려대학교,언어학과,논술,논술전형,,
2026,고려대학교,역사교육과,논술,논술전형,,
2026,고려대학교,영어교육과,논술,논술전형,,
2026,고려대학교,영어영문학과,논술,논술전형,,
2026,고려대학교,일어일문학과,논술,논술전형,,
2026,고려대학교,자유전공학부,논술,논술전형,,
2026,고려대학교,정치외교학과,논술,논술전형,,
2026,고려대학교,중어중문학과,논술,논술전형,,
2026,고려대학교,지리교육과,논술,논술전형,,
2026,고려대학교,철학과,논술,논술전형,,
2026,고려대학교,통계학과,논술,논술전형,,
2026,고려대학교,한국사학과,논술,논술전형,,
2026,고려대학교,한문학과,논술,논술전형,,
2026,고려대학교,행정학과,논술,논술전형,,
2026,고려대학교,가정교육과,학생부교과,학교추천,1.4,1.41
2026,고려대학교,간호대학,학생부교과,학교추천,1.37,1.41
2026,고려대학교,건축사회환경공학부,학생부교과,학교추천,1.4,1.43
2026,고려대학교,건축학과,학생부교과,학교추천,1.43,1.47
2026,고려대학교,기계공학부,학생부교과,학교추천,1.28,1.29
2026,고려대학교,데이터과학과,학생부교과,학교추천,1.31,1.35
2026,고려대학교,물리학과,학생부교과,학교추천,1.32,1.35
2026,고려대학교,바이오시스템의과학부,학생부교과,학교추천,1.13,1.14
2026,고려대학교,바이오의공학부,학생부교과,학교추천,1.24,1.26
2026,고려대학교,보건환경융합과학부,학생부교과,학교추천,1.28,1.28
2026,고려대학교,산업경영공학부,학생부교과,학교추천,1.28,1.3
2026,고려대학교,생명공학부,학생부교과,학교추천,1.24,1.27
2026,고려대학교,생명과학부,학생부교과,학교추천,1.26,1.26
2026,고려대학교,수학과,학생부교과,학교추천,1.33,1.34
2026,고려대학교,수학교육과,학생부교과,학교추천,1.27,1.3
2026,고려대학교,스마트보안학부,학생부교과,학교추천,1.32,1.32
2026,고려대학교,식품공학과,학생부교과,학교추천,1.29,1.3
2026,고려대학교,신소재공학부,학생부교과,학교추천,1.27,1.29
2026,고려대학교,융합에너지공학과,학생부교과,학교추천,1.37,1.39
2026,고려대학교,의예과,학생부교과,학교추천,1,1.02
2026,고려대학교,전기전자공학부,학생부교과,학교추천,1.18,1.22
2026,고려대학교,지구환경과학과,학생부교과,학교추천,1.49,1.49
2026,고려대학교,컴퓨터학과,학생부교과,학교추천,1.49,1.69
2026,고려대학교,인공지능학과,학생부교과,학교추천,1.33,1.35
2026,고려대학교,화공생명공학과,학생부교과,학교추천,1.18,1.22
2026,고려대학교,화학과,학생부교과,학교추천,1.36,1.36
2026,고려대학교,환경생태공학부,학생부교과,학교추천,1.29,1.31
2026,고려대학교,가정교육과,학생부종합,학업우수형,1.84,2.07
2026,고려대학교,공과대학,학생부종합,학업우수형,1.71,2.04
2026,고려대학교,간호대학,학생부종합,학업우수형,1.84,1.99
2026,고려대학교,건축사회환경공학부,학생부종합,학업우수형,1.82,2.07
2026,고려대학교,건축학과,학생부종합,학업우수형,1.6,1.66
2026,고려대학교,기계공학부,학생부종합,학업우수형,1.73,1.98
2026,고려대학교,데이터과학과,학생부종합,학업우수형,1.81,1.98
2026,고려대학교,물리학과,학생부종합,학업우수형,1.69,1.71
2026,고려대학교,바이오시스템의과학부,학생부종합,학업우수형,1.7,1.91
2026,고려대학교,바이오의공학부,학생부종합,학업우수형,1.97,2.04
2026,고려대학교,반도체공학과,학생부종합,학업우수형,70,1.72
2026,고려대학교,보건환경융합과학부,학생부종합,학업우수형,1.6,1.72
2026,고려대학교,사이버국방학과,학생부종합,사이버국방전형,3.68,4.2
2026,고려대학교,산업경영공학부,학생부종합,학업우수형,1.6,1.64
2026,고려대학교,생명공학부,학생부종합,학업우수형,1.59,2.08
2026,고려대학교,생명과학부,학생부종합,학업우수형,1.76,2.04
2026,고려대학교,수학과,학생부종합,학업우수형,1.64,1.76
2026,고려대학교,수학교육과,학생부종합,학업우수형,1.54,1.6
2026,고려대학교,스마트모빌리티학부,학생부종합,학업우수형,70,2.17
2026,고려대학교,스마트보안학부,학생부종합,학업우수형,1.84,2.13
2026,고려대학교,식품공학과,학생부종합,학업우수형,1.67,1.76
2026,고려대학교,신소재공학부,학생부종합,학업우수형,1.55,1.63
2026,고려대학교,융합에너지공학과,학생부종합,학업우수형,1.74,2.3
2026,고려대학교,의예과,학생부종합,학업우수형,1.15,1.26
2026,고려대학교,전기전자공학부,학생부종합,학업우수형,1.86,2.04
2026,고려대학교,지구환경과학과,학생부종합,학업우수형,1.86,2.11
2026,고려대학교,차세대통신학과,학생부종합,학업우수형,70,2.39
2026,고려대학교,컴퓨터학과,학생부종합,학업우수형,1.51,1.67
2026,고려대학교,인공지능학과,학생부종합,학업우수형,1.52,1.56
2026,고려대학교,화공생명공학과,학생부종합,학업우수형,1.63,1.83
2026,고려대학교,화학과,학생부종합,학업우수형,1.76,2.18
2026,고려대학교,환경생태공학부,학생부종합,학업우수형,1.72,1.86
2026,고려대학교,학부대학,학생부종합,학업우수형,1.74,1.87
2026,고려대학교,가정교육과,학생부종합,계열적합형,2.19,2.79
2026,고려대학교,간호대학,학생부종합,계열적합형,1.82,2.13
2026,고려대학교,건축사회환경공학부,학생부종합,계열적합형,2.35,2.74
2026,고려대학교,건축학과,학생부종합,계열적합형,2.49,2.88
2026,고려대학교,기계공학부,학생부종합,계열적합형,3.37,3.68
2026,고려대학교,데이터과학과,학생부종합,계열적합형,2.68,3.58
2026,고려대학교,물리학과,학생부종합,계열적합형,,2.71
2026,고려대학교,바이오시스템의과학부,학생부종합,계열적합형,2.26,2.4
2026,고려대학교,바이오의공학부,학생부종합,계열적합형,2.34,2.9
2026,고려대학교,반도체공학과,학생부종합,계열적합형,70,3.79
2026,고려대학교,보건환경융합과학부,학생부종합,계열적합형,1.88,2.22
2026,고려대학교,산업경영공학부,학생부종합,계열적합형,2.43,3.18
2026,고려대학교,생명공학부,학생부종합,계열적합형,3.52,3.76
2026,고려대학교,생명과학부,학생부종합,계열적합형,2.02,2.38
2026,고려대학교,수학과,학생부종합,계열적합형,4.06,4.06
2026,고려대학교,수학교육과,학생부종합,계열적합형,1.59,1.97
2026,고려대학교,스마트모빌리티학부,학생부종합,계열적합형,70,3.78
2026,고려대학교,스마트보안학부,학생부종합,계열적합형,3.35,3.94
2026,고려대학교,식품공학과,학생부종합,계열적합형,2.18,2.67
2026,고려대학교,신소재공학부,학생부종합,계열적합형,3.26,3.55
2026,고려대학교,융합에너지공학과,학생부종합,계열적합형,2.12,2.2
2026,고려대학교,의예과,학생부종합,계열적합형,1.32,1.34
2026,고려대학교,전기전자공학부,학생부종합,계열적합형,1.99,2.28
2026,고려대학교,지구환경과학과,학생부종합,계열적합형,2.42,2.67
2026,고려대학교,차세대통신학과,학생부종합,계열적합형,70,4.14
2026,고려대학교,컴퓨터학과,학생부종합,계열적합형,3.29,3.29
2026,고려대학교,인공지능학과,학생부종합,계열적합형,2.07,2.17
2026,고려대학교,화공생명공학과,학생부종합,계열적합형,,2.38
2026,고려대학교,화학과,학생부종합,계열적합형,4,4.03
2026,고려대학교,환경생태공학부,학생부종합,계열적합형,2.21,2.4
2026,고려대학교,가정교육과,논술,논술전형,,
2026,고려대학교,학부대학,논술,논술전형,,
2026,고려대학교,간호대학,논술,논술전형,,
2026,고려대학교,건축사회환경공학부,논술,논술전형,,
2026,고려대학교,건축학과,논술,논술전형,,
2026,고려대학교,기계공학부,논술,논술전형,,
2026,고려대학교,데이터과학과,논술,논술전형,,
2026,고려대학교,물리학과,논술,논술전형,,
2026,고려대학교,바이오시스템의과학,논술,논술전형,,
2026,고려대학교,바이오의공학부,논술,논술전형,,
2026,고려대학교,보건환경융합과학부,논술,논술전형,,
2026,고려대학교,산업경영공학부,논술,논술전형,,
2026,고려대학교,생명공학부,논술,논술전형,,
2026,고려대학교,생명과학부,논술,논술전형,,
2026,고려대학교,수학과,논술,논술전형,,
2026,고려대학교,수학교육과,논술,논술전형,,
2026,고려대학교,스마트보안학부,논술,논술전형,,
2026,고려대학교,식품공학과,논술,논술전형,,
2026,고려대학교,신소재공학부,논술,논술전형,,
2026,고려대학교,융합에너지공학과,논술,논술전형,,
2026,고려대학교,전기전자공학부,논술,논술전형,,
2026,고려대학교,지구환경과학과,논술,논술전형,,
2026,고려대학교,컴퓨터학과,논술,논술전형,,
2026,고려대학교,인공지능학과,논술,논술전형,,
2026,고려대학교,화공생명공학과,논술,논술전형,,
2026,고려대학교,화학과,논술,논술전형,,
2026,고려대학교,환경생태공학부,논술,논술전형,,
2026,성균관대학교,경영학,학생부교과,추천인재,1.69,1.69
2026,성균관대학교,교육학,학생부교과,추천인재,1.69,1.69
2026,성균관대학교,국어국문학,학생부교과,추천인재,1.69,1.69
2026,성균관대학교,글로벌경영학,학생부교과,추천인재,1.69,1.69
2026,성균관대학교,글로벌경제학,학생부교과,추천인재,1.69,1.69
2026,성균관대학교,글로벌리더학,학생부교과,추천인재,1.69,1.69
2026,성균관대학교,사학,학생부교과,추천인재,1.69,1.69
2026,성균관대학교,사회과학계열,학생부교과,추천인재,1.54,1.58
2026,성균관대학교,사회복지학,학생부교과,추천인재,1.69,1.69
2026,성균관대학교,사회학,학생부교과,추천인재,1.69,1.69
2026,성균관대학교,심리학,학생부교과,추천인재,1.69,1.69
2026,성균관대학교,아동·청소년학,학생부교과,추천인재,1.69,1.69
2026,성균관대학교,영상학,학생부교과,추천인재,1.69,1.69
2026,성균관대학교,유학·동양학,학생부교과,추천인재,1.69,1.69
2026,성균관대학교,의상학,학생부교과,추천인재,1.69,1.69
2026,성균관대학교,인문과학계열,학생부교과,추천인재,1.62,1.67
2026,성균관대학교,철학,학생부교과,추천인재,1.69,1.69
2026,성균관대학교,통계학,학생부교과,추천인재,1.69,1.69
2026,성균관대학교,한문교육,학생부교과,추천인재,1.69,1.69
2026,성균관대학교,한문학,학생부교과,추천인재,1.69,1.69
2026,성균관대학교,자유전공계열,학생부교과,추천인재,1.5,1.51
2026,성균관대학교,글로벌바이오메디컬,학생부교과,추천인재,1.69,1.69
2026,성균관대학교,반도체융합공학,학생부교과,추천인재,1.69,1.69
2026,성균관대학교,건축학(5년제),학생부교과,추천인재,1.69,1.69
2026,성균관대학교,건설환경공학,학생부교과,추천인재,1.69,1.69
2026,성균관대학교,공학계열,학생부교과,추천인재,1.47,1.48
2026,성균관대학교,글로벌융합학부,학생부교과,추천인재,1.69,1.69
2026,성균관대학교,물리학,학생부교과,추천인재,1.69,1.69
2026,성균관대학교,생명과학,학생부교과,추천인재,1.69,1.69
2026,성균관대학교,바이오신약규제학,학생부교과,추천인재,1.69,1.69
2026,성균관대학교,소프트웨어학,학생부교과,추천인재,1.69,1.69
2026,성균관대학교,에너지학,학생부교과,추천인재,1.69,1.69
2026,성균관대학교,수학,학생부교과,추천인재,1.69,1.69
2026,성균관대학교,수학교육,학생부교과,추천인재,1.69,1.69
2026,성균관대학교,자연과학계열,학생부교과,추천인재,1.38,1.44
2026,성균관대학교,전자전기공학부,학생부교과,추천인재,1.38,1.39
2026,성균관대학교,컴퓨터교육,학생부교과,추천인재,1.69,1.69
2026,성균관대학교,화학,학생부교과,추천인재,1.69,1.69
2026,성균관대학교,배터리학과,학생부교과,추천인재,1.69,1.69
2026,성균관대학교,경영학,학생부종합,융합인재,3.08,3.04
2026,성균관대학교,사회과학계열,학생부종합,융합인재,2.39,3.03
2026,성균관대학교,인문과학계열,학생부종합,융합인재,3,3.31
2026,성균관대학교,글로벌경영학,학생부종합,융합인재,3.22,3.47
2026,성균관대학교,글로벌경제학,학생부종합,융합인재,3.22,3.47
2026,성균관대학교,글로벌리더학,학생부종합,융합인재,3.22,3.47
2026,성균관대학교,글로벌경영학,학생부종합,탐구형(서류),3.38,3.26
2026,성균관대학교,글로벌경제학,학생부종합,탐구형(서류),3.38,3.26
2026,성균관대학교,글로벌리더학,학생부종합,탐구형(서류),3.22,2.93
2026,성균관대학교,경영학,학생부종합,탐구형(서류),3.22,3.47
2026,성균관대학교,국어국문학,학생부종합,탐구형(서류),3.84,3.25
2026,성균관대학교,독어독문학,학생부종합,탐구형(서류),3.84,3.25
2026,성균관대학교,러시아어문학,학생부종합,탐구형(서류),3.92,3.16
2026,성균관대학교,사학,학생부종합,탐구형(서류),3.22,3.47
2026,성균관대학교,사회과학계열,학생부종합,탐구형(서류),,
2026,성균관대학교,사회학과,학생부종합,탐구형(서류),3.14,3.65
2026,성균관대학교,사회복지학과,학생부종합,탐구형(서류),2.81,3.18
2026,성균관대학교,아동·청소년학,학생부종합,탐구형(서류),,
2026,성균관대학교,인문과학계열,학생부종합,탐구형(서류),3.22,3.47
2026,성균관대학교,철학,학생부종합,탐구형(서류),3.22,3.47
2026,성균관대학교,통계학,학생부종합,탐구형(서류),3.22,3.47
2026,성균관대학교,영상학,학생부종합,탐구형(서류),3.55,3.65
2026,성균관대학교,유학·동양학,학생부종합,탐구형(서류),3.32,3.17
2026,성균관대학교,의상학,학생부종합,탐구형(서류),3.63,3.3
2026,성균관대학교,프랑스어문학,학생부종합,탐구형(서류),3.2,3.21
2026,성균관대학교,한문학,학생부종합,탐구형(서류),,
2026,성균관대학교,자유전공계열,학생부종합,면접형(성균인재),2.41,2.96
2026,성균관대학교,자유전공계열,학생부종합,융합인재,2.3,2.04
2026,성균관대학교,자유전공계열,학생부종합,탐구형(서류),3.22,3.47
2026,성균관대학교,교육학,학생부종합,면접형(성균인재),2.65,2.11
2026,성균관대학교,한문교육,학생부종합,면접형(성균인재),3.53,3.51
2026,성균관대학교,수학교육,학생부종합,면접형(성균인재),2.65,2.11
2026,성균관대학교,컴퓨터교육,학생부종합,면접형(성균인재),3.94,3.86
2026,성균관대학교,의예과,학생부종합,면접형(성균인재),1.55,2.43
2026,성균관대학교,스포츠과학,학생부종합,면접형(성균인재),4.15,3.44
2026,성균관대학교,글로벌융합학부,학생부종합,면접형(성균인재),3.23,4.01
2026,성균관대학교,공학계열,학생부종합,융합인재,1.96,2.25
2026,성균관대학교,자연과학계열,학생부종합,융합인재,2.21,2.76
2026,성균관대학교,전자전기공학부,학생부종합,융합인재,1.87,2.03
2026,성균관대학교,소프트웨어학,학생부종합,융합인재,3.22,3.47
2026,성균관대학교,배터리학,학생부종합,융합인재,3.22,3.47
2026,성균관대학교,반도체시스템공학,학생부종합,융합인재,3.22,3.47
2026,성균관대학교,건축학,학생부종합,융합인재,3.22,3.47
2026,성균관대학교,약학,학생부종합,융합인재,3.22,3.47
2026,성균관대학교,건설환경공학부,학생부종합,탐구형(서류),2.45,2.64
2026,성균관대학교,건축학(5년제),학생부종합,탐구형(서류),3.17,3.17
2026,성균관대학교,글로벌바이오메디컬공,학생부종합,탐구형(서류),3.35,2.44
2026,성균관대학교,바이오신약규제학,학생부종합,탐구형(서류),,
2026,성균관대학교,반도체시스템공학,학생부종합,탐구형(서류),3.96,4.06
2026,성균관대학교,반도체융합공학,학생부종합,탐구형(서류),3.04,2.73
2026,성균관대학교,소프트웨어학,학생부종합,탐구형(서류),3.53,2.28
2026,성균관대학교,약학,학생부종합,탐구형(서류),2.61,2.25
2026,성균관대학교,에너지학,학생부종합,탐구형(서류),5.2,2.32
2026,성균관대학교,양자정보공학,학생부종합,탐구형(서류),4.39,
2026,성균관대학교,지능형소프트웨어학,학생부종합,탐구형(서류),3.52,2.81
2026,성균관대학교,배터리학과,학생부종합,탐구형(서류),,
2026,성균관대학교,자연과학계열,학생부종합,탐구형(서류),3.22,3.47
2026,성균관대학교,전자전기공학부,학생부종합,탐구형(서류),3.22,3.47
2026,성균관대학교,공학계열,학생부종합,탐구형(서류),3.22,3.47
2026,성균관대학교,생명과학,학생부종합,탐구형(서류),3.22,3.47
2026,성균관대학교,수학,학생부종합,탐구형(서류),3.22,3.47
2026,성균관대학교,물리학,학생부종합,탐구형(서류),3.22,3.47
2026,성균관대학교,화학,학생부종합,탐구형(서류),3.22,3.47
2026,성균관대학교,공학계열,학생부종합,과학인재,4.17,4.61
2026,성균관대학교,자연과학,학생부종합,과학인재,,
2026,성균관대학교,글로벌바이오메디컬,학생부종합,과학인재,4.86,4.8
2026,성균관대학교,물리학,학생부종합,과학인재,5.31,4.13
2026,성균관대학교,반도체시스템공학,학생부종합,과학인재,4.6,4.66
2026,성균관대학교,반도체융합공학,학생부종합,과학인재,5.59,5.49
2026,성균관대학교,생명과학,학생부종합,과학인재,4.61,5.28
2026,성균관대학교,소프트웨어학,학생부종합,과학인재,5.13,4.92
2026,성균관대학교,수학,학생부종합,과학인재,5.55,4.62
2026,성균관대학교,에너지학,학생부종합,과학인재,5.85,5.22
2026,성균관대학교,양자정보공학,학생부종합,과학인재,3.32,
2026,성균관대학교,전자전기공학부,학생부종합,과학인재,5.21,5.23
2026,성균관대학교,지능형소프트웨어학,학생부종합,과학인재,4.98,4.83
2026,성균관대학교,배터리학과,학생부종합,과학인재,4.18,4.95
2026,성균관대학교,화학,학생부종합,과학인재,4.89,4.82
2026,성균관대학교,경영학,논술,논술우수언어형,,
2026,성균관대학교,글로벌경영학,논술,논술우수언어형,,
2026,성균관대학교,글로벌경제학,논술,논술우수언어형,,
2026,성균관대학교,글로벌리더학,논술,논술우수언어형,,
2026,성균관대학교,사회과학계열,논술,논술우수언어형,,
2026,성균관대학교,인문과학계열,논술,논술우수언어형,,
2026,성균관대학교,자유전공계열,논술,논술우수언어형,,
2026,성균관대학교,건설환경공학부,논술,논술우수언어형,,
2026,성균관대학교,공학계열,논술,논술우수언어형,,
2026,성균관대학교,글로벌융합학부,논술,논술우수언어형,,
2026,성균관대학교,소프트웨어학,논술,논술우수언어형,,
2026,성균관대학교,자연과학계열,논술,논술우수언어형,,
2026,성균관대학교,전자전기공학부,논술,논술우수언어형,,
2026,성균관대학교,자유전공계열,논술,논술우수 수리형,,
2026,성균관대학교,사회과학계열,논술,논술우수 수리형,,
2026,성균관대학교,경영학,논술,논술우수 수리형,,
2026,성균관대학교,글로벌리더학,논술,논술우수 수리형,,
2026,성균관대학교,글로벌경제학,논술,논술우수 수리형,,
2026,성균관대학교,글로벌경영학,논술,논술우수 수리형,,
2026,성균관대학교,건설환경공학부,논술,논술우수 수리형,,
2026,성균관대학교,공학계열,논술,논술우수 수리형,,
2026,성균관대학교,글로벌융합학부,논술,논술우수 수리형,,
2026,성균관대학교,소프트웨어학,논술,논술우수 수리형,,
2026,성균관대학교,자연과학계열,논술,논술우수 수리형,,
2026,성균관대학교,전자전기공학부,논술,논술우수 수리형,,
2026,성균관대학교,약학,논술,논술우수 수리형,,
2026,성균관대학교,에너지학,논술,논술우수 수리형,,
2026,성균관대학교,의예과,논술,논술우수 수리형,,
2026,성균관대학교,지능형소프트웨어학,논술,논술우수 수리형,,
2026,성균관대학교,글로벌바이오메디컬공학,논술,논술우수 수리형,,
2026,성균관대학교,반도체시스템공학,논술,논술우수 수리형,,
2026,성균관대학교,반도체융합공학,논술,논술우수 수리형,,
2026,서강대학교,경영학부,학생부교과,지역균형,1.5,1.5
2026,서강대학교,경제학과,학생부교과,지역균형,1.5,1.55
2026,서강대학교,사회과학부,학생부교과,지역균형,1.39,1.4
2026,서강대학교,영문학부,학생부교과,지역균형,1.57,1.58
2026,서강대학교,유럽문화학과,학생부교과,지역균형,1.64,1.65
2026,서강대학교,인문학부,학생부교과,지역균형,1.57,1.59
2026,서강대학교,중국문화학과,학생부교과,지역균형,1.64,1.64
2026,서강대학교,지식융합미디어학부,학생부교과,지역균형,1.61,1.65
2026,서강대학교,인문학기반 자유전공,학생부교과,지역균형,1.64,1.64
2026,서강대학교,기계공학과,학생부교과,지역균형,1.38,1.41
2026,서강대학교,물리학과,학생부교과,지역균형,1.5,1.53
2026,서강대학교,생명과학과,학생부교과,지역균형,1.23,1.25
2026,서강대학교,수학과,학생부교과,지역균형,1.56,1.63
2026,서강대학교,화학과,학생부교과,지역균형,1.53,1.53
2026,서강대학교,사이언스기반 자유전공,학생부교과,지역균형,1.66,1.63
2026,서강대학교,화공생명공학과,학생부교과,지역균형,1.27,1.32
2026,서강대학교,시스템반도체공학과,학생부교과,지역균형,,1.68
2026,서강대학교,AI 기반 자유전공,학생부교과,지역균형,1.48,1.48
2026,서강대학교,인공지능학과,학생부교과,지역균형,,1.83
2026,서강대학교,전자공학과,학생부교과,지역균형,1.31,1.37
2026,서강대학교,컴퓨터공학과,학생부교과,지역균형,1.79,1.96
2026,서강대학교,반도체공학과,학생부교과,지역균형,,
2026,서강대학교,게페르트국제학부,학생부종합,학생부종합Ⅰ,3.33,3.63
2026,서강대학교,경영학부,학생부종합,학생부종합Ⅰ,3.64,3.64
2026,서강대학교,경제학과,학생부종합,학생부종합Ⅰ,2.93,3.33
2026,서강대학교,국어국문학과,학생부종합,학생부종합Ⅰ,2.04,3.07
2026,서강대학교,글로벌한국학부,학생부종합,학생부종합Ⅰ,3.47,3.5
2026,서강대학교,미디어&엔터테인먼트,학생부종합,학생부종합Ⅰ,3.64,3.64
2026,서강대학교,사학과,학생부종합,학생부종합Ⅰ,3.02,3.86
2026,서강대학교,사회학과,학생부종합,학생부종합Ⅰ,1.97,2.42
2026,서강대학교,신문방송학과,학생부종합,학생부종합Ⅰ,2.63,2.9
2026,서강대학교,심리학과,학생부종합,학생부종합Ⅰ,1.9,1.95
2026,서강대학교,아트&테크놀로지,학생부종합,학생부종합Ⅰ,3.64,3.64
2026,서강대학교,영문학부,학생부종합,학생부종합Ⅰ,2.87,3.43
2026,서강대학교,유럽문화학과,학생부종합,학생부종합Ⅰ,3.02,3.23
2026,서강대학교,정치외교학과,학생부종합,학생부종합Ⅰ,1.75,1.84
2026,서강대학교,종교학과,학생부종합,학생부종합Ⅰ,3.14,3.23
2026,서강대학교,중국문화학과,학생부종합,학생부종합Ⅰ,3.01,3.03
2026,서강대학교,철학과,학생부종합,학생부종합Ⅰ,2.97,3.57
2026,서강대학교,AI 기반 자유전공,학생부종합,학생부종합Ⅰ,3.64,3.64
2026,서강대학교,사이언스기반 자유전공,학생부종합,학생부종합Ⅰ,3.64,3.64
2026,서강대학교,인문학기반 자유전공,학생부종합,학생부종합Ⅰ,3.64,3.64
2026,서강대학교,기계공학과,학생부종합,학생부종합Ⅰ,2.38,3.37
2026,서강대학교,물리학과,학생부종합,학생부종합Ⅰ,3.05,3.19
2026,서강대학교,생명과학과,학생부종합,학생부종합Ⅰ,2.89,3.1
2026,서강대학교,수학과,학생부종합,학생부종합Ⅰ,1.82,1.92
2026,서강대학교,시스템반도체공학과,학생부종합,학생부종합Ⅰ,3.02,3.08
2026,서강대학교,인공지능학과,학생부종합,학생부종합Ⅰ,1.87,2.05
2026,서강대학교,전자공학과,학생부종합,학생부종합Ⅰ,2.23,3.13
2026,서강대학교,컴퓨터공학과,학생부종합,학생부종합Ⅰ,1.76,2.81
2026,서강대학교,화공생명공학과,학생부종합,학생부종합Ⅰ,1.85,2.69
2026,서강대학교,화학과,학생부종합,학생부종합Ⅰ,2.96,3.13
2026,서강대학교,반도체공학과,학생부종합,학생부종합Ⅰ,3.64,3.64
2026,서강대학교,인문학부,학생부종합,학생부종합 Ⅱ,3.64,3.64
2026,서강대학교,사회과학부,학생부종합,학생부종합 Ⅱ,3.64,3.64
2026,서강대학교,지식융합미디어학부,학생부종합,학생부종합 Ⅱ,3.64,3.64
2026,서강대학교,인문학기반 자유전공,학생부종합,학생부종합 Ⅱ,3.64,3.64
2026,서강대학교,사이언스기반 자유전공,학생부종합,학생부종합 Ⅱ,3.64,3.64
2026,서강대학교,AI 기반 자유전공,학생부종합,학생부종합 Ⅱ,3.64,3.64
2026,서강대학교,경영학부,논술,논술,,
2026,서강대학교,경제학과,논술,논술,,
2026,서강대학교,사회과학부,논술,논술,,
2026,서강대학교,영문학부,논술,논술,,
2026,서강대학교,인문학부,논술,논술,,
2026,서강대학교,지식융합미디어학부,논술,논술,,
2026,서강대학교,기계공학과,논술,논술,,
2026,서강대학교,물리학과,논술,논술,,
2026,서강대학교,수학과,논술,논술,,
2026,서강대학교,시스템반도체공학과,논술,논술,,
2026,서강대학교,인공지능학과,논술,논술,,
2026,서강대학교,전자공학과,논술,논술,,
2026,서강대학교,컴퓨터공학과,논술,논술,,
2026,서강대학교,화공생명공학과,논술,논술,,
2026,한양대학교,경영학부,학생부교과,교과추천형,2.61,2.73
2026,한양대학교,경제금융학부,학생부교과,교과추천형,1.51,1.55
2026,한양대학교,관광학부,학생부교과,교과추천형,1.6,1.6
2026,한양대학교,교육공학과,학생부교과,교과추천형,1.63,1.67
2026,한양대학교,교육학과,학생부교과,교과추천형,1.63,1.66
2026,한양대학교,국어교육과,학생부교과,교과추천형,1.66,1.66
2026,한양대학교,국어국문학과,학생부교과,교과추천형,1.79,1.79
2026,한양대학교,독어독문학과,학생부교과,교과추천형,1.75,1.75
2026,한양대학교,미디어커뮤니케이션학과,학생부교과,교과추천형,1.49,1.5
2026,한양대학교,사학과,학생부교과,교과추천형,1.6,1.67
2026,한양대학교,사회학과,학생부교과,교과추천형,1.66,1.66
2026,한양대학교,실내건축디자인학과(인문),학생부교과,교과추천형,1.96,1.49
2026,한양대학교,영어교육과,학생부교과,교과추천형,1.77,1.78
2026,한양대학교,영어영문학과,학생부교과,교과추천형,1.56,1.61
2026,한양대학교,의류학과(인문),학생부교과,교과추천형,1.98,1.63
2026,한양대학교,정보시스템학과(상경),학생부교과,교과추천형,1.75,1.25
2026,한양대학교,정책학과,학생부교과,교과추천형,1.57,1.64
2026,한양대학교,정치외교학과,학생부교과,교과추천형,1.71,1.71
2026,한양대학교,중어중문학과,학생부교과,교과추천형,1.66,1.73
2026,한양대학교,철학과,학생부교과,교과추천형,1.71,1.71
2026,한양대학교,파이낸스경영학과,학생부교과,교과추천형,1.57,1.61
2026,한양대학교,행정학과,학생부교과,교과추천형,1.61,1.65
2026,한양대학교,인터칼리지 (인문 자연),학생부교과,교과추천형,1.53,
2026,한양대학교,간호학과,학생부교과,교과추천형,1.53,1.53
2026,한양대학교,건설환경공학과,학생부교과,교과추천형,2.66,2.75
2026,한양대학교,건축공학부,학생부교과,교과추천형,1.5,1.52
2026,한양대학교,건축학부,학생부교과,교과추천형,1.51,1.52
2026,한양대학교,기계공학부,학생부교과,교과추천형,1.4,1.41
2026,한양대학교,데이터사이언스학과,학생부교과,교과추천형,1.46,1.25
2026,한양대학교,도시공학과,학생부교과,교과추천형,1.48,1.51
2026,한양대학교,물리학과,학생부교과,교과추천형,1.53,1.53
2026,한양대학교,미래자동차공학과,학생부교과,교과추천형,1.46,1.46
2026,한양대학교,반도체공학과,학생부교과,교과추천형,1.13,1.16
2026,한양대학교,산업공학과,학생부교과,교과추천형,1.39,1.45
2026,한양대학교,생명공학과,학생부교과,교과추천형,1.16,1.4
2026,한양대학교,생명과학과,학생부교과,교과추천형,1.44,1.45
2026,한양대학교,수학과,학생부교과,교과추천형,1.51,1.55
2026,한양대학교,수학교육과,학생부교과,교과추천형,1.39,1.55
2026,한양대학교,식품영양학과,학생부교과,교과추천형,1.5,1.51
2026,한양대학교,신소재공학부,학생부교과,교과추천형,1.29,1.36
2026,한양대학교,에너지공학과,학생부교과,교과추천형,1.51,1.51
2026,한양대학교,원자력공학과,학생부교과,교과추천형,1.43,1.49
2026,한양대학교,유기나노공학과,학생부교과,교과추천형,1.4,1.4
2026,한양대학교,융합전자공학부,학생부교과,교과추천형,1.36,1.37
2026,한양대학교,자원환경공학과,학생부교과,교과추천형,1.38,1.61
2026,한양대학교,전기공학,학생부교과,교과추천형,1.57,1.32
2026,한양대학교,컴퓨터소프트웨어학부,학생부교과,교과추천형,1.6,1.8
2026,한양대학교,화학공학과,학생부교과,교과추천형,1.43,1.43
2026,한양대학교,화학과,학생부교과,교과추천형,1.45,1.48
2026,한양대학교,경영학부,학생부종합,학생부종합(서류),2.98,3.05
2026,한양대학교,경제금융학부,학생부종합,학생부종합(서류),1.8,3.27
2026,한양대학교,관광학부,학생부종합,학생부종합(서류),2.88,2.98
2026,한양대학교,교육공학과,학생부종합,학생부종합(서류),3.12,3.27
2026,한양대학교,교육학과,학생부종합,학생부종합(서류),3.15,3.38
2026,한양대학교,국어교육과,학생부종합,학생부종합(서류),1.85,2.7
2026,한양대학교,국어국문학과,학생부종합,학생부종합(서류),2.88,3.54
2026,한양대학교,국제학부,학생부종합,학생부종합(서류),3.11,3.36
2026,한양대학교,독어독문학과,학생부종합,학생부종합(서류),3.56,3.9
2026,한양대학교,미디어커뮤니케이션,학생부종합,학생부종합(서류),2.53,
2026,한양대학교,사학과,학생부종합,학생부종합(서류),2.09,3.16
2026,한양대학교,사회학과,학생부종합,학생부종합(서류),2.67,3.6
2026,한양대학교,스포츠매니지먼트,학생부종합,학생부종합(서류),2.53,
2026,한양대학교,스포츠사이언스,학생부종합,학생부종합(서류),2.53,
2026,한양대학교,실내건축디자인(인문),학생부종합,학생부종합(서류),2.53,
2026,한양대학교,연극영화학과(영화),학생부종합,학생부종합(서류),2.53,
2026,한양대학교,영어교육과,학생부종합,학생부종합(서류),1.64,2.07
2026,한양대학교,영어영문학과,학생부종합,학생부종합(서류),2.72,3.49
2026,한양대학교,의류학과(인문),학생부종합,학생부종합(서류),2.53,
2026,한양대학교,정보시스템(상경),학생부종합,학생부종합(서류),2.53,
2026,한양대학교,정책학과,학생부종합,학생부종합(서류),3.17,3.56
2026,한양대학교,정치외교학과,학생부종합,학생부종합(서류),1.77,1.77
2026,한양대학교,중어중문학과,학생부종합,학생부종합(서류),3.01,3.99
2026,한양대학교,철학과,학생부종합,학생부종합(서류),3.63,3.63
2026,한양대학교,파이낸스경영학과,학생부종합,학생부종합(서류),2.79,3.17
2026,한양대학교,행정학과,학생부종합,학생부종합(서류),1.73,2.32
2026,한양대학교,인터칼리지 (인문),학생부종합,학생부종합(서류),2.53,
2026,한양대학교,간호학과,학생부종합,학생부종합(서류),1.72,2.94
2026,한양대학교,건설환경공학과,학생부종합,학생부종합(서류),2.96,2.97
2026,한양대학교,건축공학부,학생부종합,학생부종합(서류),1.92,2.49
2026,한양대학교,건축학부,학생부종합,학생부종합(서류),3.59,4.36
2026,한양대학교,기계공학부,학생부종합,학생부종합(서류),2.65,3.07
2026,한양대학교,데이터사이언스학과,학생부종합,학생부종합(서류),2.53,
2026,한양대학교,도시공학과,학생부종합,학생부종합(서류),2.42,2.68
2026,한양대학교,물리학과,학생부종합,학생부종합(서류),2.32,2.45
2026,한양대학교,미래자동차공학과,학생부종합,학생부종합(서류),2.58,2.82
2026,한양대학교,바이오메디컬공학,학생부종합,학생부종합(서류),2.53,
2026,한양대학교,반도체공학과,학생부종합,학생부종합(서류),2.85,3.17
2026,한양대학교,산업공학과,학생부종합,학생부종합(서류),1.6,1.71
2026,한양대학교,생명공학과,학생부종합,학생부종합(서류),2.86,3.44
2026,한양대학교,생명과학과,학생부종합,학생부종합(서류),2.03,3.38
2026,한양대학교,수학과,학생부종합,학생부종합(서류),2.56,2.93
2026,한양대학교,식품영양학과,학생부종합,학생부종합(서류),1.85,2.38
2026,한양대학교,신소재공학부,학생부종합,학생부종합(서류),2.6,3.05
2026,한양대학교,에너지공학과,학생부종합,학생부종합(서류),2.73,3.24
2026,한양대학교,원자력공학과,학생부종합,학생부종합(서류),2.44,3.5
2026,한양대학교,유기나노공학과,학생부종합,학생부종합(서류),2.77,3.45
2026,한양대학교,융합전자공학부,학생부종합,학생부종합(서류),2.42,2.62
2026,한양대학교,의예과,학생부종합,학생부종합(서류),2.53,
2026,한양대학교,자원환경공학과,학생부종합,학생부종합(서류),2.63,2.82
2026,한양대학교,전기공학,학생부종합,학생부종합(서류),2.53,
2026,한양대학교,컴퓨터소프트웨어,학생부종합,학생부종합(서류),2.53,
2026,한양대학교,화학공학과,학생부종합,학생부종합(서류),1.77,1.77
2026,한양대학교,화학과,학생부종합,학생부종합(서류),2.41,2.75
2026,한양대학교,인터칼리지 자연,학생부종합,학생부종합(서류),2.53,
2026,한양대학교,경영학부,학생부종합,학종추천형,2.98,3.05
2026,한양대학교,경제금융학부,학생부종합,학종추천형,1.8,3.27
2026,한양대학교,관광학부,학생부종합,학종추천형,2.88,2.98
2026,한양대학교,국제학부,학생부종합,학종추천형,3.11,3.36
2026,한양대학교,미디어커뮤니케이션,학생부종합,학종추천형,2.89,
2026,한양대학교,영문과,학생부종합,학종추천형,2.53,
2026,한양대학교,정책학과,학생부종합,학종추천형,3.17,3.56
2026,한양대학교,파이낸스경영학과,학생부종합,학종추천형,2.79,3.17
2026,한양대학교,인터칼리지 (인문),학생부종합,학종추천형,2.58,
2026,한양대학교,독어독문학과,학생부종합,학종추천형,3.56,3.9
2026,한양대학교,중어중문학과,학생부종합,학종추천형,3.01,3.99
2026,한양대학교,의류학과,학생부종합,학종추천형,2.87,3.33
2026,한양대학교,행정,학생부종합,학종추천형,2.53,
2026,한양대학교,실내건축디자인학과,학생부종합,학종추천형,3.16,3.46
2026,한양대학교,간호학과,학생부종합,학종추천형,1.72,2.94
2026,한양대학교,식품영양학과,학생부종합,학종추천형,1.85,2.38
2026,한양대학교,기계공학부,학생부종합,학종추천형,2.65,3.07
2026,한양대학교,데이터사이언스학과,학생부종합,학종추천형,2.61,
2026,한양대학교,바이오메디컬공학,학생부종합,학종추천형,2.53,
2026,한양대학교,신소재공학부,학생부종합,학종추천형,2.6,3.05
2026,한양대학교,융합전자공학부,학생부종합,학종추천형,2.42,2.62
2026,한양대학교,의예과,학생부종합,학종추천형,1.43,
2026,한양대학교,인터칼리지 자연,학생부종합,학종추천형,2.58,
2026,한양대학교,전기생체공학(전기공학),학생부종합,학종추천형,2.86,
2026,한양대학교,컴퓨터소프트웨어,학생부종합,학종추천형,2.57,
2026,한양대학교,화학공학과,학생부종합,학종추천형,1.77,1.77
2026,한양대학교,교육공학과,학생부종합,학생부종합 면접형,3.12,3.27
2026,한양대학교,교육학과,학생부종합,학생부종합 면접형,3.15,3.38
2026,한양대학교,국어교육과,학생부종합,학생부종합 면접형,1.85,2.7
2026,한양대학교,영어교육과,학생부종합,학생부종합 면접형,1.64,2.07
2026,한양대학교,기계공학부,학생부종합,학생부종합 면접형,4.7,4.86
2026,한양대학교,데이터사이언스학부,학생부종합,학생부종합 면접형,4.87,4.87
2026,한양대학교,미래자동차공학과,학생부종합,학생부종합 면접형,4.4,4.4
2026,한양대학교,바이오메디컬공학전공,학생부종합,학생부종합 면접형,2.65,2.65
2026,한양대학교,수학교육과,학생부종합,학생부종합 면접형,2.01,2.01
2026,한양대학교,신소재공학부,학생부종합,학생부종합 면접형,4.33,4.41
2026,한양대학교,에너지공학과,학생부종합,학생부종합 면접형,4.56,5.06
2026,한양대학교,융합전자공학부,학생부종합,학생부종합 면접형,3.62,4.82
2026,한양대학교,전기공학전공,학생부종합,학생부종합 면접형,3.84,4.16
2026,한양대학교,컴퓨터소프트웨어학부,학생부종합,학생부종합 면접형,4.34,4.86
2026,한양대학교,화학공학과,학생부종합,학생부종합 면접형,3.58,4.63
2026,한양대학교,인터칼리지 자연,학생부종합,학생부종합 면접형,2.53,
2026,한양대학교,의예과,학생부종합,학생부종합 면접형,2.53,
2026,한양대학교,경영학부,논술,논술,,
2026,한양대학교,경제금융학부,논술,논술,,
2026,한양대학교,관광학부,논술,논술,,
2026,한양대학교,국어교육과,논술,논술,,
2026,한양대학교,국어국문학과,논술,논술,,
2026,한양대학교,미디어커뮤니케이션학과,논술,논술,,
2026,한양대학교,사학과,논술,논술,,
2026,한양대학교,사회학과,논술,논술,,
2026,한양대학교,연극영화학과(영화전공),논술,논술,,
2026,한양대학교,정보시스템학과(상경),논술,논술,,
2026,한양대학교,정책학과,논술,논술,,
2026,한양대학교,정치외교학과,논술,논술,,
2026,한양대학교,철학과,논술,논술,,
2026,한양대학교,파이낸스경영학과,논술,논술,,
2026,한양대학교,행정학과,논술,논술,,
2026,한양대학교,인터칼리지 (인문),논술,논술,,
2026,한양대학교,간호학과,논술,논술,,
2026,한양대학교,건설환경공학과,논술,논술,,
2026,한양대학교,건축공학부,논술,논술,,
2026,한양대학교,건축학부,논술,논술,,
2026,한양대학교,기계공학부,논술,논술,,
2026,한양대학교,도시공학과,논술,논술,,
2026,한양대학교,물리학과,논술,논술,,
2026,한양대학교,미래자동차공학과,논술,논술,,
2026,한양대학교,반도체공학과,논술,논술,,
2026,한양대학교,산업공학과,논술,논술,,
2026,한양대학교,생명공학과,논술,논술,,
2026,한양대학교,생명과학과,논술,논술,,
2026,한양대학교,수학과,논술,논술,,
2026,한양대학교,수학교육과,논술,논술,,
2026,한양대학교,식품영양학과,논술,논술,,
2026,한양대학교,신소재공학부,논술,논술,,
2026,한양대학교,융합전자공학부,논술,논술,,
2026,한양대학교,의예과,논술,논술,,
2026,한양대학교,에너지공학과,논술,논술,,
2026,한양대학교,원자력공학과,논술,논술,,
2026,한양대학교,유기나노공학과,논술,논술,,
2026,한양대학교,자원환경공학과,논술,논술,,
2026,한양대학교,전기공학,논술,논술,,
2026,한양대학교,컴퓨터소프트웨어학부,논술,논술,,
2026,한양대학교,화학공학과,논술,논술,,
2026,한양대학교,화학과,논술,논술,,
2026,한양대학교,인터칼리지 자연,논술,논술,,
2026,중앙대학교,경영경제대학,학생부교과,지역균형,1.69,1.72
2026,중앙대학교,경영학,학생부교과,지역균형,1.8,1.8
2026,중앙대학교,공공인재학부,학생부교과,지역균형,1.75,1.77
2026,중앙대학교,교육학과,학생부교과,지역균형,1.83,1.84
2026,중앙대학교,글로벌금융,학생부교과,지역균형,1.89,1.86
2026,중앙대학교,미디어커뮤니케이션,학생부교과,지역균형,2.28,2.28
2026,중앙대학교,사회과학대학,학생부교과,지역균형,1.73,1.78
2026,중앙대학교,영어교육과,학생부교과,지역균형,1.75,1.79
2026,중앙대학교,유아교육과,학생부교과,지역균형,1.89,1.89
2026,중앙대학교,인문대학,학생부교과,지역균형,1.76,1.8
2026,중앙대학교,AI학과,학생부교과,지역균형,1.56,1.6
2026,중앙대학교,간호학과(통합),학생부교과,지역균형,1.75,1.66
2026,중앙대학교,공과대학,학생부교과,지역균형,1.56,1.58
2026,중앙대학교,기계공학부,학생부교과,지역균형,1.54,1.56
2026,중앙대학교,소프트웨어학부,학생부교과,지역균형,1.6,1.63
2026,중앙대학교,약학부,학생부교과,지역균형,1.06,1.1
2026,중앙대학교,자연과학대학,학생부교과,지역균형,1.57,1.59
2026,중앙대학교,전자전기 (창의ICT),학생부교과,지역균형,1.6,1.6
2026,중앙대학교,융합공학부,학생부교과,지역균형,1.54,1.56
2026,중앙대학교,화학공학과,학생부교과,지역균형,1.41,1.44
2026,중앙대학교,간호학과(인문),논술,논술,,
2026,중앙대학교,경영학,논술,논술,,
2026,중앙대학교,경제학부,논술,논술,,
2026,중앙대학교,공공인재학부,논술,논술,,
2026,중앙대학교,광고홍보학과,논술,논술,,
2026,중앙대학교,교육학과,논술,논술,,
2026,중앙대학교,국어국문학과,논술,논술,,
2026,중앙대학교,국제물류학과,논술,논술,,
2026,중앙대학교,글로벌금융,논술,논술,,
2026,중앙대학교,도시계획·부동산학과,논술,논술,,
2026,중앙대학교,독일어문학,논술,논술,,
2026,중앙대학교,러시아어문학,논술,논술,,
2026,중앙대학교,문헌정보학과,논술,논술,,
2026,중앙대학교,미디어커뮤니케이션학부,논술,논술,,
2026,중앙대학교,사회복지학부,논술,논술,,
2026,중앙대학교,사회학과,논술,논술,,
2026,중앙대학교,심리학과,논술,논술,,
2026,중앙대학교,역사학과,논술,논술,,
2026,중앙대학교,영어교육과,논술,논술,,
2026,중앙대학교,영어영문학과,논술,논술,,
2026,중앙대학교,응용통계학과,논술,논술,,
2026,중앙대학교,일본어문학,논술,논술,,
2026,중앙대학교,정치국제학과,논술,논술,,
2026,중앙대학교,중국어문학,논술,논술,,
2026,중앙대학교,철학과,논술,논술,,
2026,중앙대학교,프랑스어문학,논술,논술,,
2026,중앙대학교,경영학,논술,논술 창의형,,
2026,중앙대학교,경제학부,논술,논술 창의형,,
2026,중앙대학교,공공인재학부,논술,논술 창의형,,
2026,중앙대학교,미디어커뮤니케이션,논술,논술 창의형,,
2026,중앙대학교,심리학과,논술,논술 창의형,,
2026,중앙대학교,영어영문학과,논술,논술 창의형,,
2026,중앙대학교,정치국제학과,논술,논술 창의형,,
2026,중앙대학교,간호학과(통합),학생부종합,융합형인재,1.89,1.91
2026,중앙대학교,경영학,학생부종합,융합형인재,2.18,2.18
2026,중앙대학교,경제학부,학생부종합,융합형인재,1.85,1.91
2026,중앙대학교,공공인재학부,학생부종합,융합형인재,2.06,2.4
2026,중앙대학교,광고홍보학과,학생부종합,융합형인재,1.94,1.92
2026,중앙대학교,교육학과,학생부종합,융합형인재,1.93,1.95
2026,중앙대학교,국어국문학과,학생부종합,융합형인재,1.94,2.2
2026,중앙대학교,국제물류학과,학생부종합,융합형인재,3.59,3.82
2026,중앙대학교,글로벌금융,학생부종합,융합형인재,1.94,2.2
2026,중앙대학교,도시계획·부동산,학생부종합,융합형인재,2.95,3.77
2026,중앙대학교,문헌정보학과,학생부종합,융합형인재,2.08,2.22
2026,중앙대학교,미디어커뮤니케이션,학생부종합,융합형인재,2.73,2.73
2026,중앙대학교,사회복지학부,학생부종합,융합형인재,2.09,2.31
2026,중앙대학교,사회학과,학생부종합,융합형인재,1.81,1.92
2026,중앙대학교,산업보안학과(인문),학생부종합,융합형인재,1.97,1.97
2026,중앙대학교,심리학과,학생부종합,융합형인재,1.76,1.77
2026,중앙대학교,역사학과,학생부종합,융합형인재,1.94,2.04
2026,중앙대학교,영어교육과,학생부종합,융합형인재,1.81,1.92
2026,중앙대학교,영어영문학과,학생부종합,융합형인재,2.07,2.31
2026,중앙대학교,유아교육과,학생부종합,융합형인재,2.28,2.44
2026,중앙대학교,응용통계학과,학생부종합,융합형인재,1.88,1.91
2026,중앙대학교,철학과,학생부종합,융합형인재,2.54,3.83
2026,중앙대학교,건설환경플랜트공학,학생부종합,융합형인재,2,4.84
2026,중앙대학교,건축학부,학생부종합,융합형인재,1.76,1.93
2026,중앙대학교,기계공학부,학생부종합,융합형인재,1.78,1.88
2026,중앙대학교,도시시스템공학,학생부종합,융합형인재,1.95,2.01
2026,중앙대학교,물리학과,학생부종합,융합형인재,2.23,2.2
2026,중앙대학교,산업보안학과(자연),학생부종합,융합형인재,1.97,1.97
2026,중앙대학교,생명과학과,학생부종합,융합형인재,5.05,3.3
2026,중앙대학교,소프트웨어학부,학생부종합,융합형인재,1.69,1.72
2026,중앙대학교,약학부,학생부종합,융합형인재,1.1,1.16
2026,중앙대학교,에너지시스템공학부,학생부종합,융합형인재,1.64,1.71
2026,중앙대학교,융합공학부,학생부종합,융합형인재,1.67,1.73
2026,중앙대학교,전자전기공학부,학생부종합,융합형인재,1.69,1.76
2026,중앙대학교,화학공학과,학생부종합,융합형인재,1.44,1.44
2026,중앙대학교,화학과,학생부종합,융합형인재,2.15,1.71
2026,중앙대학교,간호학과(통합),학생부종합,CAU탐구형인재,2.09,2.58
2026,중앙대학교,경영학,학생부종합,CAU탐구형인재,3.25,3.25
2026,중앙대학교,경제학부,학생부종합,CAU탐구형인재,3.72,4.06
2026,중앙대학교,공공인재학부,학생부종합,CAU탐구형인재,2.94,3.71
2026,중앙대학교,광고홍보학과,학생부종합,CAU탐구형인재,3.56,2.91
2026,중앙대학교,국어국문학과,학생부종합,CAU탐구형인재,3.66,3.94
2026,중앙대학교,국제물류학과,학생부종합,CAU탐구형인재,3.68,3.85
2026,중앙대학교,글로벌금융,학생부종합,CAU탐구형인재,,
2026,중앙대학교,도시계획·부동산,학생부종합,CAU탐구형인재,4.03,3.31
2026,중앙대학교,독일어문학,학생부종합,CAU탐구형인재,4.28,3.98
2026,중앙대학교,러시아어문학,학생부종합,CAU탐구형인재,4.57,4.2
2026,중앙대학교,문헌정보학과,학생부종합,CAU탐구형인재,2.22,2.08
2026,중앙대학교,미디어커뮤니케이션,학생부종합,CAU탐구형인재,3.95,3.95
2026,중앙대학교,사회복지학부,학생부종합,CAU탐구형인재,2.37,2.72
2026,중앙대학교,사회학과,학생부종합,CAU탐구형인재,1.92,1.98
2026,중앙대학교,산업보안학과(인문),학생부종합,CAU탐구형인재,3.67,4.19
2026,중앙대학교,심리학과,학생부종합,CAU탐구형인재,2.46,2.61
2026,중앙대학교,영어영문학과,학생부종합,CAU탐구형인재,3.06,3.41
2026,중앙대학교,일본어문학,학생부종합,CAU탐구형인재,4.25,3.93
2026,중앙대학교,정치국제학과,학생부종합,CAU탐구형인재,3.26,3.76
2026,중앙대학교,중국어문학,학생부종합,CAU탐구형인재,4.11,4.3
2026,중앙대학교,프랑스어문학,학생부종합,CAU탐구형인재,4.24,4.11
2026,중앙대학교,AI학과,학생부종합,CAU탐구형인재,2.38,2.54
2026,중앙대학교,간호학과(자연),학생부종합,CAU탐구형인재,2.09,2.58
2026,중앙대학교,건설환경플랜트공학,학생부종합,CAU탐구형인재,6.13,3.82
2026,중앙대학교,건축학부,학생부종합,CAU탐구형인재,2.43,3.54
2026,중앙대학교,기계공학부,학생부종합,CAU탐구형인재,3.56,4.16
2026,중앙대학교,도시시스템공학,학생부종합,CAU탐구형인재,1.95,2.01
2026,중앙대학교,물리학과,학생부종합,CAU탐구형인재,2.18,2.23
2026,중앙대학교,산업보안학과(자연),학생부종합,CAU탐구형인재,4.07,4.07
2026,중앙대학교,생명과학과,학생부종합,CAU탐구형인재,3.57,5.05
2026,중앙대학교,소프트웨어학부,학생부종합,CAU탐구형인재,2.06,2.53
2026,중앙대학교,수학과,학생부종합,CAU탐구형인재,3.11,5.32
2026,중앙대학교,약학부,학생부종합,CAU탐구형인재,2.26,2.72
2026,중앙대학교,에너지시스템공학부,학생부종합,CAU탐구형인재,5.13,5.52
2026,중앙대학교,융합공학부,학생부종합,CAU탐구형인재,3.8,5.5
2026,중앙대학교,전자전기공학부,학생부종합,CAU탐구형인재,2.02,2.15
2026,중앙대학교,지능형반도체,학생부종합,CAU탐구형인재,,
2026,중앙대학교,화학공학과,학생부종합,CAU탐구형인재,5.68,5.86
2026,중앙대학교,화학과,학생부종합,CAU탐구형인재,1.95,2.15
2026,중앙대학교,간호학과(통합),학생부종합,성장형,1.94,2.2
2026,중앙대학교,경영학,학생부종합,성장형,1.94,2.2
2026,중앙대학교,경제학부,학생부종합,성장형,1.94,2.2
2026,중앙대학교,공공인재학부,학생부종합,성장형,1.94,2.2
2026,중앙대학교,국어국문학과,학생부종합,성장형,1.94,2.2
2026,중앙대학교,글로벌금융,학생부종합,성장형,1.94,2.2
2026,중앙대학교,미디어커뮤니케이션,학생부종합,성장형,1.94,2.2
2026,중앙대학교,산업보안학과(인문),학생부종합,성장형,1.94,2.2
2026,중앙대학교,심리학과,학생부종합,성장형,1.94,2.2
2026,중앙대학교,영어영문학과,학생부종합,성장형,1.94,2.2
2026,중앙대학교,응용통계학과,학생부종합,성장형,1.94,2.2
2026,중앙대학교,정치국제학과,학생부종합,성장형,1.94,2.2
2026,중앙대학교,건축학부,학생부종합,성장형,1.94,2.2
2026,중앙대학교,기계공학부,학생부종합,성장형,1.94,2.2
2026,중앙대학교,소프트웨어학부,학생부종합,성장형,1.94,2.2
2026,중앙대학교,약학부,학생부종합,성장형,1.94,2.2
2026,중앙대학교,에너지시스템공학부,학생부종합,성장형,1.94,2.2
2026,중앙대학교,융합공학부,학생부종합,성장형,1.94,2.2
2026,중앙대학교,전자전기공학부,학생부종합,성장형,1.94,2.2
2026,중앙대학교,화학공학과,학생부종합,성장형,1.94,2.2
2026,중앙대학교,AI학과,논술,논술,,
2026,중앙대학교,간호학과(자연),논술,논술,,
2026,중앙대학교,건설환경플랜트공학,논술,논술,,
2026,중앙대학교,건축학부,논술,논술,,
2026,중앙대학교,기계공학부,논술,논술,,
2026,중앙대학교,도시시스템공학,논술,논술,,
2026,중앙대학교,물리학과,논술,논술,,
2026,중앙대학교,산업보안학과(자연),논술,논술,,
2026,중앙대학교,생명과학과,논술,논술,,
2026,중앙대학교,소프트웨어학부,논술,논술,,
2026,중앙대학교,수학과,논술,논술,,
2026,중앙대학교,약학부,논술,논술,,
2026,중앙대학교,에너지시스템공학부,논술,논술,,
2026,중앙대학교,융합공학부,논술,논술,,
2026,중앙대학교,전자전기공학부,논술,논술,,
2026,중앙대학교,화학공학과,논술,논술,,
2026,중앙대학교,화학과,논술,논술,,
2026,중앙대학교,기계공학부,논술,논술 창의형,,
2026,중앙대학교,소프트웨어학부,논술,논술 창의형,,
2026,중앙대학교,약학부,논술,논술 창의형,,
2026,중앙대학교,융합공학부,논술,논술 창의형,,
2026,중앙대학교,전자전기공학부,논술,논술 창의형,,
2026,중앙대학교,화학공학과,논술,논술 창의형,,
2026,중앙대학교,생명공학대학,학생부교과,지역균형,2.49,2.67
2026,중앙대학교,첨단소재공학과,학생부교과,지역균형,2.7,2.94
2026,중앙대학교,예술공학부,학생부교과,지역균형,2.94,3.09
2026,중앙대학교,시스템생명공학과,학생부종합,CAU융합형인재,1.7,1.87
2026,중앙대학교,동물생명공학,학생부종합,CAU융합형인재,3.12,3.3
2026,중앙대학교,식품공학,학생부종합,CAU융합형인재,3.49,3.46
2026,중앙대학교,식물생명공학,학생부종합,CAU융합형인재,3.42,4.24
2026,중앙대학교,식품영양,학생부종합,CAU융합형인재,4,3.71
2026,중앙대학교,예술공학부,학생부종합,CAU융합형인재,3.67,3.85
2026,중앙대학교,첨단소재공학과,학생부종합,CAU융합형인재,2.54,3.1
2026,중앙대학교,시스템생명공학과,학생부종합,CAU탐구형인재,2.72,3.53
2026,중앙대학교,식품공학,학생부종합,CAU탐구형인재,4.25,5.43
2026,중앙대학교,동물생명공학,학생부종합,CAU탐구형인재,3.93,3.6
2026,중앙대학교,식물생명공학,학생부종합,CAU탐구형인재,3.9,
2026,중앙대학교,첨단소재공학과,학생부종합,CAU탐구형인재,3.57,3.57
2026,중앙대학교,예술공학부,학생부종합,CAU탐구형인재,4.14,4.68
2026,중앙대학교,첨단소재공학과,논술,논술,,
2026,중앙대학교,동물생명공학,논술,논술,,
2026,중앙대학교,식물생명공학,논술,논술,,
2026,중앙대학교,식품공학,논술,논술,,
2026,중앙대학교,식품영양,논술,논술,,
2026,중앙대학교,시스템생명공학과,논술,논술,,
2026,중앙대학교,예술공학부,논술,논술,,
2026,이화여자대학교,경영학부,학생부교과,고교추천,1.5,1.58
2026,이화여자대학교,경제학과,학생부교과,고교추천,1.58,1.61
2026,이화여자대학교,교육공학과,학생부교과,고교추천,2.03,2.09
2026,이화여자대학교,교육학과,학생부교과,고교추천,1.67,1.69
2026,이화여자대학교,국어교육과,학생부교과,고교추천,1.52,1.54
2026,이화여자대학교,국어국문학과,학생부교과,고교추천,1.68,1.69
2026,이화여자대학교,국제사무학과,학생부교과,고교추천,1.7,1.72
2026,이화여자대학교,사회교육전공,학생부교과,고교추천,2.17,2.28
2026,이화여자대학교,사회학과,학생부교과,고교추천,1.65,1.67
2026,이화여자대학교,심리학과,학생부교과,고교추천,1.66,1.69
2026,이화여자대학교,역사교육전공,학생부교과,고교추천,1.71,1.84
2026,이화여자대학교,영어교육과,학생부교과,고교추천,1.62,1.76
2026,이화여자대학교,영어영문학부,학생부교과,고교추천,1.53,1.58
2026,이화여자대학교,유아교육과,학생부교과,고교추천,1.81,1.83
2026,이화여자대학교,의류산업학과,학생부교과,고교추천,1.64,1.64
2026,이화여자대학교,정치외교학과,학생부교과,고교추천,1.76,1.81
2026,이화여자대학교,중어중문학과,학생부교과,고교추천,1.65,1.67
2026,이화여자대학교,지리교육전공,학생부교과,고교추천,1.79,1.81
2026,이화여자대학교,초등교육과,학생부교과,고교추천,1.46,1.51
2026,이화여자대학교,커뮤니케이션·미디어,학생부교과,고교추천,1.78,1.78
2026,이화여자대학교,특수교육과,학생부교과,고교추천,1.76,1.78
2026,이화여자대학교,행정학과,학생부교과,고교추천,1.61,1.63
2026,이화여자대학교,간호학부,학생부교과,고교추천,1.53,1.53
2026,이화여자대학교,건축도시시스템공,학생부교과,고교추천,1.81,1.81
2026,이화여자대학교,건축학과,학생부교과,고교추천,1.74,1.89
2026,이화여자대학교,과학교육과,학생부교과,고교추천,1.54,1.6
2026,이화여자대학교,기후·에너지시스템공,학생부교과,고교추천,1.6,1.6
2026,이화여자대학교,사이버보안학과,학생부교과,고교추천,1.5,1.51
2026,이화여자대학교,생명과학,학생부교과,고교추천,1.43,1.43
2026,이화여자대학교,수학과,학생부교과,고교추천,1.57,1.61
2026,이화여자대학교,수학교육과,학생부교과,고교추천,1.38,1.45
2026,이화여자대학교,식품생명공학과,학생부교과,고교추천,1.37,1.4
2026,이화여자대학교,식품영양학과,학생부교과,고교추천,1.59,1.65
2026,이화여자대학교,인공지능 데이터사이언스,학생부교과,고교추천,1.68,1.68
2026,이화여자대학교,전자전기공학과,학생부교과,고교추천,1.72,1.72
2026,이화여자대학교,지능형반도체공학전공,학생부교과,고교추천,1.45,1.46
2026,이화여자대학교,컴퓨터공학과,학생부교과,고교추천,1.55,1.6
2026,이화여자대학교,통계학과,학생부교과,고교추천,1.48,1.49
2026,이화여자대학교,화공신소재공학과,학생부교과,고교추천,1.29,1.37
2026,이화여자대학교,화학나노과학,학생부교과,고교추천,1.63,1.63
2026,이화여자대학교,환경공학과,학생부교과,고교추천,1.46,1.52
2026,이화여자대학교,휴먼기계바이오공학과,학생부교과,고교추천,1.48,1.5
2026,이화여자대학교,경영학부,논술,논술,,
2026,이화여자대학교,경제학과,논술,논술,,
2026,이화여자대학교,국어국문학과,논술,논술,,
2026,이화여자대학교,국제사무학과,논술,논술,,
2026,이화여자대학교,기독교학과,논술,논술,,
2026,이화여자대학교,독어독문학과,논술,논술,,
2026,이화여자대학교,문헌정보학과,논술,논술,,
2026,이화여자대학교,불어불문학과,논술,논술,,
2026,이화여자대학교,사학과,논술,논술,,
2026,이화여자대학교,사회복지학과,논술,논술,,
2026,이화여자대학교,사회학과,논술,논술,,
2026,이화여자대학교,소비자학과,논술,논술,,
2026,이화여자대학교,스크랜튼 자유전공,논술,논술,,
2026,이화여자대학교,심리학과,논술,논술,,
2026,이화여자대학교,영어영문학부,논술,논술,,
2026,이화여자대학교,의류산업학과,논술,논술,,
2026,이화여자대학교,정치외교학과,논술,논술,,
2026,이화여자대학교,중어중문학과,논술,논술,,
2026,이화여자대학교,철학과,논술,논술,,
2026,이화여자대학교,커뮤니케이션·미디어학부,논술,논술,,
2026,이화여자대학교,행정학과,논술,논술,,
2026,이화여자대학교,휴먼기계바이오공학과(인문),논술,논술,,
2026,이화여자대학교,간호학부,논술,논술,,
2026,이화여자대학교,건축도시시스템공학과,논술,논술,,
2026,이화여자대학교,건축학과,논술,논술,,
2026,이화여자대학교,기후·에너지시스템공학과,논술,논술,,
2026,이화여자대학교,물리학과,논술,논술,,
2026,이화여자대학교,사이버보안학과,논술,논술,,
2026,이화여자대학교,수학과,논술,논술,,
2026,이화여자대학교,식품생명공학과,논술,논술,,
2026,이화여자대학교,식품영양학과,논술,논술,,
2026,이화여자대학교,약학전공,논술,논술,,
2026,이화여자대학교,의예과,논술,논술,,
2026,이화여자대학교,융합보건학과,논술,논술,,
2026,이화여자대학교,융합콘텐츠학과(자연),논술,논술,,
2026,이화여자대학교,전자전기공학과,논술,논술,,
2026,이화여자대학교,지능형반도체공학전공,논술,논술,,
2026,이화여자대학교,컴퓨터공학과,논술,논술,,
2026,이화여자대학교,인공지능 데이터사이언스,논술,논술,,
2026,이화여자대학교,통계학과,논술,논술,,
2026,이화여자대학교,화공신소재공학과,논술,논술,,
2026,이화여자대학교,화학나노과학,논술,논술,,
2026,이화여자대학교,생명과학,논술,논술,,
2026,이화여자대학교,환경공학과,논술,논술,,
2026,이화여자대학교,휴먼기계바이오공학과,논술,논술,,
2026,이화여자대학교,경영학부,학생부종합,미래인재면접,3.48,3.5
2026,이화여자대학교,경제학과,학생부종합,미래인재면접,2.36,
2026,이화여자대학교,국어국문학과,학생부종합,미래인재면접,3.5,3.5
2026,이화여자대학교,국제사무학과,학생부종합,미래인재면접,,
2026,이화여자대학교,국제학부,학생부종합,미래인재면접,4.02,4.2
2026,이화여자대학교,기독교학과,학생부종합,미래인재면접,2.44,2.53
2026,이화여자대학교,독어독문학과,학생부종합,미래인재면접,3.71,3.83
2026,이화여자대학교,불어불문학과,학생부종합,미래인재면접,3.68,4.06
2026,이화여자대학교,사학과,학생부종합,미래인재면접,,
2026,이화여자대학교,스크랜튼 자유전공,학생부종합,미래인재면접,,
2026,이화여자대학교,영어영문학부,학생부종합,미래인재면접,3.17,3.41
2026,이화여자대학교,의류산업학과,학생부종합,미래인재면접,,
2026,이화여자대학교,중어중문학과,학생부종합,미래인재면접,4.05,4.12
2026,이화여자대학교,간호학부(인문),학생부종합,미래인재,1.93,1.89
2026,이화여자대학교,경영학부,학생부종합,미래인재,2.06,2.16
2026,이화여자대학교,경제학과,학생부종합,미래인재,2.36,2.41
2026,이화여자대학교,교육공학과,학생부종합,미래인재,2.13,2.17
2026,이화여자대학교,교육학과,학생부종합,미래인재,1.84,1.94
2026,이화여자대학교,국어교육과,학생부종합,미래인재,1.87,1.89
2026,이화여자대학교,국어국문학과,학생부종합,미래인재,2.19,2.39
2026,이화여자대학교,국제학부,학생부종합,미래인재,3.03,3.6
2026,이화여자대학교,국제사무학과,학생부종합,미래인재,3.16,3.9
2026,이화여자대학교,기독교학과,학생부종합,미래인재,2.44,2.53
2026,이화여자대학교,독어독문학과,학생부종합,미래인재,3.71,3.83
2026,이화여자대학교,문헌정보학과,학생부종합,미래인재,2.02,2.18
2026,이화여자대학교,미래산업약학전공,학생부종합,미래인재면접(문과),,
2026,이화여자대학교,불어불문학과,학생부종합,미래인재,3.75,4.14
2026,이화여자대학교,사학과,학생부종합,미래인재,2.18,2.24
2026,이화여자대학교,사회교육전공,학생부종합,미래인재,2.07,2.15
2026,이화여자대학교,사회복지학과,학생부종합,미래인재,2.14,2.18
2026,이화여자대학교,사회학과,학생부종합,미래인재,1.92,2.05
2026,이화여자대학교,소비자학과,학생부종합,미래인재,2.08,2.13
2026,이화여자대학교,스크랜튼 자유전공,학생부종합,미래인재,2.22,2.42
2026,이화여자대학교,심리학과,학생부종합,미래인재,2.05,2.08
2026,이화여자대학교,역사교육전공,학생부종합,미래인재,2.2,2.26
2026,이화여자대학교,영어교육과,학생부종합,미래인재,1.88,1.93
2026,이화여자대학교,영어영문학부,학생부종합,미래인재,3.17,3.41
2026,이화여자대학교,유아교육과,학생부종합,미래인재,2.01,2.26
2026,이화여자대학교,융합콘텐츠학과,학생부종합,미래인재,3.8,3.78
2026,이화여자대학교,의류산업학과,학생부종합,미래인재,2.36,2.52
2026,이화여자대학교,정치외교학과,학생부종합,미래인재,1.95,2
2026,이화여자대학교,중어중문학과,학생부종합,미래인재,3.91,4.32
2026,이화여자대학교,지리교육전공,학생부종합,미래인재,2.22,2.33
2026,이화여자대학교,철학과,학생부종합,미래인재,2.17,2.28
2026,이화여자대학교,초등교육과,학생부종합,미래인재,1.86,2
2026,이화여자대학교,커뮤니케이션·미디어,학생부종합,미래인재,2.49,2.28
2026,이화여자대학교,특수교육과,학생부종합,미래인재,2.33,2.49
2026,이화여자대학교,행정학과,학생부종합,미래인재,2,2.02
2026,이화여자대학교,간호학부,학생부종합,미래인재,1.93,1.89
2026,이화여자대학교,건축도시시스템공,학생부종합,미래인재,2.34,2.54
2026,이화여자대학교,건축학과,학생부종합,미래인재,2.31,2.41
2026,이화여자대학교,과학교육과,학생부종합,미래인재,1.78,1.86
2026,이화여자대학교,기후·에너지시스템공,학생부종합,미래인재,2.04,2.15
2026,이화여자대학교,뇌인지과학부,학생부종합,미래인재,1.97,1.77
2026,이화여자대학교,물리학과,학생부종합,미래인재,2.15,2.2
2026,이화여자대학교,사이버보안학과,학생부종합,미래인재,2.03,2.07
2026,이화여자대학교,생명과학전공,학생부종합,미래인재,1.83,1.77
2026,이화여자대학교,수학과,학생부종합,미래인재,2.03,2.13
2026,이화여자대학교,수학교육과,학생부종합,미래인재,2.07,2.11
2026,이화여자대학교,식품생명공학과,학생부종합,미래인재,1.78,1.84
2026,이화여자대학교,식품영양학과,학생부종합,미래인재,1.77,1.9
2026,이화여자대학교,약학전공,학생부종합,미래인재,1.2,1.26
2026,이화여자대학교,융합보건학과,학생부종합,미래인재,1.8,1.84
2026,이화여자대학교,전자전기공학과,학생부종합,미래인재,2.11,2.03
2026,이화여자대학교,지능형반도체공학,학생부종합,미래인재,2.32,2.26
2026,이화여자대학교,컴퓨터공학과,학생부종합,미래인재,2.01,2.11
2026,이화여자대학교,인공지능 데이터사이언스,학생부종합,미래인재,2.05,2.06
2026,이화여자대학교,통계학과,학생부종합,미래인재,2.04,2.1
2026,이화여자대학교,화공신소재공학과,학생부종합,미래인재,1.95,1.95
2026,이화여자대학교,화학·나노과학전공,학생부종합,미래인재,2,1.85
2026,이화여자대학교,환경공학과,학생부종합,미래인재,1.95,1.89
2026,이화여자대학교,휴먼기계바이오공,학생부종합,미래인재,1.9,1.88
2026,이화여자대학교,간호학부,학생부종합,미래인재면접,,
2026,이화여자대학교,과학교육과,학생부종합,미래인재면접,1.78,1.86
2026,이화여자대학교,뇌인지과학부,학생부종합,미래인재면접,,
2026,이화여자대학교,사이버보안학과,학생부종합,미래인재면접,,
2026,이화여자대학교,생명과학전공,학생부종합,미래인재면접,,
2026,이화여자대학교,수학교육과,학생부종합,미래인재면접,,
2026,이화여자대학교,식품영양학과,학생부종합,미래인재면접,1.77,1.9
2026,이화여자대학교,약학전공,학생부종합,미래인재면접,1.11,1.18
2026,이화여자대학교,의예과,학생부종합,미래인재면접,,
2026,이화여자대학교,인공지능 데이터사이언스,학생부종합,미래인재면접,,
2026,이화여자대학교,지능형반도체공학전공,학생부종합,미래인재면접,2.15,
2026,이화여자대학교,컴퓨터공학과,학생부종합,미래인재면접,2.11,
2026,이화여자대학교,통계학과,학생부종합,미래인재면접,,
2026,이화여자대학교,화공신소재공학과,학생부종합,미래인재면접,1.95,1.95
2026,이화여자대학교,화학나노과학전공,학생부종합,미래인재면접,,
2026,이화여자대학교,환경공학과,학생부종합,미래인재면접,1.95,
2026,이화여자대학교,휴먼기계바이오공학과,학생부종합,미래인재면접,,
2026,경희대학교,자율전공학부,학생부교과,지역균형,1.79,1.79
2026,경희대학교,자유전공학부(국캠),학생부교과,지역균형,1.81,1.81
2026,경희대학교,Hospitality경영학부,학생부교과,지역균형,2.04,2.04
2026,경희대학교,간호학과(통합),학생부교과,지역균형,1.96,1.96
2026,경희대학교,경영회계학과,학생부교과,지역균형,1.82,1.96
2026,경희대학교,경제학과,학생부교과,지역균형,1.87,1.89
2026,경희대학교,관광·엔터테인먼트학부,학생부교과,지역균형,1.84,1.86
2026,경희대학교,국어국문학과,학생부교과,지역균형,1.92,1.96
2026,경희대학교,국제학과,학생부교과,지역균형,1.9,1.91
2026,경희대학교,글로벌커뮤니케이션학부,학생부교과,지역균형,2.05,1.95
2026,경희대학교,러시아어학과,학생부교과,지역균형,2.2,2.2
2026,경희대학교,무역학과,학생부교과,지역균형,1.85,1.96
2026,경희대학교,미디어학과,학생부교과,지역균형,1.81,1.83
2026,경희대학교,빅데이터응용학과,학생부교과,지역균형,1.45,1.45
2026,경희대학교,사학과,학생부교과,지역균형,1.93,1.97
2026,경희대학교,사회학과,학생부교과,지역균형,1.72,1.76
2026,경희대학교,스페인어학과,학생부교과,지역균형,1.97,1.97
2026,경희대학교,아동가족학과,학생부교과,지역균형,1.9,1.96
2026,경희대학교,영어영문학과,학생부교과,지역균형,1.88,1.88
2026,경희대학교,응용영어통번역학과,학생부교과,지역균형,2.12,2.12
2026,경희대학교,의상학과,학생부교과,지역균형,2,2
2026,경희대학교,일본어학과,학생부교과,지역균형,1.96,1.96
2026,경희대학교,정치외교학과,학생부교과,지역균형,1.75,1.81
2026,경희대학교,조리&푸드디자인학과,학생부교과,지역균형,3.6,3.6
2026,경희대학교,주거환경학과,학생부교과,지역균형,1.93,1.93
2026,경희대학교,중국어학과,학생부교과,지역균형,2.15,2.15
2026,경희대학교,지리학과(인문),학생부교과,지역균형,2,2
2026,경희대학교,철학과,학생부교과,지역균형,1.69,1.69
2026,경희대학교,프랑스어학과,학생부교과,지역균형,2.04,2.04
2026,경희대학교,한국어학과,학생부교과,지역균형,3.76,3.76
2026,경희대학교,한의예과(인문),학생부교과,지역균형,1.04,1.04
2026,경희대학교,행정학과,학생부교과,지역균형,1.88,1.9
2026,경희대학교,회계·세무학과,학생부교과,지역균형,1.79,1.79
2026,경희대학교,건축공학과,학생부교과,지역균형,1.85,1.85
2026,경희대학교,건축학과(5년제),학생부교과,지역균형,1.87,1.79
2026,경희대학교,기계공학과,학생부교과,지역균형,1.65,1.79
2026,경희대학교,물리학과,학생부교과,지역균형,1.8,1.8
2026,경희대학교,반도체공학과,학생부교과,지역균형,,
2026,경희대학교,사회기반시스템공학과,학생부교과,지역균형,1.86,1.86
2026,경희대학교,산업경영공학과,학생부교과,지역균형,1.8,1.8
2026,경희대학교,생물학과,학생부교과,지역균형,1.59,1.64
2026,경희대학교,생체의공학과,학생부교과,지역균형,1.75,1.75
2026,경희대학교,소프트웨어융합학과,학생부교과,지역균형,1.94,1.94
2026,경희대학교,수학과,학생부교과,지역균형,2,2.1
2026,경희대학교,스마트팜과학과,학생부교과,지역균형,1.72,1.73
2026,경희대학교,식품생명공학과,학생부교과,지역균형,1.66,1.7
2026,경희대학교,식품영양학과,학생부교과,지역균형,1.72,1.72
2026,경희대학교,약과학과,학생부교과,지역균형,1.48,1.54
2026,경희대학교,약학과,학생부교과,지역균형,1.17,1.17
2026,경희대학교,우주과학과,학생부교과,지역균형,2,2
2026,경희대학교,원자력공학과,학생부교과,지역균형,1.67,1.67
2026,경희대학교,유전생명공학과,학생부교과,지역균형,1.57,1.65
2026,경희대학교,응용물리학과,학생부교과,지역균형,1.87,1.87
2026,경희대학교,응용수학과,학생부교과,지역균형,1.79,1.79
2026,경희대학교,응용화학과,학생부교과,지역균형,1.71,1.79
2026,경희대학교,전자공학과,학생부교과,지역균형,1.63,1.75
2026,경희대학교,미래정보디스플레이학부,학생부교과,지역균형,1.62,1.71
2026,경희대학교,신소재공학과,학생부교과,지역균형,1.5,1.5
2026,경희대학교,지리학과(자연),학생부교과,지역균형,2,2
2026,경희대학교,치의예과,학생부교과,지역균형,1.27,1.27
2026,경희대학교,컴퓨터공학부 인공지능학과,학생부교과,지역균형,1.57,1.72
2026,경희대학교,컴퓨터공학부 컴퓨터공학과,학생부교과,지역균형,1.72,1.63
2026,경희대학교,융합바이오·신소재 (한방+식물),학생부교과,지역균형,1.77,1.77
2026,경희대학교,한약학과,학생부교과,지역균형,1.2,1.28
2026,경희대학교,한의예과(자연),학생부교과,지역균형,1.04,1.04
2026,경희대학교,화학공학과,학생부교과,지역균형,1.9,1.9
2026,경희대학교,화학과,학생부교과,지역균형,1.5,1.52
2026,경희대학교,환경학및환경공학과,학생부교과,지역균형,1.64,1.64
2026,경희대학교,자율전공학부,논술,논술우수자,,
2026,경희대학교,Hospitality경영학부,논술,논술우수자,,
2026,경희대학교,간호학과(통합),논술,논술우수자,,
2026,경희대학교,경영회계학과,논술,논술우수자,,
2026,경희대학교,경제학과,논술,논술우수자,,
2026,경희대학교,관광·엔터테인먼트,논술,논술우수자,,
2026,경희대학교,국어국문학과,논술,논술우수자,,
2026,경희대학교,글로벌커뮤니케이션,논술,논술우수자,,
2026,경희대학교,러시아어학과,논술,논술우수자,,
2026,경희대학교,무역학과,논술,논술우수자,,
2026,경희대학교,미디어학과,논술,논술우수자,,
2026,경희대학교,빅데이터응용학과,논술,논술우수자,,
2026,경희대학교,사학과,논술,논술우수자,,
2026,경희대학교,사회학과,논술,논술우수자,,
2026,경희대학교,스페인어학과,논술,논술우수자,,
2026,경희대학교,아동가족학과,논술,논술우수자,,
2026,경희대학교,영어영문학과,논술,논술우수자,,
2026,경희대학교,응용영어통번역학과,논술,논술우수자,,
2026,경희대학교,의상학과,논술,논술우수자,,
2026,경희대학교,일본어학과,논술,논술우수자,,
2026,경희대학교,정치외교학과,논술,논술우수자,,
2026,경희대학교,조리&푸드디자인학과,논술,논술우수자,,
2026,경희대학교,주거환경학과,논술,논술우수자,,
2026,경희대학교,중국어학과,논술,논술우수자,,
2026,경희대학교,지리학과(인문),논술,논술우수자,,
2026,경희대학교,철학과,논술,논술우수자,,
2026,경희대학교,프랑스어학과,논술,논술우수자,,
2026,경희대학교,한국어학과,논술,논술우수자,,
2026,경희대학교,한의예과(인문),논술,논술우수자,,
2026,경희대학교,행정학과,논술,논술우수자,,
2026,경희대학교,회계·세무학과,논술,논술우수자,,
2026,경희대학교,간호학과(자연),논술,논술우수자,,
2026,경희대학교,건축공학과,논술,논술우수자,,
2026,경희대학교,건축학과(5년제)[자연],논술,논술우수자,,
2026,경희대학교,기계공학과,논술,논술우수자,,
2026,경희대학교,AI로봇공학,논술,논술우수자,,
2026,경희대학교,항공우주모빌리티,논술,논술우수자,,
2026,경희대학교,물리학과,논술,논술우수자,,
2026,경희대학교,반도체공학과,논술,논술우수자,,
2026,경희대학교,사회기반시스템공학과,논술,논술우수자,,
2026,경희대학교,산업경영공학과,논술,논술우수자,,
2026,경희대학교,생물학과,논술,논술우수자,,
2026,경희대학교,생체의공학과,논술,논술우수자,,
2026,경희대학교,소프트웨어융합학과,논술,논술우수자,,
2026,경희대학교,수학과,논술,논술우수자,,
2026,경희대학교,스마트팜과학과,논술,논술우수자,,
2026,경희대학교,식품생명공학과,논술,논술우수자,,
2026,경희대학교,식품영양학과,논술,논술우수자,,
2026,경희대학교,약과학과,논술,논술우수자,,
2026,경희대학교,약학과,논술,논술우수자,,
2026,경희대학교,우주과학과,논술,논술우수자,,
2026,경희대학교,원자력공학과,논술,논술우수자,,
2026,경희대학교,유전생명공학과,논술,논술우수자,,
2026,경희대학교,응용물리학과,논술,논술우수자,,
2026,경희대학교,응용수학과,논술,논술우수자,,
2026,경희대학교,응용화학과,논술,논술우수자,,
2026,경희대학교,전자공학과,논술,논술우수자,,
2026,경희대학교,미래정보디스플레이학부,논술,논술우수자,,
2026,경희대학교,신소재공학과,논술,논술우수자,,
2026,경희대학교,지리학과(자연),논술,논술우수자,,
2026,경희대학교,치의예과,논술,논술우수자,,
2026,경희대학교,인공지능학과,논술,논술우수자,,
2026,경희대학교,컴퓨터공학과,논술,논술우수자,,
2026,경희대학교,융합바이오·신소재(한방+식물),논술,논술우수자,,
2026,경희대학교,한약학과,논술,논술우수자,,
2026,경희대학교,한의예과(자연),논술,논술우수자,,
2026,경희대학교,화학공학과,논술,논술우수자,,
2026,경희대학교,화학과,논술,논술우수자,,
2026,경희대학교,환경학및환경공학과,논술,논술우수자,,
2026,경희대학교,자율전공학부,학생부종합,네오르네상스,2.03,1.89
2026,경희대학교,자유전공학부(국캠),학생부종합,네오르네상스,,
2026,경희대학교,Hospitality경영학부,학생부종합,네오르네상스,3.62,4.4
2026,경희대학교,경영회계학과,학생부종합,네오르네상스,2.48,2.1
2026,경희대학교,경제학과,학생부종합,네오르네상스,2.07,2.29
2026,경희대학교,관광·엔터테인먼트학부,학생부종합,네오르네상스,2.43,3.67
2026,경희대학교,국어국문학과,학생부종합,네오르네상스,2.41,3.58
2026,경희대학교,국제학과,학생부종합,네오르네상스,3.49,3.96
2026,경희대학교,글로벌Hospitality·관광학과,학생부종합,네오르네상스,3.59,4.04
2026,경희대학교,글로벌커뮤니케이션학부,학생부종합,네오르네상스,4.15,4.35
2026,경희대학교,러시아어학과,학생부종합,네오르네상스,4.08,4.39
2026,경희대학교,무역학과,학생부종합,네오르네상스,2.19,2.4
2026,경희대학교,미디어학과,학생부종합,네오르네상스,2.07,2.38
2026,경희대학교,빅데이터응용학과,학생부종합,네오르네상스,1.69,1.71
2026,경희대학교,사학과,학생부종합,네오르네상스,2.17,2.19
2026,경희대학교,사회학과,학생부종합,네오르네상스,1.9,1.92
2026,경희대학교,스페인어학과,학생부종합,네오르네상스,3.88,4.51
2026,경희대학교,아동가족학과,학생부종합,네오르네상스,2.41,2.43
2026,경희대학교,영어영문학과,학생부종합,네오르네상스,2.14,3.57
2026,경희대학교,응용영어통번역학과,학생부종합,네오르네상스,3.87,4.45
2026,경희대학교,의상학과,학생부종합,네오르네상스,2.36,2.69
2026,경희대학교,일본어학과,학생부종합,네오르네상스,4.53,4.75
2026,경희대학교,정치외교학과,학생부종합,네오르네상스,1.88,1.93
2026,경희대학교,조리&푸드디자인학과,학생부종합,네오르네상스,1.69,1.95
2026,경희대학교,주거환경학과,학생부종합,네오르네상스,3.1,2.7
2026,경희대학교,중국어학과,학생부종합,네오르네상스,4.42,4.61
2026,경희대학교,지리학과(인문),학생부종합,네오르네상스,2.28,2.41
2026,경희대학교,철학과,학생부종합,네오르네상스,1.87,2.26
2026,경희대학교,프랑스어학과,학생부종합,네오르네상스,3.69,4.29
2026,경희대학교,한국어학과,학생부종합,네오르네상스,4.28,4.3
2026,경희대학교,한의예과(인문),학생부종합,네오르네상스,1.54,1.37
2026,경희대학교,행정학과,학생부종합,네오르네상스,1.95,1.96
2026,경희대학교,회계·세무학과,학생부종합,네오르네상스,2.03,1.89
2026,경희대학교,간호학과(통합),학생부종합,네오르네상스,1.93,2.11
2026,경희대학교,건축공학과,학생부종합,네오르네상스,2.24,2.35
2026,경희대학교,건축학과(5년제)[자연],학생부종합,네오르네상스,2.18,2.13
2026,경희대학교,기계공학과,학생부종합,네오르네상스,2.25,4.06
2026,경희대학교,AI로봇공학,학생부종합,네오르네상스,2.03,1.89
2026,경희대학교,항공우주모빌리티,학생부종합,네오르네상스,2.03,1.89
2026,경희대학교,물리학과,학생부종합,네오르네상스,1.89,2.05
2026,경희대학교,반도체공학과,학생부종합,네오르네상스,1.83,2.34
2026,경희대학교,사회기반시스템공학과,학생부종합,네오르네상스,2.04,2.15
2026,경희대학교,산업경영공학과,학생부종합,네오르네상스,1.9,1.96
2026,경희대학교,생물학과,학생부종합,네오르네상스,1.81,3.57
2026,경희대학교,생체의공학과,학생부종합,네오르네상스,1.95,1.96
2026,경희대학교,소프트웨어융합학과,학생부종합,네오르네상스,2.04,2.3
2026,경희대학교,수학과,학생부종합,네오르네상스,1.94,1.99
2026,경희대학교,스마트팜과학과,학생부종합,네오르네상스,1.99,2.08
2026,경희대학교,식품생명공학과,학생부종합,네오르네상스,1.88,1.94
2026,경희대학교,식품영양학과,학생부종합,네오르네상스,1.92,2.3
2026,경희대학교,약과학과,학생부종합,네오르네상스,1.63,1.73
2026,경희대학교,약학과,학생부종합,네오르네상스,2.27,2.93
2026,경희대학교,우주과학과,학생부종합,네오르네상스,1.95,1.95
2026,경희대학교,원자력공학과,학생부종합,네오르네상스,2.1,2.31
2026,경희대학교,유전생명공학과,학생부종합,네오르네상스,1.7,1.86
2026,경희대학교,응용물리학과,학생부종합,네오르네상스,1.87,1.91
2026,경희대학교,응용수학과,학생부종합,네오르네상스,2,2.05
2026,경희대학교,응용화학과,학생부종합,네오르네상스,1.73,1.88
2026,경희대학교,전자공학과,학생부종합,네오르네상스,1.83,2.24
2026,경희대학교,미래정보디스플레이학부,학생부종합,네오르네상스,1.94,2.01
2026,경희대학교,신소재공학과,학생부종합,네오르네상스,1.82,1.85
2026,경희대학교,지리학과(자연),학생부종합,네오르네상스,2.28,2.41
2026,경희대학교,치의예과,학생부종합,네오르네상스,1.62,1.45
2026,경희대학교,인공지능학과,학생부종합,네오르네상스,1.8,1.8
2026,경희대학교,컴퓨터공학과,학생부종합,네오르네상스,1.81,1.86
2026,경희대학교,융합바이오·신소재(한방+식물),학생부종합,네오르네상스,2.45,2.35
2026,경희대학교,한약학과,학생부종합,네오르네상스,1.81,1.89
2026,경희대학교,한의예과(자연),학생부종합,네오르네상스,1.54,1.37
2026,경희대학교,화학공학과,학생부종합,네오르네상스,1.73,1.79
2026,경희대학교,화학과,학생부종합,네오르네상스,1.85,1.85
2026,경희대학교,환경학및환경공학과,학생부종합,네오르네상스,1.89,1.91
2026,한국외국어대학교,Language & AI융합학부,학생부교과,학교장추천,,
2026,한국외국어대학교,LD학부,학생부교과,학교장추천,,
2026,한국외국어대학교,LT학부,학생부교과,학교장추천,,
2026,한국외국어대학교,Social Science & AI융합학부,학생부교과,학교장추천,,
2026,한국외국어대학교,자유전공학부 서울,학생부교과,학교장추천,,
2026,한국외국어대학교,ELLT학과,학생부교과,학교장추천,,
2026,한국외국어대학교,경영학부,학생부교과,학교장추천,,
2026,한국외국어대학교,경제학부,학생부교과,학교장추천,,
2026,한국외국어대학교,국제통상학과,학생부교과,학교장추천,,
2026,한국외국어대학교,국제학부,학생부교과,학교장추천,,
2026,한국외국어대학교,네덜란드어과,학생부교과,학교장추천,,
2026,한국외국어대학교,노어과,학생부교과,학교장추천,,
2026,한국외국어대학교,독일어과,학생부교과,학교장추천,,
2026,한국외국어대학교,독일어교육과,학생부교과,학교장추천,,
2026,한국외국어대학교,말레이·인도네시아어과,학생부교과,학교장추천,,
2026,한국외국어대학교,몽골어과,학생부교과,학교장추천,,
2026,한국외국어대학교,미디어커뮤니케이션학부,학생부교과,학교장추천,,
2026,한국외국어대학교,베트남어과,학생부교과,학교장추천,,
2026,한국외국어대학교,스칸디나비아어과,학생부교과,학교장추천,,
2026,한국외국어대학교,스페인어과,학생부교과,학교장추천,,
2026,한국외국어대학교,아랍어과,학생부교과,학교장추천,,
2026,한국외국어대학교,영미문학·문화학과,학생부교과,학교장추천,,
2026,한국외국어대학교,영어교육과,학생부교과,학교장추천,,
2026,한국외국어대학교,영어통번역학과,학생부교과,학교장추천,,
2026,한국외국어대학교,융합일본지역학부,학생부교과,학교장추천,,
2026,한국외국어대학교,이탈리아어과,학생부교과,학교장추천,,
2026,한국외국어대학교,인도어과,학생부교과,학교장추천,,
2026,한국외국어대학교,일본언어문화학부,학생부교과,학교장추천,,
2026,한국외국어대학교,정치외교학과,학생부교과,학교장추천,,
2026,한국외국어대학교,중국어교육과,학생부교과,학교장추천,,
2026,한국외국어대학교,중국언어문화학부,학생부교과,학교장추천,,
2026,한국외국어대학교,중국외교통상학부,학생부교과,학교장추천,,
2026,한국외국어대학교,태국어과,학생부교과,학교장추천,,
2026,한국외국어대학교,튀르키예·아제르바이잔어과,학생부교과,학교장추천,,
2026,한국외국어대학교,특수외국어 유럽,학생부교과,학교장추천,,
2026,한국외국어대학교,특수외국어 인도아세안,학생부교과,학교장추천,,
2026,한국외국어대학교,특수외국어 중동,학생부교과,학교장추천,,
2026,한국외국어대학교,페르시아어·이란학과,학생부교과,학교장추천,,
2026,한국외국어대학교,포르투갈어과,학생부교과,학교장추천,,
2026,한국외국어대학교,프랑스어교육과,학생부교과,학교장추천,,
2026,한국외국어대학교,프랑스어학부,학생부교과,학교장추천,,
2026,한국외국어대학교,한국어교육과,학생부교과,학교장추천,,
2026,한국외국어대학교,핵심외국어계열,학생부교과,학교장추천,,
2026,한국외국어대학교,행정학과,학생부교과,학교장추천,,
2026,한국외국어대학교,Language & AI융합학부,학생부종합,학종(면접형),2.43,2.63
2026,한국외국어대학교,LD학부,학생부종합,학종(면접형),3.37,2.6
2026,한국외국어대학교,LT학부,학생부종합,학종(면접형),3.37,2.6
2026,한국외국어대학교,Social Science & AI융합학부,학생부종합,학종(면접형),2.53,3.23
2026,한국외국어대학교,자유전공학부 서울,학생부종합,학종(면접형),2.29,4.22
2026,한국외국어대학교,ELLT학과,학생부종합,학종(면접형),2.93,3.68
2026,한국외국어대학교,경영학부,학생부종합,학종(면접형),2.12,2.17
2026,한국외국어대학교,경제학부,학생부종합,학종(면접형),2.14,2.2
2026,한국외국어대학교,국제통상학과,학생부종합,학종(면접형),3.54,3.9
2026,한국외국어대학교,국제학부,학생부종합,학종(면접형),3.41,3.85
2026,한국외국어대학교,네덜란드어과,학생부종합,학종(면접형),3.04,3.51
2026,한국외국어대학교,노어과,학생부종합,학종(면접형),2.48,3.22
2026,한국외국어대학교,독일어과,학생부종합,학종(면접형),3.94,4.99
2026,한국외국어대학교,독일어교육과,학생부종합,학종(면접형),4.06,4.17
2026,한국외국어대학교,말레이·인도네시아어과,학생부종합,학종(면접형),4.01,4.33
2026,한국외국어대학교,몽골어과,학생부종합,학종(면접형),4.35,4.18
2026,한국외국어대학교,미디어커뮤니케이션학부,학생부종합,학종(면접형),2.17,2.26
2026,한국외국어대학교,베트남어과,학생부종합,학종(면접형),3.52,3.77
2026,한국외국어대학교,스칸디나비아어과,학생부종합,학종(면접형),4,4.18
2026,한국외국어대학교,스페인어과,학생부종합,학종(면접형),3.64,3.74
2026,한국외국어대학교,아랍어과,학생부종합,학종(면접형),3.45,3.86
2026,한국외국어대학교,영미문학·문화학과,학생부종합,학종(면접형),3.57,3.79
2026,한국외국어대학교,영어교육과,학생부종합,학종(면접형),2.18,2.36
2026,한국외국어대학교,영어통번역학과,학생부종합,학종(면접형),3.07,3.32
2026,한국외국어대학교,융합일본지역학부,학생부종합,학종(면접형),4.43,4.92
2026,한국외국어대학교,이탈리아어과,학생부종합,학종(면접형),4.71,4.87
2026,한국외국어대학교,인도어과,학생부종합,학종(면접형),3.77,2.78
2026,한국외국어대학교,일본언어문화학부,학생부종합,학종(면접형),2.95,3
2026,한국외국어대학교,정치외교학과,학생부종합,학종(면접형),2.18,2.2
2026,한국외국어대학교,중국어교육과,학생부종합,학종(면접형),4.45,4.19
2026,한국외국어대학교,중국언어문화학부,학생부종합,학종(면접형),3.16,3.67
2026,한국외국어대학교,중국외교통상학부,학생부종합,학종(면접형),3.52,3.74
2026,한국외국어대학교,태국어과,학생부종합,학종(면접형),3.28,2.81
2026,한국외국어대학교,튀르키예·아제르바이잔어과,학생부종합,학종(면접형),4.366,2.81
2026,한국외국어대학교,특수외국어 유럽,학생부종합,학종(면접형),3.37,2.6
2026,한국외국어대학교,특수외국어 인도아세안,학생부종합,학종(면접형),3.37,2.6
2026,한국외국어대학교,특수외국어 중동,학생부종합,학종(면접형),3.37,2.6
2026,한국외국어대학교,페르시아어·이란학과,학생부종합,학종(면접형),4.16,4.45
2026,한국외국어대학교,포르투갈어과,학생부종합,학종(면접형),2.84,3.27
2026,한국외국어대학교,프랑스어교육과,학생부종합,학종(면접형),4.31,4.6
2026,한국외국어대학교,프랑스어학부,학생부종합,학종(면접형),3.62,4.23
2026,한국외국어대학교,한국어교육과,학생부종합,학종(면접형),2.23,2.34
2026,한국외국어대학교,핵심외국어계열,학생부종합,학종(면접형),3.37,2.6
2026,한국외국어대학교,행정학과,학생부종합,학종(면접형),2.3,2.46
2026,한국외국어대학교,Language & AI융합학부,학생부종합,학종(서류형),2.21,2.11
2026,한국외국어대학교,LD학부,학생부종합,학종(서류형),3.37,2.6
2026,한국외국어대학교,LT학부,학생부종합,학종(서류형),2.32,2.86
2026,한국외국어대학교,Social Science & AI융합학부,학생부종합,학종(서류형),2.37,2.43
2026,한국외국어대학교,자유전공학부 서울,학생부종합,학종(서류형),2.21,2.29
2026,한국외국어대학교,ELLT학과,학생부종합,학종(서류형),2.15,2.38
2026,한국외국어대학교,경영학부,학생부종합,학종(서류형),2.16,2.21
2026,한국외국어대학교,경제학부,학생부종합,학종(서류형),2.03,2.07
2026,한국외국어대학교,국제통상학과,학생부종합,학종(서류형),2.11,2.15
2026,한국외국어대학교,국제학부,학생부종합,학종(서류형),2.17,2.23
2026,한국외국어대학교,네덜란드어과,학생부종합,학종(서류형),3.86,3.97
2026,한국외국어대학교,노어과,학생부종합,학종(서류형),2.6,3.58
2026,한국외국어대학교,독일어과,학생부종합,학종(서류형),3.26,4.39
2026,한국외국어대학교,독일어교육과,학생부종합,학종(서류형),3.96,4.21
2026,한국외국어대학교,말레이·인도네시아어과,학생부종합,학종(서류형),2.67,2.54
2026,한국외국어대학교,몽골어과,학생부종합,학종(서류형),4.16,3.14
2026,한국외국어대학교,미디어커뮤니케이션학부,학생부종합,학종(서류형),1.94,1.97
2026,한국외국어대학교,베트남어과,학생부종합,학종(서류형),3.51,3.99
2026,한국외국어대학교,스칸디나비아어과,학생부종합,학종(서류형),2.43,2.45
2026,한국외국어대학교,스페인어과,학생부종합,학종(서류형),3.62,4.25
2026,한국외국어대학교,아랍어과,학생부종합,학종(서류형),2.64,2.94
2026,한국외국어대학교,영미문학·문화학과,학생부종합,학종(서류형),2.29,2.47
2026,한국외국어대학교,영어교육과,학생부종합,학종(서류형),2.01,2.02
2026,한국외국어대학교,영어통번역학과,학생부종합,학종(서류형),2.37,2.4
2026,한국외국어대학교,융합일본지역학부,학생부종합,학종(서류형),3.96,4
2026,한국외국어대학교,이탈리아어과,학생부종합,학종(서류형),4.18,4.24
2026,한국외국어대학교,인도어과,학생부종합,학종(서류형),4.49,4.64
2026,한국외국어대학교,일본언어문화학부,학생부종합,학종(서류형),2.35,2.48
2026,한국외국어대학교,정치외교학과,학생부종합,학종(서류형),2.24,4.77
2026,한국외국어대학교,중국어교육과,학생부종합,학종(서류형),3.39,4.03
2026,한국외국어대학교,중국언어문화학부,학생부종합,학종(서류형),2.39,2.5
2026,한국외국어대학교,중국외교통상학부,학생부종합,학종(서류형),3.27,3.36
2026,한국외국어대학교,태국어과,학생부종합,학종(서류형),2.89,3.07
2026,한국외국어대학교,튀르키예·아제르바이잔어과,학생부종합,학종(서류형),2.51,3.76
2026,한국외국어대학교,특수외국어 유럽,학생부종합,학종(서류형),3.37,2.6
2026,한국외국어대학교,특수외국어 인도아세안,학생부종합,학종(서류형),3.37,2.6
2026,한국외국어대학교,특수외국어 중동,학생부종합,학종(서류형),3.37,2.6
2026,한국외국어대학교,페르시아어·이란학과,학생부종합,학종(서류형),4.51,3.65
2026,한국외국어대학교,포르투갈어과,학생부종합,학종(서류형),4.89,5.06
2026,한국외국어대학교,프랑스어교육과,학생부종합,학종(서류형),4.36,4
2026,한국외국어대학교,프랑스어학부,학생부종합,학종(서류형),3.79,4.77
2026,한국외국어대학교,한국어교육과,학생부종합,학종(서류형),1.89,2.14
2026,한국외국어대학교,핵심외국어계열,학생부종합,학종(서류형),3.37,2.6
2026,한국외국어대학교,행정학과,학생부종합,학종(서류형),1.94,1.97
2026,한국외국어대학교,ELLT학과,논술,논술,,
2026,한국외국어대학교,Language & AI융합학부,논술,논술,,
2026,한국외국어대학교,Language&Diplomacy학부,논술,논술,,
2026,한국외국어대학교,Language&Trade학부,논술,논술,,
2026,한국외국어대학교,Social Science & AI융합학부,논술,논술,,
2026,한국외국어대학교,경영학부,논술,논술,,
2026,한국외국어대학교,경제학부,논술,논술,,
2026,한국외국어대학교,국제통상학과,논술,논술,,
2026,한국외국어대학교,국제학부,논술,논술,,
2026,한국외국어대학교,네덜란드어과,논술,논술,,
2026,한국외국어대학교,노어과,논술,논술,,
2026,한국외국어대학교,독일어과,논술,논술,,
2026,한국외국어대학교,독일어교육과,논술,논술,,
2026,한국외국어대학교,말레이·인도네시아어과,논술,논술,,
2026,한국외국어대학교,몽골어과,논술,논술,,
2026,한국외국어대학교,미디어커뮤니케이션학부,논술,논술,,
2026,한국외국어대학교,베트남어과,논술,논술,,
2026,한국외국어대학교,스칸디나비아어과,논술,논술,,
2026,한국외국어대학교,스페인어과,논술,논술,,
2026,한국외국어대학교,아랍어과,논술,논술,,
2026,한국외국어대학교,영미문학·문화학과,논술,논술,,
2026,한국외국어대학교,영어교육과,논술,논술,,
2026,한국외국어대학교,영어통번역학과,논술,논술,,
2026,한국외국어대학교,융합일본지역학부,논술,논술,,
2026,한국외국어대학교,이탈리아어과,논술,논술,,
2026,한국외국어대학교,인도어과,논술,논술,,
2026,한국외국어대학교,일본언어문화학부,논술,논술,,
2026,한국외국어대학교,자유전공학부 서울,논술,논술,,
2026,한국외국어대학교,정치외교학과,논술,논술,,
2026,한국외국어대학교,중국어교육과,논술,논술,,
2026,한국외국어대학교,중국언어문화학부,논술,논술,,
2026,한국외국어대학교,중국외교통상학부,논술,논술,,
2026,한국외국어대학교,태국어과,논술,논술,,
2026,한국외국어대학교,튀르키예·아제르바이잔어과,논술,논술,,
2026,한국외국어대학교,특수외국어 유럽,논술,논술,,
2026,한국외국어대학교,특수외국어 인도아세안,논술,논술,,
2026,한국외국어대학교,특수외국어 중동,논술,논술,,
2026,한국외국어대학교,페르시아어·이란학과,논술,논술,,
2026,한국외국어대학교,포르투갈어과,논술,논술,,
2026,한국외국어대학교,프랑스어교육과,논술,논술,,
2026,한국외국어대학교,프랑스어학부,논술,논술,,
2026,한국외국어대학교,한국어교육과,논술,논술,,
2026,한국외국어대학교,핵심외국어계열,논술,논술,,
2026,한국외국어대학교,행정학과,논술,논술,,
2026,한국외국어대학교,Finance & AI융합학부,학생부교과,학교장추천,,
2026,한국외국어대학교,인문대학통합,학생부교과,학교장추천,,
2026,한국외국어대학교,국가전략언어계열,학생부교과,학교장추천,,
2026,한국외국어대학교,경상대학 통합,학생부교과,학교장추천,,
2026,한국외국어대학교,GBT학부,학생부교과,학교장추천,,
2026,한국외국어대학교,국제금융학과,학생부교과,학교장추천,,
2026,한국외국어대학교,그리스·불가리아학과,학생부교과,학교장추천,,
2026,한국외국어대학교,글로벌스포츠산업학부,학생부교과,학교장추천,,
2026,한국외국어대학교,글로벌자유전공학부(인문),학생부교과,학교장추천,,
2026,한국외국어대학교,디지털콘텐츠학부,학생부교과,학교장추천,,
2026,한국외국어대학교,루마니아어과,학생부교과,학교장추천,,
2026,한국외국어대학교,사학과,학생부교과,학교장추천,,
2026,한국외국어대학교,세르비아·크로아티아어과,학생부교과,학교장추천,,
2026,한국외국어대학교,아프리카학부,학생부교과,학교장추천,,
2026,한국외국어대학교,언어인지과학과,학생부교과,학교장추천,,
2026,한국외국어대학교,우크라이나어과,학생부교과,학교장추천,,
2026,한국외국어대학교,융합인재학부,학생부교과,학교장추천,,
2026,한국외국어대학교,중앙아시아학과,학생부교과,학교장추천,,
2026,한국외국어대학교,철학과,학생부교과,학교장추천,,
2026,한국외국어대학교,체코·슬로바키아어과,학생부교과,학교장추천,,
2026,한국외국어대학교,투어리즘 & 웰니스학부,학생부교과,학교장추천,,
2026,한국외국어대학교,폴란드어과,학생부교과,학교장추천,,
2026,한국외국어대학교,한국학과,학생부교과,학교장추천,,
2026,한국외국어대학교,헝가리어과,학생부교과,학교장추천,,
2026,한국외국어대학교,AI데이터융합학부,학생부교과,학교장추천,,
2026,한국외국어대학교,기후변화융합학부,학생부교과,학교장추천,,
2026,한국외국어대학교,바이오메디컬공학부,학생부교과,학교장추천,,
2026,한국외국어대학교,반도체공학전공,학생부교과,학교장추천,,
2026,한국외국어대학교,산업경영공학과,학생부교과,학교장추천,,
2026,한국외국어대학교,생명공학과,학생부교과,학교장추천,,
2026,한국외국어대학교,수학과,학생부교과,학교장추천,,
2026,한국외국어대학교,전자공학과,학생부교과,학교장추천,,
2026,한국외국어대학교,전자물리학과,학생부교과,학교장추천,,
2026,한국외국어대학교,정보통신공학과,학생부교과,학교장추천,,
2026,한국외국어대학교,컴퓨터공학부,학생부교과,학교장추천,,
2026,한국외국어대학교,통계학과,학생부교과,학교장추천,,
2026,한국외국어대학교,화학과,학생부교과,학교장추천,,
2026,한국외국어대학교,환경학과,학생부교과,학교장추천,,
2026,한국외국어대학교,Finance & AI융합학부,논술,논술,,
2026,한국외국어대학교,G.B.T 학부,논술,논술,,
2026,한국외국어대학교,국제금융학과,논술,논술,,
2026,한국외국어대학교,그리스·불가리아학과,논술,논술,,
2026,한국외국어대학교,글로벌스포츠산업학부,논술,논술,,
2026,한국외국어대학교,글로벌자유전공학부(인문),논술,논술,,
2026,한국외국어대학교,디지털콘텐츠학부,논술,논술,,
2026,한국외국어대학교,루마니아어과,논술,논술,,
2026,한국외국어대학교,사학과,논술,논술,,
2026,한국외국어대학교,세르비아·크로아티아어과,논술,논술,,
2026,한국외국어대학교,아프리카학부,논술,논술,,
2026,한국외국어대학교,언어인지과학과,논술,논술,,
2026,한국외국어대학교,우크라이나어과,논술,논술,,
2026,한국외국어대학교,융합인재학부,논술,논술,,
2026,한국외국어대학교,중앙아시아학과,논술,논술,,
2026,한국외국어대학교,철학과,논술,논술,,
2026,한국외국어대학교,체코·슬로바키아어과,논술,논술,,
2026,한국외국어대학교,투어리즘 & 웰니스학부,논술,논술,,
2026,한국외국어대학교,폴란드어과,논술,논술,,
2026,한국외국어대학교,한국학과,논술,논술,,
2026,한국외국어대학교,헝가리어과,논술,논술,,
2026,한국외국어대학교,AI데이터융합학부,논술,논술,,
2026,한국외국어대학교,기후변화융합학부,논술,논술,,
2026,한국외국어대학교,바이오메디컬공학부,논술,논술,,
2026,한국외국어대학교,반도체공학전공,논술,논술,,
2026,한국외국어대학교,산업경영공학과,논술,논술,,
2026,한국외국어대학교,생명공학과,논술,논술,,
2026,한국외국어대학교,수학과,논술,논술,,
2026,한국외국어대학교,전자공학전공,논술,논술,,
2026,한국외국어대학교,전자물리학과,논술,논술,,
2026,한국외국어대학교,정보통신공학과,논술,논술,,
2026,한국외국어대학교,컴퓨터공학부,논술,논술,,
2026,한국외국어대학교,통계학과,논술,논술,,
2026,한국외국어대학교,화학과,논술,논술,,
2026,한국외국어대학교,환경학과,논술,논술,,
2026,한국외국어대학교,Finance & AI융합학부,학생부종합,학종(면접형),4.02,4.7
2026,한국외국어대학교,GBT학부,학생부종합,학종(면접형),3.37,2.6
2026,한국외국어대학교,경상대학 통합,학생부종합,학종(면접형),3.37,2.6
2026,한국외국어대학교,국가전략언어계열,학생부종합,학종(면접형),3.37,2.6
2026,한국외국어대학교,국제금융학과,학생부종합,학종(면접형),3.55,5.45
2026,한국외국어대학교,그리스·불가리아학과,학생부종합,학종(면접형),5.07,6.05
2026,한국외국어대학교,글로벌스포츠산업학부,학생부종합,학종(면접형),3.04,3.37
2026,한국외국어대학교,글로벌자유전공학부(인문),학생부종합,학종(면접형),2.76,
2026,한국외국어대학교,디지털콘텐츠학부,학생부종합,학종(면접형),3.72,3.95
2026,한국외국어대학교,루마니아어과,학생부종합,학종(면접형),5.4,5.29
2026,한국외국어대학교,사학과,학생부종합,학종(면접형),3.38,3.43
2026,한국외국어대학교,세르비아·크로아티아어과,학생부종합,학종(면접형),5.43,4.91
2026,한국외국어대학교,아프리카학부,학생부종합,학종(면접형),5.28,5.81
2026,한국외국어대학교,언어인지과학과,학생부종합,학종(면접형),3.5,3.66
2026,한국외국어대학교,우크라이나어과,학생부종합,학종(면접형),3.96,4.84
2026,한국외국어대학교,융합인재학부,학생부종합,학종(면접형),4.14,3.69
2026,한국외국어대학교,중앙아시아학과,학생부종합,학종(면접형),5.4,5.58
2026,한국외국어대학교,철학과,학생부종합,학종(면접형),3.35,3.44
2026,한국외국어대학교,체코·슬로바키아어과,학생부종합,학종(면접형),5.48,5.27
2026,한국외국어대학교,투어리즘 & 웰니스학부,학생부종합,학종(면접형),5.13,5.34
2026,한국외국어대학교,폴란드어과,학생부종합,학종(면접형),4.21,3.84
2026,한국외국어대학교,한국학과,학생부종합,학종(면접형),5,5.34
2026,한국외국어대학교,헝가리어과,학생부종합,학종(면접형),5.54,5.46
2026,한국외국어대학교,AI데이터융합학부,학생부종합,학종(면접형),4.08,4.73
2026,한국외국어대학교,AI융합대학 통합,학생부종합,학종(면접형),3.78,4.04
2026,한국외국어대학교,공과계열,학생부종합,학종(면접형),3.37,2.6
2026,한국외국어대학교,기후변화융합학부,학생부종합,학종(면접형),3.62,3.92
2026,한국외국어대학교,바이오메디컬공학부,학생부종합,학종(면접형),3.32,3.76
2026,한국외국어대학교,반도체공학전공,학생부종합,학종(면접형),3.68,3.97
2026,한국외국어대학교,산업경영공학과,학생부종합,학종(면접형),3.41,4.36
2026,한국외국어대학교,생명공학과,학생부종합,학종(면접형),3.12,3.3
2026,한국외국어대학교,전자공학과,학생부종합,학종(면접형),2.76,
2026,한국외국어대학교,수학과,학생부종합,학종(면접형),3.89,4.1
2026,한국외국어대학교,전자물리학과,학생부종합,학종(면접형),3.95,3.96
2026,한국외국어대학교,정보통신공학과,학생부종합,학종(면접형),,
2026,한국외국어대학교,컴퓨터공학부,학생부종합,학종(면접형),3.51,
2026,한국외국어대학교,통계학과,학생부종합,학종(면접형),3.7,3.87
2026,한국외국어대학교,화학과,학생부종합,학종(면접형),3.27,4.42
2026,한국외국어대학교,환경학과,학생부종합,학종(면접형),4.2,5.02
2026,한국외국어대학교,정보통신공학과,학생부종합,학종(SW인재),4.94,4.61
2026,한국외국어대학교,컴퓨터공학부,학생부종합,학종(SW인재),3.44,3.51
2026,한국외국어대학교,Finance & AI융합학부,학생부종합,학종(서류형),4.07,4.17
2026,한국외국어대학교,GBT학부,학생부종합,학종(서류형),3.37,2.6
2026,한국외국어대학교,국제금융학과,학생부종합,학종(서류형),3.71,3.77
2026,한국외국어대학교,그리스·불가리아학과,학생부종합,학종(서류형),5.88,5.79
2026,한국외국어대학교,글로벌스포츠산업학부,학생부종합,학종(서류형),2.64,2.84
2026,한국외국어대학교,글로벌자유전공학부(인문),학생부종합,학종(서류형),2.43,
2026,한국외국어대학교,디지털콘텐츠학부,학생부종합,학종(서류형),3.31,3.35
2026,한국외국어대학교,루마니아어과,학생부종합,학종(서류형),4.42,5.23
2026,한국외국어대학교,사학과,학생부종합,학종(서류형),3.09,4.31
2026,한국외국어대학교,세르비아·크로아티아어과,학생부종합,학종(서류형),4.4,5.47
2026,한국외국어대학교,아프리카학부,학생부종합,학종(서류형),4.75,4.94
2026,한국외국어대학교,언어인지과학과,학생부종합,학종(서류형),3.65,3.88
2026,한국외국어대학교,우크라이나어과,학생부종합,학종(서류형),4.52,4.41
2026,한국외국어대학교,융합인재학부,학생부종합,학종(서류형),4.1,4.41
2026,한국외국어대학교,중앙아시아학과,학생부종합,학종(서류형),5.13,5.34
2026,한국외국어대학교,철학과,학생부종합,학종(서류형),3.15,3.31
2026,한국외국어대학교,체코·슬로바키아어과,학생부종합,학종(서류형),4.59,5.41
2026,한국외국어대학교,투어리즘 & 웰니스학부,학생부종합,학종(서류형),3.4,3.58
2026,한국외국어대학교,폴란드어과,학생부종합,학종(서류형),4.89,2.91
2026,한국외국어대학교,한국학과,학생부종합,학종(서류형),3.6,3.78
2026,한국외국어대학교,헝가리어과,학생부종합,학종(서류형),3.96,4.32
2026,한국외국어대학교,AI데이터융합학부,학생부종합,학종(서류형),3.6,3.75
2026,한국외국어대학교,AI융합대학 통합,학생부종합,학종(서류형),3.68,3.99
2026,한국외국어대학교,공과계열,학생부종합,학종(서류형),3.37,2.6
2026,한국외국어대학교,기후변화융합학부,학생부종합,학종(서류형),3.17,3.27
2026,한국외국어대학교,바이오메디컬공학부,학생부종합,학종(서류형),3.22,3.38
2026,한국외국어대학교,반도체공학전공,학생부종합,학종(서류형),3.12,3.69
2026,한국외국어대학교,산업경영공학과,학생부종합,학종(서류형),3.66,3.92
2026,한국외국어대학교,생명공학과,학생부종합,학종(서류형),2.87,2.95
2026,한국외국어대학교,수학과,학생부종합,학종(서류형),3.27,3.36
2026,한국외국어대학교,전자공학과,학생부종합,학종(서류형),2.43,
2026,한국외국어대학교,전자물리학과,학생부종합,학종(서류형),3.41,3.55
2026,한국외국어대학교,정보통신공학과,학생부종합,학종(서류형),,
2026,한국외국어대학교,컴퓨터공학부,학생부종합,학종(서류형),3.51,
2026,한국외국어대학교,통계학과,학생부종합,학종(서류형),3.42,3.51
2026,한국외국어대학교,화학과,학생부종합,학종(서류형),2.96,3.13
2026,한국외국어대학교,환경학과,학생부종합,학종(서류형),3.08,3.19
2026,서울시립대학교,경영학부,학생부교과,지역균형선발,1.97,1.97
2026,서울시립대학교,경제학부,학생부교과,지역균형선발,1.8,1.82
2026,서울시립대학교,국사학과,학생부교과,지역균형선발,2.31,2.31
2026,서울시립대학교,국어국문학과,학생부교과,지역균형선발,2.06,2.06
2026,서울시립대학교,국제관계학과,학생부교과,지역균형선발,1.97,1.97
2026,서울시립대학교,도시사회학과,학생부교과,지역균형선발,1.9,1.9
2026,서울시립대학교,도시행정학과,학생부교과,지역균형선발,1.83,1.84
2026,서울시립대학교,사회복지학과,학생부교과,지역균형선발,1.93,1.93
2026,서울시립대학교,세무학과,학생부교과,지역균형선발,1.89,1.97
2026,서울시립대학교,영어영문학과,학생부교과,지역균형선발,1.94,1.94
2026,서울시립대학교,자유전공학부 인문,학생부교과,지역균형선발,1.86,1.91
2026,서울시립대학교,중국어문화학과,학생부교과,지역균형선발,2.03,2.03
2026,서울시립대학교,철학과,학생부교과,지역균형선발,2.12,2.12
2026,서울시립대학교,행정학과,학생부교과,지역균형선발,1.76,1.88
2026,서울시립대학교,자유전공학부 (자연),학생부교과,지역균형선발,1.61,1.67
2026,서울시립대학교,건축공학전공,학생부교과,지역균형선발,1.97,1.97
2026,서울시립대학교,건축학,학생부교과,지역균형선발,1.97,1.97
2026,서울시립대학교,공간정보공학과,학생부교과,지역균형선발,1.86,1.89
2026,서울시립대학교,교통공학과,학생부교과,지역균형선발,1.9,1.9
2026,서울시립대학교,기계정보공학과,학생부교과,지역균형선발,1.69,1.76
2026,서울시립대학교,도시공학과,학생부교과,지역균형선발,1.82,1.82
2026,서울시립대학교,물리학과,학생부교과,지역균형선발,1.79,1.79
2026,서울시립대학교,생명과학과,학생부교과,지역균형선발,1.57,1.57
2026,서울시립대학교,수학과,학생부교과,지역균형선발,1.9,1.97
2026,서울시립대학교,신소재공학과,학생부교과,지역균형선발,1.68,1.71
2026,서울시립대학교,융합응용화학과,학생부교과,지역균형선발,1.74,1.74
2026,서울시립대학교,융합바이오헬스,학생부교과,지역균형선발,,
2026,서울시립대학교,인공지능학과,학생부교과,지역균형선발,1.76,1.76
2026,서울시립대학교,전자전기컴퓨터공학부,학생부교과,지역균형선발,1.58,1.59
2026,서울시립대학교,조경학과,학생부교과,지역균형선발,2.06,2.06
2026,서울시립대학교,컴퓨터과학부,학생부교과,지역균형선발,1.69,1.7
2026,서울시립대학교,토목공학과,학생부교과,지역균형선발,1.81,1.84
2026,서울시립대학교,통계학과,학생부교과,지역균형선발,1.97,1.97
2026,서울시립대학교,화학공학과,학생부교과,지역균형선발,1.59,1.62
2026,서울시립대학교,환경공학부,학생부교과,지역균형선발,1.69,1.71
2026,서울시립대학교,환경원예학과,학생부교과,지역균형선발,1.75,1.75
2026,서울시립대학교,첨단인공지능전공,학생부교과,지역균형선발,,
2026,서울시립대학교,지능형반도체전공,학생부교과,지역균형선발,,
2026,서울시립대학교,경영학부,학생부종합,학생부종합1(면접형),2.13,2.24
2026,서울시립대학교,경제학부,학생부종합,학생부종합1(면접형),2.49,2.92
2026,서울시립대학교,자유전공학부 인문,학생부종합,학생부종합1(면접형),2.51,2.68
2026,서울시립대학교,국사학과,학생부종합,학생부종합1(면접형),2.89,4.5
2026,서울시립대학교,국어국문학과,학생부종합,학생부종합1(면접형),2.28,2.48
2026,서울시립대학교,국제관계학과,학생부종합,학생부종합1(면접형),2.17,2.26
2026,서울시립대학교,도시사회학과,학생부종합,학생부종합1(면접형),2.34,2.4
2026,서울시립대학교,도시행정학과,학생부종합,학생부종합1(면접형),2.45,4.19
2026,서울시립대학교,사회복지학과,학생부종합,학생부종합1(면접형),2.48,2.89
2026,서울시립대학교,세무학과,학생부종합,학생부종합1(면접형),2.08,4.06
2026,서울시립대학교,영어영문학과,학생부종합,학생부종합1(면접형),2.93,3.6
2026,서울시립대학교,중국어문화학과,학생부종합,학생부종합1(면접형),3.44,3.7
2026,서울시립대학교,철학과,학생부종합,학생부종합1(면접형),2.79,2.95
2026,서울시립대학교,행정학과,학생부종합,학생부종합1(면접형),2.3,2.54
2026,서울시립대학교,경영학부,학생부종합,학생부종합2(서류형),2.13,2.24
2026,서울시립대학교,경제학부,학생부종합,학생부종합2(서류형),2.49,2.92
2026,서울시립대학교,국제관계학과,학생부종합,학생부종합2(서류형),2.17,2.26
2026,서울시립대학교,도시사회학과,학생부종합,학생부종합2(서류형),2.34,2.4
2026,서울시립대학교,사회복지학과,학생부종합,학생부종합2(서류형),2.48,2.89
2026,서울시립대학교,세무학과,학생부종합,학생부종합2(서류형),2.08,4.06
2026,서울시립대학교,행정학과,학생부종합,학생부종합2(서류형),2.3,2.54
2026,서울시립대학교,자유전공학부 인문,학생부종합,학생부종합2(서류형),2.51,2.68
2026,서울시립대학교,자유전공학부 (자연),학생부종합,학생부종합2(서류형),2.23,2.29
2026,서울시립대학교,건축학,학생부종합,학생부종합2(서류형),2.45,2.61
2026,서울시립대학교,건축학부 건축공학전공,학생부종합,학생부종합2(서류형),2.18,2.49
2026,서울시립대학교,공간정보공학과,학생부종합,학생부종합2(서류형),2.13,2.19
2026,서울시립대학교,교통공학과,학생부종합,학생부종합2(서류형),2.65,6.29
2026,서울시립대학교,기계정보공학과,학생부종합,학생부종합2(서류형),2.07,2.46
2026,서울시립대학교,도시공학과,학생부종합,학생부종합2(서류형),2.17,2.38
2026,서울시립대학교,물리학과,학생부종합,학생부종합2(서류형),2.04,2.07
2026,서울시립대학교,생명과학과,학생부종합,학생부종합2(서류형),2.02,2.04
2026,서울시립대학교,수학과,학생부종합,학생부종합2(서류형),2.17,2.22
2026,서울시립대학교,신소재공학,학생부종합,학생부종합2(서류형),,
2026,서울시립대학교,융합응용화학과,학생부종합,학생부종합2(서류형),2.16,2.3
2026,서울시립대학교,인공지능,학생부종합,학생부종합2(서류형),2.18,1.87
2026,서울시립대학교,전자전기컴퓨터공학부,학생부종합,학생부종합2(서류형),2.09,2.25
2026,서울시립대학교,컴퓨터과학부,학생부종합,학생부종합2(서류형),2.06,2.06
2026,서울시립대학교,토목공학과,학생부종합,학생부종합2(서류형),2.35,2.59
2026,서울시립대학교,통계학과,학생부종합,학생부종합2(서류형),2.11,2.22
2026,서울시립대학교,화학공학과,학생부종합,학생부종합2(서류형),2.02,2.1
2026,서울시립대학교,환경공학부,학생부종합,학생부종합2(서류형),2.08,2.21
2026,서울시립대학교,환경원예학과,학생부종합,학생부종합2(서류형),2.08,2.44
2026,서울시립대학교,건축공학전공,학생부종합,학생부종합1(면접형),2.45,2.61
2026,서울시립대학교,자유전공학부 (자연),학생부종합,학생부종합1(면접형),2.23,2.29
2026,서울시립대학교,건축학,학생부종합,학생부종합1(면접형),2.45,2.61
2026,서울시립대학교,공간정보공학과,학생부종합,학생부종합1(면접형),2.13,2.19
2026,서울시립대학교,교통공학과,학생부종합,학생부종합1(면접형),2.65,6.29
2026,서울시립대학교,기계정보공학과,학생부종합,학생부종합1(면접형),2.07,2.46
2026,서울시립대학교,도시공학과,학생부종합,학생부종합1(면접형),2.17,2.38
2026,서울시립대학교,물리학과,학생부종합,학생부종합1(면접형),2.04,2.07
2026,서울시립대학교,생명과학과,학생부종합,학생부종합1(면접형),2.02,2.04
2026,서울시립대학교,수학과,학생부종합,학생부종합1(면접형),2.17,2.22
2026,서울시립대학교,신소재공학과,학생부종합,학생부종합1(면접형),2.01,2.16
2026,서울시립대학교,융합응용화학과,학생부종합,학생부종합1(면접형),2.16,2.3
2026,서울시립대학교,인공지능학과,학생부종합,학생부종합1(면접형),2.11,2.18
2026,서울시립대학교,전자전기컴퓨터공학부,학생부종합,학생부종합1(면접형),2.09,2.25
2026,서울시립대학교,조경학과,학생부종합,학생부종합1(면접형),2.46,2.96
2026,서울시립대학교,컴퓨터과학부,학생부종합,학생부종합1(면접형),2.06,2.06
2026,서울시립대학교,토목공학과,학생부종합,학생부종합1(면접형),2.35,2.59
2026,서울시립대학교,통계학과,학생부종합,학생부종합1(면접형),2.11,2.22
2026,서울시립대학교,화학공학과,학생부종합,학생부종합1(면접형),2.02,2.1
2026,서울시립대학교,환경공학부,학생부종합,학생부종합1(면접형),2.08,2.21
2026,서울시립대학교,환경원예학과,학생부종합,학생부종합1(면접형),2.08,2.44
2026,서울시립대학교,융합바이오헬스,학생부종합,학생부종합1(면접형),2.22,
2026,서울시립대학교,지능형반도체전공,학생부종합,학생부종합1(면접형),2.42,2.44
2026,서울시립대학교,물리학-나노반도체물리,학생부종합,학생부종합1(면접형),2.42,2.44
2026,서울시립대학교,건축공학전공,논술,논술,,4.58
2026,서울시립대학교,공간정보공학과,논술,논술,,4.66
2026,서울시립대학교,교통공학과,논술,논술,,3.1
2026,서울시립대학교,기계정보공학과,논술,논술,,4
2026,서울시립대학교,물리학과,논술,논술,,3.69
2026,서울시립대학교,생명과학과,논술,논술,,4.76
2026,서울시립대학교,수학과,논술,논술,,3.4
2026,서울시립대학교,신소재공학과,논술,논술,,5.1
2026,서울시립대학교,전자전기컴퓨터공학부,논술,논술,,3.65
2026,서울시립대학교,컴퓨터과학부,논술,논술,,3.91
2026,서울시립대학교,토목공학과,논술,논술,,4.18
2026,서울시립대학교,환경공학부,논술,논술,,3.66
2026,서울시립대학교,인공지능학과,논술,논술,,3.65
2026,서울시립대학교,통계학과,논술,논술,,3.65
2026,건국대학교,경영학과,학생부교과,KU지역균형,1.85,2
2026,건국대학교,경제학과,학생부교과,KU지역균형,1.83,1.96
2026,건국대학교,국어국문학과,학생부교과,KU지역균형,,1.77
2026,건국대학교,국제무역학과,학생부교과,KU지역균형,2.19,2.19
2026,건국대학교,기술경영학과,학생부교과,KU지역균형,1.92,1.92
2026,건국대학교,문화콘텐츠학과,학생부교과,KU지역균형,1.96,1.96
2026,건국대학교,미디어커뮤니케이션,학생부교과,KU지역균형,2.27,2.36
2026,건국대학교,문과대학자유전공,학생부교과,KU지역균형,2.27,2.27
2026,건국대학교,부동산학과,학생부교과,KU지역균형,1.92,1.92
2026,건국대학교,사학과,학생부교과,KU지역균형,,1.92
2026,건국대학교,영어교육과,학생부교과,KU지역균형,2.07,2.07
2026,건국대학교,영어영문학과,학생부교과,KU지역균형,1.96,1.96
2026,건국대학교,응용통계학과,학생부교과,KU지역균형,1.74,1.74
2026,건국대학교,사회과학대 융합전공,학생부교과,KU지역균형,2.1,2.1
2026,건국대학교,일어교육과,학생부교과,KU지역균형,,
2026,건국대학교,정치외교학과,학생부교과,KU지역균형,,2.12
2026,건국대학교,중어중문학과,학생부교과,KU지역균형,2.11,2.11
2026,건국대학교,지리학과,학생부교과,KU지역균형,,
2026,건국대학교,철학과,학생부교과,KU지역균형,,2.26
2026,건국대학교,행정학과,학생부교과,KU지역균형,1.93,2.13
2026,건국대학교,건축학부,학생부교과,KU지역균형,1.91,1.85
2026,건국대학교,기계로봇자동차공,학생부교과,KU지역균형,1.85,2
2026,건국대학교,동물자원식품유통,학생부교과,KU지역균형,1.89,1.71
2026,건국대학교,물리학과,학생부교과,KU지역균형,1.8,1.89
2026,건국대학교,사회환경공학부,학생부교과,KU지역균형,1.92,2
2026,건국대학교,산업공학과,학생부교과,KU지역균형,,1.92
2026,건국대학교,생명과학특성학과,학생부교과,KU지역균형,,1.7
2026,건국대학교,생물공학과,학생부교과,KU지역균형,1.61,1.61
2026,건국대학교,수의예과,학생부교과,KU지역균형,1.04,1.12
2026,건국대학교,수학과,학생부교과,KU지역균형,1.92,2.07
2026,건국대학교,수학교육과,학생부교과,KU지역균형,1.62,1.69
2026,건국대학교,항공우주모빌리티,학생부교과,KU지역균형,2,2.27
2026,건국대학교,시스템생명공학과,학생부교과,KU지역균형,,1.67
2026,건국대학교,식량자원과학과,학생부교과,KU지역균형,,
2026,건국대학교,생명과학대 자유전공,학생부교과,KU지역균형,1.96,1.96
2026,건국대학교,융합생명공학과,학생부교과,KU지역균형,,1.52
2026,건국대학교,첨단바이오(의생명),학생부교과,KU지역균형,1.44,1.44
2026,건국대학교,융합과학기술자전,학생부교과,KU지역균형,1.67,1.67
2026,건국대학교,전기전자공학부,학생부교과,KU지역균형,1.36,1.42
2026,건국대학교,컴퓨터공학부,학생부교과,KU지역균형,1.77,1.77
2026,건국대학교,화공생명에너지공학,학생부교과,KU지역균형,1.68,1.78
2026,건국대학교,재료공학과,학생부교과,KU지역균형,1.63,1.63
2026,건국대학교,공과대학자유전공,학생부교과,KU지역균형,1.81,1.81
2026,건국대학교,화학과,학생부교과,KU지역균형,,1.64
2026,건국대학교,이과대학자유전공,학생부교과,KU지역균형,2,2
2026,건국대학교,환경보건산림조경,학생부교과,KU지역균형,1.92,1.91
2026,건국대학교,경영학과,학생부종합,KU자기추천,2.33,2.56
2026,건국대학교,경제학과,학생부종합,KU자기추천,2.33,2.48
2026,건국대학교,교육공학과,학생부종합,KU자기추천,2.36,2.42
2026,건국대학교,국어국문학과,학생부종합,KU자기추천,2.44,2.48
2026,건국대학교,국제무역학과,학생부종합,KU자기추천,2.58,2.6
2026,건국대학교,기술경영학과,학생부종합,KU자기추천,3.95,4.24
2026,건국대학교,문화콘텐츠학과,학생부종합,KU자기추천,2.4,2.59
2026,건국대학교,미디어커뮤니케이션,학생부종합,KU자기추천,2.56,2.56
2026,건국대학교,문과대학자유전공,학생부종합,KU자기추천,2.57,2.57
2026,건국대학교,부동산학과,학생부종합,KU자기추천,3.39,4.95
2026,건국대학교,사학과,학생부종합,KU자기추천,2.37,2.43
2026,건국대학교,영어교육과,학생부종합,KU자기추천,2.21,2.26
2026,건국대학교,영어영문학과,학생부종합,KU자기추천,2.64,2.96
2026,건국대학교,응용통계학과,학생부종합,KU자기추천,2.36,2.44
2026,건국대학교,사회과학대 융합전공,학생부종합,KU자기추천,2.57,2.57
2026,건국대학교,일어교육과,학생부종합,KU자기추천,3.63,3.91
2026,건국대학교,정치외교학과,학생부종합,KU자기추천,2.2,2.52
2026,건국대학교,중어중문학과,학생부종합,KU자기추천,4.4,4.67
2026,건국대학교,지리학과,학생부종합,KU자기추천,2.67,2.79
2026,건국대학교,철학과,학생부종합,KU자기추천,2.82,3.36
2026,건국대학교,행정학과,학생부종합,KU자기추천,2.43,2.71
2026,건국대학교,건축학부,학생부종합,KU자기추천,2.44,2.6
2026,건국대학교,기계로봇자동차공,학생부종합,KU자기추천,2.33,2.45
2026,건국대학교,동물자원식품유통,학생부종합,KU자기추천,2.64,2.35
2026,건국대학교,물리학과,학생부종합,KU자기추천,2.32,2.42
2026,건국대학교,사회환경공학부,학생부종합,KU자기추천,2.75,2.85
2026,건국대학교,산업공학과,학생부종합,KU자기추천,2.29,2.48
2026,건국대학교,생명과학특성학과,학생부종합,KU자기추천,2,2
2026,건국대학교,생물공학과,학생부종합,KU자기추천,1.96,2.08
2026,건국대학교,수의예과,학생부종합,KU자기추천,1.5,1.64
2026,건국대학교,수학과,학생부종합,KU자기추천,2.19,2.27
2026,건국대학교,수학교육과,학생부종합,KU자기추천,2.15,2.17
2026,건국대학교,항공우주모빌리티,학생부종합,KU자기추천,2.89,2.48
2026,건국대학교,시스템생명공학과,학생부종합,KU자기추천,2.08,2.08
2026,건국대학교,식량자원과학과,학생부종합,KU자기추천,2.31,2.62
2026,건국대학교,생명과학대 자유전공,학생부종합,KU자기추천,2,2
2026,건국대학교,융합생명공학과,학생부종합,KU자기추천,1.96,1.96
2026,건국대학교,첨단바이오,학생부종합,KU자기추천,2.07,2.07
2026,건국대학교,융합과학기술자전,학생부종합,KU자기추천,2.57,2.57
2026,건국대학교,전기전자공학부,학생부종합,KU자기추천,2.09,2.16
2026,건국대학교,컴퓨터공학부,학생부종합,KU자기추천,2.25,2.25
2026,건국대학교,화공생명에너지공학,학생부종합,KU자기추천,2.12,2.19
2026,건국대학교,재료공학과,학생부종합,KU자기추천,2.04,2.13
2026,건국대학교,화학과,학생부종합,KU자기추천,2,2.07
2026,건국대학교,공과대학자유전공,학생부종합,KU자기추천,2.57,2.57
2026,건국대학교,이과대학자유전공,학생부종합,KU자기추천,2.57,2.57
2026,건국대학교,환경보건산림조경,학생부종합,KU자기추천,2.72,2.81
2026,건국대학교,KU 자유전공 전계열,학생부종합,KU자기추천,3.76,3.76
2026,건국대학교,경영학과,논술,KU논술우수자,,
2026,건국대학교,경제학과,논술,KU논술우수자,,
2026,건국대학교,국어국문학과,논술,KU논술우수자,,
2026,건국대학교,국제무역학과,논술,KU논술우수자,,
2026,건국대학교,기술경영학과,논술,KU논술우수자,,
2026,건국대학교,문화콘텐츠학과,논술,KU논술우수자,,
2026,건국대학교,미디어커뮤니케이션학과,논술,KU논술우수자,,
2026,건국대학교,문과대학자유전공,논술,KU논술우수자,,
2026,건국대학교,부동산학과,논술,KU논술우수자,,
2026,건국대학교,사학과,논술,KU논술우수자,,
2026,건국대학교,영어영문학과,논술,KU논술우수자,,
2026,건국대학교,응용통계학과,논술,KU논술우수자,,
2026,건국대학교,사회과학대 융합전공,논술,KU논술우수자,,
2026,건국대학교,정치외교학과,논술,KU논술우수자,,
2026,건국대학교,중어중문학과,논술,KU논술우수자,,
2026,건국대학교,지리학과,논술,KU논술우수자,,
2026,건국대학교,철학과,논술,KU논술우수자,,
2026,건국대학교,행정학과,논술,KU논술우수자,,
2026,건국대학교,건축학부,논술,KU논술우수자,,
2026,건국대학교,기계로봇자동차공,논술,KU논술우수자,,
2026,건국대학교,동물자원식품유통,논술,KU논술우수자,,
2026,건국대학교,물리학과,논술,KU논술우수자,,
2026,건국대학교,사회환경공학부,논술,KU논술우수자,,
2026,건국대학교,산업공학과,논술,KU논술우수자,,
2026,건국대학교,생명과학특성학과,논술,KU논술우수자,,
2026,건국대학교,생물공학과,논술,KU논술우수자,,
2026,건국대학교,수의예과,논술,KU논술우수자,,
2026,건국대학교,수학과,논술,KU논술우수자,,
2026,건국대학교,수학교육과,논술,KU논술우수자,,
2026,건국대학교,항공우주모빌리티,논술,KU논술우수자,,
2026,건국대학교,시스템생명공학과,논술,KU논술우수자,,
2026,건국대학교,식량자원과학과,논술,KU논술우수자,,
2026,건국대학교,생명과학대 자유전공,논술,KU논술우수자,,
2026,건국대학교,융합생명공학과,논술,KU논술우수자,,
2026,건국대학교,첨단바이오,논술,KU논술우수자,,
2026,건국대학교,융합과학기술자전,논술,KU논술우수자,,
2026,건국대학교,전기전자공학부,논술,KU논술우수자,,
2026,건국대학교,컴퓨터공학부,논술,KU논술우수자,,
2026,건국대학교,화공생명에너지공학,논술,KU논술우수자,,
2026,건국대학교,재료공학과,논술,KU논술우수자,,
2026,건국대학교,공과대학자유전공,논술,KU논술우수자,,
2026,건국대학교,화학과,논술,KU논술우수자,,
2026,건국대학교,이과대학자유전공,논술,KU논술우수자,,
2026,건국대학교,환경보건산림조경,논술,KU논술우수자,,
2026,건국대학교,KU 자유전공 전계열,논술,KU논술우수자,,
2026,동국대학교,경영정보학과,학생부종합,Do Dream,2.46,2.58
2026,동국대학교,경영대학(통합),학생부종합,Do Dream,3.05,3.03
2026,동국대학교,경제학과,학생부종합,Do Dream,2.6,2.51
2026,동국대학교,경찰행정학부,학생부종합,Do Dream,2.13,2.05
2026,동국대학교,광고홍보학과,학생부종합,Do Dream,2.34,2
2026,동국대학교,교육학과,학생부종합,Do Dream,2.11,2.29
2026,동국대학교,국어교육과,학생부종합,Do Dream,2,2.22
2026,동국대학교,국어국문·문예창작,학생부종합,Do Dream,2.58,2.49
2026,동국대학교,국제통상학과,학생부종합,Do Dream,3.63,3.94
2026,동국대학교,문화유산학과,학생부종합,Do Dream,2.46,2.58
2026,동국대학교,미디어커뮤니케이션,학생부종합,Do Dream,2.18,2.21
2026,동국대학교,법학과,학생부종합,Do Dream,1.93,2.19
2026,동국대학교,북한학전공,학생부종합,Do Dream,2.74,3.48
2026,동국대학교,사학과,학생부종합,Do Dream,2.22,2.4
2026,동국대학교,사회복지학과,학생부종합,Do Dream,2.81,2.41
2026,동국대학교,사회학전공,학생부종합,Do Dream,3.03,2.55
2026,동국대학교,식품산업관리학과,학생부종합,Do Dream,2.62,2
2026,동국대학교,역사교육과,학생부종합,Do Dream,2.19,2.48
2026,동국대학교,연극학부,학생부종합,Do Dream,3.14,2.5
2026,동국대학교,영어영문학부,학생부종합,Do Dream,3.8,3.57
2026,동국대학교,영화영상학과,학생부종합,Do Dream,2.77,4.71
2026,동국대학교,일본학과,학생부종합,Do Dream,4.07,3.9
2026,동국대학교,정치외교학전공,학생부종합,Do Dream,2.66,3.17
2026,동국대학교,중어중문학과,학생부종합,Do Dream,4.45,3.63
2026,동국대학교,지리교육과,학생부종합,Do Dream,2.4,2.6
2026,동국대학교,철학과,학생부종합,Do Dream,2.15,2.22
2026,동국대학교,행정학전공,학생부종합,Do Dream,2.37,2.64
2026,동국대학교,회계학과,학생부종합,Do Dream,2.46,2.58
2026,동국대학교,컴퓨터 AI,학생부종합,Do Dream,2.3,2.47
2026,동국대학교,가정교육과,학생부종합,Do Dream,3,2.96
2026,동국대학교,건설환경공학과,학생부종합,Do Dream,2.36,2.7
2026,동국대학교,건축공학부,학생부종합,Do Dream,2.5,2.02
2026,동국대학교,기계로봇에너지공학과,학생부종합,Do Dream,2.33,2.27
2026,동국대학교,물리학과,학생부종합,Do Dream,2.35,2.48
2026,동국대학교,융합환경과학과(변경),학생부종합,Do Dream,2.69,2.55
2026,동국대학교,산업시스템공학과,학생부종합,Do Dream,2.48,2.61
2026,동국대학교,생명과학과,학생부종합,Do Dream,2.5,2.08
2026,동국대학교,수학과,학생부종합,Do Dream,2.55,3
2026,동국대학교,수학교육과,학생부종합,Do Dream,2.5,2.54
2026,동국대학교,시스템반도체학부,학생부종합,Do Dream,2.84,2.27
2026,동국대학교,식품바이오융합공학과(변경),학생부종합,Do Dream,2.48,2.47
2026,동국대학교,약학과,학생부종합,Do Dream,3.64,1.28
2026,동국대학교,에너지신소재공학과,학생부종합,Do Dream,2.29,2.06
2026,동국대학교,의생명공학과,학생부종합,Do Dream,2,2.14
2026,동국대학교,전자전기공학부,학생부종합,Do Dream,2.17,2.5
2026,동국대학교,정보통신공학과,학생부종합,Do Dream,2.46,2.65
2026,동국대학교,통계학과,학생부종합,Do Dream,2.21,2.51
2026,동국대학교,화공생물공학과,학생부종합,Do Dream,2.19,2.21
2026,동국대학교,화학과,학생부종합,Do Dream,1.86,2.07
2026,동국대학교,의료인공지능공학과(신설),학생부종합,Do Dream,,
2026,동국대학교,지능형네트워크융합학과(신설),학생부종합,Do Dream,,
2026,동국대학교,열린전공학부,학생부교과,학교장추천인재,1.2,
2026,동국대학교,경영정보학과,학생부교과,학교장추천인재,2.03,1.47
2026,동국대학교,경영대학,학생부교과,학교장추천인재,1.37,1.41
2026,동국대학교,경제학과,학생부교과,학교장추천인재,1.4,1.1
2026,동국대학교,경찰행정학부,학생부교과,학교장추천인재,1,1
2026,동국대학교,광고홍보학과,학생부교과,학교장추천인재,1,1.7
2026,동국대학교,교육학과,학생부교과,학교장추천인재,1.1,1.1
2026,동국대학교,국어교육과,학생부교과,학교장추천인재,1,1
2026,동국대학교,국어국문·문예창작,학생부교과,학교장추천인재,1.1,1
2026,동국대학교,국제통상학과,학생부교과,학교장추천인재,1.1,1.2
2026,동국대학교,문화유산학과,학생부교과,학교장추천인재,1.17,1.2
2026,동국대학교,미디어커뮤니케이션,학생부교과,학교장추천인재,1.02,1.29
2026,동국대학교,법학과,학생부교과,학교장추천인재,1,1.2
2026,동국대학교,북한학전공,학생부교과,학교장추천인재,1.47,1.43
2026,동국대학교,불교학부,학생부교과,학교장추천인재,2.03,1.47
2026,동국대학교,사학과,학생부교과,학교장추천인재,1.5,1.5
2026,동국대학교,사회복지학과,학생부교과,학교장추천인재,1.23,1.27
2026,동국대학교,사회학전공,학생부교과,학교장추천인재,1.25,1.04
2026,동국대학교,식품산업관리학과,학생부교과,학교장추천인재,1.47,1.52
2026,동국대학교,역사교육과,학생부교과,학교장추천인재,1.5,1.4
2026,동국대학교,영어영문학부,학생부교과,학교장추천인재,1,1
2026,동국대학교,영화영상학과,학생부교과,학교장추천인재,1.07,1.23
2026,동국대학교,일본학과,학생부교과,학교장추천인재,1.4,1.53
2026,동국대학교,정치외교학전공,학생부교과,학교장추천인재,1.16,1.22
2026,동국대학교,중어중문학과,학생부교과,학교장추천인재,1.4,1.4
2026,동국대학교,지리교육과,학생부교과,학교장추천인재,1.3,1.2
2026,동국대학교,철학과,학생부교과,학교장추천인재,1.5,1.6
2026,동국대학교,행정학전공,학생부교과,학교장추천인재,1.12,1.27
2026,동국대학교,회계학과,학생부교과,학교장추천인재,2.03,1.47
2026,동국대학교,컴퓨터 AI,학생부교과,학교장추천인재,1.11,1.18
2026,동국대학교,가정교육과,학생부교과,학교장추천인재,1.7,1.7
2026,동국대학교,건설환경공학과,학생부교과,학교장추천인재,1.5,1.5
2026,동국대학교,건축공학부,학생부교과,학교장추천인재,1.3,1.2
2026,동국대학교,기계로봇에너지공학과,학생부교과,학교장추천인재,1.5,1.2
2026,동국대학교,물리학과,학생부교과,학교장추천인재,1.4,1.4
2026,동국대학교,바이오시스템대학,학생부교과,학교장추천인재,1.2,
2026,동국대학교,융합환경과학과(변경),학생부교과,학교장추천인재,1.29,1.24
2026,동국대학교,산업시스템공학과,학생부교과,학교장추천인재,1.5,1.5
2026,동국대학교,생명과학과,학생부교과,학교장추천인재,1,1.3
2026,동국대학교,수학과,학생부교과,학교장추천인재,1.3,1.3
2026,동국대학교,수학교육과,학생부교과,학교장추천인재,1.2,1.2
2026,동국대학교,시스템반도체학부,학생부교과,학교장추천인재,1.1,1.2
2026,동국대학교,식품바이오융합공학과(변경),학생부교과,학교장추천인재,1.49,1
2026,동국대학교,약학과,학생부교과,학교장추천인재,1,1
2026,동국대학교,에너지신소재공,학생부교과,학교장추천인재,1.16,1.17
2026,동국대학교,의생명공학과,학생부교과,학교장추천인재,1,1.3
2026,동국대학교,전자전기공학부,학생부교과,학교장추천인재,1,1.3
2026,동국대학교,정보통신공학과,학생부교과,학교장추천인재,1.2,1.6
2026,동국대학교,통계학과,학생부교과,학교장추천인재,1.2,1.2
2026,동국대학교,화공생물공학과,학생부교과,학교장추천인재,1,1.1
2026,동국대학교,화학과,학생부교과,학교장추천인재,1.1,1.1
2026,동국대학교,의료인공지능공학과(신설),학생부교과,학교장추천인재,,
2026,동국대학교,지능형네트워크융합학과(신설),학생부교과,학교장추천인재,,
2026,동국대학교,컴퓨터 AI(인문),논술,논술우수자,3.18,2.7
2026,동국대학교,경영정보학과,논술,논술우수자,2.73,2.9
2026,동국대학교,경영학과,논술,논술우수자,3.13,3.06
2026,동국대학교,경찰행정학부,논술,논술우수자,3.11,2.96
2026,동국대학교,광고홍보학과,논술,논술우수자,3.02,3.35
2026,동국대학교,교육학과,논술,논술우수자,3.46,2.5
2026,동국대학교,국어국문·문예창작,논술,논술우수자,2.73,2.9
2026,동국대학교,국제통상학과,논술,논술우수자,3.02,2.67
2026,동국대학교,미디어커뮤니케이션,논술,논술우수자,3.12,2.18
2026,동국대학교,법학과,논술,논술우수자,3.42,3.24
2026,동국대학교,사학과,논술,논술우수자,2.88,3.07
2026,동국대학교,영어영문학부,논술,논술우수자,3.31,3.09
2026,동국대학교,일본학과,논술,논술우수자,3.18,2.85
2026,동국대학교,정치외교학전공,논술,논술우수자,2.82,2.47
2026,동국대학교,중어중문학과,논술,논술우수자,3.22,3.6
2026,동국대학교,철학과,논술,논술우수자,3.45,2.88
2026,동국대학교,행정학전공,논술,논술우수자,3.13,3.03
2026,동국대학교,회계학과,논술,논술우수자,2.73,2.9
2026,동국대학교,컴퓨터 AI,논술,논술우수자,3.18,2.7
2026,동국대학교,건설환경공학과,논술,논술우수자,3.16,3.17
2026,동국대학교,건축공학부,논술,논술우수자,3.46,3.16
2026,동국대학교,경찰행정학부(자연),논술,논술우수자,3.11,2.96
2026,동국대학교,기계로봇에너지공학과,논술,논술우수자,2.68,2.64
2026,동국대학교,물리학과,논술,논술우수자,2.73,2.9
2026,동국대학교,바이오시스템대학,논술,논술우수자,2.73,2.9
2026,동국대학교,산업시스템공학과,논술,논술우수자,2.5,2.74
2026,동국대학교,생명과학과,논술,논술우수자,3.13,2.73
2026,동국대학교,수학과,논술,논술우수자,2.8,3.03
2026,동국대학교,수학교육과,논술,논술우수자,2.36,3.02
2026,동국대학교,시스템반도체학부,논술,논술우수자,2.92,2.6
2026,동국대학교,식품바이오융합공학과(변경),논술,논술우수자,3.02,2.92
2026,동국대학교,약학과,논술,논술우수자,1,1.43
2026,동국대학교,에너지신소재공학과,논술,논술우수자,2.92,3
2026,동국대학교,의생명공학과,논술,논술우수자,3.3,3.08
2026,동국대학교,전자전기공학부,논술,논술우수자,2.56,3.03
2026,동국대학교,정보통신공학과,논술,논술우수자,2.9,2.73
2026,동국대학교,통계학과,논술,논술우수자,2.9,2.83
2026,동국대학교,화공생물공학과,논술,논술우수자,3.36,2.86
2026,동국대학교,화학과,논술,논술우수자,3.13,2.73
2026,동국대학교,의료인공지능공학과(신설),논술,논술우수자,,
2026,홍익대학교,경영학부,학생부종합,학교생활우수자,2.3,2.4
2026,홍익대학교,경제학부,학생부종합,학교생활우수자,2.3,2.3
2026,홍익대학교,교육학과,학생부종합,학교생활우수자,2.4,2.4
2026,홍익대학교,국어교육과,학생부종합,학교생활우수자,2.3,2.2
2026,홍익대학교,국어국문학과,학생부종합,학교생활우수자,2.2,2.2
2026,홍익대학교,독어독문학과,학생부종합,학교생활우수자,4.5,4.8
2026,홍익대학교,법학부,학생부종합,학교생활우수자,2.6,2.5
2026,홍익대학교,불어불문학과,학생부종합,학교생활우수자,3.6,2.6
2026,홍익대학교,역사교육과,학생부종합,학교생활우수자,2.27,2.27
2026,홍익대학교,영어교육과,학생부종합,학교생활우수자,2.3,2.3
2026,홍익대학교,영어영문학과,학생부종합,학교생활우수자,3.6,4
2026,홍익대학교,예술학과,학생부종합,학교생활우수자,2.6,2.7
2026,홍익대학교,자율전공(인문·예능),학생부종합,학교생활우수자,2.2,2.29
2026,홍익대학교,건설환경공학과,학생부종합,학교생활우수자,2.9,2.9
2026,홍익대학교,건축학전공(5년제),학생부종합,학교생활우수자,2.09,2.3
2026,홍익대학교,기계·시스템디자인공,학생부종합,학교생활우수자,2.35,2.35
2026,홍익대학교,도시공학과,학생부종합,학교생활우수자,2.4,2.5
2026,홍익대학교,산업·데이터공학과,학생부종합,학교생활우수자,2.3,2.3
2026,홍익대학교,수학교육과,학생부종합,학교생활우수자,2,2
2026,홍익대학교,신소재·화공시스템공,학생부종합,학교생활우수자,2.35,2.23
2026,홍익대학교,실내건축학전공,학생부종합,학교생활우수자,2.27,2.54
2026,홍익대학교,자율전공(자연·예능),학생부종합,학교생활우수자,2.2,2.29
2026,홍익대학교,전자·전기공학부,학생부종합,학교생활우수자,2.3,2.4
2026,홍익대학교,컴퓨터공학과,학생부종합,학교생활우수자,2.2,2.3
2026,홍익대학교,경영학부,학생부교과,학교장추천자,1.9,2
2026,홍익대학교,경제학부,학생부교과,학교장추천자,1.9,1.9
2026,홍익대학교,교육학과,학생부교과,학교장추천자,1.9,1.8
2026,홍익대학교,국어교육과,학생부교과,학교장추천자,2,2.1
2026,홍익대학교,국어국문학과,학생부교과,학교장추천자,2.1,2.1
2026,홍익대학교,독어독문학과,학생부교과,학교장추천자,2.2,2.2
2026,홍익대학교,법학부,학생부교과,학교장추천자,1.9,2
2026,홍익대학교,불어불문학과,학생부교과,학교장추천자,2,2
2026,홍익대학교,역사교육과,학생부교과,학교장추천자,2.1,2
2026,홍익대학교,영어교육과,학생부교과,학교장추천자,1.9,1.9
2026,홍익대학교,영어영문학과,학생부교과,학교장추천자,2,2
2026,홍익대학교,예술학과,학생부교과,학교장추천자,2.1,2.1
2026,홍익대학교,자율전공(인문·예능),학생부교과,학교장추천자,1.87,1.88
2026,홍익대학교,건설환경공학과,학생부교과,학교장추천자,1.8,1.8
2026,홍익대학교,건축학전공(5년제),학생부교과,학교장추천자,1.48,1.74
2026,홍익대학교,기계·시스템디자인공,학생부교과,학교장추천자,2,2
2026,홍익대학교,도시공학과,학생부교과,학교장추천자,2.1,2.1
2026,홍익대학교,산업·데이터공학과,학생부교과,학교장추천자,2,2
2026,홍익대학교,수학교육과,학생부교과,학교장추천자,1.9,1.9
2026,홍익대학교,신소재·화공시스템공,학생부교과,학교장추천자,1.88,1.72
2026,홍익대학교,실내건축학전공,학생부교과,학교장추천자,2.12,2.22
2026,홍익대학교,자율전공(자연·예능),학생부교과,학교장추천자,1.87,1.88
2026,홍익대학교,전자·전기공학부,학생부교과,학교장추천자,1.7,1.8
2026,홍익대학교,컴퓨터공학과,학생부교과,학교장추천자,1.8,1.8
2026,홍익대학교,경영학부,논술,논술,,
2026,홍익대학교,경제학부,논술,논술,,
2026,홍익대학교,교육학과,논술,논술,,
2026,홍익대학교,국어교육과,논술,논술,,
2026,홍익대학교,국어국문학과,논술,논술,,
2026,홍익대학교,독어독문학과,논술,논술,,
2026,홍익대학교,법학부,논술,논술,,
2026,홍익대학교,불어불문학과,논술,논술,,
2026,홍익대학교,역사교육과,논술,논술,,
2026,홍익대학교,영어교육과,논술,논술,,
2026,홍익대학교,영어영문학과,논술,논술,,
2026,홍익대학교,예술학과,논술,논술,,
2026,홍익대학교,자율전공(인문·예능),논술,논술,,
2026,홍익대학교,건설환경공학과,논술,논술,,
2026,홍익대학교,건축학전공(5년제),논술,논술,,
2026,홍익대학교,기계·시스템디자인공학과,논술,논술,,
2026,홍익대학교,도시공학과,논술,논술,,
2026,홍익대학교,산업·데이터공학과,논술,논술,,
2026,홍익대학교,수학교육과,논술,논술,,
2026,홍익대학교,신소재·화공시스템공학부,논술,논술,,
2026,홍익대학교,실내건축학전공,논술,논술,,
2026,홍익대학교,자율전공(자연·예능),논술,논술,,
2026,홍익대학교,전자·전기공학부,논술,논술,,
2026,홍익대학교,컴퓨터공학과,논술,논술,,
2026,숙명여자대학교,가족자원경영학과,학생부종합,숙명인재(면접형),2.56,2.77
2026,숙명여자대학교,경영학부,학생부종합,숙명인재(면접형),2.4,2.5
2026,숙명여자대학교,경제학부,학생부종합,숙명인재(면접형),2.18,2.32
2026,숙명여자대학교,교육학부,학생부종합,숙명인재(면접형),2.31,2.36
2026,숙명여자대학교,글로벌협력전공,학생부종합,숙명인재(면접형),3.23,3.82
2026,숙명여자대학교,독일언어·문화학과,학생부종합,숙명인재(면접형),4.69,3.4
2026,숙명여자대학교,르꼬르동블루외식경영,학생부종합,숙명인재(면접형),4.81,4.81
2026,숙명여자대학교,문헌정보학과,학생부종합,숙명인재(면접형),2.07,2.07
2026,숙명여자대학교,문화관광학전공,학생부종합,숙명인재(면접형),2.69,2.85
2026,숙명여자대학교,미디어학부,학생부종합,숙명인재(면접형),2.21,2.33
2026,숙명여자대학교,법학부,학생부종합,숙명인재(면접형),2.59,3.31
2026,숙명여자대학교,사회심리학과,학생부종합,숙명인재(면접형),2.17,2.18
2026,숙명여자대학교,소비자경제학과,학생부종합,숙명인재(면접형),2.62,2.88
2026,숙명여자대학교,아동복지학부,학생부종합,숙명인재(면접형),2.34,2.84
2026,숙명여자대학교,앙트러프러너십,학생부종합,숙명인재(면접형),4.31,3.83
2026,숙명여자대학교,역사문화학과,학생부종합,숙명인재(면접형),2.4,2.42
2026,숙명여자대학교,영어영문학전공,학생부종합,숙명인재(면접형),2.5,3.07
2026,숙명여자대학교,일본학과,학생부종합,숙명인재(면접형),3.66,4
2026,숙명여자대학교,정치외교학과,학생부종합,숙명인재(면접형),2.19,2.35
2026,숙명여자대학교,중어중문학부,학생부종합,숙명인재(면접형),3.79,4.42
2026,숙명여자대학교,테슬(TESL)전공,학생부종합,숙명인재(면접형),3.97,4.23
2026,숙명여자대학교,프랑스언어·문화학과,학생부종합,숙명인재(면접형),4,4
2026,숙명여자대학교,한국어문학부,학생부종합,숙명인재(면접형),2.42,2.5
2026,숙명여자대학교,행정학과,학생부종합,숙명인재(면접형),2.21,2.26
2026,숙명여자대학교,홍보광고학과,학생부종합,숙명인재(면접형),2.34,2.38
2026,숙명여자대학교,약학부,학생부종합,숙명인재(면접형),1.45,1.68
2026,숙명여자대학교,기계시스템학부,학생부종합,숙명인재(면접형),2.41,2.53
2026,숙명여자대학교,생명시스템학부,학생부종합,숙명인재(면접형),2.03,2.21
2026,숙명여자대학교,수학과,학생부종합,숙명인재(면접형),2.22,2.29
2026,숙명여자대학교,식품영양학과,학생부종합,숙명인재(면접형),1.94,1.97
2026,숙명여자대학교,신소재물리전공,학생부종합,숙명인재(면접형),2.63,2.63
2026,숙명여자대학교,의류학과,학생부종합,숙명인재(면접형),2.2,2.26
2026,숙명여자대학교,지능형전자시스템전공,학생부종합,숙명인재(면접형),2.87,2.87
2026,숙명여자대학교,통계학과,학생부종합,숙명인재(면접형),2.51,2.57
2026,숙명여자대학교,화공생명공학부,학생부종합,숙명인재(면접형),2.03,2.12
2026,숙명여자대학교,화학과,학생부종합,숙명인재(면접형),2.19,2.24
2026,숙명여자대학교,데이터사이언스전공,학생부종합,숙명소프트웨어인재,2.73,2.73
2026,숙명여자대학교,인공지능공학부,학생부종합,숙명소프트웨어인재,2.77,2.77
2026,숙명여자대학교,컴퓨터과학전공,학생부종합,숙명소프트웨어인재,2.4,2.8
2026,숙명여자대학교,가족자원경영학과,학생부교과,지역균형선발,2.09,2.09
2026,숙명여자대학교,경영학부,학생부교과,지역균형선발,1.86,1.94
2026,숙명여자대학교,경제학부,학생부교과,지역균형선발,1.85,1.94
2026,숙명여자대학교,교육학부,학생부교과,지역균형선발,1.85,1.88
2026,숙명여자대학교,독일언어·문화학과,학생부교과,지역균형선발,2.17,2.15
2026,숙명여자대학교,르꼬르동블루외식경영,학생부교과,지역균형선발,2.41,2.41
2026,숙명여자대학교,문헌정보학과,학생부교과,지역균형선발,1.87,1.87
2026,숙명여자대학교,문화관광학전공,학생부교과,지역균형선발,2.03,2.08
2026,숙명여자대학교,미디어학부,학생부교과,지역균형선발,1.66,1.68
2026,숙명여자대학교,법학부,학생부교과,지역균형선발,1.86,1.94
2026,숙명여자대학교,사회심리학과,학생부교과,지역균형선발,2.03,2.03
2026,숙명여자대학교,소비자경제학과,학생부교과,지역균형선발,2.24,2.24
2026,숙명여자대학교,아동복지학부,학생부교과,지역균형선발,2.03,2.06
2026,숙명여자대학교,역사문화학과,학생부교과,지역균형선발,2.03,2.06
2026,숙명여자대학교,영어영문학전공,학생부교과,지역균형선발,1.89,1.91
2026,숙명여자대학교,일본학과,학생부교과,지역균형선발,2,2.06
2026,숙명여자대학교,정치외교학과,학생부교과,지역균형선발,1.94,2.09
2026,숙명여자대학교,중어중문학부,학생부교과,지역균형선발,1.91,1.95
2026,숙명여자대학교,테슬(TESL)전공,학생부교과,지역균형선발,2.46,2.46
2026,숙명여자대학교,프랑스언어·문화학과,학생부교과,지역균형선발,2.31,2.31
2026,숙명여자대학교,한국어문학부,학생부교과,지역균형선발,2.03,2.06
2026,숙명여자대학교,행정학과,학생부교과,지역균형선발,1.88,1.95
2026,숙명여자대학교,홍보광고학과,학생부교과,지역균형선발,1.8,1.89
2026,숙명여자대학교,기계시스템학부,학생부교과,지역균형선발,1.83,1.88
2026,숙명여자대학교,첨단공학부,학생부교과,지역균형선발,2.27,2.27
2026,숙명여자대학교,데이터사이언스전공,학생부교과,지역균형선발,1.97,1.97
2026,숙명여자대학교,생명시스템학부,학생부교과,지역균형선발,1.58,1.64
2026,숙명여자대학교,수학과,학생부교과,지역균형선발,1.83,1.93
2026,숙명여자대학교,식품영양학과,학생부교과,지역균형선발,1.67,1.71
2026,숙명여자대학교,신소재물리전공,학생부교과,지역균형선발,1.91,1.91
2026,숙명여자대학교,약학부,학생부교과,지역균형선발,1.08,1.1
2026,숙명여자대학교,의류학과,학생부교과,지역균형선발,1.8,1.86
2026,숙명여자대학교,인공지능공학부,학생부교과,지역균형선발,2,2
2026,숙명여자대학교,지능형전자시스템전공,학생부교과,지역균형선발,1.89,1.89
2026,숙명여자대학교,컴퓨터과학전공,학생부교과,지역균형선발,1.85,1.91
2026,숙명여자대학교,통계학과,학생부교과,지역균형선발,1.63,1.71
2026,숙명여자대학교,화공생명공학부,학생부교과,지역균형선발,1.67,1.69
2026,숙명여자대학교,화학과,학생부교과,지역균형선발,1.62,1.72
2026,숙명여자대학교,자유전공학부,학생부교과,지역균형선발,2.27,2.27
2026,숙명여자대학교,가족자원경영학과,논술,논술우수자,,3.69
2026,숙명여자대학교,경영학부,논술,논술우수자,,4.61
2026,숙명여자대학교,경제학부,논술,논술우수자,,3.33
2026,숙명여자대학교,교육학부,논술,논술우수자,,4.56
2026,숙명여자대학교,독일언어·문화학과,논술,논술우수자,,3.44
2026,숙명여자대학교,르꼬르동블루외식경영,논술,논술우수자,,4.9
2026,숙명여자대학교,문헌정보학과,논술,논술우수자,,4.43
2026,숙명여자대학교,문화관광학전공,논술,논술우수자,,4.44
2026,숙명여자대학교,미디어학부,논술,논술우수자,,4.44
2026,숙명여자대학교,법학부,논술,논술우수자,,3.94
2026,숙명여자대학교,사회심리학과,논술,논술우수자,,4.76
2026,숙명여자대학교,소비자경제학과,논술,논술우수자,,4.14
2026,숙명여자대학교,아동복지학부,논술,논술우수자,,4.2
2026,숙명여자대학교,역사문화학과,논술,논술우수자,,3.75
2026,숙명여자대학교,영어영문학전공,논술,논술우수자,,4.46
2026,숙명여자대학교,일본학과,논술,논술우수자,,3.84
2026,숙명여자대학교,정치외교학과,논술,논술우수자,,4.16
2026,숙명여자대학교,중어중문학부,논술,논술우수자,,4.36
2026,숙명여자대학교,프랑스언어·문화학과,논술,논술우수자,,3.98
2026,숙명여자대학교,한국어문학부,논술,논술우수자,,4.72
2026,숙명여자대학교,행정학과,논술,논술우수자,,3.97
2026,숙명여자대학교,홍보광고학과,논술,논술우수자,,4.07
2026,숙명여자대학교,기계시스템학부,논술,논술우수자,,3.76
2026,숙명여자대학교,첨단공학부,논술,논술우수자,,4.72
2026,숙명여자대학교,데이터사이언스전공,논술,논술우수자,,3.68
2026,숙명여자대학교,생명시스템학부,논술,논술우수자,,3.78
2026,숙명여자대학교,수학과,논술,논술우수자,,3.43
2026,숙명여자대학교,식품영양학과,논술,논술우수자,,4.08
2026,숙명여자대학교,신소재물리전공,논술,논술우수자,,4.38
2026,숙명여자대학교,약학부,논술,논술우수자,,
2026,숙명여자대학교,의류학과,논술,논술우수자,,3.95
2026,숙명여자대학교,인공지능공학부,논술,논술우수자,,3.56
2026,숙명여자대학교,지능형전자시스템전공,논술,논술우수자,,3.91
2026,숙명여자대학교,컴퓨터과학전공,논술,논술우수자,,3.49
2026,숙명여자대학교,통계학과,논술,논술우수자,,3.65
2026,숙명여자대학교,화공생명공학부,논술,논술우수자,,4.29
2026,숙명여자대학교,화학과,논술,논술우수자,,3.98
2026,숭실대학교,경영학부,학생부교과,교과우수자,2.07,2.16
2026,숭실대학교,경제학과,학생부교과,교과우수자,2.12,2.28
2026,숭실대학교,국어국문학과,학생부교과,교과우수자,2.3,2.33
2026,숭실대학교,국제법무학과,학생부교과,교과우수자,2.15,2.24
2026,숭실대학교,글로벌통상학과,학생부교과,교과우수자,2.19,2.3
2026,숭실대학교,금융학부,학생부교과,교과우수자,2.29,2.29
2026,숭실대학교,독어독문학과,학생부교과,교과우수자,2.3,2.3
2026,숭실대학교,법학과,학생부교과,교과우수자,2.05,2.34
2026,숭실대학교,벤처중소기업학과,학생부교과,교과우수자,2.36,2.39
2026,숭실대학교,불어불문학과,학생부교과,교과우수자,2.39,2.44
2026,숭실대학교,사학과,학생부교과,교과우수자,2.45,2.45
2026,숭실대학교,사회복지학부,학생부교과,교과우수자,2.28,2.3
2026,숭실대학교,언론홍보학과,학생부교과,교과우수자,2.03,2.17
2026,숭실대학교,영어영문학과,학생부교과,교과우수자,2.2,2.21
2026,숭실대학교,일어일문학과,학생부교과,교과우수자,2.34,2.37
2026,숭실대학교,정보사회학과,학생부교과,교과우수자,2.28,2.28
2026,숭실대학교,정치외교학과,학생부교과,교과우수자,2.22,2.22
2026,숭실대학교,중어중문학과,학생부교과,교과우수자,2.22,2.34
2026,숭실대학교,철학과,학생부교과,교과우수자,2.21,2.25
2026,숭실대학교,평생교육학과,학생부교과,교과우수자,2.32,2.32
2026,숭실대학교,행정학부,학생부교과,교과우수자,2.12,2.26
2026,숭실대학교,회계학과,학생부교과,교과우수자,2.05,2.1
2026,숭실대학교,자유전공학부 인문,학생부교과,교과우수자,1.86,1.95
2026,숭실대학교,자유전공학부자연,학생부교과,교과우수자,1.91,1.95
2026,숭실대학교,AI융합학부,학생부교과,교과우수자,2.27,2.27
2026,숭실대학교,AI 소프트웨어학부,학생부교과,교과우수자,1.94,2.06
2026,숭실대학교,IT융합전공,학생부교과,교과우수자,2.27,2.27
2026,숭실대학교,건축학·건축공학전공,학생부교과,교과우수자,2.27,2.27
2026,숭실대학교,글로벌미디어학부,학생부교과,교과우수자,2.25,2.32
2026,숭실대학교,기계공학부,학생부교과,교과우수자,2.16,2.19
2026,숭실대학교,물리학과,학생부교과,교과우수자,1.92,2.07
2026,숭실대학교,산업·정보시스템공학과,학생부교과,교과우수자,2.11,2.2
2026,숭실대학교,수학과,학생부교과,교과우수자,2.12,2.23
2026,숭실대학교,신소재공학과,학생부교과,교과우수자,2.05,2.11
2026,숭실대학교,실내건축전공,학생부교과,교과우수자,2.27,2.27
2026,숭실대학교,의생명시스템학부,학생부교과,교과우수자,1.8,1.81
2026,숭실대학교,전기공학부,학생부교과,교과우수자,2.13,2.16
2026,숭실대학교,전자공학전공,학생부교과,교과우수자,2.27,2.27
2026,숭실대학교,정보통계·보험수리학과,학생부교과,교과우수자,2.27,2.27
2026,숭실대학교,컴퓨터학부,학생부교과,교과우수자,1.98,2.05
2026,숭실대학교,화학공학과,학생부교과,교과우수자,1.95,2
2026,숭실대학교,화학과,학생부교과,교과우수자,1.95,1.97
2026,숭실대학교,경영학부,논술,논술우수자,2.16,3.6
2026,숭실대학교,경제학과,논술,논술우수자,2.28,3.25
2026,숭실대학교,국어국문학과,논술,논술우수자,2.33,3.31
2026,숭실대학교,국제법무학과,논술,논술우수자,2.24,3.47
2026,숭실대학교,글로벌통상학과,논술,논술우수자,2.3,3.63
2026,숭실대학교,금융학부,논술,논술우수자,2.29,2.7
2026,숭실대학교,독어독문학과,논술,논술우수자,2.3,4.79
2026,숭실대학교,법학과,논술,논술우수자,2.34,4.16
2026,숭실대학교,벤처중소기업학과,논술,논술우수자,2.39,4.16
2026,숭실대학교,불어불문학과,논술,논술우수자,2.44,3.85
2026,숭실대학교,사학과,논술,논술우수자,2.45,3.8
2026,숭실대학교,사회복지학부,논술,논술우수자,2.3,4.09
2026,숭실대학교,언론홍보학과,논술,논술우수자,2.17,3.48
2026,숭실대학교,영어영문학과,논술,논술우수자,2.21,3.54
2026,숭실대학교,일어일문학과,논술,논술우수자,2.37,3.34
2026,숭실대학교,정보사회학과,논술,논술우수자,2.28,3.49
2026,숭실대학교,정치외교학과,논술,논술우수자,2.22,4.03
2026,숭실대학교,중어중문학과,논술,논술우수자,2.34,3.88
2026,숭실대학교,철학과,논술,논술우수자,2.25,3.96
2026,숭실대학교,평생교육학과,논술,논술우수자,2.32,4.46
2026,숭실대학교,행정학부,논술,논술우수자,2.26,3.55
2026,숭실대학교,회계학과,논술,논술우수자,2.1,4.32
2026,숭실대학교,AI소프트웨어학부,논술,논술우수자,2.06,2.83
2026,숭실대학교,소프트웨어학부,논술,논술우수자,4.03,2.83
2026,숭실대학교,IT융합전공,논술,논술우수자,4.26,3.31
2026,숭실대학교,건축학·건축공학,논술,논술우수자,4.79,3.3
2026,숭실대학교,글로벌미디어학부,논술,논술우수자,2.32,3.49
2026,숭실대학교,기계공학부,논술,논술우수자,2.19,3.43
2026,숭실대학교,물리학과,논술,논술우수자,2.07,3.5
2026,숭실대학교,산업·정보시스템공,논술,논술우수자,4.02,3.22
2026,숭실대학교,수학과,논술,논술우수자,2.23,3.59
2026,숭실대학교,신소재공학과,논술,논술우수자,2.11,3.05
2026,숭실대학교,의생명시스템학부,논술,논술우수자,1.81,3.59
2026,숭실대학교,전기공학부,논술,논술우수자,2.16,3.31
2026,숭실대학교,전자공학전공,논술,논술우수자,4.26,3.31
2026,숭실대학교,정보통계·보험수리,논술,논술우수자,5.09,3.98
2026,숭실대학교,컴퓨터학부,논술,논술우수자,2.05,3.12
2026,숭실대학교,화학공학과,논술,논술우수자,2,3.08
2026,숭실대학교,화학과,논술,논술우수자,1.97,3.01
2026,숭실대학교,경영학부,학생부종합,SSU미래인재,3.1,3.14
2026,숭실대학교,경제학과,학생부종합,SSU미래인재,3.11,2.93
2026,숭실대학교,국어국문학과,학생부종합,SSU미래인재,2.57,2.63
2026,숭실대학교,국제법무학과,학생부종합,SSU미래인재,2.9,2.94
2026,숭실대학교,글로벌통상학과,학생부종합,SSU미래인재,3.29,3.19
2026,숭실대학교,금융학부,학생부종합,SSU미래인재,2.85,2.94
2026,숭실대학교,기독교학과,학생부종합,SSU미래인재,4.13,4.27
2026,숭실대학교,독어독문학과,학생부종합,SSU미래인재,3.8,4.33
2026,숭실대학교,법학과,학생부종합,SSU미래인재,2.83,2.89
2026,숭실대학교,벤처중소기업학과,학생부종합,SSU미래인재,3.3,3.55
2026,숭실대학교,불어불문학과,학생부종합,SSU미래인재,3.37,4.69
2026,숭실대학교,사학과,학생부종합,SSU미래인재,2.55,2.67
2026,숭실대학교,사회복지학부,학생부종합,SSU미래인재,3.07,3.24
2026,숭실대학교,언론홍보학과,학생부종합,SSU미래인재,2.69,2.64
2026,숭실대학교,영어영문학과,학생부종합,SSU미래인재,3.09,3.35
2026,숭실대학교,일어일문학과,학생부종합,SSU미래인재,4.53,4.81
2026,숭실대학교,정보사회학과,학생부종합,SSU미래인재,2.91,3.05
2026,숭실대학교,정치외교학과,학생부종합,SSU미래인재,3.15,2.97
2026,숭실대학교,중어중문학과,학생부종합,SSU미래인재,3.44,3.48
2026,숭실대학교,철학과,학생부종합,SSU미래인재,3.13,3.18
2026,숭실대학교,평생교육학과,학생부종합,SSU미래인재,3.41,3.22
2026,숭실대학교,행정학부,학생부종합,SSU미래인재,2.8,2.83
2026,숭실대학교,회계학과,학생부종합,SSU미래인재,2.86,3.03
2026,숭실대학교,AI소프트웨어학부,학생부종합,SSU미래인재,2.52,2.3
2026,숭실대학교,AI융합학부,학생부종합,SSU미래인재,3.99,4.24
2026,숭실대학교,IT융합전공,학생부종합,SSU미래인재,3.99,4.24
2026,숭실대학교,건축학·건축공학,학생부종합,SSU미래인재,3.29,2.95
2026,숭실대학교,글로벌미디어학부,학생부종합,SSU미래인재,3.11,3.01
2026,숭실대학교,기계공학부,학생부종합,SSU미래인재,2.77,2.98
2026,숭실대학교,물리학과,학생부종합,SSU미래인재,2.94,3.06
2026,숭실대학교,산업·정보시스템공,학생부종합,SSU미래인재,2.89,2.99
2026,숭실대학교,수학과,학생부종합,SSU미래인재,2.79,2.67
2026,숭실대학교,신소재공학과,학생부종합,SSU미래인재,2.83,2.97
2026,숭실대학교,실내건축전공,학생부종합,SSU미래인재,3.29,2.95
2026,숭실대학교,의생명시스템학부,학생부종합,SSU미래인재,2.46,2.6
2026,숭실대학교,전기공학부,학생부종합,SSU미래인재,2.96,3.07
2026,숭실대학교,전자공학전공,학생부종합,SSU미래인재,3.99,4.24
2026,숭실대학교,정보보호학과,학생부종합,SSU미래인재,2.51,2.55
2026,숭실대학교,정보통계·보험수리,학생부종합,SSU미래인재,2.81,2.87
2026,숭실대학교,컴퓨터학부,학생부종합,SSU미래인재,2.31,2.35
2026,숭실대학교,화학공학과,학생부종합,SSU미래인재,2.44,2.54
2026,숭실대학교,화학과,학생부종합,SSU미래인재,2.67,2.73
2026,숭실대학교,경영학부,학생부종합,SSU 서류형(신설),3.99,4.24
2026,숭실대학교,경제학과,학생부종합,SSU 서류형(신설),3.99,4.24
2026,숭실대학교,글로벌통상학과,학생부종합,SSU 서류형(신설),3.99,4.24
2026,숭실대학교,금융학부,학생부종합,SSU 서류형(신설),3.99,4.24
2026,숭실대학교,법학과,학생부종합,SSU 서류형(신설),3.99,4.24
2026,숭실대학교,벤처중소기업학과,학생부종합,SSU 서류형(신설),3.99,4.24
2026,숭실대학교,사회복지학부,학생부종합,SSU 서류형(신설),3.99,4.24
2026,숭실대학교,언론홍보학과,학생부종합,SSU 서류형(신설),3.99,4.24
2026,숭실대학교,정보사회학과,학생부종합,SSU 서류형(신설),3.99,4.24
2026,숭실대학교,정치외교학과,학생부종합,SSU 서류형(신설),3.99,4.24
2026,숭실대학교,평생교육학과,학생부종합,SSU 서류형(신설),3.99,4.24
2026,숭실대학교,행정학부,학생부종합,SSU 서류형(신설),3.99,4.24
2026,숭실대학교,회계학과,학생부종합,SSU 서류형(신설),3.99,4.24
2026,숭실대학교,자유전공학부 인문,학생부종합,SSU 서류형(신설),3.99,4.24
2026,숭실대학교,자유전공학부 자연,학생부종합,SSU 서류형(신설),3.99,4.24
2026,숭실대학교,AI소프트웨어학부,학생부종합,SSU 서류형(신설),3.99,4.24
2026,숭실대학교,IT융합전공,학생부종합,SSU 서류형(신설),3.99,4.24
2026,숭실대학교,건축학·건축공학,학생부종합,SSU 서류형(신설),3.99,4.24
2026,숭실대학교,글로벌미디어학부,학생부종합,SSU 서류형(신설),3.99,4.24
2026,숭실대학교,기계공학부,학생부종합,SSU 서류형(신설),3.99,4.24
2026,숭실대학교,물리학과,학생부종합,SSU 서류형(신설),3.99,4.24
2026,숭실대학교,산업정보시스템공학과,학생부종합,SSU 서류형(신설),3.99,4.24
2026,숭실대학교,수학과,학생부종합,SSU 서류형(신설),3.99,4.24
2026,숭실대학교,신소재공학과,학생부종합,SSU 서류형(신설),3.99,4.24
2026,숭실대학교,실내건축전공,학생부종합,SSU 서류형(신설),3.99,4.24
2026,숭실대학교,의생,학생부종합,SSU 서류형(신설),3.99,4.24
2026,숭실대학교,전기공학부,학생부종합,SSU 서류형(신설),3.99,4.24
2026,숭실대학교,전자공학전공,학생부종합,SSU 서류형(신설),3.99,4.24
2026,숭실대학교,정보통계보험수리학과,학생부종합,SSU 서류형(신설),3.99,4.24
2026,숭실대학교,컴퓨터학부,학생부종합,SSU 서류형(신설),3.99,4.24
2026,숭실대학교,화학공학과,학생부종합,SSU 서류형(신설),3.99,4.24
2026,숭실대학교,화학과,학생부종합,SSU 서류형(신설),3.99,4.24
2026,국민대학교,AI빅데이터융합경영,학생부교과,교과성적우수자,2.06,2.49
2026,국민대학교,경영정보학부[인문],학생부교과,교과성적우수자,2.14,2.99
2026,국민대학교,경영학전공,학생부교과,교과성적우수자,2.13,2.11
2026,국민대학교,경제학과,학생부교과,교과성적우수자,2.06,2.09
2026,국민대학교,광고홍보학전공,학생부교과,교과성적우수자,1.92,2.05
2026,국민대학교,교육학과,학생부교과,교과성적우수자,2.24,2.42
2026,국민대학교,국어국문학전공,학생부교과,교과성적우수자,2.16,2.16
2026,국민대학교,국제통상학과,학생부교과,교과성적우수자,2.45,2.45
2026,국민대학교,글로벌한국어전공,학생부교과,교과성적우수자,2.55,2.55
2026,국민대학교,러시아·유라시아,학생부교과,교과성적우수자,2.32,2.32
2026,국민대학교,미디어전공,학생부교과,교과성적우수자,2.11,2.11
2026,국민대학교,법학부,학생부교과,교과성적우수자,2,2.12
2026,국민대학교,사회학과,학생부교과,교과성적우수자,2.13,2.23
2026,국민대학교,영어영문학부,학생부교과,교과성적우수자,2.44,2.39
2026,국민대학교,정치외교학과,학생부교과,교과성적우수자,1.95,2.14
2026,국민대학교,중국어문전공,학생부교과,교과성적우수자,2.27,2.27
2026,국민대학교,동아시아국제학부,학생부교과,교과성적우수자,2.24,2.24
2026,국민대학교,중국정경전공,학생부교과,교과성적우수자,2.47,2.47
2026,국민대학교,일본학과,학생부교과,교과성적우수자,2.47,2.47
2026,국민대학교,인문기술 미래융합전공(A),학생부교과,교과성적우수자,2,
2026,국민대학교,인문기술융합 자유전공A,학생부교과,교과성적우수자,,
2026,국민대학교,한국역사학과,학생부교과,교과성적우수자,2.43,2.24
2026,국민대학교,행정학과,학생부교과,교과성적우수자,2.07,2.1
2026,국민대학교,건설시스템공학부,학생부교과,교과성적우수자,2.47,2.47
2026,국민대학교,건축학부,학생부교과,교과성적우수자,2.09,2.01
2026,국민대학교,기계공학부,학생부교과,교과성적우수자,2.09,2.15
2026,국민대학교,에너지모빌리티재료전공,학생부교과,교과성적우수자,2.37,2.12
2026,국민대학교,나노소재전공,학생부교과,교과성적우수자,1.91,1.91
2026,국민대학교,나노전자물리학과,학생부교과,교과성적우수자,2.3,2.3
2026,국민대학교,미래모빌리티학과,학생부교과,교과성적우수자,2.13,2.09
2026,국민대학교,융합바이오공학,학생부교과,교과성적우수자,2.33,1.84
2026,국민대학교,바이오의약전공,학생부교과,교과성적우수자,1.61,1.61
2026,국민대학교,산림환경시스템,학생부교과,교과성적우수자,2.06,2.06
2026,국민대학교,소프트웨어학부,학생부교과,교과성적우수자,2.07,2.16
2026,국민대학교,식품영양학과,학생부교과,교과성적우수자,2.39,2.39
2026,국민대학교,인공지능학부,학생부교과,교과성적우수자,1.94,2.12
2026,국민대학교,임산생명공학과,학생부교과,교과성적우수자,2.11,2.11
2026,국민대학교,인문기술융합 미래융합전공(B),학생부교과,교과성적우수자,2,
2026,국민대학교,인문기술융합 자유전공B,학생부교과,교과성적우수자,,
2026,국민대학교,자동차모빌리티대학,학생부교과,교과성적우수자,2,2.47
2026,국민대학교,지능형 ict,학생부교과,교과성적우수자,2.47,2.47
2026,국민대학교,전자화학재료전공,학생부교과,교과성적우수자,2.05,2.43
2026,국민대학교,정보보안암호수학과,학생부교과,교과성적우수자,2.08,2.17
2026,국민대학교,모빌리티전력전자융합,학생부교과,교과성적우수자,2.02,2.2
2026,국민대학교,지능형반도체융합전자,학생부교과,교과성적우수자,2.18,2.18
2026,국민대학교,AI빅데이터융합경영,학생부종합,국민프런티어,3.02,3.3
2026,국민대학교,경영정보학부[인문],학생부종합,국민프런티어,2.69,3.13
2026,국민대학교,경영학전공,학생부종합,국민프런티어,2.64,2.74
2026,국민대학교,경제학과,학생부종합,국민프런티어,2.64,2.72
2026,국민대학교,광고홍보학전공,학생부종합,국민프런티어,2.51,2.65
2026,국민대학교,교육학과,학생부종합,국민프런티어,2.55,2.84
2026,국민대학교,국어국문학전공,학생부종합,국민프런티어,2.92,3.07
2026,국민대학교,국제통상학과,학생부종합,국민프런티어,2.87,2.87
2026,국민대학교,글로벌경영전공,학생부종합,국민프런티어,5.02,5.14
2026,국민대학교,글로벌한국어,학생부종합,국민프런티어,,
2026,국민대학교,러시아·유라시아,학생부종합,국민프런티어,4.59,4.59
2026,국민대학교,미디어전공,학생부종합,국민프런티어,2.53,2.58
2026,국민대학교,법학부,학생부종합,국민프런티어,2.58,4.66
2026,국민대학교,사회학과,학생부종합,국민프런티어,2.64,2.69
2026,국민대학교,영어영문학부,학생부종합,국민프런티어,3.07,4.41
2026,국민대학교,정치외교학과,학생부종합,국민프런티어,2.55,2.64
2026,국민대학교,중국어문전공,학생부종합,국민프런티어,4.04,4.22
2026,국민대학교,동아시아국제학부,학생부종합,국민프런티어,2.86,4.21
2026,국민대학교,중국정경전공,학생부종합,국민프런티어,2.76,2.76
2026,국민대학교,한국역사학과,학생부종합,국민프런티어,2.74,2.83
2026,국민대학교,행정학과,학생부종합,국민프런티어,2.68,2.71
2026,국민대학교,건설시스템공학부,학생부종합,국민프런티어,3.05,3.26
2026,국민대학교,건축학부,학생부종합,국민프런티어,2.59,2.77
2026,국민대학교,경영정보학부[자연],학생부종합,국민프런티어,2.63,2.69
2026,국민대학교,기계공학부,학생부종합,국민프런티어,2.92,2.99
2026,국민대학교,에너지모빌리티재료전공,학생부종합,국민프런티어,2.79,2.95
2026,국민대학교,나노소재전공(응용화학부),학생부종합,국민프런티어,2.87,2.87
2026,국민대학교,나노전자물리학과,학생부종합,국민프런티어,2.92,2.92
2026,국민대학교,미래모빌리티학과,학생부종합,국민프런티어,3,3.05
2026,국민대학교,융합바이오공학,학생부종합,국민프런티어,2.62,2.55
2026,국민대학교,바이오의약전공,학생부종합,국민프런티어,2.24,2.24
2026,국민대학교,산림환경시스템,학생부종합,국민프런티어,2.74,2.74
2026,국민대학교,소프트웨어학부,학생부종합,국민프런티어,2.44,2.55
2026,국민대학교,식품영양학과,학생부종합,국민프런티어,2.67,2.82
2026,국민대학교,인공지능학부,학생부종합,국민프런티어,2.86,2.92
2026,국민대학교,임산생명공학과,학생부종합,국민프런티어,2.75,2.75
2026,국민대학교,자동차모빌리티대학,학생부종합,국민프런티어,2.48,2.5
2026,국민대학교,지능형 ict,학생부종합,국민프런티어,2.76,2.76
2026,국민대학교,전자화학재료전공,학생부종합,국민프런티어,2.55,2.75
2026,국민대학교,정보보안암호수학과,학생부종합,국민프런티어,2.78,2.89
2026,국민대학교,모빌리티전력전자융합,학생부종합,국민프런티어,2.59,2.89
2026,국민대학교,지능형반도체융합전자,학생부종합,국민프런티어,2.85,2.85
2026,국민대학교,경영학부,논술,논술전형,,
2026,국민대학교,교육학과,논술,논술전형,,
2026,국민대학교,국어국문학전공,논술,논술전형,,
2026,국민대학교,국제통상,논술,논술전형,,
2026,국민대학교,러시아유라시아학과,논술,논술전형,,
2026,국민대학교,미디어전공,논술,논술전형,,
2026,국민대학교,법학부,논술,논술전형,,
2026,국민대학교,사회학과,논술,논술전형,,
2026,국민대학교,영어영문학부,논술,논술전형,,
2026,국민대학교,일본학과,논술,논술전형,,
2026,국민대학교,정치외교학과,논술,논술전형,,
2026,국민대학교,중국어문전공,논술,논술전형,,
2026,국민대학교,동아시아국제학부,논술,논술전형,,
2026,국민대학교,한국역사학과,논술,논술전형,,
2026,국민대학교,행정학과,논술,논술전형,,
2026,국민대학교,AI빅데이터융합경영학과(자연),논술,논술전형,,
2026,국민대학교,건설시스템공학부,논술,논술전형,,
2026,국민대학교,건축학부(자연),논술,논술전형,,
2026,국민대학교,경영정보학부(자연),논술,논술전형,,
2026,국민대학교,기계공학부,논술,논술전형,,
2026,국민대학교,에너지모빌리티재료전공,논술,논술전형,,
2026,국민대학교,나노소재전공,논술,논술전형,,
2026,국민대학교,나노전자물리학과,논술,논술전형,,
2026,국민대학교,미래모빌리티학과,논술,논술전형,,
2026,국민대학교,융합바이오공학,논술,논술전형,,
2026,국민대학교,바이오의약전공,논술,논술전형,,
2026,국민대학교,산림환경시스템학과,논술,논술전형,,
2026,국민대학교,소프트웨어학부,논술,논술전형,,
2026,국민대학교,식품영양학과,논술,논술전형,,
2026,국민대학교,인공지능학부,논술,논술전형,,
2026,국민대학교,임산생명공학과,논술,논술전형,,
2026,국민대학교,자동차모빌리티대학,논술,논술전형,,
2026,국민대학교,지능형 ICT융합전공,논술,논술전형,,
2026,국민대학교,전자화학재료전공,논술,논술전형,,
2026,국민대학교,정보보안암호수학과,논술,논술전형,,
2026,국민대학교,모빌리티전력전자융합,논술,논술전형,,
2026,국민대학교,지능형반도체융합전자전공,논술,논술전형,,
2026,국민대학교,경영학전공,학생부종합,학교생활우수자,2.74,2.76
2026,국민대학교,소프트웨어학부,학생부종합,학교생활우수자,2.76,2.76
2026,서울과학기술대학교,경영학전공,학생부교과,고교추천,2.2,2.26
2026,서울과학기술대학교,글로벌테크노경영,학생부교과,고교추천,2.22,2.14
2026,서울과학기술대학교,영어영문학과,학생부교과,고교추천,2.31,2.33
2026,서울과학기술대학교,행정학과,학생부교과,고교추천,2.29,2.33
2026,서울과학기술대학교,ITM전공,학생부교과,고교추천,2.17,2.28
2026,서울과학기술대학교,MSDE학과,학생부교과,고교추천,1.62,1.65
2026,서울과학기술대학교,건설시스템공학과,학생부교과,고교추천,2.17,2.23
2026,서울과학기술대학교,건축공학전공,학생부교과,고교추천,2.36,2.42
2026,서울과학기술대학교,건축학전공,학생부교과,고교추천,2.36,2.42
2026,서울과학기술대학교,글로벌테크노경영(자연),학생부교과,고교추천,2.22,2.14
2026,서울과학기술대학교,기계(미래자동차공학),학생부교과,고교추천,2.14,2.25
2026,서울과학기술대학교,기계공학과,학생부교과,고교추천,1.95,2
2026,서울과학기술대학교,기계시스템(지능형로봇),학생부교과,고교추천,2.3,2.3
2026,서울과학기술대학교,미래에너지융합,학생부교과,고교추천,2.04,2.04
2026,서울과학기술대학교,바이오메디컬학과,학생부교과,고교추천,1.67,1.67
2026,서울과학기술대학교,산업정보시스템전공,학생부교과,고교추천,2.17,2.28
2026,서울과학기술대학교,스마트ICT융합공,학생부교과,고교추천,2.23,2.23
2026,서울과학기술대학교,식품생명공학과,학생부교과,고교추천,1.85,1.88
2026,서울과학기술대학교,신소재공학과,학생부교과,고교추천,1.78,1.83
2026,서울과학기술대학교,안경광학과,학생부교과,고교추천,2.21,2.22
2026,서울과학기술대학교,안전공학과,학생부교과,고교추천,2.13,2.23
2026,서울과학기술대학교,인공지능응용학과,학생부교과,고교추천,2,2.05
2026,서울과학기술대학교,전기정보공학과,학생부교과,고교추천,1.96,2
2026,서울과학기술대학교,전자공학과,학생부교과,고교추천,1.78,1.82
2026,서울과학기술대학교,정밀화학과,학생부교과,고교추천,1.89,1.9
2026,서울과학기술대학교,지능형반도체공,학생부교과,고교추천,2.13,2.13
2026,서울과학기술대학교,컴퓨터공학과,학생부교과,고교추천,2,2.13
2026,서울과학기술대학교,화공생명공학과,학생부교과,고교추천,1.86,2.25
2026,서울과학기술대학교,환경공학과,학생부교과,고교추천,1.96,2
2026,서울과학기술대학교,자유전공학부(창의융합대학),학생부교과,고교추천,1.95,2
2026,서울과학기술대학교,미래에너지융합학과,학생부종합,창의융합인재,4.46,4.46
2026,서울과학기술대학교,바이오메디컬학과,학생부종합,창의융합인재,,
2026,서울과학기술대학교,인공지능응용학과,학생부종합,창의융합인재,3.05,3.05
2026,서울과학기술대학교,지능형반도체공학과,학생부종합,창의융합인재,3.02,3.02
2026,서울과학기술대학교,자유전공학부 창의융합대,학생부종합,창의융합인재,,
2026,서울과학기술대학교,경영학전공,학생부종합,학교생활우수자,3.93,3.93
2026,서울과학기술대학교,글로벌테크노경영전공,학생부종합,학교생활우수자,3.94,3.75
2026,서울과학기술대학교,문예창작학과,학생부종합,학교생활우수자,3.37,3.52
2026,서울과학기술대학교,영어영문학과,학생부종합,학교생활우수자,3.7,4.23
2026,서울과학기술대학교,행정학과,학생부종합,학교생활우수자,2.95,3.51
2026,서울과학기술대학교,ST 자유전공학부(인문),학생부종합,학교생활우수자,2.55,2.55
2026,서울과학기술대학교,건축학전공(인문),학생부종합,학교생활우수자,2.99,3.29
2026,서울과학기술대학교,ITM전공,학생부종합,학교생활우수자,3.28,3.18
2026,서울과학기술대학교,MSDE학과,학생부종합,학교생활우수자,2.24,2.43
2026,서울과학기술대학교,건설시스템공학과,학생부종합,학교생활우수자,3.11,3.33
2026,서울과학기술대학교,건축공학전공,학생부종합,학교생활우수자,2.99,3.29
2026,서울과학기술대학교,건축학전공,학생부종합,학교생활우수자,2.99,3.29
2026,서울과학기술대학교,글로벌테크노경영(자연),학생부종합,학교생활우수자,3.94,3.75
2026,서울과학기술대학교,기계시스템(미래자동차),학생부종합,학교생활우수자,3.64,3.64
2026,서울과학기술대학교,기계공학과,학생부종합,학교생활우수자,2.87,3.06
2026,서울과학기술대학교,기계시스템(지능형로봇),학생부종합,학교생활우수자,3.64,3.64
2026,서울과학기술대학교,산업정보시스템전공,학생부종합,학교생활우수자,3.28,3.18
2026,서울과학기술대학교,스마트ICT융합공학과,학생부종합,학교생활우수자,3.41,3.41
2026,서울과학기술대학교,식품생명공학과,학생부종합,학교생활우수자,2.35,2.45
2026,서울과학기술대학교,신소재공학과,학생부종합,학교생활우수자,2.72,2.89
2026,서울과학기술대학교,안경광학과,학생부종합,학교생활우수자,2.79,3.07
2026,서울과학기술대학교,안전공학과,학생부종합,학교생활우수자,3.01,3.21
2026,서울과학기술대학교,전기정보공학과,학생부종합,학교생활우수자,2.59,4.07
2026,서울과학기술대학교,전자공학과,학생부종합,학교생활우수자,2.24,2.32
2026,서울과학기술대학교,정밀화학과,학생부종합,학교생활우수자,2.23,2.31
2026,서울과학기술대학교,컴퓨터공학과,학생부종합,학교생활우수자,2.56,2.75
2026,서울과학기술대학교,화공생명공학과,학생부종합,학교생활우수자,2.65,4.4
2026,서울과학기술대학교,환경공학과,학생부종합,학교생활우수자,2.41,2.51
2026,서울과학기술대학교,ST 자유전공학부,논술,논술,,
2026,세종대학교,경영학부,학생부교과,지역균형,2.12,2.14
2026,세종대학교,경제학과,학생부교과,지역균형,2.1,2.1
2026,세종대학교,자유전공학부,학생부교과,지역균형,2.13,2.17
2026,세종대학교,교육학과,학생부교과,지역균형,2.14,2.14
2026,세종대학교,국어국문학과,학생부교과,지역균형,2.24,2.24
2026,세종대학교,국제학부,학생부교과,지역균형,2.1,2.19
2026,세종대학교,미디어커뮤니케이션,학생부교과,지역균형,1.15,1.15
2026,세종대학교,법학과,학생부교과,지역균형,2.25,2.25
2026,세종대학교,역사학과,학생부교과,지역균형,2.39,2.39
2026,세종대학교,행정학과,학생부교과,지역균형,2.27,2.27
2026,세종대학교,호텔관광외식경영,학생부교과,지역균형,2.01,2.01
2026,세종대학교,AI로봇학과,학생부교과,지역균형,2.12,2.2
2026,세종대학교,AI융합전자(전자정보통신),학생부교과,지역균형,2.63,2.63
2026,세종대학교,건설환경공학과,학생부교과,지역균형,2.22,2.22
2026,세종대학교,건축공학과,학생부교과,지역균형,2.18,2.3
2026,세종대학교,건축학과,학생부교과,지역균형,1.91,1.91
2026,세종대학교,기계공학,학생부교과,지역균형,2.42,2.42
2026,세종대학교,나노신소재공학과,학생부교과,지역균형,1.95,1.97
2026,세종대학교,물리천문학과,학생부교과,지역균형,1.78,1.78
2026,세종대학교,반도체시스템공학과,학생부교과,지역균형,2.09,2.11
2026,세종대학교,생명시스템학부,학생부교과,지역균형,1.92,1.95
2026,세종대학교,콘텐츠소프트웨어학과,학생부교과,지역균형,2.58,2.61
2026,세종대학교,수학통계학과,학생부교과,지역균형,1.98,1.98
2026,세종대학교,스마트생명산업융합,학생부교과,지역균형,1.82,1.82
2026,세종대학교,양자원자력공학과,학생부교과,지역균형,3.01,3.01
2026,세종대학교,양자지능정보,학생부교과,지역균형,,
2026,세종대학교,우주항공공학전공,학생부교과,지역균형,2.61,2.27
2026,세종대학교,인공지능데이터사이언스학과,학생부교과,지역균형,2.44,2.54
2026,세종대학교,정보보호학과,학생부교과,지역균형,2.15,2.21
2026,세종대학교,에너지자원공학과,학생부교과,지역균형,2.18,2.22
2026,세종대학교,지능형드론융합전공,학생부교과,지역균형,2.33,2.33
2026,세종대학교,지능정보융합,학생부교과,지역균형,2.33,2.33
2026,세종대학교,컴퓨터공학과,학생부교과,지역균형,2,2.13
2026,세종대학교,화학과,학생부교과,지역균형,2.13,2.13
2026,세종대학교,환경융합공학,학생부교과,지역균형,2.68,2.68
2026,세종대학교,경영학부,논술,논술우수자,3.81,3.75
2026,세종대학교,경제학과,논술,논술우수자,3.96,4.22
2026,세종대학교,교육학과,논술,논술우수자,4.45,3.43
2026,세종대학교,국어국문학과,논술,논술우수자,4.43,3.29
2026,세종대학교,국제학부,논술,논술우수자,3.95,3.9
2026,세종대학교,미디어커뮤니케이션,논술,논술우수자,3.92,3.48
2026,세종대학교,법학과,논술,논술우수자,4.19,3.48
2026,세종대학교,역사학과,논술,논술우수자,4,3.55
2026,세종대학교,행정학과,논술,논술우수자,4.47,4.06
2026,세종대학교,호텔관광외식경영,논술,논술우수자,4.11,3.59
2026,세종대학교,자유전공학부,논술,논술우수자,,
2026,세종대학교,AI로봇학과,논술,논술우수자,4.13,3.89
2026,세종대학교,AI 융합전자,논술,논술우수자,4.13,3.95
2026,세종대학교,건설환경공학과,논술,논술우수자,3.9,3.96
2026,세종대학교,건축공학과,논술,논술우수자,4.38,3.6
2026,세종대학교,건축학과,논술,논술우수자,4.34,4.02
2026,세종대학교,기계공학과,논술,논술우수자,4.14,3.53
2026,세종대학교,나노신소재공학과,논술,논술우수자,4.25,3.39
2026,세종대학교,물리천문학과,논술,논술우수자,3.72,3.56
2026,세종대학교,반도체시스템공학과,논술,논술우수자,4.02,4.42
2026,세종대학교,생명시스템학부,논술,논술우수자,4.15,3.64
2026,세종대학교,콘텐츠소프트웨어학과,논술,논술우수자,4.11,4.37
2026,세종대학교,수학통계학과,논술,논술우수자,4.24,3.38
2026,세종대학교,스마트생명산업융합,논술,논술우수자,4.64,4.99
2026,세종대학교,양자원자력공학과,논술,논술우수자,3.47,3.77
2026,세종대학교,양자지능정보공학과,논술,논술우수자,,
2026,세종대학교,우주항공공학전공,논술,논술우수자,4.52,4.66
2026,세종대학교,인공지능데이터사이언스학과,논술,논술우수자,3.98,4.06
2026,세종대학교,정보보호학과,논술,논술우수자,3.91,4.25
2026,세종대학교,에너지자원공학과,논술,논술우수자,4.04,3.74
2026,세종대학교,지능형드론융합전공,논술,논술우수자,3.97,
2026,세종대학교,지능정보융합,논술,논술우수자,3.97,
2026,세종대학교,컴퓨터공학과,논술,논술우수자,4.06,3.78
2026,세종대학교,화학과,논술,논술우수자,4.17,3.57
2026,세종대학교,환경융합공학,논술,논술우수자,4.38,3.58
2026,세종대학교,경영학부,학생부종합,세종인재(면접형),2.42,2.48
2026,세종대학교,경제학과,학생부종합,세종인재(면접형),2.58,2.58
2026,세종대학교,교육학과,학생부종합,세종인재(면접형),2.64,2.64
2026,세종대학교,국어국문학과,학생부종합,세종인재(면접형),2.39,2.72
2026,세종대학교,국제학부,학생부종합,세종인재(면접형),2.85,4.15
2026,세종대학교,미디어커뮤니케이션,학생부종합,세종인재(면접형),2.42,2.49
2026,세종대학교,법학과,학생부종합,세종인재(면접형),2.54,2.99
2026,세종대학교,역사학과,학생부종합,세종인재(면접형),2.6,2.88
2026,세종대학교,행정학과,학생부종합,세종인재(면접형),2.06,2.3
2026,세종대학교,호텔관광외식경영,학생부종합,세종인재(면접형),3.36,3.71
2026,세종대학교,AI로봇학과,학생부종합,세종인재(면접형),2.86,3.13
2026,세종대학교,AI융합전자(전자정보통신),학생부종합,세종인재(면접형),2.73,2.78
2026,세종대학교,건설환경공학과,학생부종합,세종인재(면접형),2.57,2.57
2026,세종대학교,건축공학과,학생부종합,세종인재(면접형),2.8,2.8
2026,세종대학교,건축학과,학생부종합,세종인재(면접형),2.56,2.56
2026,세종대학교,기계공학과,학생부종합,세종인재(면접형),2.56,2.64
2026,세종대학교,나노신소재공학과,학생부종합,세종인재(면접형),2.57,2.58
2026,세종대학교,디자인이노베이션전공,학생부종합,세종인재(면접형),2.74,3.01
2026,세종대학교,만화애니메이션텍,학생부종합,세종인재(면접형),2.74,3.01
2026,세종대학교,물리천문학과,학생부종합,세종인재(면접형),2.76,2.81
2026,세종대학교,반도체시스템공,학생부종합,세종인재(면접형),2.66,2.74
2026,세종대학교,생명시스템학부,학생부종합,세종인재(면접형),2.33,2.38
2026,세종대학교,콘텐츠소프트웨어학과,학생부종합,세종인재(면접형),2.73,2.91
2026,세종대학교,수학통계학과,학생부종합,세종인재(면접형),2.35,2.35
2026,세종대학교,스마트생명산업융합,학생부종합,세종인재(면접형),2.44,3.25
2026,세종대학교,양자원자력공학과,학생부종합,세종인재(면접형),2.6,2.6
2026,세종대학교,양자지능정보학과,학생부종합,세종인재(면접형),,
2026,세종대학교,우주항공공학전공,학생부종합,세종인재(면접형),3.95,2.89
2026,세종대학교,인공지능데이터사이언스,학생부종합,세종인재(면접형),2.72,2.88
2026,세종대학교,정보보호학과,학생부종합,세종인재(면접형),2.64,2.64
2026,세종대학교,에너지자원공학과,학생부종합,세종인재(면접형),2.71,2.71
2026,세종대학교,지능형드론융합전공,학생부종합,세종인재(면접형),2.99,
2026,세종대학교,컴퓨터공학과,학생부종합,세종인재(면접형),2.63,2.73
2026,세종대학교,지능정보융합,학생부종합,세종인재(면접형),2.99,
2026,세종대학교,화학과,학생부종합,세종인재(면접형),2.5,2.5
2026,세종대학교,환경융합공학,학생부종합,세종인재(면접형),2.67,2.62
2026,세종대학교,경영학부,학생부종합,세종인재(서류형),2.42,2.48
2026,세종대학교,경상호텔관광계열,학생부종합,세종인재(서류형),3.45,2.37
2026,세종대학교,인문사회계열,학생부종합,세종인재(서류형),2.74,3.01
2026,세종대학교,경제학과,학생부종합,세종인재(서류형),2.58,2.58
2026,세종대학교,교육학과,학생부종합,세종인재(서류형),2.64,2.64
2026,세종대학교,국어국문학과,학생부종합,세종인재(서류형),2.39,2.72
2026,세종대학교,국제학부,학생부종합,세종인재(서류형),2.85,4.15
2026,세종대학교,미디어커뮤니케이션,학생부종합,세종인재(서류형),2.64,2.3
2026,세종대학교,법학과,학생부종합,세종인재(서류형),2.54,2.99
2026,세종대학교,역사학과,학생부종합,세종인재(서류형),2.6,2.88
2026,세종대학교,행정학과,학생부종합,세종인재(서류형),2.06,2.3
2026,세종대학교,호텔관광외식경영,학생부종합,세종인재(서류형),3.45,2.37
2026,세종대학교,AI로봇학과,학생부종합,세종인재(서류형),2.62,2.66
2026,세종대학교,공과계열,학생부종합,세종인재(서류형),2.74,3.01
2026,세종대학교,자연생명계열,학생부종합,세종인재(서류형),2.74,3.01
2026,세종대학교,IT계열,학생부종합,세종인재(서류형),2.74,3.01
2026,세종대학교,AI융합전자(전자정보통신),학생부종합,세종인재(서류형),2.57,2.68
2026,세종대학교,건설환경공학과,학생부종합,세종인재(서류형),2.57,2.57
2026,세종대학교,건축공학과,학생부종합,세종인재(서류형),2.8,2.8
2026,세종대학교,건축학과,학생부종합,세종인재(서류형),2.56,2.56
2026,세종대학교,기계공학과,학생부종합,세종인재(서류형),2.56,2.64
2026,세종대학교,나노신소재공학과,학생부종합,세종인재(서류형),2.57,2.58
2026,세종대학교,물리천문학과,학생부종합,세종인재(서류형),2.76,2.81
2026,세종대학교,반도체시스템공학과,학생부종합,세종인재(서류형),2.49,2.56
2026,세종대학교,생명시스템학부,학생부종합,세종인재(서류형),2.33,2.38
2026,세종대학교,콘텐츠소프트웨어학과,학생부종합,세종인재(서류형),2.69,2.78
2026,세종대학교,수학통계학과,학생부종합,세종인재(서류형),2.35,2.35
2026,세종대학교,스마트생명산업융합,학생부종합,세종인재(서류형),2.39,2.25
2026,세종대학교,양자원자력공학과,학생부종합,세종인재(서류형),2.6,2.6
2026,세종대학교,양자지능정보,학생부종합,세종인재(서류형),,
2026,세종대학교,우주항공공학전공,학생부종합,세종인재(서류형),2.54,3.07
2026,세종대학교,인공지능데이터사이언스,학생부종합,세종인재(서류형),2.62,3.24
2026,세종대학교,정보보호학과,학생부종합,세종인재(서류형),2.64,2.64
2026,세종대학교,에너지자원공학과,학생부종합,세종인재(서류형),2.71,2.71
2026,세종대학교,지능형드론융합전공,학생부종합,세종인재(서류형),2.73,
2026,세종대학교,지능정보융합,학생부종합,세종인재(서류형),2.73,
2026,세종대학교,컴퓨터공학과,학생부종합,세종인재(서류형),2.63,2.73
2026,세종대학교,화학과,학생부종합,세종인재(서류형),2.5,2.5
2026,세종대학교,환경융합공학,학생부종합,세종인재(서류형),2.36,2.47
2026,아주대학교,경영인텔리전스(e-bus),학생부교과,고교추천,2.88,2.88
2026,아주대학교,경영학과,학생부교과,고교추천,2.35,2.38
2026,아주대학교,경제정치사회융합학부,학생부교과,고교추천,2.26,2.59
2026,아주대학교,국어국문학과,학생부교과,고교추천,2.54,2.7
2026,아주대학교,금융공학과,학생부교과,고교추천,2.27,2.37
2026,아주대학교,문화콘텐츠,학생부교과,고교추천,2.4,2.4
2026,아주대학교,불어불문학과,학생부교과,고교추천,2.48,2.48
2026,아주대학교,사학과,학생부교과,고교추천,2.88,3
2026,아주대학교,심리학과,학생부교과,고교추천,1.75,1.92
2026,아주대학교,영어영문학과,학생부교과,고교추천,2.45,2.53
2026,아주대학교,정치외교학과,학생부교과,고교추천,2.38,2.38
2026,아주대학교,행정학과,학생부교과,고교추천,2.44,2.59
2026,아주대학교,자유전공학부 인문,학생부교과,고교추천,2.1,2.3
2026,아주대학교,미래모빌리티공학과,학생부교과,고교추천,2.1,2.2
2026,아주대학교,간호학과,학생부교과,고교추천,1.69,1.75
2026,아주대학교,건설시스템공학과,학생부교과,고교추천,2.16,2.38
2026,아주대학교,건축학과,학생부교과,고교추천,2.26,2.48
2026,아주대학교,교통시스템공학과,학생부교과,고교추천,2.23,2.36
2026,아주대학교,기계공학과,학생부교과,고교추천,1.95,2.06
2026,아주대학교,디지털미디어학과,학생부교과,고교추천,2.34,2.32
2026,아주대학교,사이버보안학과,학생부교과,고교추천,2.09,2.22
2026,아주대학교,산업공학과,학생부교과,고교추천,2.11,2.22
2026,아주대학교,프런티어과학학부,학생부교과,고교추천,2.12,2.06
2026,아주대학교,소프트웨어학과,학생부교과,고교추천,2.23,2.5
2026,아주대학교,수학과,학생부교과,고교추천,2.02,2.25
2026,아주대학교,응용화학과,학생부교과,고교추천,2.16,2.11
2026,아주대학교,전자공학과,학생부교과,고교추천,1.86,1.88
2026,아주대학교,지능형반도체공학과,학생부교과,고교추천,1.81,1.92
2026,아주대학교,첨단신소재공학과,학생부교과,고교추천,2.07,2.05
2026,아주대학교,화학공학과,학생부교과,고교추천,1.83,1.96
2026,아주대학교,첨단바이오융합대학,학생부교과,고교추천,1.81,1.98
2026,아주대학교,환경안전공학과,학생부교과,고교추천,2.04,2.14
2026,아주대학교,자유전공학부 자연,학생부교과,고교추천,2,1.93
2026,아주대학교,경영학과,논술,논술우수,3.96,4.35
2026,아주대학교,국어국문학과,논술,논술우수,4.62,4.28
2026,아주대학교,자유전공학부 인문,논술,논술우수,4.11,4.36
2026,아주대학교,경제정치사회융합학부,논술,논술우수,4.8,
2026,아주대학교,미래모빌리티공학과,논술,논술우수,2.78,
2026,아주대학교,자유전공학부 자연,논술,논술우수,4.06,
2026,아주대학교,건축학과,논술,논술우수,3.81,4.05
2026,아주대학교,기계공학과,논술,논술우수,4.11,4.36
2026,아주대학교,소프트웨어학과,논술,논술우수,3.48,3.82
2026,아주대학교,수학과,논술,논술우수,3.92,4.45
2026,아주대학교,약학과,논술,논술,1.64,
2026,아주대학교,전자공학과,논술,논술우수,2.24,3.85
2026,아주대학교,지능형반도체공학과,논술,논술우수,4.76,4.11
2026,아주대학교,첨단신소재공학과,논술,논술우수,5,4.13
2026,아주대학교,화학공학과,논술,논술우수,3.78,3.86
2026,아주대학교,경영인텔리전스(e-bus),학생부종합,ACE,3.23,3.26
2026,아주대학교,경영학과,학생부종합,ACE,3.79,4.64
2026,아주대학교,경제정치사회융합학부,학생부종합,ACE,2.84,3.14
2026,아주대학교,국어국문학과,학생부종합,ACE,2.65,2.96
2026,아주대학교,문화콘텐츠학과,학생부종합,ACE,2.4,2.57
2026,아주대학교,불어불문학과,학생부종합,ACE,4.1,4.62
2026,아주대학교,사학과,학생부종합,ACE,2.94,2.98
2026,아주대학교,심리학과,학생부종합,ACE,2.2,2.47
2026,아주대학교,영어영문학과,학생부종합,ACE,3.17,3.43
2026,아주대학교,정치외교학과,학생부종합,ACE,3.14,3.11
2026,아주대학교,행정학과,학생부종합,ACE,2.83,2.99
2026,아주대학교,간호학과,학생부종합,ACE,1.99,2.14
2026,아주대학교,건설시스템공학과,학생부종합,ACE,3.04,4.07
2026,아주대학교,건축학과,학생부종합,ACE,2.68,2.82
2026,아주대학교,교통시스템공학과,학생부종합,ACE,3.01,3.41
2026,아주대학교,기계공학과,학생부종합,ACE,2.46,2.74
2026,아주대학교,디지털미디어학과,학생부종합,ACE,2.84,2.98
2026,아주대학교,사이버보안학과,학생부종합,ACE,2.45,2.52
2026,아주대학교,산업공학과,학생부종합,ACE,2.56,2.83
2026,아주대학교,프런티어과학학부,학생부종합,ACE,2.54,2.9
2026,아주대학교,소프트웨어학과,학생부종합,ACE,2.25,2.31
2026,아주대학교,수학과,학생부종합,ACE,2.77,2.85
2026,아주대학교,약학과,학생부종합,ACE,1.34,1.45
2026,아주대학교,응용화학과,학생부종합,ACE,3.14,3.11
2026,아주대학교,전자공학과,학생부종합,ACE,2.36,2.61
2026,아주대학교,화학공학과,학생부종합,ACE,2.15,2.23
2026,아주대학교,화학과,학생부종합,ACE,2.67,2.47
2026,아주대학교,환경안전공학과,학생부종합,ACE,2.33,2.45
2026,아주대학교,미래모빌리티공학과,학생부종합,첨단융합인재,2.66,3.2
2026,아주대학교,금융공학과,학생부종합,첨단융합인재,2.91,3.19
2026,아주대학교,소프트웨어학과,학생부종합,첨단융합인재,2.52,2.68
2026,아주대학교,지능형반도체공학과,학생부종합,첨단융합인재,2.35,2.48
2026,아주대학교,응용화학과,학생부종합,첨단융합인재,2.29,2.36
2026,아주대학교,첨단바이오융합대학,학생부종합,첨단융합인재,2.15,2.25
2026,아주대학교,첨단신소재공학과,학생부종합,첨단융합인재,2.35,2.5
2026,인하대학교,경영학과,학생부교과,지역균형,2.25,2.26
2026,인하대학교,경제학과,학생부교과,지역균형,2.21,2.22
2026,인하대학교,교육학과,학생부교과,지역균형,2.26,2.28
2026,인하대학교,국어교육과,학생부교과,지역균형,2.28,2.3
2026,인하대학교,국제통상학과,학생부교과,지역균형,2.14,2.14
2026,인하대학교,파이낸스경영학과,학생부교과,지역균형,2.34,2.36
2026,인하대학교,문화콘텐츠문화경영,학생부교과,지역균형,2.51,2.51
2026,인하대학교,미디어커뮤니케이션,학생부교과,지역균형,2.48,2.48
2026,인하대학교,사학과,학생부교과,지역균형,2.39,2.39
2026,인하대학교,사회교육과,학생부교과,지역균형,2.19,2.2
2026,인하대학교,사회복지학과,학생부교과,지역균형,2.36,2.36
2026,인하대학교,소비자학과,학생부교과,지역균형,2.25,2.25
2026,인하대학교,아동심리학과,학생부교과,지역균형,2.38,2.38
2026,인하대학교,아태물류학부,학생부교과,지역균형,2.03,2.03
2026,인하대학교,영어교육과,학생부교과,지역균형,2.23,2.23
2026,인하대학교,영미유럽인문융합,학생부교과,지역균형,2.62,2.62
2026,인하대학교,의류디자인학과,학생부교과,지역균형,2.58,2.58
2026,인하대학교,일본언어문화학과,학생부교과,지역균형,2.43,2.49
2026,인하대학교,정치외교학과,학생부교과,지역균형,2.23,2.35
2026,인하대학교,중국학과,학생부교과,지역균형,2.5,2.52
2026,인하대학교,철학과,학생부교과,지역균형,2.24,2.24
2026,인하대학교,프랑스언어문화학과,학생부교과,지역균형,2.62,2.62
2026,인하대학교,한국어문학과,학생부교과,지역균형,2.4,2.46
2026,인하대학교,행정학과,학생부교과,지역균형,2.27,2.29
2026,인하대학교,간호학과,학생부교과,지역균형,1.88,1.91
2026,인하대학교,자유전공융합학부,학생부교과,지역균형,2.21,2.21
2026,인하대학교,건축학부,학생부교과,지역균형,2.31,2.31
2026,인하대학교,고분자공학과,학생부교과,지역균형,2.09,2.09
2026,인하대학교,공간정보공학과,학생부교과,지역균형,2.19,2.19
2026,인하대학교,기계공학과,학생부교과,지역균형,2.07,2.08
2026,인하대학교,데이터사이언스,학생부교과,지역균형,2.33,2.33
2026,인하대학교,물리학과,학생부교과,지역균형,2.32,2.33
2026,인하대학교,반도체시스템공학과,학생부교과,지역균형,2.02,2.13
2026,인하대학교,이차전지융합학과,학생부교과,지역균형,2.69,2.69
2026,인하대학교,사회인프라공학과,학생부교과,지역균형,2.25,2.26
2026,인하대학교,산업경영공학과,학생부교과,지역균형,2.17,2.23
2026,인하대학교,생명공학과,학생부교과,지역균형,1.72,1.79
2026,인하대학교,생명과학과,학생부교과,지역균형,1.82,1.82
2026,인하대학교,수학과,학생부교과,지역균형,2.22,2.24
2026,인하대학교,수학교육과,학생부교과,지역균형,1.95,1.95
2026,인하대학교,스마트모빌리티공,학생부교과,지역균형,2.44,2.44
2026,인하대학교,식품영양학과,학생부교과,지역균형,2.3,2.37
2026,인하대학교,신소재공학과,학생부교과,지역균형,1.94,2
2026,인하대학교,에너지자원공학과,학생부교과,지역균형,2.36,2.36
2026,인하대학교,인공지능공학과,학생부교과,지역균형,2.08,2.09
2026,인하대학교,전기전자공학부,학생부교과,지역균형,1.86,1.95
2026,인하대학교,조선해양공학과,학생부교과,지역균형,2.26,2.27
2026,인하대학교,컴퓨터공학과,학생부교과,지역균형,2.19,2.28
2026,인하대학교,통계학과,학생부교과,지역균형,2.24,2.24
2026,인하대학교,항공우주공학과,학생부교과,지역균형,1.9,1.92
2026,인하대학교,해양과학과,학생부교과,지역균형,2.08,2.08
2026,인하대학교,화학공학과,학생부교과,지역균형,2,2
2026,인하대학교,화학과,학생부교과,지역균형,2.01,2.01
2026,인하대학교,환경공학과,학생부교과,지역균형,2.13,2.18
2026,인하대학교,경영학과,논술,논술우수자,,4.59
2026,인하대학교,경제학과,논술,논술우수자,,4.43
2026,인하대학교,국어교육과,논술,논술우수자,,4.27
2026,인하대학교,국제통상학과,논술,논술우수자,,4.04
2026,인하대학교,파이낸스경영학과,논술,논술우수자,,4.53
2026,인하대학교,문화콘텐츠문화경영,논술,논술우수자,,4.82
2026,인하대학교,미디어커뮤니케이션,논술,논술우수자,,4.52
2026,인하대학교,사학과,논술,논술우수자,,4.74
2026,인하대학교,사회교육과,논술,논술우수자,,4.33
2026,인하대학교,사회복지학과,논술,논술우수자,,4.87
2026,인하대학교,아태물류학부,논술,논술우수자,,4.7
2026,인하대학교,영미유럽인문융합,논술,논술우수자,,4.92
2026,인하대학교,일본언어문화학과,논술,논술우수자,,4.5
2026,인하대학교,정치외교학과,논술,논술우수자,,4.52
2026,인하대학교,중국학과,논술,논술우수자,,4.11
2026,인하대학교,철학과,논술,논술우수자,,4.78
2026,인하대학교,한국어문학과,논술,논술우수자,,4.31
2026,인하대학교,행정학과,논술,논술우수자,,4.3
2026,인하대학교,경영학과,학생부종합,인하미래인재면접,2.64,2.7
2026,인하대학교,경제학과,학생부종합,인하미래인재면접,2.91,3.02
2026,인하대학교,교육학과,학생부종합,인하미래인재면접,2.67,2.67
2026,인하대학교,국어교육과,학생부종합,인하미래인재면접,2.44,2.51
2026,인하대학교,국제통상학과,학생부종합,인하미래인재면접,2.93,3.1
2026,인하대학교,파이낸스경영학과,학생부종합,인하미래인재면접,2.82,3.11
2026,인하대학교,문화콘텐츠문화경영,학생부종합,인하미래인재면접,2.87,3.23
2026,인하대학교,미디어커뮤니케이션,학생부종합,인하미래인재면접,2.67,2.76
2026,인하대학교,사학과,학생부종합,인하미래인재면접,2.94,2.96
2026,인하대학교,사회교육과,학생부종합,인하미래인재면접,2.43,2.48
2026,인하대학교,사회복지학과,학생부종합,인하미래인재면접,2.9,3.13
2026,인하대학교,소비자학과,학생부종합,인하미래인재면접,2.97,3.03
2026,인하대학교,아동심리학과,학생부종합,인하미래인재면접,2.93,2.94
2026,인하대학교,아태물류학부,학생부종합,인하미래인재면접,2.71,2.74
2026,인하대학교,영어교육과,학생부종합,인하미래인재면접,2.68,2.68
2026,인하대학교,영미유럽인문융합,학생부종합,인하미래인재면접,4.76,4.42
2026,인하대학교,의류디자인학과,학생부종합,인하미래인재면접,3.35,3.49
2026,인하대학교,일본언어문화학과,학생부종합,인하미래인재면접,3.14,3.48
2026,인하대학교,정치외교학과,학생부종합,인하미래인재면접,2.97,3.48
2026,인하대학교,중국학과,학생부종합,인하미래인재면접,4.17,4.98
2026,인하대학교,철학과,학생부종합,인하미래인재면접,2.63,2.78
2026,인하대학교,한국어문학과,학생부종합,인하미래인재면접,2.91,3.3
2026,인하대학교,행정학과,학생부종합,인하미래인재면접,2.85,3.01
2026,인하대학교,간호학과,학생부종합,인하미래인재면접,2.2,2.29
2026,인하대학교,건축학부,학생부종합,인하미래인재면접,2.89,3.01
2026,인하대학교,고분자공학과,학생부종합,인하미래인재면접,2.77,2.96
2026,인하대학교,공간정보공학과,학생부종합,인하미래인재면접,3.23,3.33
2026,인하대학교,기계공학과,학생부종합,인하미래인재면접,2.55,2.71
2026,인하대학교,데이터사이언스,학생부종합,인하미래인재면접,3.31,3.05
2026,인하대학교,디자인테크놀로지,학생부종합,인하미래인재면접,3.02,3.39
2026,인하대학교,물리학과,학생부종합,인하미래인재면접,2.99,3.2
2026,인하대학교,반도체시스템공학과,학생부종합,인하미래인재면접,2.53,2.74
2026,인하대학교,이차전지융합학과,학생부종합,인하미래인재면접,3.45,
2026,인하대학교,사회인프라공학과,학생부종합,인하미래인재면접,3.2,3.46
2026,인하대학교,산업경영공학과,학생부종합,인하미래인재면접,2.57,2.71
2026,인하대학교,생명공학과,학생부종합,인하미래인재면접,2.16,2.21
2026,인하대학교,생명과학과,학생부종합,인하미래인재면접,2.29,2.43
2026,인하대학교,첨단바이오의약과학,학생부종합,인하미래인재면접,2.54,
2026,인하대학교,수학과,학생부종합,인하미래인재면접,2.76,2.84
2026,인하대학교,수학교육과,학생부종합,인하미래인재면접,2.22,2.35
2026,인하대학교,스마트모빌리티공,학생부종합,인하미래인재면접,3.14,2.99
2026,인하대학교,식품영양학과,학생부종합,인하미래인재면접,2.57,2.81
2026,인하대학교,신소재공학과,학생부종합,인하미래인재면접,2.4,2.52
2026,인하대학교,에너지자원공학과,학생부종합,인하미래인재면접,2.75,2.99
2026,인하대학교,인공지능공학과,학생부종합,인하미래인재면접,2.84,2.92
2026,인하대학교,전기전자공학부,학생부종합,인하미래인재면접,2.54,2.82
2026,인하대학교,조선해양공학과,학생부종합,인하미래인재면접,3.13,3.25
2026,인하대학교,컴퓨터공학과,학생부종합,인하미래인재면접,2.56,2.68
2026,인하대학교,통계학과,학생부종합,인하미래인재면접,3.15,3.15
2026,인하대학교,항공우주공학과,학생부종합,인하미래인재면접,2.41,2.49
2026,인하대학교,해양과학과,학생부종합,인하미래인재면접,2.8,2.88
2026,인하대학교,화학공학과,학생부종합,인하미래인재면접,2.44,2.36
2026,인하대학교,화학과,학생부종합,인하미래인재면접,2.52,2.64
2026,인하대학교,환경공학과,학생부종합,인하미래인재면접,2.59,2.71
2026,인하대학교,경영학부,학생부종합,인하미래인재 서류형,,
2026,인하대학교,경제학과,학생부종합,인하미래인재 서류형,2.63,2.64
2026,인하대학교,국제통상학과,학생부종합,인하미래인재 서류형,2.62,2.63
2026,인하대학교,문화콘텐츠문화경영학과,학생부종합,인하미래인재 서류형,2.53,2.57
2026,인하대학교,미디어커뮤니케이션학과,학생부종합,인하미래인재 서류형,2.43,2.68
2026,인하대학교,사학과,학생부종합,인하미래인재 서류형,2.63,2.63
2026,인하대학교,소비자학과,학생부종합,인하미래인재 서류형,2.64,2.69
2026,인하대학교,아동심리학과,학생부종합,인하미래인재 서류형,2.66,2.87
2026,인하대학교,아태물류학부,학생부종합,인하미래인재 서류형,2.25,2.25
2026,인하대학교,영미유럽인문융합학부,학생부종합,인하미래인재 서류형,2.88,2.99
2026,인하대학교,의류디자인학과(일반),학생부종합,인하미래인재 서류형,2.6,2.74
2026,인하대학교,일본언어문화학과,학생부종합,인하미래인재 서류형,3.27,3.3
2026,인하대학교,정치외교학과,학생부종합,인하미래인재 서류형,2.67,2.77
2026,인하대학교,중국학과,학생부종합,인하미래인재 서류형,3.21,3.34
2026,인하대학교,철학과,학생부종합,인하미래인재 서류형,2.64,2.64
2026,인하대학교,한국어문학과,학생부종합,인하미래인재 서류형,2.55,2.73
2026,인하대학교,행정학과,학생부종합,인하미래인재 서류형,2.54,2.58
2026,인하대학교,건축학부,학생부종합,인하미래인재 서류형,2.66,2.7
2026,인하대학교,고분자공학과,학생부종합,인하미래인재 서류형,2.54,2.54
2026,인하대학교,기계공학과,학생부종합,인하미래인재 서류형,2.43,2.54
2026,인하대학교,데이터사이언스학과,학생부종합,인하미래인재 서류형,2.42,2.42
2026,인하대학교,디자인테크놀로지학과,학생부종합,인하미래인재 서류형,2.08,2.56
2026,인하대학교,물리학과,학생부종합,인하미래인재 서류형,2.5,2.61
2026,인하대학교,반도체시스템공학과,학생부종합,인하미래인재 서류형,2.39,2.56
2026,인하대학교,이차전지융합학과,학생부종합,인하미래인재 서류형,,
2026,인하대학교,사회인프라공학과,학생부종합,인하미래인재 서류형,2.86,2.93
2026,인하대학교,산업경영공학과,학생부종합,인하미래인재 서류형,2.51,2.54
2026,인하대학교,수학과,학생부종합,인하미래인재 서류형,2.58,2.59
2026,인하대학교,스마트모빌리티공학과,학생부종합,인하미래인재 서류형,2.73,2.73
2026,인하대학교,식품영양학과,학생부종합,인하미래인재 서류형,2.71,2.71
2026,인하대학교,신소재공학과,학생부종합,인하미래인재 서류형,2.31,2.41
2026,인하대학교,인공지능공학과,학생부종합,인하미래인재 서류형,2.95,2.59
2026,인하대학교,전기전자공학부,학생부종합,인하미래인재 서류형,2.17,2.28
2026,인하대학교,조선해양공학과,학생부종합,인하미래인재 서류형,2.53,2.82
2026,인하대학교,컴퓨터공학과,학생부종합,인하미래인재 서류형,2.39,2.48
2026,인하대학교,통계학과,학생부종합,인하미래인재 서류형,2.73,2.74
2026,인하대학교,항공우주공학과,학생부종합,인하미래인재 서류형,2.19,2.24
2026,인하대학교,해양과학과,학생부종합,인하미래인재 서류형,2.73,2.74
2026,인하대학교,화학공학과,학생부종합,인하미래인재 서류형,,
2026,인하대학교,화학과,학생부종합,인하미래인재 서류형,2.18,2.18
2026,인하대학교,환경공학과,학생부종합,인하미래인재 서류형,2.32,2.37
2026,인하대학교,간호학과,논술,논술우수자,,4.17
2026,인하대학교,건축학부,논술,논술우수자,,4.48
2026,인하대학교,고분자공학과,논술,논술우수자,,3.88
2026,인하대학교,공간정보공학과,논술,논술우수자,,4.49
2026,인하대학교,기계공학과,논술,논술우수자,,4.27
2026,인하대학교,데이터사이언스,논술,논술우수자,,3.98
2026,인하대학교,물리학과,논술,논술우수자,,4.39
2026,인하대학교,반도체시스템공학과,논술,논술우수자,,4.03
2026,인하대학교,이차전지융합학과,논술,논술우수자,,
2026,인하대학교,사회인프라공학과,논술,논술우수자,,5.04
2026,인하대학교,산업경영공학과,논술,논술우수자,,4.34
2026,인하대학교,생명공학과,논술,논술우수자,,3.82
2026,인하대학교,생명과학과,논술,논술우수자,,
2026,인하대학교,수학과,논술,논술우수자,,4.44
2026,인하대학교,수학교육과,논술,논술우수자,,4.72
2026,인하대학교,스마트모빌리티공,논술,논술우수자,,4.57
2026,인하대학교,식품영양학과,논술,논술우수자,,4.9
2026,인하대학교,신소재공학과,논술,논술우수자,,3.91
2026,인하대학교,에너지자원공학과,논술,논술우수자,,4
2026,인하대학교,인공지능공학과,논술,논술우수자,,3.89
2026,인하대학교,전기전자공학부,논술,논술우수자,,3.86
2026,인하대학교,조선해양공학과,논술,논술우수자,,4.6
2026,인하대학교,컴퓨터공학과,논술,논술우수자,,3.67
2026,인하대학교,통계학과,논술,논술우수자,,4.35
2026,인하대학교,항공우주공학과,논술,논술우수자,,4.48
2026,인하대학교,해양과학과,논술,논술우수자,,4.01
2026,인하대학교,화학공학과,논술,논술우수자,,4.09
2026,인하대학교,화학과,논술,논술우수자,,4.02
2026,인하대학교,환경공학과,논술,논술우수자,,4.17
2026,광운대학교,경영학부,학생부교과,지역균형,2.42,2.26
2026,광운대학교,빅데이터경영전공,학생부교과,지역균형,2.47,2.52
2026,광운대학교,국어국문학과,학생부교과,지역균형,2.33,2.39
2026,광운대학교,국제통상학부,학생부교과,지역균형,2.25,2.28
2026,광운대학교,국제학부,학생부교과,지역균형,2.2,2.2
2026,광운대학교,동북아문화산업학부,학생부교과,지역균형,2.29,2.39
2026,광운대학교,미디어커뮤니케이션,학생부교과,지역균형,2.37,2.47
2026,광운대학교,법학부,학생부교과,지역균형,2.2,2.23
2026,광운대학교,산업심리학과,학생부교과,지역균형,2.1,2.15
2026,광운대학교,영어산업학과,학생부교과,지역균형,2.26,2.3
2026,광운대학교,행정학과,학생부교과,지역균형,2.28,2.36
2026,광운대학교,AI로봇전공,학생부교과,지역균형,1.95,2.11
2026,광운대학교,건축공학과,학생부교과,지역균형,1.7,2.02
2026,광운대학교,건축학과(5년제),학생부교과,지역균형,2.13,2.77
2026,광운대학교,반도체시스템공학부,학생부교과,지역균형,1.77,1.91
2026,광운대학교,소프트웨어학부,학생부교과,지역균형,2.3,2.67
2026,광운대학교,수학과,학생부교과,지역균형,2.22,2.3
2026,광운대학교,전기공학과,학생부교과,지역균형,2.03,2.06
2026,광운대학교,전자공학과,학생부교과,지역균형,1.99,2.43
2026,광운대학교,전자바이오물리학과,학생부교과,지역균형,2.05,2.27
2026,광운대학교,전자융합공학과,학생부교과,지역균형,1.91,1.98
2026,광운대학교,전자재료공학과,학생부교과,지역균형,1.93,2.23
2026,광운대학교,전자통신공학과,학생부교과,지역균형,2.16,2.26
2026,광운대학교,정보융합학부,학생부교과,지역균형,2.06,2.1
2026,광운대학교,컴퓨터정보공학부,학생부교과,지역균형,2.01,2.09
2026,광운대학교,화학공학과,학생부교과,지역균형,1.68,1.82
2026,광운대학교,화학과,학생부교과,지역균형,1.86,2.06
2026,광운대학교,환경공학과,학생부교과,지역균형,2.31,2.72
2026,광운대학교,경영학부,논술,논술우수자,3.57,4.04
2026,광운대학교,빅데이터경영전공,논술,논술우수자,5.34,4.04
2026,광운대학교,국어국문학과,논술,논술우수자,4.15,5.55
2026,광운대학교,국제통상학부,논술,논술우수자,4.25,5.15
2026,광운대학교,국제학부,논술,논술우수자,5.13,5.18
2026,광운대학교,동북아문화산업학부,논술,논술우수자,4.13,3.99
2026,광운대학교,미디어커뮤니케이션,논술,논술우수자,4.29,4.62
2026,광운대학교,법학부,논술,논술우수자,4.87,4.56
2026,광운대학교,산업심리학과,논술,논술우수자,5.09,3.66
2026,광운대학교,영어산업학과,논술,논술우수자,4.49,4.82
2026,광운대학교,행정학과,논술,논술우수자,5.47,4.32
2026,광운대학교,AI로봇전공,논술,논술우수자,3.72,4.97
2026,광운대학교,건축공학과,논술,논술우수자,3.33,3.84
2026,광운대학교,건축학과(5년제),논술,논술우수자,4.64,4.45
2026,광운대학교,반도체시스템공학부,논술,논술우수자,3.54,4.96
2026,광운대학교,소프트웨어학부,논술,논술우수자,3.75,4.91
2026,광운대학교,수학과,논술,논술우수자,3.84,4.71
2026,광운대학교,전기공학과,논술,논술우수자,4.71,4.41
2026,광운대학교,전자공학과,논술,논술우수자,3.91,5.06
2026,광운대학교,전자바이오물리학과,논술,논술우수자,5.09,6.34
2026,광운대학교,전자융합공학과,논술,논술우수자,3.9,5.05
2026,광운대학교,전자재료공학과,논술,논술우수자,4.62,3.87
2026,광운대학교,전자통신공학과,논술,논술우수자,3.54,4.73
2026,광운대학교,정보융합학부,논술,논술우수자,3.96,5.72
2026,광운대학교,컴퓨터정보공학부,논술,논술우수자,4.18,5.88
2026,광운대학교,화학공학과,논술,논술우수자,3.35,4.44
2026,광운대학교,화학과,논술,논술우수자,3.89,4.57
2026,광운대학교,환경공학과,논술,논술우수자,4.33,4.36
2026,광운대학교,경영학부,학생부종합,광운참빛인재I(면접),3.21,3.09
2026,광운대학교,빅데이터경영전공,학생부종합,광운참빛인재I(면접),3.1,3.09
2026,광운대학교,국어국문학과,학생부종합,광운참빛인재I(면접),3.11,4.82
2026,광운대학교,국제통상학부,학생부종합,광운참빛인재I(면접),2.69,3.39
2026,광운대학교,국제학부,학생부종합,광운참빛인재I(면접),3.36,5.52
2026,광운대학교,동북아문화산업학부,학생부종합,광운참빛인재I(면접),4.14,4.92
2026,광운대학교,미디어커뮤니케이션,학생부종합,광운참빛인재I(면접),2.97,2.77
2026,광운대학교,법학부,학생부종합,광운참빛인재I(면접),3,4.5
2026,광운대학교,산업심리학과,학생부종합,광운참빛인재I(면접),2.93,3.31
2026,광운대학교,영어산업학과,학생부종합,광운참빛인재I(면접),2.85,3.26
2026,광운대학교,행정학과,학생부종합,광운참빛인재I(면접),2.81,3.07
2026,광운대학교,AI로봇전공,학생부종합,광운참빛인재I(면접),2.72,3.01
2026,광운대학교,건축공학과,학생부종합,광운참빛인재I(면접),3.46,3.6
2026,광운대학교,건축학과(5년제),학생부종합,광운참빛인재I(면접),3.2,3.16
2026,광운대학교,반도체시스템공학부,학생부종합,광운참빛인재I(면접),2.76,3
2026,광운대학교,소프트웨어학부,학생부종합,광운참빛인재I(면접),3.54,3.23
2026,광운대학교,수학과,학생부종합,광운참빛인재I(면접),3,3.62
2026,광운대학교,전기공학과,학생부종합,광운참빛인재I(면접),2.79,3.9
2026,광운대학교,전자공학과,학생부종합,광운참빛인재I(면접),2.57,3.69
2026,광운대학교,전자바이오물리학과,학생부종합,광운참빛인재I(면접),2.82,3.52
2026,광운대학교,전자융합공학과,학생부종합,광운참빛인재I(면접),2.85,3.64
2026,광운대학교,전자재료공학과,학생부종합,광운참빛인재I(면접),2.77,5.64
2026,광운대학교,전자통신공학과,학생부종합,광운참빛인재I(면접),2.68,3.18
2026,광운대학교,정보융합학부,학생부종합,광운참빛인재I(면접),2.68,3.23
2026,광운대학교,컴퓨터정보공학부,학생부종합,광운참빛인재I(면접),2.78,2.87
2026,광운대학교,화학공학과,학생부종합,광운참빛인재I(면접),2.57,2.98
2026,광운대학교,화학과,학생부종합,광운참빛인재I(면접),2.61,2.98
2026,광운대학교,환경공학과,학생부종합,광운참빛인재I(면접),2.69,3.15
2026,광운대학교,경영학부,학생부종합,광운참빛인재II(서류),3.06,3.42
2026,광운대학교,빅데이터경영전공,학생부종합,광운참빛인재II(서류),3.51,3.24
2026,광운대학교,국어국문학과,학생부종합,광운참빛인재II(서류),3.17,3.32
2026,광운대학교,국제통상학부,학생부종합,광운참빛인재II(서류),2.64,3.94
2026,광운대학교,국제학부,학생부종합,광운참빛인재II(서류),2.96,4.6
2026,광운대학교,동북아문화산업학부,학생부종합,광운참빛인재II(서류),2.89,4.49
2026,광운대학교,미디어커뮤니케이션,학생부종합,광운참빛인재II(서류),2.84,2.95
2026,광운대학교,법학부,학생부종합,광운참빛인재II(서류),2.6,4.3
2026,광운대학교,산업심리학과,학생부종합,광운참빛인재II(서류),2.63,3.1
2026,광운대학교,영어산업학과,학생부종합,광운참빛인재II(서류),3.02,4.19
2026,광운대학교,행정학과,학생부종합,광운참빛인재II(서류),2.57,2.98
2026,광운대학교,AI로봇전공,학생부종합,광운참빛인재II(서류),2.52,2.72
2026,광운대학교,건축공학과,학생부종합,광운참빛인재II(서류),2.63,3.07
2026,광운대학교,건축학과(5년제),학생부종합,광운참빛인재II(서류),3.37,3.4
2026,광운대학교,반도체시스템공학부,학생부종합,광운참빛인재II(서류),2.54,3.25
2026,광운대학교,소프트웨어학부,학생부종합,광운참빛인재II(서류),2.38,3.54
2026,광운대학교,수학과,학생부종합,광운참빛인재II(서류),2.78,3.88
2026,광운대학교,전기공학과,학생부종합,광운참빛인재II(서류),2.45,2.81
2026,광운대학교,전자공학과,학생부종합,광운참빛인재II(서류),2.13,2.4
2026,광운대학교,전자바이오물리학과,학생부종합,광운참빛인재II(서류),2.5,3.27
2026,광운대학교,전자융합공학과,학생부종합,광운참빛인재II(서류),2.4,2.6
2026,광운대학교,전자재료공학과,학생부종합,광운참빛인재II(서류),2.37,2.71
2026,광운대학교,전자통신공학과,학생부종합,광운참빛인재II(서류),2.67,3.11
2026,광운대학교,정보융합학부,학생부종합,광운참빛인재II(서류),2.56,2.68
2026,광운대학교,컴퓨터정보공학부,학생부종합,광운참빛인재II(서류),2.41,2.78
2026,광운대학교,화학공학과,학생부종합,광운참빛인재II(서류),2.22,3.77
2026,광운대학교,화학과,학생부종합,광운참빛인재II(서류),2.54,2.77
2026,광운대학교,환경공학과,학생부종합,광운참빛인재II(서류),2.94,2.99
2026,광운대학교,AI로봇전공,학생부종합,소프트웨어우수인재,2.95,4.78
2026,광운대학교,소프트웨어학부,학생부종합,소프트웨어우수인재,2.97,5.64
2026,광운대학교,정보융합학부,학생부종합,소프트웨어우수인재,3.07,7.09
2026,광운대학교,컴퓨터정보공학부,학생부종합,소프트웨어우수인재,2.89,4.48
2026,성신여자대학교,간호학과(통합),학생부교과,지역균형,1.98,1.98
2026,성신여자대학교,창의융합학부,학생부교과,지역균형,2.33,2.33
2026,성신여자대학교,경영학,학생부교과,지역균형,1.98,1.98
2026,성신여자대학교,경제학과,학생부교과,지역균형,1.98,1.98
2026,성신여자대학교,교육학과,학생부교과,지역균형,2.06,2.06
2026,성신여자대학교,국어국문학과,학생부교과,지역균형,1.98,1.98
2026,성신여자대학교,독일어문·문화학과,학생부교과,지역균형,1.98,1.98
2026,성신여자대학교,문화예술경영학과,학생부교과,지역균형,1.98,1.98
2026,성신여자대학교,미디어커뮤니케이션학과,학생부교과,지역균형,1.98,1.98
2026,성신여자대학교,법학부,학생부교과,지역균형,1.98,1.98
2026,성신여자대학교,사학과,학생부교과,지역균형,1.98,1.98
2026,성신여자대학교,사회교육과,학생부교과,지역균형,2.32,2.32
2026,성신여자대학교,사회복지학과,학생부교과,지역균형,1.98,1.98
2026,성신여자대학교,소비자산업학과,학생부교과,지역균형,1.98,1.98
2026,성신여자대학교,심리학과,학생부교과,지역균형,1.98,1.98
2026,성신여자대학교,영어영문학과,학생부교과,지역균형,1.98,1.98
2026,성신여자대학교,유아교육과,학생부교과,지역균형,2.37,2.39
2026,성신여자대학교,윤리교육과,학생부교과,지역균형,2,2
2026,성신여자대학교,의류산업학과,학생부교과,지역균형,1.98,1.98
2026,성신여자대학교,일본어문·문화학과,학생부교과,지역균형,1.98,1.98
2026,성신여자대학교,정치외교학과,학생부교과,지역균형,1.98,1.98
2026,성신여자대학교,중국어문·문화학과,학생부교과,지역균형,1.98,1.98
2026,성신여자대학교,지리학과,학생부교과,지역균형,1.98,1.98
2026,성신여자대학교,프랑스어문·문화학과,학생부교과,지역균형,1.98,1.98
2026,성신여자대학교,한문교육과,학생부교과,지역균형,2.35,2.35
2026,성신여자대학교,AI융합학부,학생부교과,지역균형,1.98,1.98
2026,성신여자대학교,창의융합(첨단분야 전공),학생부교과,지역균형,2.33,2.33
2026,성신여자대학교,바이오생명공학과,학생부교과,지역균형,1.98,1.98
2026,성신여자대학교,바이오식품공학과,학생부교과,지역균형,1.98,1.98
2026,성신여자대학교,바이오신약의과학부,학생부교과,지역균형,1.98,1.98
2026,성신여자대학교,바이오헬스융합학부,학생부교과,지역균형,1.98,1.98
2026,성신여자대학교,서비스·디자인공학과,학생부교과,지역균형,1.98,1.98
2026,성신여자대학교,수학/핀테크전공,학생부교과,지역균형,1.98,1.98
2026,성신여자대학교,융합보안공학과,학생부교과,지역균형,1.98,1.98
2026,성신여자대학교,청정신소재공학과,학생부교과,지역균형,1.98,1.98
2026,성신여자대학교,컴퓨터공학과,학생부교과,지역균형,1.98,1.98
2026,성신여자대학교,통계학/빅데이터사이언스,학생부교과,지역균형,1.98,1.98
2026,성신여자대학교,화학·에너지융합학부,학생부교과,지역균형,1.98,1.98
2026,성신여자대학교,경영학,학생부종합,자기주도인재,3.04,3.04
2026,성신여자대학교,경제학과,학생부종합,자기주도인재,2.97,3.04
2026,성신여자대학교,교육학과,학생부종합,자기주도인재,2.79,2.97
2026,성신여자대학교,국어국문학과,학생부종합,자기주도인재,2.85,2.93
2026,성신여자대학교,독일어문·문화학과,학생부종합,자기주도인재,4.58,4.64
2026,성신여자대학교,문화예술경영학과,학생부종합,자기주도인재,2.98,3.38
2026,성신여자대학교,미디어커뮤니케이션학과,학생부종합,자기주도인재,2.73,2.79
2026,성신여자대학교,법학부,학생부종합,자기주도인재,2.98,3.12
2026,성신여자대학교,뷰티산업학과,학생부종합,자기주도인재,3.21,3.43
2026,성신여자대학교,사학과,학생부종합,자기주도인재,2.98,3.21
2026,성신여자대학교,사회교육과,학생부종합,자기주도인재,2.88,3.11
2026,성신여자대학교,사회복지학과,학생부종합,자기주도인재,3.14,3.25
2026,성신여자대학교,소비자산업학과,학생부종합,자기주도인재,3.04,3.16
2026,성신여자대학교,심리학과,학생부종합,자기주도인재,2.86,2.93
2026,성신여자대학교,영어영문학과,학생부종합,자기주도인재,3.28,4.57
2026,성신여자대학교,유아교육과,학생부종합,자기주도인재,2.98,3.18
2026,성신여자대학교,윤리교육과,학생부종합,자기주도인재,2.95,3.17
2026,성신여자대학교,의류산업학과,학생부종합,자기주도인재,2.93,2.98
2026,성신여자대학교,일본어문·문화학과,학생부종합,자기주도인재,3.52,3.76
2026,성신여자대학교,정치외교학과,학생부종합,자기주도인재,2.66,2.85
2026,성신여자대학교,중국어문·문화학과,학생부종합,자기주도인재,4.33,4.52
2026,성신여자대학교,지리학과,학생부종합,자기주도인재,2.81,2.99
2026,성신여자대학교,프랑스어문·문화학과,학생부종합,자기주도인재,3.41,3.69
2026,성신여자대학교,한문교육과,학생부종합,자기주도인재,2.96,3.04
2026,성신여자대학교,AI융합학부,학생부종합,자기주도인재,3.36,3.58
2026,성신여자대학교,간호학과,학생부종합,자기주도인재,2.41,2.5
2026,성신여자대학교,바이오생명공학과,학생부종합,자기주도인재,2.96,2.96
2026,성신여자대학교,바이오식품공학과,학생부종합,자기주도인재,2.73,2.84
2026,성신여자대학교,바이오신약의과학부,학생부종합,자기주도인재,2.65,2.77
2026,성신여자대학교,바이오헬스융합학부,학생부종합,자기주도인재,2.97,3.17
2026,성신여자대학교,서비스·디자인공학과,학생부종합,자기주도인재,3.29,3.5
2026,성신여자대학교,수학/핀테크전공,학생부종합,자기주도인재,3.48,3.57
2026,성신여자대학교,융합보안공학과,학생부종합,자기주도인재,3.47,3.59
2026,성신여자대학교,청정신소재공학과,학생부종합,자기주도인재,2.99,3.06
2026,성신여자대학교,컴퓨터공학과,학생부종합,자기주도인재,3.2,3.32
2026,성신여자대학교,통계학/빅데이터사이언스,학생부종합,자기주도인재,3.07,3.31
2026,성신여자대학교,화학·에너지융합학부,학생부종합,자기주도인재,2.75,3.01
2026,성신여자대학교,경영학,학생부종합,학교생활우수,4.57,4.57
2026,성신여자대학교,간호학과,학생부종합,학교생활우수자,2.5,4.57
2026,성신여자대학교,바이오생명공학과,학생부종합,학교생활우수자,4.57,4.57
2026,성신여자대학교,간호학과(인문),논술,논술우수자,,3.45
2026,성신여자대학교,경영학,논술,논술우수자,,3.11
2026,성신여자대학교,경제학과,논술,논술우수자,,3.69
2026,성신여자대학교,국어국문학과,논술,논술우수자,,3.72
2026,성신여자대학교,독일어문·문화학과,논술,논술우수자,,3.64
2026,성신여자대학교,문화예술경영학과,논술,논술우수자,,3.68
2026,성신여자대학교,미디어커뮤니케이션,논술,논술우수자,,3.4
2026,성신여자대학교,법학부,논술,논술우수자,,3.81
2026,성신여자대학교,사학과,논술,논술우수자,,3.72
2026,성신여자대학교,사회복지학과,논술,논술우수자,,3.98
2026,성신여자대학교,소비자산업,논술,논술우수자,,4.1
2026,성신여자대학교,심리학과,논술,논술우수자,,4.25
2026,성신여자대학교,영어영문학과,논술,논술우수자,,3.92
2026,성신여자대학교,의류산업학과,논술,논술우수자,,4.16
2026,성신여자대학교,일본어문·문화학과,논술,논술우수자,,4.69
2026,성신여자대학교,정치외교학과,논술,논술우수자,,3.97
2026,성신여자대학교,중국어문·문화학과,논술,논술우수자,,4.27
2026,성신여자대학교,지리학과,논술,논술우수자,,3.89
2026,성신여자대학교,프랑스어문·문화학과,논술,논술우수자,,4.29
2026,성신여자대학교,AI융합학부,논술,논술우수자,,3.95
2026,성신여자대학교,간호학과(자연),논술,논술우수자,,3.45
2026,성신여자대학교,바이오식품공학과,논술,논술우수자,,3.72
2026,성신여자대학교,바이오신약의과학부,논술,논술우수자,,4.06
2026,성신여자대학교,바이오헬스융합학부,논술,논술우수자,,3.68
2026,성신여자대학교,서비스·디자인공학과,논술,논술우수자,,4.1
2026,성신여자대학교,수학/핀테크전공,논술,논술우수자,,3.86
2026,성신여자대학교,융합보안공학과,논술,논술우수자,,4.36
2026,성신여자대학교,청정신소재공학과,논술,논술우수자,,3.63
2026,성신여자대학교,컴퓨터공학과,논술,논술우수자,,3.23
2026,성신여자대학교,통계학/빅데이터사이언스,논술,논술우수자,,3.93
2026,성신여자대학교,화학·에너지융합학부,논술,논술우수자,,3.64
2026,단국대학교,퇴계혁신칼리지,학생부교과,지역균형선발,2.58,2.58
2026,단국대학교,경영학부,학생부교과,지역균형선발,2.41,2.41
2026,단국대학교,경제학과,학생부교과,지역균형선발,2.41,2.41
2026,단국대학교,국어국문학과,학생부교과,지역균형선발,2.33,2.39
2026,단국대학교,국제경영학과,학생부교과,지역균형선발,2.38,2.41
2026,단국대학교,도시계획·부동산,학생부교과,지역균형선발,2.58,2.58
2026,단국대학교,무역학과,학생부교과,지역균형선발,2.58,2.58
2026,단국대학교,미디어커뮤니케이션,학생부교과,지역균형선발,2.58,2.58
2026,단국대학교,법학과,학생부교과,지역균형선발,2.58,2.58
2026,단국대학교,사학과,학생부교과,지역균형선발,2.39,2.39
2026,단국대학교,상담학과,학생부교과,지역균형선발,2.58,2.58
2026,단국대학교,영미인문학과,학생부교과,지역균형선발,2.55,2.64
2026,단국대학교,정치외교학과,학생부교과,지역균형선발,2.58,2.58
2026,단국대학교,철학과,학생부교과,지역균형선발,2.24,2.24
2026,단국대학교,특수교육과,학생부교과,지역균형선발,2.36,2.36
2026,단국대학교,한문교육과,학생부교과,지역균형선발,2.54,2.54
2026,단국대학교,행정학과,학생부교과,지역균형선발,2.58,2.58
2026,단국대학교,사회계열광역,학생부교과,지역균형선발,2.43,2.43
2026,단국대학교,건축공학전공,학생부교과,지역균형선발,2.39,2.72
2026,단국대학교,건축학전공(5년제),학생부교과,지역균형선발,2.56,2.3
2026,단국대학교,고분자공학전공,학생부교과,지역균형선발,2.16,2.33
2026,단국대학교,과학교육과,학생부교과,지역균형선발,2.06,2.11
2026,단국대학교,기계공학과,학생부교과,지역균형선발,2.24,2.25
2026,단국대학교,사이버보안학과,학생부교과,지역균형선발,2.47,2.5
2026,단국대학교,소프트웨어학과,학생부교과,지역균형선발,2.3,2.3
2026,단국대학교,수학교육과,학생부교과,지역균형선발,2.18,2.4
2026,단국대학교,융합반도체공학과,학생부교과,지역균형선발,2.2,2.26
2026,단국대학교,전자전기공학과,학생부교과,지역균형선발,2.29,2.3
2026,단국대학교,모바일시스템공,학생부교과,지역균형선발,,
2026,단국대학교,컴퓨터공학과,학생부교과,지역균형선발,2.16,2.41
2026,단국대학교,인공지능학과,학생부교과,지역균형선발,2.44,2.51
2026,단국대학교,인프라건설(토목)공학과,학생부교과,지역균형선발,2.56,2.58
2026,단국대학교,통계데이터사이언스,학생부교과,지역균형선발,2.35,2.35
2026,단국대학교,융합소재공(파이버),학생부교과,지역균형선발,2.34,2.57
2026,단국대학교,화학공학과,학생부교과,지역균형선발,2.07,2.1
2026,단국대학교,퇴계혁신 인문,논술,논술우수자,4.02,4.75
2026,단국대학교,퇴계혁신 자연,논술,논술우수자,4.02,4.75
2026,단국대학교,경영학부,논술,논술우수자,4.4,4.34
2026,단국대학교,경제학과,논술,논술우수자,4.52,4.62
2026,단국대학교,국어국문학과,논술,논술우수자,4.02,4.75
2026,단국대학교,도시계획·부동산,논술,논술우수자,4.66,4.56
2026,단국대학교,무역학과,논술,논술우수자,4.34,4.31
2026,단국대학교,미디어커뮤니케이션,논술,논술우수자,4.31,4.2
2026,단국대학교,법학과,논술,논술우수자,4.1,3.94
2026,단국대학교,사학과,논술,논술우수자,4.17,4.71
2026,단국대학교,사회계열 광역,논술,논술우수자,4.51,
2026,단국대학교,상담학과,논술,논술우수자,4.68,4.54
2026,단국대학교,영미인문학과,논술,논술우수자,4.34,4.78
2026,단국대학교,정치외교학과,논술,논술우수자,4.5,4.24
2026,단국대학교,철학과,논술,논술우수자,4.81,4.36
2026,단국대학교,특수교육과,논술,논술우수자,4.51,5.16
2026,단국대학교,한문교육과,논술,논술우수자,4.35,4.11
2026,단국대학교,행정학과,논술,논술우수자,3.99,4.26
2026,단국대학교,건축공학전공,논술,논술우수자,4.33,4.65
2026,단국대학교,고분자공학전공,논술,논술우수자,4.02,4.75
2026,단국대학교,건축학전공(5년제),논술,논술우수자,4.33,4.65
2026,단국대학교,수학교육과,논술,논술우수자,3.78,4.3
2026,단국대학교,과학교육과,논술,논술우수자,3.43,4.52
2026,단국대학교,사이버보안학과,논술,논술우수자,4.19,3.93
2026,단국대학교,소프트웨어학과,논술,논술우수자,4.58,4.4
2026,단국대학교,컴퓨터공학과,논술,논술우수자,4.35,3.87
2026,단국대학교,인공지능학과,논술,논술우수자,,
2026,단국대학교,통계데이터사이언스,논술,논술우수자,4.33,4.28
2026,단국대학교,기계공학과,논술,논술우수자,4.02,4.75
2026,단국대학교,융합반도체공학과,논술,논술우수자,4.02,4.75
2026,단국대학교,전자전기공학과,논술,논술우수자,4.02,4.75
2026,단국대학교,인프라(토목)공학과,논술,논술우수자,4.02,4.75
2026,단국대학교,파이버융합소재공,논술,논술우수자,4.02,4.75
2026,단국대학교,화학공학과,논술,논술우수자,4.02,4.75
2026,단국대학교,공학계열 광역,논술,논술우수자,4.51,
2026,단국대학교,경영학부,학생부종합,DKU인재(면접형),2.86,2.94
2026,단국대학교,경제학과,학생부종합,DKU인재(면접형),2.65,2.87
2026,단국대학교,국어국문학과,학생부종합,DKU인재(면접형),2.79,2.82
2026,단국대학교,국제경영학과,학생부종합,DKU인재(면접형),3.09,3.11
2026,단국대학교,도시계획·부동산,학생부종합,DKU인재(면접형),3.13,3.06
2026,단국대학교,무역학과,학생부종합,DKU인재(면접형),3.51,4.77
2026,단국대학교,미디어커뮤니케이션,학생부종합,DKU인재(면접형),3.04,2.65
2026,단국대학교,법학과,학생부종합,DKU인재(면접형),2.81,2.86
2026,단국대학교,사학과,학생부종합,DKU인재(면접형),2.63,2.87
2026,단국대학교,상담학과,학생부종합,DKU인재(면접형),3.31,3.33
2026,단국대학교,영미인문학과,학생부종합,DKU인재(면접형),3.02,3.03
2026,단국대학교,정치외교학과,학생부종합,DKU인재(면접형),3.11,3.61
2026,단국대학교,철학과,학생부종합,DKU인재(면접형),2.85,2.85
2026,단국대학교,특수교육과,학생부종합,DKU인재(면접형),3.26,3.37
2026,단국대학교,한문교육과,학생부종합,DKU인재(면접형),3.19,3.19
2026,단국대학교,행정학과,학생부종합,DKU인재(면접형),3.66,3.87
2026,단국대학교,경영학부,학생부종합,DKU인재(서류형),2.66,2.78
2026,단국대학교,경제학과,학생부종합,DKU인재(서류형),2.63,2.75
2026,단국대학교,국어국문학과,학생부종합,DKU인재(서류형),2.5,2.77
2026,단국대학교,국제경영학과,학생부종합,DKU인재(서류형),2.98,3.03
2026,단국대학교,도시계획·부동산,학생부종합,DKU인재(서류형),2.94,2.71
2026,단국대학교,무역학과,학생부종합,DKU인재(서류형),2.77,2.92
2026,단국대학교,미디어커뮤니케이션,학생부종합,DKU인재(서류형),2.61,2.56
2026,단국대학교,법학과,학생부종합,DKU인재(서류형),2.55,2.67
2026,단국대학교,사학과,학생부종합,DKU인재(서류형),2.86,3.93
2026,단국대학교,상담학과,학생부종합,DKU인재(서류형),2.9,3.11
2026,단국대학교,영미인문학과,학생부종합,DKU인재(서류형),3.32,3.07
2026,단국대학교,정치외교학과,학생부종합,DKU인재(서류형),2.74,2.77
2026,단국대학교,철학과,학생부종합,DKU인재(서류형),3.14,3.08
2026,단국대학교,특수교육과,학생부종합,DKU인재(서류형),2.11,2.11
2026,단국대학교,한문교육과,학생부종합,DKU인재(서류형),2.86,2.86
2026,단국대학교,행정학과,학생부종합,DKU인재(서류형),2.68,2.74
2026,단국대학교,사회계열광역,학생부종합,DKU인재(서류형),2.94,
2026,단국대학교,인문계열광역,학생부종합,DKU인재(서류형),3.34,
2026,단국대학교,경영학부,학생부종합,창업인재,3.37,3.63
2026,단국대학교,건축공학전공,학생부종합,DKU인재(면접형),2.99,3.55
2026,단국대학교,건축학전공(5년제),학생부종합,DKU인재(면접형),3,3.5
2026,단국대학교,고분자공학전공,학생부종합,DKU인재(면접형),3.02,2.98
2026,단국대학교,과학교육과,학생부종합,DKU인재(면접형),2.72,2.72
2026,단국대학교,기계공학과,학생부종합,DKU인재(면접형),2.96,2.98
2026,단국대학교,수학교육과,학생부종합,DKU인재(면접형),2.32,2.33
2026,단국대학교,융합반도체공학과,학생부종합,DKU인재(면접형),3.12,3.43
2026,단국대학교,전자전기공학과,학생부종합,DKU인재(면접형),2.69,2.82
2026,단국대학교,모바일시스템공,학생부종합,DKU인재(면접형),,
2026,단국대학교,인프라건설(토목)공학과,학생부종합,DKU인재(면접형),3.51,3.31
2026,단국대학교,융합소재(파이버)공,학생부종합,DKU인재(면접형),3.41,3.08
2026,단국대학교,화학공학과,학생부종합,DKU인재(면접형),2.97,3.06
2026,단국대학교,건축공학전공,학생부종합,DKU인재(서류형),2.95,3.18
2026,단국대학교,건축학전공(5년제),학생부종합,DKU인재(서류형),2.79,2.73
2026,단국대학교,고분자공학전공,학생부종합,DKU인재(서류형),2.71,2.93
2026,단국대학교,과학교육과,학생부종합,DKU인재(서류형),2.47,2.78
2026,단국대학교,기계공학과,학생부종합,DKU인재(서류형),2.8,2.85
2026,단국대학교,사이버보안학과,학생부종합,DKU인재(서류형),3.34,
2026,단국대학교,소프트웨어학과,학생부종합,DKU인재(서류형),3.34,
2026,단국대학교,수학교육과,학생부종합,DKU인재(서류형),2.21,2.24
2026,단국대학교,융합반도체공학과,학생부종합,DKU인재(서류형),2.77,2.95
2026,단국대학교,전자전기공학과,학생부종합,DKU인재(서류형),2.6,2.84
2026,단국대학교,모바일시스템공,학생부종합,DKU인재(서류형),,
2026,단국대학교,컴퓨터공학과,학생부종합,DKU인재(서류형),3.34,
2026,단국대학교,인공지능학과,학생부종합,DKU인재(서류형),3.34,
2026,단국대학교,인프라(토목)공학과,학생부종합,DKU인재(서류형),3.33,3.31
2026,단국대학교,통계데이터사이언스,학생부종합,DKU인재(서류형),3.34,
2026,단국대학교,융합(파이버)소재공,학생부종합,DKU인재(서류형),2.93,2.99
2026,단국대학교,화학공학과,학생부종합,DKU인재(서류형),2.49,2.54
2026,단국대학교,공학계열광역,학생부종합,DKU인재(서류형),3.34,
2026,단국대학교,모바일시스템공,학생부종합,SW인재,3.16,3.32
2026,단국대학교,사이버보안학과,학생부종합,SW인재,3.16,3.32
2026,단국대학교,소프트웨어학과,학생부종합,SW인재,3.16,3.32
2026,단국대학교,컴퓨터공학과,학생부종합,SW인재,3.16,3.32
2026,단국대학교,통계데이터사이언스,학생부종합,SW인재,3.16,3.32
2026,단국대학교,SW융합계열광역,학생부종합,SW인재,3.16,3.32
2026,단국대학교,융합반도체공학,학생부종합,창업인재,4.36,4.36
2026,단국대학교,전자전기공학,학생부종합,창업인재,3.94,3.41
2026,가천대학교,경영학부,학생부교과,지역균형,5.14,4.48
2026,가천대학교,자유전공학부,학생부교과,지역균형,5.14,4.48
2026,가천대학교,경제학과,학생부교과,지역균형,5.14,4.48
2026,가천대학교,유아교육학과,학생부교과,지역균형,4.83,4.66
2026,가천대학교,간호학과,학생부교과,지역균형,4.39,4.1
2026,가천대학교,기계공학전공,학생부교과,지역균형,5.14,4.48
2026,가천대학교,물리치료학과,학생부교과,지역균형,3.78,3.65
2026,가천대학교,방사선학과,학생부교과,지역균형,4.13,4.08
2026,가천대학교,전자공학전공,학생부교과,지역균형,5.14,4.48
2026,가천대학교,치위생학과,학생부교과,지역균형,3.99,3.25
2026,가천대학교,자유전공학부,학생부교과,학생부우수자,2.76,2.76
2026,가천대학교,경영학부,학생부교과,학생부우수자,2.76,2.76
2026,가천대학교,경제학과,학생부교과,학생부우수자,2.8,2.8
2026,가천대학교,관광경영학과,학생부교과,학생부우수자,3,3
2026,가천대학교,미디어커뮤니케이션,학생부교과,학생부우수자,2.32,2.32
2026,가천대학교,법과대학(경찰행정),학생부교과,학생부우수자,2.84,2.73
2026,가천대학교,법학과,학생부교과,학생부우수자,2.76,2.76
2026,가천대학교,AI 인문대학,학생부교과,학생부우수자,3.06,2.89
2026,가천대학교,외국어계열,학생부교과,학생부우수자,2.76,2.76
2026,가천대학교,사회복지학과,학생부교과,학생부우수자,3.17,3.17
2026,가천대학교,심리학과,학생부교과,학생부우수자,2.35,2.35
2026,가천대학교,유아교육학과,학생부교과,학생부우수자,3.21,3.21
2026,가천대학교,응용통계학과,학생부교과,학생부우수자,2.73,2.73
2026,가천대학교,의료산업경영학과,학생부교과,학생부우수자,3.14,3.14
2026,가천대학교,패션산업학과,학생부교과,학생부우수자,3.09,3.09
2026,가천대학교,회계세무학전공,학생부교과,학생부우수자,2.9,2.9
2026,가천대학교,경영학부,학생부종합,가천바람개비,3.88,3.88
2026,가천대학교,경제학과,학생부종합,가천바람개비,3.51,3.83
2026,가천대학교,관광경영학과,학생부종합,가천바람개비,3.66,3.76
2026,가천대학교,미디어커뮤니케이션,학생부종합,가천바람개비,3.97,3.97
2026,가천대학교,법과대학(경찰행정),학생부종합,가천바람개비,3.8,3.23
2026,가천대학교,법학과,학생부종합,가천바람개비,3.88,3.88
2026,가천대학교,AI 인문대학,학생부종합,가천바람개비,3.78,3.95
2026,가천대학교,사회복지학과,학생부종합,가천바람개비,4.06,4.14
2026,가천대학교,심리학과,학생부종합,가천바람개비,3.18,3.28
2026,가천대학교,영미어문학과,학생부종합,가천바람개비,3.88,3.88
2026,가천대학교,유아교육학과,학생부종합,가천바람개비,3.51,3.79
2026,가천대학교,응용통계학과,학생부종합,가천바람개비,3.51,3.55
2026,가천대학교,의료산업경영학과,학생부종합,가천바람개비,3.85,3.87
2026,가천대학교,패션산업학과,학생부종합,가천바람개비,3.79,3.9
2026,가천대학교,회계세무학과,학생부종합,가천바람개비,3.52,3.53
2026,가천대학교,간호학과,학생부교과,학생부우수자,2.01,2.01
2026,가천대학교,건축학부,학생부교과,학생부우수자,3.3,3.3
2026,가천대학교,건축공학과,학생부교과,학생부우수자,,
2026,가천대학교,건설환경공학,학생부교과,학생부우수자,2.84,3.02
2026,가천대학교,금융 빅데이터 학과,학생부교과,학생부우수자,3.17,2.88
2026,가천대학교,기계공학전공,학생부교과,학생부우수자,2.93,2.89
2026,가천대학교,도시계획·조경학부,학생부교과,학생부우수자,3.51,3.51
2026,가천대학교,물리치료학과,학생부교과,학생부우수자,2.11,2.11
2026,가천대학교,반도체 물리학과,학생부교과,학생부우수자,3.02,3.02
2026,가천대학교,바이오나노학과,학생부교과,학생부우수자,3.16,3.16
2026,가천대학교,바이오로직스학과,학생부교과,학생부우수자,2.9,2.9
2026,가천대학교,반도체대(전자공학부),학생부교과,학생부우수자,3.04,2.7
2026,가천대학교,전자공학전공,학생부교과,학생부우수자,2.76,2.76
2026,가천대학교,방사선학과,학생부교과,학생부우수자,1.85,1.85
2026,가천대학교,생명과학과,학생부교과,학생부우수자,3.41,3.41
2026,가천대학교,스마트보안전공,학생부교과,학생부우수자,2.94,2.94
2026,가천대학교,스마트시티학과,학생부교과,학생부우수자,3.38,3.38
2026,가천대학교,스마트팩토리전공,학생부교과,학생부우수자,3.22,2.95
2026,가천대학교,시스템반도체전공,학생부교과,학생부우수자,3.44,3.44
2026,가천대학교,식품생명공학과,학생부교과,학생부우수자,2.68,2.68
2026,가천대학교,식품영양학과,학생부교과,학생부우수자,3.02,3.02
2026,가천대학교,신소재공학과,학생부교과,학생부우수자,3.2,3.2
2026,가천대학교,약학과,학생부교과,학생부우수자,1.13,1.13
2026,가천대학교,운동재활학과,학생부교과,학생부우수자,4,4
2026,가천대학교,의공학과,학생부교과,학생부우수자,3.83,3.83
2026,가천대학교,인공지능전공,학생부교과,학생부우수자,2.81,2.81
2026,가천대학교,전기공학과,학생부교과,학생부우수자,3.25,3.25
2026,가천대학교,치위생학과,학생부교과,학생부우수자,2.84,2.84
2026,가천대학교,컴퓨터공학전공,학생부교과,학생부우수자,2.74,2.74
2026,가천대학교,클라우드공학과,학생부교과,학생부우수자,3.25,3.25
2026,가천대학교,한의예과,학생부교과,학생부우수자,1.12,1.12
2026,가천대학교,화공생명배터리공,학생부교과,학생부우수자,2.77,2.77
2026,가천대학교,화학과,학생부교과,학생부우수자,2.74,2.74
2026,가천대학교,경영학부,논술,논술,,5.37
2026,가천대학교,경제학과,논술,논술,,4.93
2026,가천대학교,관광경영학과,논술,논술,,5.07
2026,가천대학교,미디어커뮤니케이션,논술,논술,,5.33
2026,가천대학교,법과대학(경찰행정),논술,논술,,4.91
2026,가천대학교,AI 인문대학,논술,논술,,4.84
2026,가천대학교,사회복지학과,논술,논술,,5
2026,가천대학교,심리학과,논술,논술,,4.82
2026,가천대학교,영미어문학과,논술,논술,,5.37
2026,가천대학교,유아교육학과,논술,논술,,5.03
2026,가천대학교,응용통계학과,논술,논술,,5.03
2026,가천대학교,의료산업경영학과,논술,논술,,4.85
2026,가천대학교,패션산업학과,논술,논술,,4.33
2026,가천대학교,회계세무학전공,논술,논술,,5.35
2026,가천대학교,간호학과,논술,논술,,4.26
2026,가천대학교,건축학부,논술,논술,,5.16
2026,가천대학교,건축공학과,논술,논술,,
2026,가천대학교,건설환경공학과,논술,논술,,4.73
2026,가천대학교,금융빅데이터학부,논술,논술,,4
2026,가천대학교,기계공학전공,논술,논술,,4.33
2026,가천대학교,도시계획·조경학부,논술,논술,,5.01
2026,가천대학교,물리치료학과,논술,논술,,4.75
2026,가천대학교,반도체물리학과,논술,논술,,5.47
2026,가천대학교,바이오나노학과,논술,논술,,4.24
2026,가천대학교,바이오로직스학과,논술,논술,,4.75
2026,가천대학교,반도체대(전자공),논술,논술,,4.63
2026,가천대학교,방사선학과,논술,논술,,4.62
2026,가천대학교,생명과학과,논술,논술,,4.36
2026,가천대학교,스마트보안전공,논술,논술,,5.22
2026,가천대학교,스마트시티학과,논술,논술,,5.64
2026,가천대학교,스마트팩토리전공,논술,논술,,4.89
2026,가천대학교,시스템반도체전공,논술,논술,,5.7
2026,가천대학교,식품생명공학과,논술,논술,,4.34
2026,가천대학교,식품영양학과,논술,논술,,4.88
2026,가천대학교,신소재공학과,논술,논술,,4.24
2026,가천대학교,약학과,논술,논술,,5.37
2026,가천대학교,운동재활학과,논술,논술,,4.66
2026,가천대학교,응급구조학과,논술,논술,,4.86
2026,가천대학교,의공학과,논술,논술,,5.5
2026,가천대학교,의예과,논술,논술,,3.31
2026,가천대학교,인공지능전공,논술,논술,,5.32
2026,가천대학교,전기공학과,논술,논술,,5.09
2026,가천대학교,치위생학과,논술,논술,,4.13
2026,가천대학교,컴퓨터공학전공,논술,논술,,5.25
2026,가천대학교,화공생명배터리공,논술,논술,,4.47
2026,가천대학교,화학과,논술,논술,,4.71
2026,가천대학교,클라우드공학과,논술,논술,,4.32
2026,가천대학교,바이오의료기기학과,학생부종합,조기취업형 계약,4.42,4.88
2026,가천대학교,게임영상학과,학생부종합,조기취업형 계약,5.37,
2026,가천대학교,미래자동차학과,학생부종합,조기취업형 계약,4.31,5.35
2026,가천대학교,반도체디스플레이전공,학생부종합,조기취업형 계약,5.78,
2026,가천대학교,반도체설계전공,학생부종합,조기취업형 계약,4.98,
2026,가천대학교,간호학과,학생부종합,가천바람개비,2.79,2.88
2026,가천대학교,건축학부,학생부종합,가천바람개비,3.55,3.94
2026,가천대학교,건축공학부,학생부종합,가천바람개비,3.94,3.94
2026,가천대학교,건설환경공학과,학생부종합,가천바람개비,3.63,3.78
2026,가천대학교,금융빅데이터학부,학생부종합,가천바람개비,4.02,3.86
2026,가천대학교,기계공학전공,학생부종합,가천바람개비,4.11,4.16
2026,가천대학교,도시계획·조경학부,학생부종합,가천바람개비,4.22,4.22
2026,가천대학교,물리치료학과,학생부종합,가천바람개비,3.31,3.48
2026,가천대학교,반도체물리학과,학생부종합,가천바람개비,4.31,4.34
2026,가천대학교,바이오나노학과,학생부종합,가천바람개비,3.01,3.15
2026,가천대학교,바이오로직스학과,학생부종합,가천바람개비,3.19,3.33
2026,가천대학교,반도체대(전자공),학생부종합,가천바람개비,3.7,3.69
2026,가천대학교,방사선학과,학생부종합,가천바람개비,3.05,3.05
2026,가천대학교,생명과학과,학생부종합,가천바람개비,2.85,3.71
2026,가천대학교,스마트보안전공,학생부종합,가천바람개비,4.75,4.75
2026,가천대학교,스마트시티학과,학생부종합,가천바람개비,4.17,4.23
2026,가천대학교,스마트팩토리전공,학생부종합,가천바람개비,4.05,4.06
2026,가천대학교,시스템반도체전공,학생부종합,가천바람개비,3.78,3.78
2026,가천대학교,식품생명공학과,학생부종합,가천바람개비,3.24,3.56
2026,가천대학교,식품영양학과,학생부종합,가천바람개비,3.62,3.86
2026,가천대학교,신소재공학과,학생부종합,가천바람개비,3.18,3.54
2026,가천대학교,운동재활학과,학생부종합,가천바람개비,3.71,3.92
2026,가천대학교,응급구조학과,학생부종합,가천바람개비,4.13,4.64
2026,가천대학교,의공학과,학생부종합,가천바람개비,3.51,3.61
2026,가천대학교,인공지능전공,학생부종합,가천바람개비,3.59,3.59
2026,가천대학교,전기공학과,학생부종합,가천바람개비,3.37,3.45
2026,가천대학교,치위생학과,학생부종합,가천바람개비,3.3,3.67
2026,가천대학교,컴퓨터공학전공,학생부종합,가천바람개비,3.81,3.81
2026,가천대학교,클라우드공학과,학생부종합,가천바람개비,3.58,3.58
2026,가천대학교,화공생명배터리공,학생부종합,가천바람개비,3.7,3.7
2026,가천대학교,화학과,학생부종합,가천바람개비,3.65,3.67
2026,가천대학교,한의예과,논술,논술,,3.31
2026,가천대학교,한의예과,학생부종합,가천의약학,2.54,2.54
2026,가천대학교,약학과,학생부종합,가천의약학,2.39,2.69
2026,명지대학교,경영정보학과,학생부교과,학교장추천,2.59,2.46
2026,명지대학교,경영학과,학생부교과,학교장추천,2.27,2.27
2026,명지대학교,경제학과,학생부교과,학교장추천,2.41,2.41
2026,명지대학교,국어국문학과,학생부교과,학교장추천,2.47,2.24
2026,명지대학교,국제통상학과,학생부교과,학교장추천,2.52,2.47
2026,명지대학교,디지털미디어학과,학생부교과,학교장추천,2.39,2.32
2026,명지대학교,문예창작학과,학생부교과,학교장추천,2.47,2.24
2026,명지대학교,문헌정보학과,학생부교과,학교장추천,2.17,2.17
2026,명지대학교,미술사학과,학생부교과,학교장추천,2.62,2.41
2026,명지대학교,사학과,학생부교과,학교장추천,2.47,2.24
2026,명지대학교,법학과,학생부교과,학교장추천,2.31,2.33
2026,명지대학교,아동학과,학생부교과,학교장추천,2.75,2.64
2026,명지대학교,아랍지역학과,학생부교과,학교장추천,2.86,2.39
2026,명지대학교,영어영문학과,학생부교과,학교장추천,2.63,2.63
2026,명지대학교,일어일문학과,학생부교과,학교장추천,2.66,2.52
2026,명지대학교,자율전공학부 인문,학생부교과,학교장추천,2.33,2.42
2026,명지대학교,정치외교학과,학생부교과,학교장추천,2.37,2.39
2026,명지대학교,중어중문학과,학생부교과,학교장추천,2.71,2.71
2026,명지대학교,청소년지도학과,학생부교과,학교장추천,2.73,2.73
2026,명지대학교,행정학과,학생부교과,학교장추천,2.23,2.42
2026,명지대학교,자율전공학부 자연,학생부교과,학교장추천,2.21,2.27
2026,명지대학교,응용통계학,학생부교과,학교장추천,2.63,2.63
2026,명지대학교,응용소프트웨어전공,학생부교과,학교장추천,2.36,2.81
2026,명지대학교,데이터사이언스,학생부교과,학교장추천,2.15,2.15
2026,명지대학교,디지털콘텐츠디자인학과,학생부교과,학교장추천,2,2.42
2026,명지대학교,건설환경공학과,학생부교과,학교장추천,2.93,2.67
2026,명지대학교,건축학전공,학생부교과,학교장추천,2.03,2.03
2026,명지대학교,공간디자인전공,학생부교과,학교장추천,2.8,2.8
2026,명지대학교,기계시스템공학부,학생부교과,학교장추천,2.46,2.68
2026,명지대학교,반도체공학과,학생부교과,학교장추천,3.3,2.28
2026,명지대학교,산업경영공학과,학생부교과,학교장추천,2.59,2.67
2026,명지대학교,스마트모빌리티공,학생부교과,학교장추천,2.57,2.57
2026,명지대학교,시스템생명과학,학생부교과,학교장추천,2.32,2.32
2026,명지대학교,식품영양학과,학생부교과,학교장추천,2.77,2.42
2026,명지대학교,신소재공학과,학생부교과,학교장추천,2.35,2.28
2026,명지대학교,융합에너지 전공,학생부교과,학교장추천,2.73,3.1
2026,명지대학교,인공지능전공,학생부교과,학교장추천,2.93,3.03
2026,명지대학교,전기전자공학부,학생부교과,학교장추천,2.36,3.25
2026,명지대학교,전통건축전공,학생부교과,학교장추천,2.7,3.04
2026,명지대학교,정보통신공학과,학생부교과,학교장추천,2.59,2.58
2026,명지대학교,컴퓨터공학과,학생부교과,학교장추천,2.41,2.36
2026,명지대학교,화학공학과,학생부교과,학교장추천,2.16,2
2026,명지대학교,화학나노학,학생부교과,학교장추천,3,2.29
2026,명지대학교,환경시스템공학과,학생부교과,학교장추천,2.53,2.45
2026,명지대학교,경영정보학과,학생부교과,교과면접,3,2.96
2026,명지대학교,경영학과,학생부교과,교과면접,2.06,2.61
2026,명지대학교,경제학과,학생부교과,교과면접,2.77,2.84
2026,명지대학교,국어국문학과,학생부교과,교과면접,2.87,2.87
2026,명지대학교,국제통상학과,학생부교과,교과면접,3.39,3
2026,명지대학교,디지털미디어학과,학생부교과,교과면접,2.5,2.26
2026,명지대학교,문헌정보학과,학생부교과,교과면접,2.87,2.67
2026,명지대학교,"미술사, 역사학과",학생부교과,교과면접,3,3.13
2026,명지대학교,사학과(합병),학생부교과,교과면접,2.87,2.87
2026,명지대학교,법학과,학생부교과,교과면접,2.79,2.84
2026,명지대학교,아동학과,학생부교과,교과면접,2.69,2.85
2026,명지대학교,아랍지역학과,학생부교과,교과면접,3,3
2026,명지대학교,영어영문학과,학생부교과,교과면접,3.27,2.86
2026,명지대학교,일어일문학과,학생부교과,교과면접,2.71,2.7
2026,명지대학교,정치외교학과,학생부교과,교과면접,2.79,2.81
2026,명지대학교,중어중문학과,학생부교과,교과면접,3.5,3.25
2026,명지대학교,청소년지도학과,학생부교과,교과면접,3.72,3
2026,명지대학교,행정학과,학생부교과,교과면접,2.61,2.7
2026,명지대학교,응용통계학,학생부교과,교과면접,2.96,3
2026,명지대학교,응용소프트웨어전공,학생부교과,교과면접,2.97,2.97
2026,명지대학교,데이터사이언스,학생부교과,교과면접,2.72,2.57
2026,명지대학교,디지털콘텐츠디자인학과,학생부교과,교과면접,2,2.42
2026,명지대학교,건설환경공학과,학생부교과,교과면접,2.63,2.63
2026,명지대학교,건축학전공,학생부교과,교과면접,2.61,2.73
2026,명지대학교,공간디자인전공,학생부교과,교과면접,1.37,2.96
2026,명지대학교,기계시스템공학부,학생부교과,교과면접,2.6,2.66
2026,명지대학교,반도체공학과,학생부교과,교과면접,2.95,2.97
2026,명지대학교,산업경영공학과,학생부교과,교과면접,2.63,2.77
2026,명지대학교,스마트모빌리티공,학생부교과,교과면접,3.08,2.94
2026,명지대학교,시스템생명과학,학생부교과,교과면접,2.51,2.51
2026,명지대학교,식품영양학과,학생부교과,교과면접,2.63,2.63
2026,명지대학교,신소재공학과,학생부교과,교과면접,2.63,2.63
2026,명지대학교,융합에너지 전공,학생부교과,교과면접,2.81,2.81
2026,명지대학교,인공지능전공,학생부교과,교과면접,2.64,2.69
2026,명지대학교,전기전자공학부,학생부교과,교과면접,2.94,2.45
2026,명지대학교,전통건축전공,학생부교과,교과면접,2.93,3.29
2026,명지대학교,정보통신공학과,학생부교과,교과면접,2.75,2.96
2026,명지대학교,컴퓨터공학과,학생부교과,교과면접,3.09,2.94
2026,명지대학교,화학공학과,학생부교과,교과면접,2.31,2.37
2026,명지대학교,화학나노학,학생부교과,교과면접,2.84,2.67
2026,명지대학교,환경시스템공학과,학생부교과,교과면접,2.66,2.77
2026,명지대학교,경영정보학과,학생부종합,명지인재면접,3.62,3.47
2026,명지대학교,경영학과,학생부종합,명지인재면접,3.51,3.47
2026,명지대학교,경제학과,학생부종합,명지인재면접,3.65,3.41
2026,명지대학교,국어국문학과,학생부종합,명지인재면접,3.23,3.19
2026,명지대학교,국제통상학과,학생부종합,명지인재면접,3.68,3.49
2026,명지대학교,디지털미디어학과,학생부종합,명지인재면접,3.32,3.1
2026,명지대학교,문헌정보학과,학생부종합,명지인재면접,3.69,3.63
2026,명지대학교,"미술사, 역사학과",학생부종합,명지인재면접,3.53,3.51
2026,명지대학교,문예창작학과,학생부종합,명지인재면접,3.65,4.3
2026,명지대학교,법학과,학생부종합,명지인재면접,3.41,4
2026,명지대학교,아동학과,학생부종합,명지인재면접,3.75,3.52
2026,명지대학교,아랍지역학과,학생부종합,명지인재면접,5.32,4.15
2026,명지대학교,영어영문학과,학생부종합,명지인재면접,5.29,5.12
2026,명지대학교,일어일문학과,학생부종합,명지인재면접,4.96,4.96
2026,명지대학교,정치외교학과,학생부종합,명지인재면접,5.86,5.85
2026,명지대학교,중어중문학과,학생부종합,명지인재면접,5.6,5.24
2026,명지대학교,청소년지도학과,학생부종합,명지인재면접,3.8,3.7
2026,명지대학교,행정학과,학생부종합,명지인재면접,3.94,3.87
2026,명지대학교,응용통계학,학생부종합,명지인재면접,3.58,3.57
2026,명지대학교,응용소프트웨어전공,학생부종합,명지인재면접,3.47,3.68
2026,명지대학교,데이터사이언스,학생부종합,명지인재면접,3.78,3.68
2026,명지대학교,디지털콘텐츠디자인학과,학생부종합,명지인재면접,3.7,3.95
2026,명지대학교,건설환경공학과,학생부종합,명지인재면접,3.96,3.93
2026,명지대학교,건축학전공,학생부종합,명지인재면접,3.3,3.28
2026,명지대학교,공간디자인전공,학생부종합,명지인재면접,3.88,3.77
2026,명지대학교,기계시스템공학부,학생부종합,명지인재면접,3.38,3.63
2026,명지대학교,반도체공학과,학생부종합,명지인재면접,3.51,3.48
2026,명지대학교,산업경영공학과,학생부종합,명지인재면접,3.61,3.92
2026,명지대학교,스마트모빌리티공,학생부종합,명지인재면접,4.02,3.88
2026,명지대학교,시스템생명과학,학생부종합,명지인재면접,3.23,3.18
2026,명지대학교,식품영양학과,학생부종합,명지인재면접,3.72,3.56
2026,명지대학교,신소재공학과,학생부종합,명지인재면접,3.71,3.49
2026,명지대학교,융합에너지 전공,학생부종합,명지인재면접,4.04,3.84
2026,명지대학교,인공지능전공,학생부종합,명지인재면접,3.41,3.44
2026,명지대학교,전기전자공학부,학생부종합,명지인재면접,3.61,3.56
2026,명지대학교,전통건축전공,학생부종합,명지인재면접,3.76,3.82
2026,명지대학교,정보통신공학과,학생부종합,명지인재면접,3.82,3.8
2026,명지대학교,컴퓨터공학과,학생부종합,명지인재면접,3.67,3.58
2026,명지대학교,화학공학과,학생부종합,명지인재면접,3.46,3.46
2026,명지대학교,화학나노학,학생부종합,명지인재면접,3.49,3.46
2026,명지대학교,환경시스템공학과,학생부종합,명지인재면접,3.68,3.62
2026,명지대학교,경영정보학과,학생부종합,명지인재서류,3.86,3.06
2026,명지대학교,경영학과,학생부종합,명지인재서류,3.04,3.04
2026,명지대학교,경제학과,학생부종합,명지인재서류,3.16,3.15
2026,명지대학교,국어국문학과,학생부종합,명지인재서류,3.38,3.19
2026,명지대학교,국제통상학과,학생부종합,명지인재서류,3.48,3.13
2026,명지대학교,디지털미디어학과,학생부종합,명지인재서류,2.98,2.91
2026,명지대학교,문헌정보학과,학생부종합,명지인재서류,3.73,3.29
2026,명지대학교,"미술사, 역사학과",학생부종합,명지인재서류,3.08,3.03
2026,명지대학교,사학과,학생부종합,명지인재서류,3.38,3.19
2026,명지대학교,법학과,학생부종합,명지인재서류,3.08,3.26
2026,명지대학교,아동학과,학생부종합,명지인재서류,3.98,3.29
2026,명지대학교,아랍지역학과,학생부종합,명지인재서류,3.94,3.74
2026,명지대학교,영어영문학과,학생부종합,명지인재서류,3.27,3.27
2026,명지대학교,일어일문학과,학생부종합,명지인재서류,5.15,4.97
2026,명지대학교,자율전공학부 인문,학생부종합,명지인재서류,2.99,3.11
2026,명지대학교,정치외교학과,학생부종합,명지인재서류,3.45,3.45
2026,명지대학교,중어중문학과,학생부종합,명지인재서류,5.58,5.53
2026,명지대학교,청소년지도학과,학생부종합,명지인재서류,3.38,3.19
2026,명지대학교,행정학과,학생부종합,명지인재서류,3.36,3.36
2026,명지대학교,자율전공학부 자연,학생부종합,명지인재서류,2.98,3.06
2026,명지대학교,응용통계학,학생부종합,명지인재서류,3.72,3.06
2026,명지대학교,응용소프트웨어전공,학생부종합,명지인재서류,3.63,3.77
2026,명지대학교,데이터사이언스,학생부종합,명지인재서류,3.16,3.14
2026,명지대학교,디지털콘텐츠디자인학과,학생부종합,명지인재서류,3.02,3.28
2026,명지대학교,건설환경공학과,학생부종합,명지인재서류,3.99,3.64
2026,명지대학교,건축학전공,학생부종합,명지인재서류,3.26,3.23
2026,명지대학교,공간디자인전공,학생부종합,명지인재서류,4.09,3.78
2026,명지대학교,기계시스템공학부,학생부종합,명지인재서류,3.26,3.33
2026,명지대학교,반도체공학과,학생부종합,명지인재서류,3.52,3.51
2026,명지대학교,산업경영공학과,학생부종합,명지인재서류,3.4,3.46
2026,명지대학교,스마트모빌리티공,학생부종합,명지인재서류,4.11,3.62
2026,명지대학교,시스템생명과학,학생부종합,명지인재서류,3.32,3.23
2026,명지대학교,식품영양학과,학생부종합,명지인재서류,3.32,3.01
2026,명지대학교,신소재공학과,학생부종합,명지인재서류,3.5,3.47
2026,명지대학교,융합에너지 전공,학생부종합,명지인재서류,3.78,3.31
2026,명지대학교,인공지능전공,학생부종합,명지인재서류,3.16,3.33
2026,명지대학교,전기전자공학부,학생부종합,명지인재서류,3.39,3.08
2026,명지대학교,전통건축전공,학생부종합,명지인재서류,3.89,4.04
2026,명지대학교,정보통신공학과,학생부종합,명지인재서류,3.48,3.44
2026,명지대학교,컴퓨터공학과,학생부종합,명지인재서류,3.31,3.27
2026,명지대학교,화학공학과,학생부종합,명지인재서류,3.05,2.94
2026,명지대학교,화학나노학,학생부종합,명지인재서류,3.19,2.79
2026,명지대학교,환경시스템공학과,학생부종합,명지인재서류,3.67,3.47
2026,한국항공대학교,항공경영대학,학생부교과,교과성적우수자,2.1,1.9
2026,한국항공대학교,AI자율주행시스템공,학생부교과,교과성적우수자,3,2.95
2026,한국항공대학교,스마트드론공학과,학생부교과,교과성적우수자,2.9,2.85
2026,한국항공대학교,공과대학,학생부교과,교과성적우수자,2.3,2.47
2026,한국항공대학교,자유전공(공학계열),학생부교과,교과성적우수자,2.5,2.47
2026,한국항공대학교,"자유전공(이학, 사회적성)",학생부교과,교과성적우수자,2.5,2.47
2026,한국항공대학교,자유전공(전계열),학생부교과,교과성적우수자,2.5,2.47
2026,한국항공대학교,AI융합대학,학생부교과,교과성적우수자,2.55,2.5
2026,한국항공대학교,항공운항학과,학생부교과,교과성적우수자,1.25,1.3
2026,한국항공대학교,AI자율주행시스템공,학생부교과,학교장추천,2.6,2.5
2026,한국항공대학교,스마트드론공학과,학생부교과,학교장추천,2.9,3.04
2026,한국항공대학교,공과대학,학생부교과,학교장추천,2.1,2.21
2026,한국항공대학교,자유전공(공학계열),학생부교과,학교장추천,2.3,2.73
2026,한국항공대학교,"자유전공(이학, 사회적성)",학생부교과,학교장추천,2.3,2.73
2026,한국항공대학교,AI융합대학,학생부교과,학교장추천,2.37,2.45
2026,한국항공대학교,항공경영대학,학생부교과,학교장추천,2.3,2.6
2026,한국항공대학교,항공운항학과,학생부교과,학교장추천,1.3,1.3
2026,한국항공대학교,항공경영대학 사회적성,논술,논술우수자,,
2026,한국항공대학교,AI자율주행시스템공,논술,논술우수자,,
2026,한국항공대학교,스마트드론공학과,논술,논술우수자,,
2026,한국항공대학교,공과대학,논술,논술우수자,,
2026,한국항공대학교,자유전공(공학계열),논술,논술우수자,,
2026,한국항공대학교,자유전공(이학적성),논술,논술우수자,,
2026,한국항공대학교,자유전공(사회적성),논술,논술우수자,,
2026,한국항공대학교,자유전공(전계열),논술,논술우수자,,
2026,한국항공대학교,AI융합대학,논술,논술우수자,,
2026,한국항공대학교,항공경영대학 이학적성,논술,논술우수자,,
2026,한국항공대학교,항공운항학과,논술,논술우수자,,
2026,한국항공대학교,항공경영대학 사회적성,학생부종합,미래인재,2.8,2.5
2026,한국항공대학교,AI자율주행시스템공,학생부종합,미래인재,3.4,3.54
2026,한국항공대학교,공과대학,학생부종합,미래인재,2.85,2.89
2026,한국항공대학교,AI융합대학,학생부종합,미래인재,2.85,3.7
2026,한국항공대학교,스마트드론공학과,학생부종합,미래인재,3.5,3.83
2026,한국항공대학교,항공경영대학 이학적성,학생부종합,미래인재,2.8,2.5
2026,한국항공대학교,항공운항학과,학생부종합,미래인재,1.8,2.15
2026,한양대학교(ERICA),경영학부,학생부교과,지역균형선발,2.91,4.18
2026,한양대학교(ERICA),경제학부,학생부교과,지역균형선발,2.89,2.96
2026,한양대학교(ERICA),광고홍보학과,학생부교과,지역균형선발,2.63,2.63
2026,한양대학교(ERICA),문화인류학과,학생부교과,지역균형선발,2.95,2.85
2026,한양대학교(ERICA),문화콘텐츠학과,학생부교과,지역균형선발,3.68,2.3
2026,한양대학교(ERICA),보험계리학과,학생부교과,지역균형선발,2.99,2.76
2026,한양대학교(ERICA),미디어,학생부교과,지역균형선발,2.66,2.76
2026,한양대학교(ERICA),글로벌문화통상,학생부교과,지역균형선발,2.95,2.89
2026,한양대학교(ERICA),한국언어문학과,학생부교과,지역균형선발,2.68,2.69
2026,한양대학교(ERICA),라이온스자율전공 인문사회,학생부교과,지역균형선발,2.68,2.69
2026,한양대학교(ERICA),라이온스 자율전공 전계열,학생부교과,지역균형선발,2.68,2.69
2026,한양대학교(ERICA),라이온스 자율전공 자연,학생부교과,지역균형선발,2.68,2.69
2026,한양대학교(ERICA),ICT융합학부,학생부교과,지역균형선발,2.7,2.66
2026,한양대학교(ERICA),건설환경공학과,학생부교과,지역균형선발,2.71,2.84
2026,한양대학교(ERICA),건축공학전공,학생부교과,지역균형선발,2.68,2.69
2026,한양대학교(ERICA),건축학전공,학생부교과,지역균형선발,2.68,2.69
2026,한양대학교(ERICA),교통·물류공학과,학생부교과,지역균형선발,2.77,2.9
2026,한양대학교(ERICA),기계공학과,학생부교과,지역균형선발,2.61,2.61
2026,한양대학교(ERICA),로봇공학과,학생부교과,지역균형선발,2.67,2.93
2026,한양대학교(ERICA),산업경영공학과,학생부교과,지역균형선발,2.74,2.67
2026,한양대학교(ERICA),바이오나노공,학생부교과,지역균형선발,2.68,2.69
2026,한양대학교(ERICA),수리데이터사이언스,학생부교과,지역균형선발,2.43,2.59
2026,한양대학교(ERICA),약학과,학생부교과,지역균형선발,1.1,1.14
2026,한양대학교(ERICA),지능정보양자,학생부교과,지역균형선발,2.92,2.8
2026,한양대학교(ERICA),분자의약전공,학생부교과,지역균형선발,2.68,2.69
2026,한양대학교(ERICA),인공지능학과,학생부교과,지역균형선발,2.73,2.59
2026,한양대학교(ERICA),배터리소재화학공학과,학생부교과,지역균형선발,2.28,2.39
2026,한양대학교(ERICA),전자공학부,학생부교과,지역균형선발,2.57,2.94
2026,한양대학교(ERICA),컴퓨터학부,학생부교과,지역균형선발,2.44,2.52
2026,한양대학교(ERICA),컴퓨터전공,학생부교과,지역균형선발,2.44,2.52
2026,한양대학교(ERICA),지능형클라우드,학생부교과,지역균형선발,2.68,2.69
2026,한양대학교(ERICA),차세대반도체융합공학부,학생부교과,지역균형선발,,
2026,한양대학교(ERICA),신소재반도체(차세대 반도체),학생부교과,지역균형선발,2.68,2.69
2026,한양대학교(ERICA),반도체디스플레이공학,학생부교과,지역균형선발,2.68,2.69
2026,한양대학교(ERICA),해양융합공학과,학생부교과,지역균형선발,2.86,2.74
2026,한양대학교(ERICA),에너지바이오학과,학생부교과,지역균형선발,2.71,2.27
2026,한양대학교(ERICA),바이오신약융합학부,학생부교과,지역균형선발,2.38,
2026,한양대학교(ERICA),라이온스 자율전공 전계열,학생부종합,학생부종합(면접),2.85,3.08
2026,한양대학교(ERICA),경영학부,학생부종합,학생부종합(서류),2.85,3.08
2026,한양대학교(ERICA),경제학부,학생부종합,학생부종합(서류),2.85,3.08
2026,한양대학교(ERICA),광고홍보학과,학생부종합,학생부종합(서류),2.85,3.08
2026,한양대학교(ERICA),문화인류학과,학생부종합,학생부종합(서류),2.85,3.08
2026,한양대학교(ERICA),문화콘텐츠학과,학생부종합,학생부종합(서류),2.85,3.08
2026,한양대학교(ERICA),보험계리학과,학생부종합,학생부종합(서류),2.85,3.08
2026,한양대학교(ERICA),미디어,학생부종합,학생부종합(서류),2.85,3.08
2026,한양대학교(ERICA),글로벌문화통상,학생부종합,학생부종합(서류),2.85,3.08
2026,한양대학교(ERICA),한국언어문학과,학생부종합,학생부종합(서류),2.85,3.08
2026,한양대학교(ERICA),라이온스자율전공 인문사회,학생부종합,학생부종합(서류),2.85,3.08
2026,한양대학교(ERICA),라이온스 자율전공 자연,학생부종합,학생부종합(서류),2.85,3.08
2026,한양대학교(ERICA),ICT융합학부,학생부종합,학생부종합(서류),2.85,3.08
2026,한양대학교(ERICA),건설환경공학과,학생부종합,학생부종합(서류),2.85,3.08
2026,한양대학교(ERICA),건축공학전공,학생부종합,학생부종합(서류),2.85,3.08
2026,한양대학교(ERICA),건축학전공,학생부종합,학생부종합(서류),2.85,3.08
2026,한양대학교(ERICA),교통·물류공학과,학생부종합,학생부종합(서류),2.85,3.08
2026,한양대학교(ERICA),기계공학과,학생부종합,학생부종합(서류),2.85,3.08
2026,한양대학교(ERICA),로봇공학과,학생부종합,학생부종합(서류),2.85,3.08
2026,한양대학교(ERICA),산업경영공학과,학생부종합,학생부종합(서류),2.85,3.08
2026,한양대학교(ERICA),바이오나노공,학생부종합,학생부종합(서류),2.85,3.08
2026,한양대학교(ERICA),수리데이터사이언스,학생부종합,학생부종합(서류),2.85,3.08
2026,한양대학교(ERICA),약학과,학생부종합,학생부종합(서류),2.85,3.08
2026,한양대학교(ERICA),지능정보양자,학생부종합,학생부종합(서류),2.85,3.08
2026,한양대학교(ERICA),분자의약전공,학생부종합,학생부종합(서류),2.85,3.08
2026,한양대학교(ERICA),인공지능학과,학생부종합,학생부종합(서류),2.85,3.08
2026,한양대학교(ERICA),배터리소재화학공학과,학생부종합,학생부종합(서류),2.85,3.08
2026,한양대학교(ERICA),전자공학부,학생부종합,학생부종합(서류),2.85,3.08
2026,한양대학교(ERICA),해양융합공학과,학생부종합,학생부종합(서류),2.85,3.08
2026,한양대학교(ERICA),에너지바이오학과,학생부종합,학생부종합(서류),2.85,3.08
2026,한양대학교(ERICA),컴퓨터학부,학생부종합,학생부종합(서류),2.85,3.08
2026,한양대학교(ERICA),컴퓨터전공,학생부종합,학생부종합(서류),2.85,3.08
2026,한양대학교(ERICA),지능형클라우드(컴퓨터학부),학생부종합,학생부종합(서류),2.85,3.08
2026,한양대학교(ERICA),차세대반도체융합공학부,학생부종합,학생부종합(서류),2.85,3.08
2026,한양대학교(ERICA),신소재반도체(차세대 반도체),학생부종합,학생부종합(서류),2.85,3.08
2026,한양대학교(ERICA),반도체디스플레이공학,학생부종합,학생부종합(서류),2.85,3.08
2026,한양대학교(ERICA),바이오신약융합학부,학생부종합,학생부종합(서류),2.85,3.08
2026,상명대학교,자유전공학부 인문 사회계열,학생부교과,고교추천,3.03,
2026,상명대학교,자유전공 경영경제,학생부교과,고교추천,3.03,
2026,상명대학교,자유전공 IT계열,학생부교과,고교추천,3.03,
2026,상명대학교,자유전공 이공계열,학생부교과,고교추천,2.55,2.64
2026,상명대학교,자유전공예체능계열,학생부교과,고교추천,2.71,2.94
2026,상명대학교,가족복지학과,학생부교과,고교추천,2.68,2.97
2026,상명대학교,경영학부,학생부교과,고교추천,2.59,2.79
2026,상명대학교,경제금융학부,학생부교과,고교추천,2.78,2.94
2026,상명대학교,공간환경학부,학생부교과,고교추천,2.52,2.67
2026,상명대학교,교육학과,학생부교과,고교추천,2.75,2.78
2026,상명대학교,국어교육과,학생부교과,고교추천,2.58,2.57
2026,상명대학교,글로벌경영학과,학생부교과,고교추천,2.64,2.7
2026,상명대학교,문헌정보학전공,학생부교과,고교추천,2.93,2.93
2026,상명대학교,역사콘텐츠전공,학생부교과,고교추천,2.73,2.73
2026,상명대학교,영어교육과,학생부교과,고교추천,2.44,2.49
2026,상명대학교,지적재산권전공,학생부교과,고교추천,2.95,2.95
2026,상명대학교,한일문화콘텐츠전공,학생부교과,고교추천,2.96,2.71
2026,상명대학교,행정학부,학생부교과,고교추천,2.75,2.75
2026,상명대학교,게임전공,학생부교과,고교추천,2.89,2.89
2026,상명대학교,생명공학전공,학생부교과,고교추천,2.5,2.5
2026,상명대학교,수학교육과,학생부교과,고교추천,2.25,2.38
2026,상명대학교,식품영양학전공,학생부교과,고교추천,2.9,2.9
2026,상명대학교,애니메이션전공,학생부교과,고교추천,2.49,2.49
2026,상명대학교,의류학전공,학생부교과,고교추천,2.52,2.89
2026,상명대학교,전기공학전공,학생부교과,고교추천,2.71,2.71
2026,상명대학교,컴퓨터과학전공,학생부교과,고교추천,3,3
2026,상명대학교,핀테크·빅데이터융합·스마트생산,학생부교과,고교추천,3.03,
2026,상명대학교,화공신소재전공,학생부교과,고교추천,2.46,2.46
2026,상명대학교,화학에너지공학전공,학생부교과,고교추천,2.58,2.58
2026,상명대학교,휴먼 AI공학전공,학생부교과,고교추천,2.93,2.98
2026,상명대학교,가족복지학과,학생부종합,상명인재,2.93,3.04
2026,상명대학교,경영학부,학생부종합,상명인재,2.97,3.02
2026,상명대학교,경제금융학부,학생부종합,상명인재,3.19,3.27
2026,상명대학교,공간환경학부,학생부종합,상명인재,3.2,3.23
2026,상명대학교,교육학과,학생부종합,상명인재,2.72,3.06
2026,상명대학교,국어교육과,학생부종합,상명인재,2.61,2.66
2026,상명대학교,글로벌경영학과,학생부종합,상명인재,3.07,3.11
2026,상명대학교,문헌정보학전공,학생부종합,상명인재,3.33,3.49
2026,상명대학교,역사콘텐츠전공,학생부종합,상명인재,3.11,3.09
2026,상명대학교,영어교육과,학생부종합,상명인재,2.61,2.71
2026,상명대학교,지적재산권전공,학생부종합,상명인재,3.39,3.35
2026,상명대학교,한일문화콘텐츠전공,학생부종합,상명인재,2.86,2.82
2026,상명대학교,행정학부,학생부종합,상명인재,3.2,3.35
2026,상명대학교,게임전공,학생부종합,상명인재,3.09,3.06
2026,상명대학교,생명공학전공,학생부종합,상명인재,2.81,2.73
2026,상명대학교,수학교육과,학생부종합,상명인재,2.82,2.82
2026,상명대학교,식품영양학전공,학생부종합,상명인재,3.29,3.27
2026,상명대학교,애니메이션전공,학생부종합,상명인재,2.45,1.98
2026,상명대학교,의류학전공,학생부종합,상명인재,3.05,3.38
2026,상명대학교,전기공학전공,학생부종합,상명인재,3.06,2.81
2026,상명대학교,컴퓨터과학전공,학생부종합,상명인재,3.08,3.15
2026,상명대학교,핀테크·빅데이터융합·스마트생산,학생부종합,상명인재,3.11,3.09
2026,상명대학교,화공신소재전공,학생부종합,상명인재,2.89,2.81
2026,상명대학교,화학에너지공학전공,학생부종합,상명인재,3.15,3.3
2026,상명대학교,휴먼지능정보공학전공,학생부종합,상명인재,3.31,3.27
2026,상명대학교,자유전공 인문사회,논술,논술전형,4.65,
2026,상명대학교,자유전공 경영경제,논술,논술전형,4.65,
2026,상명대학교,자유전공 IT계열,논술,논술전형,4.65,
2026,상명대학교,자유전공 이공계열,논술,논술전형,4.71,5.15
2026,상명대학교,가족복지학과,논술,논술전형,4.17,4.57
2026,상명대학교,경영학부,논술,논술전형,4.26,4.59
2026,상명대학교,경제금융학부,논술,논술전형,4.41,4.41
2026,상명대학교,공간환경학부,논술,논술전형,3.89,4.08
2026,상명대학교,교육학과,논술,논술전형,4.93,4.63
2026,상명대학교,국어교육과,논술,논술전형,4.21,4.9
2026,상명대학교,글로벌경영학과,논술,논술전형,4.61,4.61
2026,상명대학교,문헌정보학전공,논술,논술전형,4.74,
2026,상명대학교,역사콘텐츠전공,논술,논술전형,4.47,
2026,상명대학교,영어교육과,논술,논술전형,2.45,4.33
2026,상명대학교,지적재산권전공,논술,논술전형,5.37,
2026,상명대학교,한일문화콘텐츠전공,논술,논술전형,4.77,
2026,상명대학교,행정학부,논술,논술전형,4.24,4.24
2026,상명대학교,게임전공,논술,논술전형,4.89,
2026,상명대학교,생명공학전공,논술,논술전형,5.31,
2026,상명대학교,수학교육과,논술,논술전형,4.4,4.75
2026,상명대학교,식품영양학전공,논술,논술전형,4.62,
2026,상명대학교,애니메이션전공,논술,논술전형,4.48,
2026,상명대학교,의류학전공,논술,논술전형,4.7,
2026,상명대학교,전기공학전공,논술,논술전형,4.5,
2026,상명대학교,컴퓨터과학전공,논술,논술전형,4.63,
2026,상명대학교,핀테크·빅데이터융합·스마트생산,논술,논술전형,4.65,
2026,상명대학교,화공신소재전공,논술,논술전형,3.98,
2026,상명대학교,화학에너지공학전공,논술,논술전형,4.09,
2026,상명대학교,휴먼 AI공학전공,논술,논술전형,4.9,
2026,서울여자대학교,경영학과,학생부교과,교과우수자,2.75,2.77
2026,서울여자대학교,경제학과,학생부교과,교과우수자,2.86,3.02
2026,서울여자대학교,심리인지과학학부,학생부교과,교과우수자,3.38,2.51
2026,서울여자대학교,국어국문학과,학생부교과,교과우수자,3.08,3.13
2026,서울여자대학교,독일문화콘텐츠전공,학생부교과,교과우수자,2.83,3.08
2026,서울여자대학교,메타버스융합콘텐츠전공,학생부교과,교과우수자,3.28,3.28
2026,서울여자대학교,문헌정보학과,학생부교과,교과우수자,2.81,2.81
2026,서울여자대학교,사학과,학생부교과,교과우수자,2.83,2.86
2026,서울여자대학교,사회복지학과,학생부교과,교과우수자,2.78,2.96
2026,서울여자대학교,아동학과,학생부교과,교과우수자,3.12,3.21
2026,서울여자대학교,언론영상학부,학생부교과,교과우수자,2.69,2.78
2026,서울여자대학교,영어영문학과,학생부교과,교과우수자,2.56,2.85
2026,서울여자대학교,일어일문학과,학생부교과,교과우수자,3.03,3.1
2026,서울여자대학교,중어중문학과,학생부교과,교과우수자,3.07,3.07
2026,서울여자대학교,패션산업학과,학생부교과,교과우수자,2.79,2.95
2026,서울여자대학교,프랑스문화콘텐츠전공,학생부교과,교과우수자,3.26,3.26
2026,서울여자대학교,행정학과,학생부교과,교과우수자,2.92,3.05
2026,서울여자대학교,데이터사이언스학과,학생부교과,교과우수자,3.12,3.12
2026,서울여자대학교,디지털미디어학과,학생부교과,교과우수자,2.98,3.14
2026,서울여자대학교,바이오헬스융합학과,학생부교과,교과우수자,2.52,2.59
2026,서울여자대학교,생명환경공학과,학생부교과,교과우수자,2.64,2.64
2026,서울여자대학교,소프트웨어학과,학생부교과,교과우수자,2.84,2.84
2026,서울여자대학교,수학과,학생부교과,교과우수자,2.99,2.99
2026,서울여자대학교,식품생명공학과,학생부교과,교과우수자,2.91,2.91
2026,서울여자대학교,식품영양학과,학생부교과,교과우수자,2.58,2.59
2026,서울여자대학교,원예생명조경학과,학생부교과,교과우수자,2.91,2.92
2026,서울여자대학교,지능정보보호학부,학생부교과,교과우수자,2.94,2.94
2026,서울여자대학교,화학과,학생부교과,교과우수자,2.75,2.75
2026,서울여자대학교,첨단미디어디자인,학생부교과,교과우수자,2.56,2.56
2026,서울여자대학교,경영학과,논술,논술우수자,,4.4
2026,서울여자대학교,경제학과,논술,논술우수자,,4.4
2026,서울여자대학교,심리인지과학학부,논술,논술우수자,,4.4
2026,서울여자대학교,국어국문학과,논술,논술우수자,,4.4
2026,서울여자대학교,독일문화콘텐츠전공,논술,논술우수자,,4.4
2026,서울여자대학교,문헌정보학과,논술,논술우수자,,4.4
2026,서울여자대학교,사학과,논술,논술우수자,,4.4
2026,서울여자대학교,사회복지학과,논술,논술우수자,,4.4
2026,서울여자대학교,아동학과,논술,논술우수자,,4.4
2026,서울여자대학교,언론영상학부,논술,논술우수자,,4.4
2026,서울여자대학교,영어영문학과,논술,논술우수자,,4.4
2026,서울여자대학교,일어일문학과,논술,논술우수자,,4.4
2026,서울여자대학교,자율전공학부(인문),논술,논술우수자,,4.4
2026,서울여자대학교,중어중문학과,논술,논술우수자,,4.4
2026,서울여자대학교,패션산업학과,논술,논술우수자,,4.4
2026,서울여자대학교,프랑스문화콘텐츠전공,논술,논술우수자,,4.4
2026,서울여자대학교,행정학과,논술,논술우수자,,4.4
2026,서울여자대학교,바이오헬스융합학과,논술,논술우수자,,4.4
2026,서울여자대학교,생명환경공학과,논술,논술우수자,,4.4
2026,서울여자대학교,식품생명공학과,논술,논술우수자,,4.4
2026,서울여자대학교,식품영양학과,논술,논술우수자,,4.4
2026,서울여자대학교,원예생명조경학과,논술,논술우수자,,4.4
2026,서울여자대학교,자유전공학부(전계열),논술,논술우수자,,4.4
2026,서울여자대학교,화학과,논술,논술우수자,,4.4
2026,서울여자대학교,경영학과,학생부종합,바롬인재면접,3.39,3.66
2026,서울여자대학교,경제학과,학생부종합,바롬인재면접,3.35,3.56
2026,서울여자대학교,심리인지과학학부,학생부종합,바롬인재면접,3.2,3.3
2026,서울여자대학교,국어국문학과,학생부종합,바롬인재면접,3.18,3.25
2026,서울여자대학교,독일문화콘텐츠전공,학생부종합,바롬인재면접,3.97,4.3
2026,서울여자대학교,메타버스융합콘텐츠전공,학생부종합,바롬인재면접,3.7,3.7
2026,서울여자대학교,문헌정보학과,학생부종합,바롬인재면접,3.67,3.79
2026,서울여자대학교,사학과,학생부종합,바롬인재면접,3.85,3.85
2026,서울여자대학교,사회복지학과,학생부종합,바롬인재면접,3.87,4.17
2026,서울여자대학교,아동학과,학생부종합,바롬인재면접,3.6,3.62
2026,서울여자대학교,언론영상학부,학생부종합,바롬인재면접,3.26,3.31
2026,서울여자대학교,영어영문학과,학생부종합,바롬인재면접,3.4,3.42
2026,서울여자대학교,일어일문학과,학생부종합,바롬인재면접,3.81,3.86
2026,서울여자대학교,중어중문학과,학생부종합,바롬인재면접,3.98,4.1
2026,서울여자대학교,패션산업학과,학생부종합,바롬인재면접,3.69,3.73
2026,서울여자대학교,프랑스문화콘텐츠전공,학생부종합,바롬인재면접,3.98,4.71
2026,서울여자대학교,행정학과,학생부종합,바롬인재면접,3.22,3.24
2026,서울여자대학교,바이오헬스융합학과,학생부종합,바롬인재면접,3.31,3.37
2026,서울여자대학교,생명환경공학과,학생부종합,바롬인재면접,2.79,3.13
2026,서울여자대학교,수학과,학생부종합,바롬인재면접,3.44,3.52
2026,서울여자대학교,식품생명공학과,학생부종합,바롬인재면접,3.08,3.17
2026,서울여자대학교,식품영양학과,학생부종합,바롬인재면접,3.22,3.28
2026,서울여자대학교,원예생명조경학과,학생부종합,바롬인재면접,3.31,3.35
2026,서울여자대학교,화학과,학생부종합,바롬인재면접,3.4,3.55
2026,서울여자대학교,첨단미디어디자인,학생부종합,바롬인재면접,3.3,3.6
2026,서울여자대학교,데이터사이언스학과,학생부종합,SW융합인재,3.7,4.3
2026,서울여자대학교,디지털미디어학과,학생부종합,SW융합인재,4.35,4.4
2026,서울여자대학교,소프트웨어학과,학생부종합,SW융합인재,3.5,3.7
2026,서울여자대학교,지능정보보호학부,학생부종합,SW융합인재,3.89,3.89
2026,서울여자대학교,경영학과,학생부종합,바롬인재서류,2.94,3.05
2026,서울여자대학교,경제학과,학생부종합,바롬인재서류,3.4,3.51
2026,서울여자대학교,심리인지과학학부,학생부종합,바롬인재서류,3.1,2.3
2026,서울여자대학교,국어국문학과,학생부종합,바롬인재서류,3.23,3.28
2026,서울여자대학교,독일문화콘텐츠전공,학생부종합,바롬인재서류,4.68,4.68
2026,서울여자대학교,메타버스융합콘텐츠전공,학생부종합,바롬인재서류,3.3,3.8
2026,서울여자대학교,문헌정보학과,학생부종합,바롬인재서류,3.64,3.64
2026,서울여자대학교,사학과,학생부종합,바롬인재서류,3.24,3.24
2026,서울여자대학교,사회복지학과,학생부종합,바롬인재서류,3.46,3.46
2026,서울여자대학교,아동학과,학생부종합,바롬인재서류,3.49,3.59
2026,서울여자대학교,언론영상학부,학생부종합,바롬인재서류,2.88,3.04
2026,서울여자대학교,영어영문학과,학생부종합,바롬인재서류,3.15,3.49
2026,서울여자대학교,일어일문학과,학생부종합,바롬인재서류,3.59,3.63
2026,서울여자대학교,중어중문학과,학생부종합,바롬인재서류,3.87,3.87
2026,서울여자대학교,패션산업학과,학생부종합,바롬인재서류,2.93,2.93
2026,서울여자대학교,프랑스문화콘텐츠전공,학생부종합,바롬인재서류,3.14,3.14
2026,서울여자대학교,행정학과,학생부종합,바롬인재서류,3.2,3.33
2026,서울여자대학교,데이터사이언스학과,학생부종합,바롬인재서류,3.3,3.5
2026,서울여자대학교,디지털미디어학과,학생부종합,바롬인재서류,4.38,4.5
2026,서울여자대학교,바이오헬스융합학과,학생부종합,바롬인재서류,2.96,2.98
2026,서울여자대학교,생명환경공학과,학생부종합,바롬인재서류,3.13,3.13
2026,서울여자대학교,소프트웨어학과,학생부종합,바롬인재서류,3.2,3.3
2026,서울여자대학교,수학과,학생부종합,바롬인재서류,3.59,3.59
2026,서울여자대학교,식품생명공학과,학생부종합,바롬인재서류,2.91,3.01
2026,서울여자대학교,식품영양학과,학생부종합,바롬인재서류,3.07,3.3
2026,서울여자대학교,원예생명조경학과,학생부종합,바롬인재서류,3.1,3.28
2026,서울여자대학교,지능정보보호학부,학생부종합,바롬인재서류,3.41,3.62
2026,서울여자대학교,화학과,학생부종합,바롬인재서류,2.9,2.94
2026,서울여자대학교,첨단미디어디자인,학생부종합,바롬인재서류,2.8,2.7
2026,덕성여자대학교,글로벌융합대학,학생부교과,고교추천,3.06,3.17
2026,덕성여자대학교,유아교육과,학생부교과,고교추천,3.12,3.3
2026,덕성여자대학교,과학기술대학,학생부교과,고교추천,2.99,3.15
2026,덕성여자대학교,자유전공학부(미래인재대),학생부교과,고교추천,2.72,
2026,덕성여자대학교,가상현실융합학과,학생부교과,고교추천,3.3,3.44
2026,덕성여자대학교,데이터사이언스학과,학생부교과,고교추천,3.5,3.55
2026,덕성여자대학교,AI 신약학과,학생부교과,고교추천,,
2026,덕성여자대학교,약학과,학생부교과,고교추천,,
2026,덕성여자대학교,글로벌융합대학,학생부교과,학생부100%,3.17,2.75
2026,덕성여자대학교,유아교육과,학생부교과,학생부100%,3.3,2.75
2026,덕성여자대학교,과학기술대학,학생부교과,학생부100%,3.15,2.75
2026,덕성여자대학교,데이터사이언스학과,학생부교과,학생부100%,3.55,2.75
2026,덕성여자대학교,글로벌융합대학,논술,논술,4.86,5.39
2026,덕성여자대학교,유아교육과,논술,논술,4.64,5.43
2026,덕성여자대학교,과학기술대학,논술,논술,4.68,5.05
2026,덕성여자대학교,약학과,논술,논술,,
2026,덕성여자대학교,글로벌융합대학,학생부종합,덕성인재I(서류),3.2,3.31
2026,덕성여자대학교,글로벌융합대학,학생부종합,덕성인재II(면접),3.2,3.31
2026,덕성여자대학교,유아교육과,학생부종합,덕성인재I(서류),3.21,3.37
2026,덕성여자대학교,유아교육과,학생부종합,덕성인재II(면접),3.21,3.37
2026,덕성여자대학교,과학기술대학,학생부종합,덕성인재II(면접),3.29,3.49
2026,덕성여자대학교,자유전공학부(미래인재대),학생부종합,덕성인재II(면접),3.44,
2026,덕성여자대학교,가상현실융합학과,학생부종합,덕성인재II(면접),3.74,3.95
2026,덕성여자대학교,데이터사이언스학과,학생부종합,덕성인재II(면접),3.84,3.91
2026,덕성여자대학교,AI 신약학과,학생부종합,덕성인재II(면접),3.25,
2026,덕성여자대학교,과학기술대학,학생부종합,덕성인재I(서류),3.29,3.49
2026,덕성여자대학교,자유전공학부(미래인재대),학생부종합,덕성인재I(서류),3.18,
2026,덕성여자대학교,약학과,학생부종합,덕성인재II(면접),1.33,1.4
2026,동덕여자대학교,경영융합학부,학생부교과,학생부교과우수자,3.55,3.81
2026,동덕여자대학교,경제학전공,학생부교과,학생부교과우수자,2.83,2.83
2026,동덕여자대학교,국사학전공,학생부교과,학생부교과우수자,3.5,3.5
2026,동덕여자대학교,국어국문학전공,학생부교과,학생부교과우수자,2.83,2.83
2026,동덕여자대학교,국제경영학전공,학생부교과,학생부교과우수자,2.83,2.83
2026,동덕여자대학교,글로벌MICE전공,학생부교과,학생부교과우수자,3,3.1
2026,동덕여자대학교,문예창작전공,학생부교과,학생부교과우수자,2.86,2.86
2026,동덕여자대학교,문헌정보학전공,학생부교과,학생부교과우수자,3.01,3.01
2026,동덕여자대학교,문화예술경영전공,학생부교과,학생부교과우수자,2.75,2.75
2026,동덕여자대학교,사회복지학전공,학생부교과,학생부교과우수자,3.98,3.98
2026,동덕여자대학교,아동학전공,학생부교과,학생부교과우수자,2.97,2.97
2026,동덕여자대학교,영어전공,학생부교과,학생부교과우수자,3.23,3.23
2026,동덕여자대학교,유러피언스터디즈,학생부교과,학생부교과우수자,2.99,2.99
2026,동덕여자대학교,일어일본학전공,학생부교과,학생부교과우수자,3.28,3.28
2026,동덕여자대학교,중어중국학전공,학생부교과,학생부교과우수자,3.13,3.13
2026,동덕여자대학교,커뮤니케이션콘텐츠,학생부교과,학생부교과우수자,2.79,2.79
2026,동덕여자대학교,큐레이터학전공,학생부교과,학생부교과우수자,2.63,2.63
2026,동덕여자대학교,HCI사이언스전공,학생부교과,학생부교과우수자,3.43,3.43
2026,동덕여자대학교,데이터사이언스,학생부교과,학생부교과우수자,3.1,3.1
2026,동덕여자대학교,보건관리학전공,학생부교과,학생부교과우수자,3.24,3.24
2026,동덕여자대학교,식품영양학전공,학생부교과,학생부교과우수자,2.85,2.85
2026,동덕여자대학교,약학과,학생부교과,학생부교과우수자,1.31,1.32
2026,동덕여자대학교,응용화학전공,학생부교과,학생부교과우수자,2.92,2.92
2026,동덕여자대학교,정보통계학전공,학생부교과,학생부교과우수자,3,3
2026,동덕여자대학교,컴퓨터학전공,학생부교과,학생부교과우수자,2.74,2.74
2026,동덕여자대학교,화장품학전공,학생부교과,학생부교과우수자,2.89,2.89
2026,동덕여자대학교,경영융합학부,학생부종합,동덕창의리더,3.44,4.13
2026,동덕여자대학교,경제학전공,학생부종합,동덕창의리더,,
2026,동덕여자대학교,국사학전공,학생부종합,동덕창의리더,,
2026,동덕여자대학교,국어국문학전공,학생부종합,동덕창의리더,,
2026,동덕여자대학교,국제경영학전공,학생부종합,동덕창의리더,,
2026,동덕여자대학교,글로벌MICE전공,학생부종합,동덕창의리더,,
2026,동덕여자대학교,문예창작전공,학생부종합,동덕창의리더,,
2026,동덕여자대학교,문헌정보학전공,학생부종합,동덕창의리더,,
2026,동덕여자대학교,문화예술경영전공,학생부종합,동덕창의리더,,
2026,동덕여자대학교,사회복지학전공,학생부종합,동덕창의리더,,
2026,동덕여자대학교,아동학전공,학생부종합,동덕창의리더,,
2026,동덕여자대학교,앙트러프러너십,학생부종합,동덕창의리더,,
2026,동덕여자대학교,영어전공,학생부종합,동덕창의리더,,
2026,동덕여자대학교,유러피언스터디즈,학생부종합,동덕창의리더,,
2026,동덕여자대학교,일어일본학전공,학생부종합,동덕창의리더,,
2026,동덕여자대학교,중어중국학전공,학생부종합,동덕창의리더,,
2026,동덕여자대학교,커뮤니케이션콘텐츠,학생부종합,동덕창의리더,,
2026,동덕여자대학교,큐레이터학전공,학생부종합,동덕창의리더,,
2026,동덕여자대학교,HCI사이언스전공,학생부종합,동덕창의리더,,
2026,동덕여자대학교,데이터사이언스,학생부종합,동덕창의리더,,
2026,동덕여자대학교,보건관리학전공,학생부종합,동덕창의리더,,
2026,동덕여자대학교,식품영양학전공,학생부종합,동덕창의리더,,
2026,동덕여자대학교,약학과,학생부종합,동덕창의리더,1.61,1.38
2026,동덕여자대학교,응용화학전공,학생부종합,동덕창의리더,,
2026,동덕여자대학교,정보통계학전공,학생부종합,동덕창의리더,,
2026,동덕여자대학교,컴퓨터학전공,학생부종합,동덕창의리더,,
2026,동덕여자대학교,화장품학전공,학생부종합,동덕창의리더,,
2026,동덕여자대학교,경영융합학부,논술,논술우수자,,
2026,동덕여자대학교,경제학과,논술,논술우수자,,
2026,동덕여자대학교,국사학과,논술,논술우수자,,
2026,동덕여자대학교,국어국문학과,논술,논술우수자,,
2026,동덕여자대학교,국제경영학과,논술,논술우수자,,
2026,동덕여자대학교,글로벌MICE전공,논술,논술우수자,,
2026,동덕여자대학교,문예창작과,논술,논술우수자,,
2026,동덕여자대학교,문헌정보학과,논술,논술우수자,,
2026,동덕여자대학교,문화예술경영전공,논술,논술우수자,,
2026,동덕여자대학교,사회복지학과,논술,논술우수자,,
2026,동덕여자대학교,아동학과,논술,논술우수자,,
2026,동덕여자대학교,앙트러프러너십,논술,논술우수자,,
2026,동덕여자대학교,영어과,논술,논술우수자,,
2026,동덕여자대학교,유러피언스터디즈학과,논술,논술우수자,,
2026,동덕여자대학교,일본어과,논술,논술우수자,,
2026,동덕여자대학교,중어중국학과,논술,논술우수자,,
2026,동덕여자대학교,커뮤니케이션콘텐츠전공,논술,논술우수자,,
2026,동덕여자대학교,큐레이터학과,논술,논술우수자,,
2026,동덕여자대학교,HCI사이언스전공,논술,논술우수자,,
2026,동덕여자대학교,데이터사이언스전공,논술,논술우수자,,
2026,동덕여자대학교,보건관리학과,논술,논술우수자,,
2026,동덕여자대학교,식품영양학과,논술,논술우수자,,
2026,동덕여자대학교,응용화학전공,논술,논술우수자,,
2026,동덕여자대학교,정보통계학과,논술,논술우수자,,
2026,동덕여자대학교,컴퓨터학과,논술,논술우수자,,
2026,동덕여자대학교,화장품학전공,논술,논술우수자,,
2026,가톨릭대학교,자유전공학부 전계열,학생부교과,지역균형,2.53,2.53
2026,가톨릭대학교,경영학과,학생부교과,지역균형,2.34,2.39
2026,가톨릭대학교,경제학과,학생부교과,지역균형,2.59,2.82
2026,가톨릭대학교,인문사회계열 (자전),학생부교과,지역균형,2.88,2.88
2026,가톨릭대학교,국어국문학과,학생부교과,지역균형,2.54,2.76
2026,가톨릭대학교,철학과,학생부교과,지역균형,2.38,2.38
2026,가톨릭대학교,국사학과,학생부교과,지역균형,2.75,2.76
2026,가톨릭대학교,영어영문학부,학생부교과,지역균형,2.74,2.74
2026,가톨릭대학교,중국언어문화학과,학생부교과,지역균형,2.82,2.82
2026,가톨릭대학교,일어일본문화학과,학생부교과,지역균형,2.34,2.41
2026,가톨릭대학교,프랑스어문화학과,학생부교과,지역균형,2.68,2.76
2026,가톨릭대학교,사회복지학과,학생부교과,지역균형,2.47,2.64
2026,가톨릭대학교,심리학과,학생부교과,지역균형,2.06,2.22
2026,가톨릭대학교,사회학과,학생부교과,지역균형,2.36,2.46
2026,가톨릭대학교,회계학과,학생부교과,지역균형,2.56,2.62
2026,가톨릭대학교,국제학부,학생부교과,지역균형,2.47,2.63
2026,가톨릭대학교,법학과,학생부교과,지역균형,2.27,2.47
2026,가톨릭대학교,행정학과,학생부교과,지역균형,2.72,2.72
2026,가톨릭대학교,아동학과,학생부교과,지역균형,2.61,2.64
2026,가톨릭대학교,특수교육과,학생부교과,지역균형,2.66,2.78
2026,가톨릭대학교,자연공학계열 (자전),학생부교과,지역균형,2.54,2.54
2026,가톨릭대학교,간호학과(자연),학생부교과,지역균형,1.75,1.75
2026,가톨릭대학교,공간디자인·소비자학과,학생부교과,지역균형,2.82,2.82
2026,가톨릭대학교,데이터사이언스학과,학생부교과,지역균형,2.46,2.55
2026,가톨릭대학교,물리학과,학생부교과,지역균형,2.57,2.57
2026,가톨릭대학교,미디어기술콘텐츠학과,학생부교과,지역균형,2.66,2.72
2026,가톨릭대학교,바이오로직스공학과,학생부교과,지역균형,,
2026,가톨릭대학교,바이오메디컬소프트웨어,학생부교과,지역균형,2.83,2.83
2026,가톨릭대학교,바이오메디컬화학공,학생부교과,지역균형,2.28,2.28
2026,가톨릭대학교,생명공학과,학생부교과,지역균형,2.19,2.19
2026,가톨릭대학교,수학과,학생부교과,지역균형,2.41,2.46
2026,가톨릭대학교,식품영양학과,학생부교과,지역균형,2.41,2.56
2026,가톨릭대학교,에너지환경공학과,학생부교과,지역균형,2.37,2.44
2026,가톨릭대학교,의류학과,학생부교과,지역균형,2.51,2.62
2026,가톨릭대학교,의생명과학과,학생부교과,지역균형,3.01,3.01
2026,가톨릭대학교,AI 의공학과,학생부교과,지역균형,2.91,2.93
2026,가톨릭대학교,인공지능학과,학생부교과,지역균형,2.52,2.52
2026,가톨릭대학교,정보통신전자공학부,학생부교과,지역균형,2.4,2.43
2026,가톨릭대학교,컴퓨터정보공학부,학생부교과,지역균형,2.73,3.25
2026,가톨릭대학교,화학과,학생부교과,지역균형,2.25,2.36
2026,가톨릭대학교,약학과,학생부교과,지역균형,1.06,1.06
2026,가톨릭대학교,경영학과,학생부종합,잠재능력우수자(면접),3.3,3.77
2026,가톨릭대학교,경제학과,학생부종합,잠재능력우수자(면접),3.22,3.38
2026,가톨릭대학교,국어국문학과,학생부종합,잠재능력우수자(면접),3.32,3.47
2026,가톨릭대학교,철학과,학생부종합,잠재능력우수자(면접),3.53,4.82
2026,가톨릭대학교,국사학과,학생부종합,잠재능력우수자(면접),3.46,3.52
2026,가톨릭대학교,영어영문학부,학생부종합,잠재능력우수자(면접),3.68,4.2
2026,가톨릭대학교,중국언어문화학과,학생부종합,잠재능력우수자(면접),4.82,5.44
2026,가톨릭대학교,일어일본문화학과,학생부종합,잠재능력우수자(면접),5.76,5.88
2026,가톨릭대학교,프랑스어문화학과,학생부종합,잠재능력우수자(면접),3.62,4.24
2026,가톨릭대학교,사회복지학과,학생부종합,잠재능력우수자(면접),3.04,3.17
2026,가톨릭대학교,심리학과,학생부종합,잠재능력우수자(면접),2.75,2.76
2026,가톨릭대학교,사회학과,학생부종합,잠재능력우수자(면접),2.67,3.03
2026,가톨릭대학교,회계학과,학생부종합,잠재능력우수자(면접),3.27,3.29
2026,가톨릭대학교,국제학부,학생부종합,잠재능력우수자(면접),3.16,4.04
2026,가톨릭대학교,법학과,학생부종합,잠재능력우수자(면접),2.77,3.07
2026,가톨릭대학교,행정학과,학생부종합,잠재능력우수자(면접),3.03,3.03
2026,가톨릭대학교,아동학과,학생부종합,잠재능력우수자(면접),3.55,3.67
2026,가톨릭대학교,특수교육과,학생부종합,잠재능력우수자(면접),3.56,3.79
2026,가톨릭대학교,공간디자인·소비자학과,학생부종합,잠재능력우수자(면접),,
2026,가톨릭대학교,데이터사이언스학과,학생부종합,잠재능력우수자(면접),3.07,3.75
2026,가톨릭대학교,물리학과,학생부종합,잠재능력우수자(면접),3.36,3.5
2026,가톨릭대학교,미디어기술콘텐츠학과,학생부종합,잠재능력우수자(면접),3.17,3.31
2026,가톨릭대학교,바이오메디컬소프트웨어,학생부종합,잠재능력우수자(면접),,
2026,가톨릭대학교,바이오메디컬화학공,학생부종합,잠재능력우수자(면접),,
2026,가톨릭대학교,생명공학과,학생부종합,잠재능력우수자(면접),2.48,2.74
2026,가톨릭대학교,수학과,학생부종합,잠재능력우수자(면접),3.46,3.74
2026,가톨릭대학교,화학과,학생부종합,잠재능력우수자(면접),3.05,3.05
2026,가톨릭대학교,식품영양학과,학생부종합,잠재능력우수자(면접),3.05,3.41
2026,가톨릭대학교,에너지환경공학과,학생부종합,잠재능력우수자(면접),2.8,2.8
2026,가톨릭대학교,의류학과,학생부종합,잠재능력우수자(면접),3.47,3.47
2026,가톨릭대학교,의생명과학과,학생부종합,잠재능력우수자(면접),2.55,2.63
2026,가톨릭대학교,AI의공학과,학생부종합,잠재능력우수자(면접),,
2026,가톨릭대학교,인공지능학과,학생부종합,잠재능력우수자(면접),3.09,3.54
2026,가톨릭대학교,바이오로직스공학과,학생부종합,잠재능력우수자(면접),,
2026,가톨릭대학교,정보통신전자공학부,학생부종합,잠재능력우수자(면접),3.23,3.26
2026,가톨릭대학교,컴퓨터정보공학부,학생부종합,잠재능력우수자(면접),3.6,4.06
2026,가톨릭대학교,자유전공학부 전계열,학생부종합,잠재능력우수자(서류),,
2026,가톨릭대학교,경영학과,학생부종합,잠재능력우수자(서류),3.17,3.25
2026,가톨릭대학교,경제학과,학생부종합,잠재능력우수자(서류),3.04,3.09
2026,가톨릭대학교,국사학과,학생부종합,잠재능력우수자(서류),3.25,3.25
2026,가톨릭대학교,국어국문학과,학생부종합,잠재능력우수자(서류),3.36,3.36
2026,가톨릭대학교,국제학부,학생부종합,잠재능력우수자(서류),3.2,4.03
2026,가톨릭대학교,법학과,학생부종합,잠재능력우수자(서류),2.95,2.95
2026,가톨릭대학교,사회복지학과,학생부종합,잠재능력우수자(서류),3.22,3.22
2026,가톨릭대학교,사회학과,학생부종합,잠재능력우수자(서류),2.8,2.8
2026,가톨릭대학교,심리학과,학생부종합,잠재능력우수자(서류),2.37,2.38
2026,가톨릭대학교,아동학과,학생부종합,잠재능력우수자(서류),3.05,3.05
2026,가톨릭대학교,영어영문학부,학생부종합,잠재능력우수자(서류),4.17,4.91
2026,가톨릭대학교,일어일본문화학과,학생부종합,잠재능력우수자(서류),5.47,5.58
2026,가톨릭대학교,인문사회계열 (자전),학생부종합,잠재능력우수자(서류),,
2026,가톨릭대학교,중국언어문화학과,학생부종합,잠재능력우수자(서류),4.93,4.93
2026,가톨릭대학교,철학과,학생부종합,잠재능력우수자(서류),2.83,2.83
2026,가톨릭대학교,특수교육과,학생부종합,잠재능력우수자(서류),50,
2026,가톨릭대학교,프랑스어문화학과,학생부종합,잠재능력우수자(서류),3.62,4.24
2026,가톨릭대학교,행정학과,학생부종합,잠재능력우수자(서류),3.16,3.16
2026,가톨릭대학교,회계학과,학생부종합,잠재능력우수자(서류),3.14,3.24
2026,가톨릭대학교,AI 의공학과,학생부종합,잠재능력우수자(서류),2.73,2.91
2026,가톨릭대학교,공간디자인·소비자학과,학생부종합,잠재능력우수자(서류),3.21,4.02
2026,가톨릭대학교,데이터사이언스학과,학생부종합,잠재능력우수자(서류),3.49,3.51
2026,가톨릭대학교,물리학과,학생부종합,잠재능력우수자(서류),2.95,3.09
2026,가톨릭대학교,미디어기술콘텐츠학과,학생부종합,잠재능력우수자(서류),2.99,3.01
2026,가톨릭대학교,바이오로직스 공학과,학생부종합,잠재능력우수자(서류),,
2026,가톨릭대학교,바이오메디컬소프트웨어학과,학생부종합,잠재능력우수자(서류),2.6,2.68
2026,가톨릭대학교,바이오메디컬화학공학과,학생부종합,잠재능력우수자(서류),2.44,2.56
2026,가톨릭대학교,생명공학과,학생부종합,잠재능력우수자(서류),2.5,2.56
2026,가톨릭대학교,수학과,학생부종합,잠재능력우수자(서류),2.83,2.94
2026,가톨릭대학교,식품영양학과,학생부종합,잠재능력우수자(서류),3.11,3.41
2026,가톨릭대학교,에너지환경공학과,학생부종합,잠재능력우수자(서류),2.74,3.11
2026,가톨릭대학교,의류학과,학생부종합,잠재능력우수자(서류),3.29,3.45
2026,가톨릭대학교,의생명과학과,학생부종합,잠재능력우수자(서류),2.53,2.64
2026,가톨릭대학교,인공지능학과,학생부종합,잠재능력우수자(서류),3.13,3.45
2026,가톨릭대학교,자연공학계열 (자전),학생부종합,잠재능력우수자(서류),,
2026,가톨릭대학교,정보통신전자공학부,학생부종합,잠재능력우수자(서류),2.94,3
2026,가톨릭대학교,컴퓨터정보공학부,학생부종합,잠재능력우수자(서류),2.99,3.23
2026,가톨릭대학교,화학과,학생부종합,잠재능력우수자(서류),3.04,3.19
2026,가톨릭대학교,자유전공학과(자연·생활),학생부종합,잠재능력우수자(서류),,
2026,가톨릭대학교,간호학과(자연),학생부종합,학교장추천자,2.04,2.56
2026,가톨릭대학교,특수교육과,학생부종합,학교장추천자,,
2026,가톨릭대학교,약학과,학생부종합,학교장추천자,1.61,1.67
2026,가톨릭대학교,경영학과,논술,논술,,3.7
2026,가톨릭대학교,경제학과,논술,논술,,4.48
2026,가톨릭대학교,국사학과,논술,논술,,3.67
2026,가톨릭대학교,국어국문학과,논술,논술,,3.26
2026,가톨릭대학교,국제학부,논술,논술,,3.87
2026,가톨릭대학교,법학과,논술,논술,,4.72
2026,가톨릭대학교,사회복지학과,논술,논술,,4.47
2026,가톨릭대학교,사회학과,논술,논술,,4.12
2026,가톨릭대학교,심리학과,논술,논술,,3.54
2026,가톨릭대학교,아동학과,논술,논술,,4.25
2026,가톨릭대학교,영어영문학부,논술,논술,,4.32
2026,가톨릭대학교,일어일본문화학과,논술,논술,,4.48
2026,가톨릭대학교,중국언어문화학과,논술,논술,,3.74
2026,가톨릭대학교,철학과,논술,논술,,4.73
2026,가톨릭대학교,행정학과,논술,논술,,3.99
2026,가톨릭대학교,회계학과,논술,논술,,3.94
2026,가톨릭대학교,간호학과(자연),논술,논술,,3.5
2026,가톨릭대학교,공간디자인·소비자학과,논술,논술,,5.47
2026,가톨릭대학교,데이터사이언스학과,논술,논술,,4.36
2026,가톨릭대학교,물리학과,논술,논술,,3.66
2026,가톨릭대학교,미디어기술콘텐츠학과,논술,논술,,4.04
2026,가톨릭대학교,바이오메디컬소프트웨어,논술,논술,,3.85
2026,가톨릭대학교,바이오메디컬화학공,논술,논술,,3.54
2026,가톨릭대학교,생명공학과,논술,논술,,3.47
2026,가톨릭대학교,수학과,논술,논술,,3.81
2026,가톨릭대학교,식품영양학과,논술,논술,,3.4
2026,가톨릭대학교,약학과,논술,논술,,3.08
2026,가톨릭대학교,에너지환경공학과,논술,논술,,3.16
2026,가톨릭대학교,의류학과,논술,논술,,3.8
2026,가톨릭대학교,의생명과학과,논술,논술,,2.76
2026,가톨릭대학교,인공지능학과,논술,논술,,3.2
2026,가톨릭대학교,자유전공학과(공학),논술,논술,,3.26
2026,가톨릭대학교,정보통신전자공학부,논술,논술,,2.98
2026,가톨릭대학교,컴퓨터정보공학부,논술,논술,,3.45
2026,가톨릭대학교,화학과,논술,논술,,4.27
2026,경기대학교,사회과학대학 통합,학생부교과,교과성적우수자,3.15,
2026,경기대학교,경제학부,학생부교과,교과성적우수자,2.96,3.06
2026,경기대학교,공공안전학부,학생부교과,교과성적우수자,1.82,2.02
2026,경기대학교,공공인재학부,학생부교과,교과성적우수자,2.84,2.9
2026,경기대학교,국어국문학과,학생부교과,교과성적우수자,2.97,3.21
2026,경기대학교,글로벌어문학부,학생부교과,교과성적우수자,3.21,3.25
2026,경기대학교,무역학과,학생부교과,교과성적우수자,2.91,3.02
2026,경기대학교,미디어영상학과,학생부교과,교과성적우수자,2.04,2.44
2026,경기대학교,법학과,학생부교과,교과성적우수자,2.78,2.98
2026,경기대학교,사학과,학생부교과,교과성적우수자,2.76,2.76
2026,경기대학교,문헌정보학과,학생부교과,교과성적우수자,2.96,2.96
2026,경기대학교,영어영문학과,학생부교과,교과성적우수자,3.04,3.04
2026,경기대학교,유아교육과,학생부교과,교과성적우수자,2.14,2.14
2026,경기대학교,인문대학 통합,학생부교과,교과성적우수자,3.4,
2026,경기대학교,관광개발경영학과,학생부교과,교과성적우수자,2.13,2.42
2026,경기대학교,관광문화콘텐츠학과,학생부교과,교과성적우수자,1.54,1.64
2026,경기대학교,호텔외식경영학부,학생부교과,교과성적우수자,1.54,1.54
2026,경기대학교,휴먼서비스학부,학생부교과,교과성적우수자,3.18,3.246
2026,경기대학교,경영학부,학생부교과,교과성적우수자,2.38,2.61
2026,경기대학교,소프트웨어경영대학 통합,학생부교과,교과성적우수자,3.38,
2026,경기대학교,AI 컴퓨터공학부,학생부교과,교과성적우수자,2.92,2.95
2026,경기대학교,산업경영공학과,학생부교과,교과성적우수자,3.2,3.24
2026,경기대학교,창의공과대학 통합,학생부교과,교과성적우수자,3.4,
2026,경기대학교,전자공학부,학생부교과,교과성적우수자,2.1,2.71
2026,경기대학교,건축학과(5년제),학생부교과,교과성적우수자,,2.957
2026,경기대학교,기계시스템공학부,학생부교과,교과성적우수자,3.17,3.17
2026,경기대학교,사회에너지시스템공,학생부교과,교과성적우수자,2.99,2.99
2026,경기대학교,스마트시티공학부,학생부교과,교과성적우수자,3.27,3.27
2026,경기대학교,신소재화학공학부,학생부교과,교과성적우수자,2.88,2.92
2026,경기대학교,융합과학대학 통합,학생부교과,교과성적우수자,3.27,
2026,경기대학교,바이오융합학부,학생부교과,교과성적우수자,2.84,2.93
2026,경기대학교,수학과,학생부교과,교과성적우수자,2.82,2.82
2026,경기대학교,화학과,학생부교과,교과성적우수자,3.67,3.67
2026,경기대학교,경영학부,학생부교과,학교장추천,2.94,2.98
2026,경기대학교,경제학부,학생부교과,학교장추천,3.15,3.19
2026,경기대학교,공공안전학부,학생부교과,학교장추천,2.4,2.66
2026,경기대학교,공공인재학부,학생부교과,학교장추천,3.21,3.25
2026,경기대학교,관광개발경영학과,학생부교과,학교장추천,3,3.04
2026,경기대학교,관광문화콘텐츠학과,학생부교과,학교장추천,3.1,3.14
2026,경기대학교,국어국문학과,학생부교과,학교장추천,3.31,3.34
2026,경기대학교,글로벌어문학부,학생부교과,학교장추천,3.05,3.08
2026,경기대학교,무역학과,학생부교과,학교장추천,2.96,3.12
2026,경기대학교,문헌정보학과,학생부교과,학교장추천,3.02,3.02
2026,경기대학교,미디어영상학과,학생부교과,학교장추천,2.65,2.68
2026,경기대학교,법학과,학생부교과,학교장추천,2.88,2.88
2026,경기대학교,사학과,학생부교과,학교장추천,3.11,3.11
2026,경기대학교,영어영문학과,학생부교과,학교장추천,2.99,3.01
2026,경기대학교,호텔외식경영학부,학생부교과,학교장추천,2.75,2.88
2026,경기대학교,휴먼서비스학부,학생부교과,학교장추천,3.01,3.28
2026,경기대학교,건축학과(5년제),학생부교과,학교장추천,2.85,2.85
2026,경기대학교,기계시스템공학부,학생부교과,학교장추천,3.13,3.13
2026,경기대학교,바이오융합학부,학생부교과,학교장추천,2.7,3
2026,경기대학교,사회에너지시스템공,학생부교과,학교장추천,3.08,3.08
2026,경기대학교,산업경영공학과,학생부교과,학교장추천,2.94,3.09
2026,경기대학교,수학과,학생부교과,학교장추천,3.05,3.15
2026,경기대학교,스마트시티공학부,학생부교과,학교장추천,2.99,3.17
2026,경기대학교,신소재화학공학부,학생부교과,학교장추천,2.82,2.86
2026,경기대학교,전자공학부,학생부교과,학교장추천,2.91,2.95
2026,경기대학교,AI 컴퓨터공학과,학생부교과,학교장추천,2.95,3.12
2026,경기대학교,화학과,학생부교과,학교장추천,2.95,3.25
2026,경기대학교,경영학부,학생부종합,KGU학생부종합,3.53,3.7
2026,경기대학교,경제학부,학생부종합,KGU학생부종합,3.68,3.85
2026,경기대학교,공공안전학부,학생부종합,KGU학생부종합,2.84,3.08
2026,경기대학교,공공인재학부,학생부종합,KGU학생부종합,3.39,3.45
2026,경기대학교,국어국문학과,학생부종합,KGU학생부종합,3.66,3.74
2026,경기대학교,글로벌어문학부,학생부종합,KGU학생부종합,4.16,4.51
2026,경기대학교,무역학과,학생부종합,KGU학생부종합,3.62,3.69
2026,경기대학교,문헌정보학과,학생부종합,KGU학생부종합,3.5,3.62
2026,경기대학교,미디어영상학과,학생부종합,KGU학생부종합,3.2,3.29
2026,경기대학교,법학과,학생부종합,KGU학생부종합,3.38,3.46
2026,경기대학교,사학과,학생부종합,KGU학생부종합,3.38,3.75
2026,경기대학교,영어영문학과,학생부종합,KGU학생부종합,3.49,3.64
2026,경기대학교,유아교육과,학생부종합,KGU학생부종합,3.45,3.82
2026,경기대학교,관광개발경영학과,학생부종합,KGU학생부종합,3.79,3.93
2026,경기대학교,관광문화콘텐츠학과,학생부종합,KGU학생부종합,3.7,3.73
2026,경기대학교,호텔외식경영학부,학생부종합,KGU학생부종합,3.21,3.28
2026,경기대학교,휴먼서비스학부,학생부종합,KGU학생부종합,3.68,3.68
2026,경기대학교,건축학과(5년제),학생부종합,KGU학생부종합,3.62,3.62
2026,경기대학교,기계시스템공학부,학생부종합,KGU학생부종합,3.71,3.71
2026,경기대학교,바이오융합학부,학생부종합,KGU학생부종합,3.12,3.27
2026,경기대학교,전자공학부,학생부종합,KGU학생부종합,3.45,3.54
2026,경기대학교,사회에너지시스템공,학생부종합,KGU학생부종합,3.6,3.6
2026,경기대학교,산업경영공학과,학생부종합,KGU학생부종합,3.77,3.94
2026,경기대학교,수학과,학생부종합,KGU학생부종합,3.69,3.74
2026,경기대학교,스마트시티공학부,학생부종합,KGU학생부종합,3.77,3.84
2026,경기대학교,신소재화학공학부,학생부종합,KGU학생부종합,3.33,3.51
2026,경기대학교,AI 컴퓨터공학,학생부종합,KGU학생부종합,3.5,3.53
2026,경기대학교,화학과,학생부종합,KGU학생부종합,3.27,3.4
2026,경기대학교,인공지능전공,학생부종합,SW우수자,4.12,3.63
2026,경기대학교,AI 컴퓨터공학,학생부종합,SW우수자,4.12,3.63
2026,경기대학교,자유전공학부 서울,논술,논술우수자,,
2026,경기대학교,자유전공학부 수원(수리),논술,논술우수자,,
2026,경기대학교,자유전공학부 수원,논술,논술우수자,,
2026,경기대학교,자유전공학부 서울(수리),논술,논술우수자,,
2026,경기대학교,휴먼서비스학부,논술,논술우수자,,
2026,인천대학교,경영학부,학생부교과,교과성적우수자,2.64,2.67
2026,인천대학교,경제학과,학생부교과,교과성적우수자,2.84,2.88
2026,인천대학교,국어교육과,학생부교과,교과성적우수자,2.32,2.32
2026,인천대학교,국어국문학과,학생부교과,교과성적우수자,2.97,3.1
2026,인천대학교,데이터과학과,학생부교과,교과성적우수자,2.83,2.83
2026,인천대학교,도시행정학과,학생부교과,교과성적우수자,2.98,2.98
2026,인천대학교,독어독문학과,학생부교과,교과성적우수자,3.02,3.05
2026,인천대학교,동북아국제통상전공,학생부교과,교과성적우수자,2.45,2.58
2026,인천대학교,무역학부,학생부교과,교과성적우수자,3.13,3.13
2026,인천대학교,문헌정보학과,학생부교과,교과성적우수자,3.24,3.24
2026,인천대학교,미디어커뮤니케이션,학생부교과,교과성적우수자,2.74,2.74
2026,인천대학교,법학부,학생부교과,교과성적우수자,2.84,2.96
2026,인천대학교,불어불문학과,학생부교과,교과성적우수자,2.84,3.05
2026,인천대학교,사회복지학과,학생부교과,교과성적우수자,2.98,2.98
2026,인천대학교,세무회계학과,학생부교과,교과성적우수자,3.24,3.24
2026,인천대학교,소비자학과,학생부교과,교과성적우수자,2.67,2.73
2026,인천대학교,역사교육과,학생부교과,교과성적우수자,2.99,2.99
2026,인천대학교,영어교육과,학생부교과,교과성적우수자,2.21,2.21
2026,인천대학교,영어영문학과,학생부교과,교과성적우수자,3.11,3.24
2026,인천대학교,유아교육과,학생부교과,교과성적우수자,3.01,3.08
2026,인천대학교,윤리교육과,학생부교과,교과성적우수자,2.24,2.24
2026,인천대학교,일본지역문화학과,학생부교과,교과성적우수자,3.02,3.24
2026,인천대학교,일어교육과,학생부교과,교과성적우수자,2.77,2.77
2026,인천대학교,정치외교학과,학생부교과,교과성적우수자,3.07,3.07
2026,인천대학교,중어중국학과,학생부교과,교과성적우수자,3.03,3.06
2026,인천대학교,창의인재개발학과,학생부교과,교과성적우수자,3.24,3.24
2026,인천대학교,패션산업학과,학생부교과,교과성적우수자,2.89,3.08
2026,인천대학교,행정학과,학생부교과,교과성적우수자,2.75,2.97
2026,인천대학교,자유전공학부 인문,학생부교과,교과성적우수자,2.93,2.98
2026,인천대학교,자유전공학부 인문,학생부교과,지역균형,2.76,2.87
2026,인천대학교,경영학부,학생부교과,지역균형,2.57,2.8
2026,인천대학교,경제학과,학생부교과,지역균형,2.61,2.69
2026,인천대학교,국어국문학과,학생부교과,지역균형,2.9,2.9
2026,인천대학교,데이터과학과,학생부교과,지역균형,2.7,2.7
2026,인천대학교,도시행정학과,학생부교과,지역균형,2.85,2.85
2026,인천대학교,독어독문학과,학생부교과,지역균형,2.85,2.99
2026,인천대학교,무역학부,학생부교과,지역균형,3.08,3.08
2026,인천대학교,문헌정보학과,학생부교과,지역균형,3.17,3.17
2026,인천대학교,미디어커뮤니케이션,학생부교과,지역균형,2.81,2.81
2026,인천대학교,법학부,학생부교과,지역균형,2.78,2.89
2026,인천대학교,불어불문학과,학생부교과,지역균형,3.03,3.08
2026,인천대학교,사회복지학과,학생부교과,지역균형,3.14,3.14
2026,인천대학교,세무회계학과,학생부교과,지역균형,2.5,2.5
2026,인천대학교,소비자학과,학생부교과,지역균형,2.9,3.02
2026,인천대학교,영어영문학과,학생부교과,지역균형,3.19,3.21
2026,인천대학교,일본지역문화학,학생부교과,지역균형,2.97,2.97
2026,인천대학교,정치외교학과,학생부교과,지역균형,2.78,2.78
2026,인천대학교,중어중국학과,학생부교과,지역균형,2.96,3.08
2026,인천대학교,창의인재개발학과,학생부교과,지역균형,2.76,2.76
2026,인천대학교,패션산업학과,학생부교과,지역균형,2.97,2.97
2026,인천대학교,행정학과,학생부교과,지역균형,2.72,2.72
2026,인천대학교,경영학부,학생부종합,자기추천,3.22,3.3
2026,인천대학교,경제학과,학생부종합,자기추천,3.5,3.56
2026,인천대학교,국어교육과,학생부종합,자기추천,2.75,2.91
2026,인천대학교,국어국문학과,학생부종합,자기추천,3.53,3.65
2026,인천대학교,데이터과학과,학생부종합,자기추천,3.35,3.36
2026,인천대학교,도시행정학과,학생부종합,자기추천,3.22,3.42
2026,인천대학교,독어독문학과,학생부종합,자기추천,4.64,5.97
2026,인천대학교,동북아국제통상전공,학생부종합,자기추천,3.24,3.49
2026,인천대학교,스마트물류유통공학과,학생부종합,자기추천,4.01,
2026,인천대학교,무역학부,학생부종합,자기추천,3.34,3.6
2026,인천대학교,문헌정보학과,학생부종합,자기추천,3.36,3.5
2026,인천대학교,미디어커뮤니케이션,학생부종합,자기추천,3.24,3.18
2026,인천대학교,법학부,학생부종합,자기추천,3.17,3.34
2026,인천대학교,불어불문학과,학생부종합,자기추천,4.06,4.23
2026,인천대학교,사회복지학과,학생부종합,자기추천,3.38,3.45
2026,인천대학교,세무회계학과,학생부종합,자기추천,3.71,3.8
2026,인천대학교,소비자학과,학생부종합,자기추천,3.41,3.61
2026,인천대학교,역사교육과,학생부종합,자기추천,2.73,2.76
2026,인천대학교,영어교육과,학생부종합,자기추천,2.8,2.84
2026,인천대학교,영어영문학과,학생부종합,자기추천,3.48,3.82
2026,인천대학교,유아교육과,학생부종합,자기추천,3.55,3.66
2026,인천대학교,윤리교육과,학생부종합,자기추천,2.81,2.83
2026,인천대학교,일본지역문화학과,학생부종합,자기추천,3.49,3.71
2026,인천대학교,일어교육과,학생부종합,자기추천,3.59,3.68
2026,인천대학교,정치외교학과,학생부종합,자기추천,3.12,3.15
2026,인천대학교,중어중국학과,학생부종합,자기추천,3.99,4.28
2026,인천대학교,창의인재개발학과,학생부종합,자기추천,3.3,3.48
2026,인천대학교,패션산업학과,학생부종합,자기추천,3.38,3.51
2026,인천대학교,행정학과,학생부종합,자기추천,3.27,3.36
2026,인천대학교,건설환경공학전공,학생부교과,교과성적우수자,2.98,3.02
2026,인천대학교,기계공학과,학생부교과,교과성적우수자,2.73,2.76
2026,인천대학교,도시건축학부(건축공),학생부교과,교과성적우수자,2.95,3.19
2026,인천대학교,도시공학과,학생부교과,교과성적우수자,2.84,2.84
2026,인천대학교,물리학과,학생부교과,교과성적우수자,2.67,2.94
2026,인천대학교,바이오-로봇시스템공학과,학생부교과,교과성적우수자,2.92,3
2026,인천대학교,산업경영공학과,학생부교과,교과성적우수자,2.79,2.82
2026,인천대학교,나노바이오공학전공,학생부교과,교과성적우수자,2.58,2.66
2026,인천대학교,생명공학전공,학생부교과,교과성적우수자,2.34,2.36
2026,인천대학교,생명과학전공,학생부교과,교과성적우수자,2.43,2.57
2026,인천대학교,분자의생명전공,학생부교과,교과성적우수자,2.82,2.82
2026,인천대학교,수학과,학생부교과,교과성적우수자,2.8,2.81
2026,인천대학교,수학교육과,학생부교과,교과성적우수자,2.36,2.36
2026,인천대학교,신소재공학과,학생부교과,교과성적우수자,2.63,2.66
2026,인천대학교,안전공학과,학생부교과,교과성적우수자,3.02,3.02
2026,인천대학교,에너지화학공,학생부교과,교과성적우수자,2.74,2.74
2026,인천대학교,임베디드시스템공,학생부교과,교과성적우수자,2.96,2.96
2026,인천대학교,전기공학과,학생부교과,교과성적우수자,2.73,2.78
2026,인천대학교,전자공학부,학생부교과,교과성적우수자,2.64,2.65
2026,인천대학교,정보통신공학과,학생부교과,교과성적우수자,3.13,3.13
2026,인천대학교,컴퓨터공학부,학생부교과,교과성적우수자,2.83,2.93
2026,인천대학교,해양학과,학생부교과,교과성적우수자,2.92,2.98
2026,인천대학교,화학과,학생부교과,교과성적우수자,2.68,2.7
2026,인천대학교,환경공학전공,학생부교과,교과성적우수자,2.83,2.86
2026,인천대학교,자유전공학부 자연,학생부교과,교과성적우수자,2.78,2.86
2026,인천대학교,자유전공학부 자연,학생부교과,지역균형,2.55,2.67
2026,인천대학교,건설환경공학전공,학생부교과,지역균형,2.89,2.99
2026,인천대학교,기계공학과,학생부교과,지역균형,2.71,2.76
2026,인천대학교,도시건축학부,학생부교과,지역균형,2.71,2.86
2026,인천대학교,도시공학과,학생부교과,지역균형,2.86,2.88
2026,인천대학교,물리학과,학생부교과,지역균형,3.02,3.02
2026,인천대학교,바이오-로봇시스템공,학생부교과,지역균형,2.94,3.03
2026,인천대학교,산업경영공학과,학생부교과,지역균형,2.58,2.94
2026,인천대학교,나노바이오공학전공,학생부교과,지역균형,2.3,2.3
2026,인천대학교,생명공학전공,학생부교과,지역균형,2.52,2.52
2026,인천대학교,생명과학전공,학생부교과,지역균형,2.77,2.77
2026,인천대학교,분자의생명전공,학생부교과,지역균형,2.82,2.82
2026,인천대학교,수학과,학생부교과,지역균형,2.41,2.64
2026,인천대학교,신소재공학과,학생부교과,지역균형,2.51,2.87
2026,인천대학교,안전공학과,학생부교과,지역균형,2.91,2.93
2026,인천대학교,에너지화학공학과,학생부교과,지역균형,2.5,2.92
2026,인천대학교,임베디드시스템공,학생부교과,지역균형,2.77,2.77
2026,인천대학교,전기공학과,학생부교과,지역균형,2.55,2.61
2026,인천대학교,전자공학부,학생부교과,지역균형,2.57,2.58
2026,인천대학교,정보통신공학과,학생부교과,지역균형,2.98,2.98
2026,인천대학교,컴퓨터공학부,학생부교과,지역균형,2.85,3.46
2026,인천대학교,해양학과,학생부교과,지역균형,2.68,2.68
2026,인천대학교,화학과,학생부교과,지역균형,2.86,3.32
2026,인천대학교,환경공학전공,학생부교과,지역균형,3.75,3.75
2026,인천대학교,건설환경공학전공,학생부종합,자기추천,3.79,4.16
2026,인천대학교,기계공학과,학생부종합,자기추천,3.13,3.4
2026,인천대학교,도시건축학부,학생부종합,자기추천,3.2,3.32
2026,인천대학교,도시공학과,학생부종합,자기추천,3.73,3.92
2026,인천대학교,물리학과,학생부종합,자기추천,3.5,3.66
2026,인천대학교,바이오-로봇시스템공,학생부종합,자기추천,3.5,3.48
2026,인천대학교,산업경영공학과,학생부종합,자기추천,3.28,3.41
2026,인천대학교,나노바이오공학전공,학생부종합,자기추천,2.89,3.15
2026,인천대학교,생명공학전공,학생부종합,자기추천,2.63,2.78
2026,인천대학교,생명과학전공,학생부종합,자기추천,2.98,3.03
2026,인천대학교,분자의생명전공,학생부종합,자기추천,2.87,2.92
2026,인천대학교,수학과,학생부종합,자기추천,3.43,3.72
2026,인천대학교,수학교육과,학생부종합,자기추천,2.96,2.96
2026,인천대학교,신소재공학과,학생부종합,자기추천,3.12,3.31
2026,인천대학교,안전공학과,학생부종합,자기추천,3.58,3.68
2026,인천대학교,에너지화학공,학생부종합,자기추천,3.19,2.97
2026,인천대학교,임베디드시스템공,학생부종합,자기추천,3.57,3.49
2026,인천대학교,전기공학과,학생부종합,자기추천,3.31,3.46
2026,인천대학교,전자공학부,학생부종합,자기추천,3.14,3.44
2026,인천대학교,정보통신공학과,학생부종합,자기추천,3.4,3.36
2026,인천대학교,컴퓨터공학부,학생부종합,자기추천,3.1,3.18
2026,인천대학교,해양학과,학생부종합,자기추천,3.33,3.64
2026,인천대학교,화학과,학생부종합,자기추천,3.08,3.2
2026,인천대학교,환경공학전공,학생부종합,자기추천,3.34,3.49
2026,경인교육대학교,초등교육과,학생부종합,교직적성,2.76,2.87
2026,경인교육대학교,초등교육과,학생부교과,학교장추천,2.2,2.17
2026,공주교육대학교,초등교육과,학생부종합,교직적성인재,2.55,2.67
2026,공주교육대학교,초등교육과,학생부종합,지역인재선발,2.88,3.15
2026,광주교육대학교,초등교육과,학생부종합,지역(광주전남)인재,3.61,2.95
2026,광주교육대학교,초등교육과,학생부종합,전남인재,2.55,2.58
2026,광주교육대학교,초등교육과,학생부종합,교직적성우수자(舊Ⅱ),3.01,3.23
2026,광주교육대학교,초등교육과,학생부교과,지역(舊 교직I),3.23,
2026,광주교육대학교,초등교육과,학생부종합,전라남도교육감추천,2.82,3.54
2026,대구교육대학교,초등교육과,학생부종합,대구지역인재,3.43,3.43
2026,대구교육대학교,초등교육과,학생부종합,경북지역인재,2.94,2.94
2026,대구교육대학교,초등교육과,학생부종합,참스승,3.3,3.3
2026,부산교육대학교,초등교육과,학생부종합,지역인재선발,2.59,2.27
2026,부산교육대학교,초등교육과,학생부종합,초등교직적성자,2.79,2.43
2026,서울교육대학교,초등교육과,학생부종합,교직인성우수자,2.2,1.83
2026,서울교육대학교,초등교육과,학생부교과,학교장추천,1.62,1.83
2026,전주교육대학교,초등교육과,학생부종합,교직적성우수자,3.23,2.68
2026,전주교육대학교,초등교육과,학생부종합,지역인재선발,3.37,3.23
2026,진주교육대학교,초등교육과,학생부종합,21세기교직적성자선발,2.37,3.05
2026,진주교육대학교,초등교육과,학생부종합,지역인재선발,2.9,3.35
2026,청주교육대학교,초등교육과,학생부종합,배움나눔인재,2.58,2.69
2026,청주교육대학교,초등교육과,학생부종합,지역충북인재,3.5,3.79
2026,춘천교육대학교,초등교육과,학생부종합,강원교육인재,2.88,3.04
2026,춘천교육대학교,초등교육과,학생부종합,교직적·인성인재,3.58,3.75
2026,한국교원대학교,초등교육과,학생부교과,학생부교과(지역),3.18,4.05
2026,한국교원대학교,초등교육과,학생부종합,학생부종합우수자,1.9,1.98
2026,삼육대학교,경영학과,학생부교과,학교장추천전형,2.92,2.93
2026,삼육대학교,글로벌한국학과,학생부교과,학교장추천전형,3.19,3.19
2026,삼육대학교,보건관리학과,학생부교과,학교장추천전형,2.96,3.09
2026,삼육대학교,사회복지학과,학생부교과,학교장추천전형,3.27,3.27
2026,삼육대학교,상담심리학과,학생부교과,학교장추천전형,3.08,3.08
2026,삼육대학교,영어영문학과,학생부교과,학교장추천전형,3.13,3.18
2026,삼육대학교,유아교육과,학생부교과,학교장추천전형,2.22,2.22
2026,삼육대학교,항공관광외국어학부,학생부교과,학교장추천전형,2.22,2.22
2026,삼육대학교,간호학과,학생부교과,학교장추천전형,1.97,1.98
2026,삼육대학교,건축학과(4년제),학생부교과,학교장추천전형,3.28,3.28
2026,삼육대학교,건축학과(5년제),학생부교과,학교장추천전형,3.05,3.16
2026,삼육대학교,동물자원과학과,학생부교과,학교장추천전형,3.12,3.12
2026,삼육대학교,물리치료학과,학생부교과,학교장추천전형,2.2,2.24
2026,삼육대학교,바이오융합공학과,학생부교과,학교장추천전형,3.01,3.07
2026,삼육대학교,데이터클라우드공학과,학생부교과,학교장추천전형,3.34,3.34
2026,삼육대학교,식품영양학과,학생부교과,학교장추천전형,3.09,3.24
2026,삼육대학교,인공지능융합학부,학생부교과,학교장추천전형,3.13,3.13
2026,삼육대학교,컴퓨터공학부,학생부교과,학교장추천전형,3.89,4.03
2026,삼육대학교,화학생명과학과,학생부교과,학교장추천전형,2.93,3
2026,삼육대학교,환경디자인원예학과,학생부교과,학교장추천전형,3.18,3.25
2026,삼육대학교,경영학과,학생부종합,세움인재전형,3.78,3.99
2026,삼육대학교,글로벌한국학과,학생부종합,세움인재전형,3.61,3.74
2026,삼육대학교,보건관리학과,학생부종합,세움인재전형,3.51,3.51
2026,삼육대학교,사회복지학과,학생부종합,세움인재전형,3.86,4.02
2026,삼육대학교,상담심리학과,학생부종합,세움인재전형,3.44,3.46
2026,삼육대학교,영어영문학과,학생부종합,세움인재전형,3.8,3.89
2026,삼육대학교,유아교육과,학생부종합,세움인재전형,3.94,4.03
2026,삼육대학교,항공관광외국어학부,학생부종합,세움인재전형,4.22,4.37
2026,삼육대학교,간호학과,학생부종합,세움인재전형,2.71,2.81
2026,삼육대학교,건축학과(5년제),학생부종합,세움인재전형,3.57,3.79
2026,삼육대학교,동물자원과학과,학생부종합,세움인재전형,3.18,3.56
2026,삼육대학교,물리치료학과,학생부종합,세움인재전형,2.9,2.97
2026,삼육대학교,바이오융합공학과,학생부종합,세움인재전형,3.75,3.85
2026,삼육대학교,데이터클라우드공학과,학생부종합,세움인재전형,3.87,3.94
2026,삼육대학교,식품영양학과,학생부종합,세움인재전형,3.86,4.33
2026,삼육대학교,인공지능융합학부,학생부종합,세움인재전형,3.68,3.72
2026,삼육대학교,컴퓨터공학부,학생부종합,세움인재전형,3.67,3.67
2026,삼육대학교,화학생명과학과,학생부종합,세움인재전형,3.5,3.78
2026,삼육대학교,환경디자인원예학과,학생부종합,세움인재전형,3.79,3.92
2026,삼육대학교,경영학과,논술,논술우수자전형,,
2026,삼육대학교,글로벌한국학과,논술,논술우수자전형,,
2026,삼육대학교,보건관리학과,논술,논술우수자전형,,
2026,삼육대학교,사회복지학과,논술,논술우수자전형,,
2026,삼육대학교,상담심리학과,논술,논술우수자전형,,
2026,삼육대학교,영어영문학과,논술,논술우수자전형,,
2026,삼육대학교,유아교육과,논술,논술우수자전형,,
2026,삼육대학교,항공관광외국어학부,논술,논술우수자전형,,
2026,삼육대학교,간호학과,논술,논술우수자전형,,
2026,삼육대학교,건축학과(4년제),논술,논술우수자전형,,
2026,삼육대학교,건축학과(5년제),논술,논술우수자전형,,
2026,삼육대학교,동물자원과학과,논술,논술우수자전형,,
2026,삼육대학교,물리치료학과,논술,논술우수자전형,,
2026,삼육대학교,바이오융합공학과,논술,논술우수자전형,,
2026,삼육대학교,빅데이터클라우드공학과,논술,논술우수자전형,,
2026,삼육대학교,식품영양학과,논술,논술우수자전형,,
2026,삼육대학교,인공지능융합학부,논술,논술우수자전형,,
2026,삼육대학교,컴퓨터공학부,논술,논술우수자전형,,
2026,삼육대학교,화학생명과학과,논술,논술우수자전형,,
2026,삼육대학교,환경디자인원예학과,논술,논술우수자전형,,
2026,한성대학교,글로벌패션산업학부,학생부교과,교과우수전형,2.4,2.5
2026,한성대학교,글로벌패션산업학부(야),학생부교과,교과우수전형,2.4,2.5
2026,한성대학교,문학문화콘텐츠학과,학생부교과,교과우수전형,2.14,2.2
2026,한성대학교,문학문화콘텐츠학과(야),학생부교과,교과우수전형,2.45,2.48
2026,한성대학교,미래융합사회과학대학,학생부교과,교과우수전형,2.62,2.29
2026,한성대학교,미래융합사회과학대(야),학생부교과,교과우수전형,2.62,2.29
2026,한성대학교,상상력인재학부 자전,학생부교과,교과우수전형,2.5,2.65
2026,한성대학교,크리에이티브인문학부,학생부교과,교과우수전형,3.36,3.51
2026,한성대학교,크리에이티브인문학부(야),학생부교과,교과우수전형,3.59,3.66
2026,한성대학교,AI응용학과,학생부교과,교과우수전형,2.48,2.51
2026,한성대학교,AI응용학과(야),학생부교과,교과우수전형,2.58,2.66
2026,한성대학교,공과대학(야),학생부교과,교과우수전형,2.46,2.65
2026,한성대학교,"IT공과대학(컴퓨터,기계전자,산업공)",학생부교과,교과우수전형,2.46,2.65
2026,한성대학교,미래모빌리티학과,학생부교과,교과우수전형,2.73,2.83
2026,한성대학교,융합보안학과,학생부교과,교과우수전형,2.59,2.6
2026,한성대학교,글로벌패션산업학부,학생부교과,지역균형전형,2.54,2.76
2026,한성대학교,글로벌패션산업학부(야),학생부교과,지역균형전형,2.54,2.76
2026,한성대학교,뷰티디자인매니지먼트학과,학생부교과,지역균형전형,2.8,
2026,한성대학교,뷰티디자인매니지먼트학과(야),학생부교과,지역균형전형,2.8,
2026,한성대학교,미래융합사회과학대학,학생부교과,지역균형전형,3.4,2.77
2026,한성대학교,사회과학부(야),학생부교과,지역균형전형,3.28,2.89
2026,한성대학교,상상력인재학부 자전,학생부교과,지역균형전형,2.94,3.07
2026,한성대학교,크리에이티브인문학부,학생부교과,지역균형전형,2.87,2.88
2026,한성대학교,크리에이티브인문학부(야),학생부교과,지역균형전형,3.28,3.38
2026,한성대학교,IT공과대학(야),학생부교과,지역균형전형,2.86,2.95
2026,한성대학교,"IT공과대학(컴퓨터,기계전자,산공)",학생부교과,지역균형전형,2.86,2.95
2026,한성대학교,문학문화콘텐츠학과,학생부교과,지역균형전형,2.81,2.85
2026,한성대학교,미래모빌리티학과,학생부교과,지역균형전형,2.94,2.97
2026,한성대학교,글로벌패션산업학부,학생부종합,한성인재전형,3.13,3.48
2026,한성대학교,글로벌패션산업학부(야),학생부종합,한성인재전형,3.13,3.48
2026,한성대학교,뷰티디자인매니지먼트학과,학생부종합,한성인재전형,1.36,1.97
2026,한성대학교,문학문화콘텐츠학과,학생부종합,한성인재전형,3.5,3.65
2026,한성대학교,문학문화콘텐츠학과(야),학생부종합,한성인재전형,3.24,3.64
2026,한성대학교,미래융합사회과학대학,학생부종합,한성인재전형,3.27,3.66
2026,한성대학교,미래융합사회과학대(야),학생부종합,한성인재전형,3.27,3.66
2026,한성대학교,크리에이티브인문학부,학생부종합,한성인재전형,3.39,3.55
2026,한성대학교,크리에이티브인문학부(야),학생부종합,한성인재전형,3.79,3.82
2026,한성대학교,AI응용학과,학생부종합,한성인재전형,3.4,3.58
2026,한성대학교,AI응용학과(야),학생부종합,한성인재전형,3.22,3.74
2026,한성대학교,IT공과대학(야),학생부종합,한성인재전형,3.27,3.77
2026,한성대학교,"IT공과대학(컴퓨터,기계전자,산공)",학생부종합,한성인재전형,3.27,3.77
2026,한성대학교,융합보안학과,학생부종합,한성인재전형,3.52,3.7
2026,을지대학교,간호학과(의정부),학생부종합,EU면접형,2.87,2.77
2026,을지대학교,간호학과(성남),학생부종합,EU면접형,2.87,2.77
2026,을지대학교,임상병리학과(의정부),학생부종합,EU자기추천,3.35,3.33
2026,을지대학교,임상병리학과(성남),학생부종합,EU자기추천,3.35,3.33
2026,을지대학교,안경광학과,학생부종합,EU자기추천,4.68,4.68
2026,을지대학교,응급구조학과,학생부종합,EU자기추천,3.09,3.33
2026,을지대학교,방사선학과,학생부종합,EU자기추천,3.2,3.42
2026,을지대학교,치위생학과,학생부종합,EU자기추천,3.88,3.72
2026,을지대학교,물리치료학과,학생부종합,EU자기추천,3.02,2.83
2026,을지대학교,바이오공학부,학생부종합,EU자기추천,3.35,3.33
2026,을지대학교,빅데이터인공지능전공,학생부종합,EU자기추천,3.35,3.33
2026,을지대학교,자연계열학부,학생부종합,EU자기추천,3.99,4.6
2026,을지대학교,식품생명공학과,학생부종합,EU자기추천,3.35,3.33
2026,을지대학교,의료공학과,학생부종합,EU자기추천,3.35,3.33
2026,을지대학교,식품영양학과,학생부종합,EU자기추천,3.35,3.33
2026,을지대학교,화장품과학과,학생부종합,EU자기추천,3.35,3.33
2026,을지대학교,의료경영학과,학생부종합,EU자기추천,4.3,4.3
2026,을지대학교,인문사회계열 학부,학생부종합,EU자기추천,4.27,4.37
2026,을지대학교,휴먼서비스학부,학생부종합,EU자기추천,3.35,3.33
2026,을지대학교,아동청소년상담,학생부종합,EU자기추천,3.35,3.33
2026,을지대학교,중독상담전공,학생부종합,EU자기추천,3.35,3.33
2026,을지대학교,장례지도학과,학생부종합,EU자기추천,3.35,3.33
2026,을지대학교,간호학과(의정부),학생부종합,EU서류형,2.37,2.9
2026,을지대학교,간호학과(성남),학생부종합,EU서류형,2.37,2.9
2026,을지대학교,임상병리학과(의정부),학생부종합,EU미래인재,3.35,3.33
2026,을지대학교,임상병리학과(성남),학생부종합,EU미래인재,3.35,3.33
2026,을지대학교,물리치료학과,학생부종합,EU미래인재,2.83,3.33
2026,을지대학교,방사선학과,학생부종합,EU미래인재,3.42,3.33
2026,을지대학교,응급구조학과,학생부종합,EU미래인재,3.33,3.33
2026,을지대학교,치위생학과,학생부종합,EU미래인재,3.72,3.33
2026,을지대학교,안경광학과,학생부종합,EU미래인재,4.68,3.33
2026,을지대학교,빅데이터인공지능전공,학생부종합,EU미래인재,3.35,3.33
2026,을지대학교,바이오공학부,학생부종합,EU미래인재,3.35,3.33
2026,을지대학교,휴먼서비스학부,학생부종합,EU미래인재,3.35,3.33
2026,을지대학교,의료경영학과,학생부종합,EU미래인재,4.3,3.33
2026,을지대학교,인문사회계열 학부,학생부종합,EU미래인재,4.37,3.33
2026,을지대학교,중독상담전공,학생부종합,EU미래인재,3.35,3.33
2026,을지대학교,아동청소년상담,학생부종합,EU미래인재,3.35,3.33
2026,을지대학교,장례지도학과,학생부종합,EU미래인재,3.35,3.33
2026,을지대학교,자연계열학부,학생부종합,EU미래인재,4.6,3.33
2026,을지대학교,식품생명공학과,학생부종합,EU미래인재,3.35,3.33
2026,을지대학교,화장품과학과,학생부종합,EU미래인재,3.35,3.33
2026,을지대학교,식품영양학과,학생부종합,EU미래인재,3.35,3.33
2026,을지대학교,의료공학과,학생부종합,EU미래인재,3.35,3.33
2026,을지대학교,자유전공학부 전계열,학생부교과,지역균형,1.35,1.17
2026,을지대학교,의료경영학과,학생부교과,지역균형,3.29,3.3
2026,을지대학교,인문사회계열 학부,학생부교과,지역균형,3.63,3.67
2026,을지대학교,중독상담전공,학생부교과,지역균형,1.35,1.17
2026,을지대학교,아동청소년상담,학생부교과,지역균형,1.35,1.17
2026,을지대학교,휴먼서비스학부,학생부교과,지역균형,1.35,1.17
2026,을지대학교,간호학과(성남),학생부교과,지역균형,1.35,1.17
2026,을지대학교,간호학과(의정부),학생부교과,지역균형,1.35,1.17
2026,을지대학교,물리치료학과,학생부교과,지역균형,2.57,2.59
2026,을지대학교,방사선학과,학생부교과,지역균형,2.23,2.26
2026,을지대학교,임상병리학과(성남),학생부교과,지역균형,1.35,1.17
2026,을지대학교,응급구조학과,학생부교과,지역균형,1.35,1.17
2026,을지대학교,치위생학과,학생부교과,지역균형,1.35,1.17
2026,을지대학교,안경광학과,학생부교과,지역균형,1.35,1.17
2026,을지대학교,빅데이터인공지능전공,학생부교과,지역균형,1.35,1.17
2026,을지대학교,바이오공학부,학생부교과,지역균형,1.35,1.17
2026,을지대학교,자연계열학부,학생부교과,지역균형,3.48,3.55
2026,을지대학교,임상병리학과(의정부),학생부교과,지역균형,1.35,1.17
2026,을지대학교,자유전공학부 전계열,논술,논술우수자,5.5,
2026,을지대학교,간호학과(의정부),논술,논술우수자,3.66,
2026,을지대학교,간호학과(성남),논술,논술우수자,3.66,
2026,을지대학교,임상병리학과,논술,논술우수자,3.98,4.54
2026,을지대학교,안경광학과,논술,논술우수자,6.06,4.69
2026,을지대학교,응급구조학과,논술,논술우수자,5.26,4.1
2026,을지대학교,방사선학과,논술,논술우수자,3.34,5.29
2026,을지대학교,치위생학과,논술,논술우수자,3.94,3.93
2026,을지대학교,물리치료학과,논술,논술우수자,6.02,4.21
2026,을지대학교,의료경영학과,논술,논술우수자,5.86,6.11
2026,을지대학교,자연계열학부,논술,논술우수자,4.87,4.11
2026,을지대학교,인문사회계열 학부,논술,논술우수자,5.42,4.7
2026,을지대학교,임상병리 (의정부),논술,논술우수자,4.12,
2026,강원대학교(강릉),치의예과,학생부교과,학생부교과(지역),1.3,1.37
2026,강원대학교(강릉),치의예과,학생부종합,학생부종합(지역),5.46,5.75
2026,강원대학교(강릉),치의예과,학생부종합,해람인재,5.46,5.75
2026,단국대학교(천안),치의예과,학생부종합,DKU인재(면접형),1.34,1.41
2026,단국대학교(천안),치의예과,논술,논술우수자,,
2026,단국대학교(천안),치의예과,학생부종합,지역바이오메디,4.08,
2026,원광대학교,치의예과,학생부종합,지역인재I(광주전남),1.48,1.57
2026,원광대학교,치의예과,학생부종합,지역인재I(전북),1.86,1.61
2026,원광대학교,치의예과,학생부종합,학생부종합(일반),1.3,1.32
2026,원광대학교,치의예과(인문),학생부종합,학생부종합(일반-인문),1.33,1.33
2026,원광대학교,치의예과,학생부교과,지역인재 전북권,1.41,1.43
2026,원광대학교,치의예과,학생부교과,지역인재 호남권,1.48,1.53
2026,조선대학교,치의예과,학생부교과,학생부교과(일반),1.13,1.14
2026,조선대학교,치의예과,학생부교과,학생부교과(지역),1.46,1.5
2026,조선대학교,치의예과,학생부종합,학생부종합서류,1.45,1.47
2026,조선대학교,치의예과,학생부종합,학생부종합면접,1.34,1.33
2026,대구한의대학교,한의대,학생부교과,학생부교과(일반),1.29,1.46
2026,대구한의대학교,한의대(인문),학생부교과,학생부교과(일반),1.29,1.46
2026,대구한의대학교,한의대,학생부교과,학생부교과(지역),1.29,1.46
2026,대구한의대학교,한의대(인문),학생부교과,학생부교과(지역),1.29,1.46
2026,대구한의대학교,한의대,학생부교과,학생부교과면접,1.29,1.46
2026,대구한의대학교,한의대(인문),학생부교과,학생부교과면접,1.29,1.46
2026,대구한의대학교,한의대,학생부종합,학생부종합(일반),1.92,1.73
2026,대구한의대학교,한의대(인문),학생부종합,학생부종합(일반),1.92,1.73
2026,대구한의대학교,한의대,학생부종합,학생부종합(지역),1.92,1.73
2026,대구한의대학교,한의대(인문),학생부종합,학생부종합(지역),1.92,1.73
2026,대전대학교,한의대,학생부교과,교과면접,1.5,1.48
2026,대전대학교,한의대,학생부교과,교과중점,1.58,1.52
2026,대전대학교,한의대,학생부교과,교과지역인재I,1.37,1.3
2026,대전대학교,한의대,학생부종합,혜화인재,1.1,1
2026,동국대학교(WISE),한의대,학생부종합,참사람,1.6,1.8
2026,동국대학교(WISE),한의대,학생부교과,학생부교과(학업일반),4.6,4.7
2026,동국대학교(WISE),한의대,학생부교과,학생부교과(지역),4.6,4.7
2026,동국대학교(WISE),한의대,학생부종합,학생부종합(지역),2.2,
2026,동신대학교,한의대,학생부교과,학생부교과(일반),7.17,7.02
2026,동신대학교,한의대,학생부교과,학생부교과(지역),1.46,1.38
2026,동의대학교,한의대,학생부교과,일반고교과,1.11,1.11
2026,동의대학교,한의대,학생부종합,학교생활우수자,1.83,1.83
2026,동의대학교,한의대,학생부교과,학생부교과(지역),,
2026,상지대학교,한의대,학생부교과,교과강원인재,2.18,2.18
2026,상지대학교,한의대,학생부종합,종합강원인재,1.63,1.63
2026,상지대학교,한의대,학생부교과,학생부교과(일반),1.13,1.13
2026,상지대학교,한의대,학생부종합,학생부종합(일반),1.57,1.57
2026,세명대학교,한의대,학생부교과,학생부교과(지역),5.4,5.4
2026,세명대학교,한의대,학생부교과,인문계고교,5.4,5.4
2026,세명대학교,한의대,학생부종합,SMU 의료인재,1.7,1.7
2026,우석대학교,한의대,학생부교과,일반학생(교과중심),1.14,1.14
2026,우석대학교,한의대,학생부교과,일반학생(교과면접),1.14,1.14
2026,우석대학교,한의대,학생부교과,학생부교과(지역),1.14,1.14
2026,원광대학교,한의대,학생부종합,지역인재I(광주전남),1.98,1.8
2026,원광대학교,한의대(인문),학생부종합,지역인재I(광주전남-인문),1.98,1.8
2026,원광대학교,한의대,학생부종합,지역인재I(전북),1.98,1.8
2026,원광대학교,한의대(인문),학생부종합,지역인재I(전북-인문),1.98,1.8
2026,원광대학교,한의대,학생부종합,학생부종합(일반),1.48,1.48
2026,원광대학교,한의대(인문),학생부종합,학생부종합(일반-인문),1.48,1.48
2026,경성대학교,약대,학생부교과,일반계고교과,1.38,1.38
2026,경성대학교,약대,학생부교과,지역인재,1.3,1.3
2026,계명대학교,약대,학생부교과,학생부교과(일반),3.93,5.51
2026,계명대학교,약대,학생부교과,교과(면접),3.93,5.51
2026,계명대학교,약대,학생부종합,일반전형,4.47,5.23
2026,계명대학교,약대,학생부종합,학생부종합(지역),4.47,5.23
2026,계명대학교,약대,학생부교과,학생부교과(지역),3.93,5.51
2026,계명대학교,제약학과,학생부교과,학생부교과(일반),3.93,5.51
2026,고려대학교(세종),약대,논술,논술,,
2026,고려대학교(세종),약대,논술,논술지역인재,,
2026,고려대학교(세종),약대,학생부종합,크림슨인재,,
2026,고려대학교(세종),약대,학생부종합,학생부종합(지역),,
2026,단국대학교(천안),약대,학생부종합,DKU인재(면접형),1.4,1.78
2026,단국대학교(천안),약대,학생부종합,지역메디바이오인재,4.08,
2026,대구가톨릭대학교,약대,학생부교과,학생부교과(일반),4.65,4.65
2026,대구가톨릭대학교,약대,학생부종합,지역종합인재,1.74,1.74
2026,대구가톨릭대학교,약대,학생부교과,학생부교과(지역),1.64,1.64
2026,목포대학교,약대,학생부교과,학생부교과(일반),1.666666667,1.6
2026,목포대학교,약대,학생부교과,학생부교과(지역),7.222222222,7.15
2026,목포대학교,약대,학생부종합,학생부종합(지역),7.25,6.66
2026,삼육대학교,약대,학생부종합,세움인재전형,1.53,1.53
2026,삼육대학교,약대,학생부교과,학교장추천전형,1.31,1.31
2026,삼육대학교,약대,학생부교과,재림교회목회자추천,2.22,2.22
2026,순천대학교,약대,학생부교과,교과일반,1.26,
2026,순천대학교,약대,학생부종합,학종일반,,
2026,순천대학교,약대,학생부교과,학생부교과(지역),5.58,5.37
2026,영남대학교,약대,학생부교과,지역인재,1.46,1.45
2026,영남대학교,약대,학생부교과,학생부교과(일반),1.36,1.36
2026,영남대학교,약대,학생부종합,잠재능력우수(지역),,
2026,우석대학교,약대,학생부교과,학생부교과(지역),4.19,3.77
2026,원광대학교,약대,학생부종합,지역인재I(광주전남),1.56,1.67
2026,원광대학교,약대,학생부종합,지역인재I(전북),1.56,1.67
2026,원광대학교,약대,학생부종합,학생부종합(일반),1.41,1.41
2026,인제대학교,약대,학생부교과,의예약학,1.25,1.25
2026,인제대학교,약대,학생부교과,지역인재I,1.27,1.32
2026,인제대학교,약대,학생부교과,지역인재II,1.31,1.16
2026,조선대학교,약대,학생부교과,학생부교과(일반),5.69,5.69
2026,조선대학교,약대,학생부교과,학생부교과(지역),5.69,5.69
2026,조선대학교,약대,학생부종합,학생부종합면접,,
2026,조선대학교,약대,학생부종합,종합서류,,
2026,차의과학대학교,약대,학생부교과,CHA학생부교과,1.32,1.32
2026,차의과학대학교,약대,학생부교과,지역균형선발,1.2,1.2
2026,차의과학대학교,약대,학생부종합,CHA종합,,
2026,DGIST,반도체공학과,학생부종합,반도체공학전형,,
2026,DGIST,단일계열,학생부종합,일반전형,,
2026,DGIST,단일계열,학생부종합,특기자,,
2026,DGIST,단일계열,학생부종합,학교장추천,,
2026,UNIST,이공계열,학생부종합,일반전형,,
2026,UNIST,경영계열,학생부종합,일반전형,,
2026,UNIST,반도체공학과,학생부종합,일반전형,,
2026,UNIST,이공계열,학생부종합,지역인재,,
2026,UNIST,경영계열,학생부종합,지역인재,,
2026,UNIST,이공계열,학생부종합,탐구우수전형,,
2026,GIST,단일계열,학생부종합,일반전형,,
2026,GIST,반도체공학과,학생부종합,일반전형,,
2026,GIST,단일계열,학생부종합,특기자,,
2026,GIST,단일계열,학생부종합,학교장추천,,
2026,KAIST,무학과,학생부종합,일반전형,,
2026,KAIST,반도체시스템공학과,학생부종합,일반전형,,
2026,KAIST,무학과,학생부종합,창의도전,,
2026,KAIST,반도체시스템공학과,학생부종합,창의도전,,
2026,KAIST,무학과,학생부종합,특기자,,
2026,KAIST,무학과,학생부종합,학교장추천,,
2026,KAIST,반도체시스템공학과,학생부종합,학교장추천,,
2026,KENTECH,에너지공학부,학생부종합,일반전형,,
2026,POSTECH,반도체공학과,학생부종합,반도체공학인재I,,
2026,POSTECH,단일계열,학생부종합,일반전형I,,
2026,POSTECH,단일계열,학생부종합,일반전형II,,
2026,POSTECH,단일계열,학생부종합,지역인재,,
2026,강원대학교(춘천),경영대학 무전공,학생부교과,교과(일반),3.8,
2026,강원대학교(춘천),경영·회계학부,학생부교과,교과(일반),3.38,3.73
2026,강원대학교(춘천),경제·정보통계학부,학생부교과,교과(일반),3.51,4.3
2026,강원대학교(강릉),관광경영학과,학생부교과,교과(일반),4.94,5.2
2026,강원대학교(춘천),교육학과,학생부교과,교과(일반),3.8,4.23
2026,강원대학교(춘천),국어교육과,학생부교과,교과(일반),3.54,3.47
2026,강원대학교(춘천),국제무역학과,학생부교과,교과(일반),3.51,4.12
2026,강원대학교(강릉),국어국문,학생부교과,교과(일반),4.57,5.23
2026,강원대학교(춘천),독어독문학과,학생부교과,교과(일반),3.71,4.04
2026,강원대학교(춘천),문화인류학과,학생부교과,교과(일반),3.85,3.9
2026,강원대학교(춘천),미디어커뮤니케이션,학생부교과,교과(일반),3.06,3.63
2026,강원대학교(춘천),부동산학과,학생부교과,교과(일반),3.98,5.05
2026,강원대학교(춘천),사회과학대학자유전공,학생부교과,교과(일반),,
2026,강원대학교(춘천),사회학과,학생부교과,교과(일반),3.42,3.96
2026,강원대학교(춘천),역사교육과,학생부교과,교과(일반),3.39,
2026,강원대학교(춘천),영상문화학과,학생부교과,교과(일반),3.4,3.69
2026,강원대학교(춘천),영어교육과,학생부교과,교과(일반),3.34,4.69
2026,강원대학교(춘천),윤리교육과,학생부교과,교과(일반),3.33,3.12
2026,강원대학교(춘천),인문대학 자유전공,학생부교과,교과(일반),,
2026,강원대학교(춘천),일반사회교육과,학생부교과,교과(일반),3.1,5.36
2026,강원대학교(강릉),자유전공학부(인문),학생부교과,교과(일반),5.02,
2026,강원대학교(춘천),정치외교학과,학생부교과,교과(일반),3.56,3.72
2026,강원대학교(춘천),지리교육과,학생부교과,교과(일반),3.37,3.74
2026,강원대학교(춘천),한문교육과,학생부교과,교과(일반),3.8,4.23
2026,강원대학교(춘천),행정·심리학부,학생부교과,교과(일반),3.32,4.15
2026,강원대학교(춘천),행정학과,학생부교과,교과(일반),3.32,4.15
2026,강원대학교(춘천),AI융합학과,학생부교과,교과(일반),3.71,3.79
2026,강원대학교(춘천),가정교육과,학생부교과,교과(일반),3.43,3.18
2026,강원대학교(원주),간호학과,학생부교과,교과(일반),2.62,3.03
2026,강원대학교(춘천),건축·토목·환경공학부,학생부교과,교과(일반),2.66,3.15
2026,강원대학교(춘천),건축학과(5년제),학생부교과,교과(일반),3.1,3.98
2026,강원대학교(춘천),과학교육학부,학생부교과,교과(일반),3.43,4.3
2026,강원대학교(원주),기계융합공학부,학생부교과,교과(일반),5.28,6.32
2026,강원대학교(춘천),농업생명대 자유전공학과,학생부교과,교과(일반),4.09,
2026,강원대학교(춘천),동물산업융합학과,학생부교과,교과(일반),3.97,4.47
2026,강원대학교(춘천),동물응용과학과,학생부교과,교과(일반),3.83,4.13
2026,강원대학교(춘천),동물생명대 자유전공학과,학생부교과,교과(일반),,
2026,강원대학교(춘천),동물자원과학과,학생부교과,교과(일반),3.94,4.52
2026,강원대학교(춘천),디지털밀리터리학과,학생부교과,교과(일반),4.37,4.54
2026,강원대학교(춘천),목재·종이과학부,학생부교과,교과(일반),2.66,3.15
2026,강원대학교(춘천),문화예술공과대학 자유전공학과,학생부교과,교과(일반),,
2026,강원대학교(춘천),반도체물리학과,학생부교과,교과(일반),3.56,4.2
2026,강원대학교(춘천),배터리융합공학과,학생부교과,교과(일반),4.3,3.92
2026,강원대학교(춘천),분자생명과학과,학생부교과,교과(일반),3.65,3.57
2026,강원대학교(춘천),산림경영학과,학생부교과,교과(일반),3.76,3.95
2026,강원대학교(춘천),생명환경융합학부,학생부교과,교과(일반),3.58,4.17
2026,강원대학교(춘천),생명건강공학과,학생부교과,교과(일반),3.68,4.13
2026,강원대학교(강릉),생명과학과,학생부교과,교과(일반),4.84,5.88
2026,강원대학교(춘천),생물의소재공학과,학생부교과,교과(일반),3.79,4.07
2026,강원대학교(춘천),생물자원과학부,학생부교과,교과(일반),3.78,4.31
2026,강원대학교(춘천),생태조경디자인학과,학생부교과,교과(일반),3.89,3.7
2026,강원대학교(춘천),수의예과,학생부교과,교과(일반),1.28,1.28
2026,강원대학교(춘천),수학과,학생부교과,교과(일반),3.73,4
2026,강원대학교(춘천),수학교육과,학생부교과,교과(일반),2.81,3.15
2026,강원대학교(춘천),약학과,학생부교과,교과(일반),1.15,1.2
2026,강원대학교(춘천),에너지자원·산업공학부,학생부교과,교과(일반),3.8,4.2
2026,강원대학교(춘천),원예·농업자원경제학부,학생부교과,교과(일반),3.98,4.44
2026,강원대학교(춘천),의생명과학대 자유전공학과,학생부교과,교과(일반),,
2026,강원대학교(춘천),자연과학대 자유전공학과,학생부교과,교과(일반),,
2026,강원대학교(강릉),자유전공학부(자연),학생부교과,교과(일반),5.02,
2026,강원대학교(춘천),전기전자공학과,학생부교과,교과(일반),3.35,4.27
2026,강원대학교(춘천),전자공학과,학생부교과,교과(일반),3.52,3.74
2026,강원대학교(춘천),지역건설공학과,학생부교과,교과(일반),4.23,4.36
2026,강원대학교(춘천),지질·지구물리학부,학생부교과,교과(일반),4.2,4.58
2026,강원대학교(원주),컴퓨터공학과,학생부교과,교과(일반),4.16,5.18
2026,강원대학교(춘천),화공·생물공학부,학생부교과,교과(일반),3.33,3.82
2026,강원대학교(춘천),화학·생화학부,학생부교과,교과(일반),3.61,3.86
2026,강원대학교(춘천),환경공학과,학생부교과,교과(일반),3.88,4.33
2026,강원대학교(춘천),경영·회계학부,학생부종합,미래인재서류,3.75,4.2
2026,강원대학교(춘천),경제·정보통계학부,학생부종합,미래인재서류,3.64,4.67
2026,강원대학교(춘천),관광경영학과,학생부종합,미래인재서류,3.71,4.35
2026,강원대학교(춘천),국어국문학과,학생부종합,미래인재서류,4.02,4.43
2026,강원대학교(춘천),국제무역학과,학생부종합,미래인재서류,4.09,4.22
2026,강원대학교(춘천),독어독문학과,학생부종합,미래인재서류,4.02,4.43
2026,강원대학교(춘천),문화인류학과,학생부종합,미래인재서류,3.69,4.86
2026,강원대학교(춘천),미디어커뮤니케이션학과,학생부종합,미래인재서류,3.21,3.33
2026,강원대학교(춘천),불어불문학과,학생부종합,미래인재서류,4.02,4.43
2026,강원대학교(춘천),사학과,학생부종합,미래인재서류,4.02,4.43
2026,강원대학교(춘천),사회학과,학생부종합,미래인재서류,3.85,4.18
2026,강원대학교(춘천),심리학과,학생부종합,미래인재서류,3.31,3.58
2026,강원대학교(춘천),영상문화학과,학생부종합,미래인재서류,3.67,4.46
2026,강원대학교(춘천),영어영문학과,학생부종합,미래인재서류,4.02,4.43
2026,강원대학교(춘천),인문학부,학생부종합,미래인재서류,3.69,4.86
2026,강원대학교(춘천),일본학과,학생부종합,미래인재서류,4.02,4.43
2026,강원대학교(춘천),자유전공학부(인문),학생부종합,미래인재서류,3.35,3.81
2026,강원대학교(춘천),정치외교학과,학생부종합,미래인재서류,4.04,4.26
2026,강원대학교(춘천),중어중문학과,학생부종합,미래인재서류,4.02,4.43
2026,강원대학교(춘천),철학과,학생부종합,미래인재서류,4.02,4.43
2026,강원대학교(춘천),행정·심리학부,학생부종합,미래인재서류,3.31,3.58
2026,강원대학교(춘천),행정학과,학생부종합,미래인재서류,3.31,3.58
2026,강원대학교(춘천),AI융합학과,학생부종합,미래인재서류,4.03,4.28
2026,강원대학교(춘천),간호학과,학생부종합,미래인재서류,2.85,2.91
2026,강원대학교(춘천),건축·토목·환경공학부,학생부종합,미래인재서류,2.85,2.91
2026,강원대학교(춘천),건축공학과,학생부종합,미래인재서류,3.85,4.55
2026,강원대학교(춘천),건축학과(5년제),학생부종합,미래인재서류,3,3.47
2026,강원대학교(춘천),기계융합공학부,학생부종합,미래인재서류,3.93,4.69
2026,강원대학교(춘천),동물산업융합학과,학생부종합,미래인재서류,4.52,5.05
2026,강원대학교(춘천),동물응용과학과,학생부종합,미래인재서류,4.36,4.93
2026,강원대학교(춘천),동물자원과학과,학생부종합,미래인재서류,4.25,4.5
2026,강원대학교(춘천),디지털밀리터리학과,학생부종합,미래인재서류,4.26,5.17
2026,강원대학교(춘천),목재·종이과학부,학생부종합,미래인재서류,2.85,2.91
2026,강원대학교(춘천),바이오산업공학부,학생부종합,미래인재서류,5.18,5.07
2026,강원대학교(춘천),반도체물리학과,학생부종합,미래인재서류,4.14,4.51
2026,강원대학교(춘천),배터리융합공학과,학생부종합,미래인재서류,4.06,4.65
2026,강원대학교(춘천),분자생명과학과,학생부종합,미래인재서류,3.78,4.09
2026,강원대학교(춘천),산림경영학과,학생부종합,미래인재서류,3.86,3.98
2026,강원대학교(춘천),산림과학부,학생부종합,미래인재서류,3.86,3.98
2026,강원대학교(춘천),산림바이오소재공학과,학생부종합,미래인재서류,5.18,5.07
2026,강원대학교(춘천),산림자원학과,학생부종합,미래인재서류,3.86,3.98
2026,강원대학교(춘천),산림환경보호학과,학생부종합,미래인재서류,3.86,3.98
2026,강원대학교(춘천),생명·환경융합학부,학생부종합,미래인재서류,4.41,4.74
2026,강원대학교(춘천),생명건강공학과,학생부종합,미래인재서류,3.86,4.26
2026,강원대학교(춘천),생명과학과,학생부종합,미래인재서류,4.15,3.39
2026,강원대학교(춘천),생물의소재공학과,학생부종합,미래인재서류,3.69,4.5
2026,강원대학교(춘천),생물자원과학부,학생부종합,미래인재서류,4.4,4.63
2026,강원대학교(춘천),생태조경디자인학과,학생부종합,미래인재서류,3.84,4.71
2026,강원대학교(춘천),수의예과,학생부종합,미래인재서류,1.55,1.69
2026,강원대학교(춘천),수학과,학생부종합,미래인재서류,4.05,4.23
2026,강원대학교(춘천),스마트산업공학과,학생부종합,미래인재서류,4.12,4.99
2026,강원대학교(춘천),스마트팜융합바이오시스템공학,학생부종합,미래인재서류,5,4.43
2026,강원대학교(춘천),식품생명공학과,학생부종합,미래인재서류,3.74,4.43
2026,강원대학교(춘천),식품자원경제학과,학생부종합,미래인재서류,4.29,6.09
2026,강원대학교(춘천),에너지자원공학과,학생부종합,미래인재서류,4.23,4.99
2026,강원대학교(춘천),원예·농업자원경제학부,학생부종합,미래인재서류,4.29,6.09
2026,강원대학교(춘천),원예학과,학생부종합,미래인재서류,4.29,6.09
2026,강원대학교(춘천),의생명공학과,학생부종합,미래인재서류,3.98,3.78
2026,강원대학교(춘천),의생명시스템과학과,학생부종합,미래인재서류,3.98,3.78
2026,강원대학교(춘천),의생명융합학부,학생부종합,미래인재서류,3.98,3.78
2026,강원대학교(춘천),자유전공학부(자연),학생부종합,미래인재서류,3.35,3.81
2026,강원대학교(춘천),전기전자공학과,학생부종합,미래인재서류,3.79,4.6
2026,강원대학교(춘천),전자공학과,학생부종합,미래인재서류,3.78,4.35
2026,강원대학교(춘천),지역건설공학과,학생부종합,미래인재서류,4.54,5.11
2026,강원대학교(춘천),지질·지구물리학부,학생부종합,미래인재서류,4.3,4.85
2026,강원대학교(춘천),컴퓨터공학과,학생부종합,미래인재서류,3.58,3.53
2026,강원대학교(춘천),토목공학과,학생부종합,미래인재서류,3.85,4.55
2026,강원대학교(춘천),펄프제지공학과,학생부종합,미래인재서류,5.18,5.07
2026,강원대학교(춘천),화공·생물공학부,학생부종합,미래인재서류,3.51,3.87
2026,강원대학교(춘천),화학·생화학부,학생부종합,미래인재서류,4.06,3.87
2026,강원대학교(춘천),환경공학과,학생부종합,미래인재서류,3.85,4.55
2026,강원대학교(춘천),경영·회계학부,학생부종합,미래인재II(면접),3.81,4.15
2026,강원대학교(춘천),경제·정보통계학부,학생부종합,미래인재II(면접),3.94,4.67
2026,강원대학교(춘천),관광경영학과,학생부종합,미래인재II(면접),4.53,3.64
2026,강원대학교(춘천),교육학과,학생부종합,미래인재II(면접),3.14,3.41
2026,강원대학교(춘천),국어교육과,학생부종합,미래인재II(면접),3.06,3.35
2026,강원대학교(춘천),국어국문학과,학생부종합,미래인재II(면접),4.17,4.46
2026,강원대학교(춘천),국제무역학과,학생부종합,미래인재II(면접),3.97,4.24
2026,강원대학교(춘천),독어독문학과,학생부종합,미래인재II(면접),4.17,4.46
2026,강원대학교(춘천),문화인류학과,학생부종합,미래인재II(면접),,
2026,강원대학교(춘천),미디어커뮤니케이션학과,학생부종합,미래인재II(면접),3.26,3.76
2026,강원대학교(춘천),불어불문학과,학생부종합,미래인재II(면접),4.17,4.46
2026,강원대학교(춘천),사학과,학생부종합,미래인재II(면접),4.17,4.46
2026,강원대학교(춘천),사회학과,학생부종합,미래인재II(면접),4.01,4.55
2026,강원대학교(춘천),역사교육과,학생부종합,미래인재II(면접),2.82,2.41
2026,강원대학교(춘천),영상문화학과,학생부종합,미래인재II(면접),4.24,4.84
2026,강원대학교(춘천),영어교육과,학생부종합,미래인재II(면접),3.51,3.75
2026,강원대학교(춘천),영어영문학과,학생부종합,미래인재II(면접),4.17,4.46
2026,강원대학교(춘천),윤리교육과,학생부종합,미래인재II(면접),3.01,3.18
2026,강원대학교(춘천),인문학부,학생부종합,미래인재II(면접),,
2026,강원대학교(춘천),일반사회교육과,학생부종합,미래인재II(면접),4.24,3.12
2026,강원대학교(춘천),일본학과,학생부종합,미래인재II(면접),4.17,4.46
2026,강원대학교(춘천),자유전공학부(인문),학생부종합,미래인재II(면접),,
2026,강원대학교(춘천),정치외교학과,학생부종합,미래인재II(면접),3.96,3.7
2026,강원대학교(춘천),중어중문학과,학생부종합,미래인재II(면접),4.17,4.46
2026,강원대학교(춘천),철학과,학생부종합,미래인재II(면접),4.17,4.46
2026,강원대학교(춘천),한문교육과,학생부종합,미래인재II(면접),3.97,4.93
2026,강원대학교(춘천),행정·심리학부,학생부종합,미래인재II(면접),3.6,3.46
2026,강원대학교(춘천),행정학과,학생부종합,미래인재II(면접),3.6,3.46
2026,강원대학교(춘천),AI융합학과,학생부종합,미래인재II(면접),3.84,3.26
2026,강원대학교(춘천),간호학과,학생부종합,미래인재II(면접),2.78,3.02
2026,강원대학교(춘천),건축·토목·환경공학부,학생부종합,미래인재II(면접),2.85,2.91
2026,강원대학교(춘천),건축공학과,학생부종합,미래인재II(면접),4.1,5.07
2026,강원대학교(춘천),건축학과(5년제),학생부종합,미래인재II(면접),3.2,3.78
2026,강원대학교(춘천),과학교육학부,학생부종합,미래인재II(면접),3.65,3.27
2026,강원대학교(춘천),기계융합공학부,학생부종합,미래인재II(면접),4.23,4.51
2026,강원대학교(춘천),동물산업융합학과,학생부종합,미래인재II(면접),4.71,5.98
2026,강원대학교(춘천),동물응용과학과,학생부종합,미래인재II(면접),4.88,5.95
2026,강원대학교(춘천),동물자원과학과,학생부종합,미래인재II(면접),4.59,5.12
2026,강원대학교(춘천),디지털밀리터리학과,학생부종합,미래인재II(면접),4.55,3.79
2026,강원대학교(춘천),목재·종이과학부,학생부종합,미래인재II(면접),2.85,2.91
2026,강원대학교(춘천),반도체물리학과,학생부종합,미래인재II(면접),5.9,3.94
2026,강원대학교(춘천),배터리융합공학과,학생부종합,미래인재II(면접),4.06,4.6
2026,강원대학교(춘천),분자생명과학과,학생부종합,미래인재II(면접),3.98,3.88
2026,강원대학교(춘천),산림경영학과,학생부종합,미래인재II(면접),4.32,4.65
2026,강원대학교(춘천),산림바이오소재공학과,학생부종합,미래인재II(면접),6.04,6.12
2026,강원대학교(춘천),산림자원학과,학생부종합,미래인재II(면접),4.32,4.65
2026,강원대학교(춘천),산림환경보호학과,학생부종합,미래인재II(면접),4.32,4.65
2026,강원대학교(춘천),생명·환경융합학부,학생부종합,미래인재II(면접),4.41,5.04
2026,강원대학교(춘천),생명건강공학과,학생부종합,미래인재II(면접),3.9,4.45
2026,강원대학교(춘천),생명과학과,학생부종합,미래인재II(면접),3.38,4.04
2026,강원대학교(춘천),생물의소재공학과,학생부종합,미래인재II(면접),4.04,4.96
2026,강원대학교(춘천),생물자원과학부,학생부종합,미래인재II(면접),4.38,5.12
2026,강원대학교(춘천),생태조경디자인학과,학생부종합,미래인재II(면접),4.79,4.87
2026,강원대학교(춘천),수학과,학생부종합,미래인재II(면접),4.41,3.73
2026,강원대학교(춘천),수학교육과,학생부종합,미래인재II(면접),3.36,3.2
2026,강원대학교(춘천),스마트산업공학과,학생부종합,미래인재II(면접),4.95,4.91
2026,강원대학교(춘천),스마트팜융합바이오시스템공학과,학생부종합,미래인재II(면접),4.13,4.46
2026,강원대학교(춘천),식품생명공학과,학생부종합,미래인재II(면접),3.83,4.46
2026,강원대학교(춘천),식품자원경제학과,학생부종합,미래인재II(면접),4.45,5.02
2026,강원대학교(춘천),약학과,학생부종합,미래인재II(면접),1.33,1.35
2026,강원대학교(춘천),에너지자원공학과,학생부종합,미래인재II(면접),4.32,4.91
2026,강원대학교(춘천),원예·농업자원경제학부,학생부종합,미래인재II(면접),4.45,5.02
2026,강원대학교(춘천),원예학과,학생부종합,미래인재II(면접),4.45,5.02
2026,강원대학교(춘천),의생명공학과,학생부종합,미래인재II(면접),3.69,4.28
2026,강원대학교(춘천),의생명시스템과학과,학생부종합,미래인재II(면접),3.69,4.28
2026,강원대학교(춘천),의생명융합학부,학생부종합,미래인재II(면접),3.69,4.28
2026,강원대학교(춘천),자유전공학부(자연),학생부종합,미래인재II(면접),,
2026,강원대학교(춘천),전기전자공학과,학생부종합,미래인재II(면접),4.13,4.4
2026,강원대학교(춘천),전자공학과,학생부종합,미래인재II(면접),4.16,4.21
2026,강원대학교(춘천),지역건설공학과,학생부종합,미래인재II(면접),4.86,5.28
2026,강원대학교(춘천),지질·지구물리학부,학생부종합,미래인재II(면접),4.94,5.08
2026,강원대학교(춘천),컴퓨터공학과,학생부종합,미래인재II(면접),3.69,4.23
2026,강원대학교(춘천),토목공학과,학생부종합,미래인재II(면접),4.1,5.07
2026,강원대학교(춘천),화공·생물공학부,학생부종합,미래인재II(면접),3.9,4.21
2026,강원대학교(춘천),화학·생화학부,학생부종합,미래인재II(면접),3.99,4.46
2026,강원대학교(춘천),환경공학과,학생부종합,미래인재II(면접),4.1,5.07
2026,강원대학교(원주),간호학과,학생부교과,지역인재,4.53,5.12
2026,강원대학교(춘천),수의예과,학생부교과,지역인재,2.66,3.15
2026,강원대학교(춘천),약학과,학생부교과,지역인재,2.66,3.15
2026,경북대학교,[유형2] 경상대학 자율학부,논술,논술(AAT),4.04,4.05
2026,경북대학교,[유형2] 사회과학대학 자율학부,논술,논술(AAT),4.04,4.05
2026,경북대학교,[유형2] 인문대학 자율학부,논술,논술(AAT),4.04,4.05
2026,경북대학교,경영학부,논술,논술(AAT),4,4.29
2026,경북대학교,경제통상학부,논술,논술(AAT),3.85,4.07
2026,경북대학교,고고인류학과,논술,논술(AAT),3.92,3.92
2026,경북대학교,국어교육과,논술,논술(AAT),4.04,4.05
2026,경북대학교,국어국문학과,논술,논술(AAT),4.62,5.21
2026,경북대학교,노어노문학과,논술,논술(AAT),4.04,4.05
2026,경북대학교,독어독문학과,논술,논술(AAT),4.38,4.38
2026,경북대학교,문헌정보학과,논술,논술(AAT),3.83,3.83
2026,경북대학교,미디어커뮤니케이션학과,논술,논술(AAT),3.86,3.86
2026,경북대학교,불어불문학과,논술,논술(AAT),4.04,4.05
2026,경북대학교,사학과,논술,논술(AAT),4.04,4.05
2026,경북대학교,사회복지학부,논술,논술(AAT),4.04,4.05
2026,경북대학교,사회학과,논술,논술(AAT),4.04,4.05
2026,경북대학교,심리학과,논술,논술(AAT),4.04,4.05
2026,경북대학교,아동학부,논술,논술(AAT),4.04,4.05
2026,경북대학교,영어영문학과,논술,논술(AAT),3.7,3.74
2026,경북대학교,일어일문학과,논술,논술(AAT),4.04,4.05
2026,경북대학교,정치외교학과,논술,논술(AAT),4.04,4.05
2026,경북대학교,중어중문학과,논술,논술(AAT),4.04,4.05
2026,경북대학교,지리학과,논술,논술(AAT),4.35,4.35
2026,경북대학교,철학과,논술,논술(AAT),4.08,4.08
2026,경북대학교,한문학과,논술,논술(AAT),4.04,4.05
2026,경북대학교,행정학부,논술,논술(AAT),2.84,2.84
2026,경북대학교,[유형2] IT 첨단자율학부,논술,논술(AAT),4.04,4.05
2026,경북대학교,[유형2] IT대학 자율학부,논술,논술(AAT),4.04,4.05
2026,경북대학교,[유형2] 공과대학 자율학부,논술,논술(AAT),4.04,4.05
2026,경북대학교,[유형2] 공학 첨단자율학부,논술,논술(AAT),4.04,4.05
2026,경북대학교,[유형2] 자연과학대학 자율학부,논술,논술(AAT),4.04,4.05
2026,경북대학교,[유형2] 첨단기술융합대학 자율학부1,논술,논술(AAT),4.04,4.05
2026,경북대학교,[유형2] 첨단기술융합대학 자율학부2,논술,논술(AAT),4.04,4.05
2026,경북대학교,간호학과,논술,논술(AAT),3.57,4.1
2026,경북대학교,건축공학전공,논술,논술(AAT),4.04,4.05
2026,경북대학교,건축학전공,논술,논술(AAT),4.04,4.05
2026,경북대학교,고분자공학과,논술,논술(AAT),4.21,4.44
2026,경북대학교,금속재료공학과,논술,논술(AAT),4.42,4.54
2026,경북대학교,기계공학부,논술,논술(AAT),4.21,4.61
2026,경북대학교,농업토목공학과,논술,논술(AAT),4.04,4.05
2026,경북대학교,물리학과,논술,논술(AAT),4.21,4.41
2026,경북대학교,바이오섬유소재학과,논술,논술(AAT),4.04,4.05
2026,경북대학교,산림과학·조경학부,논술,논술(AAT),4.04,4.05
2026,경북대학교,섬유시스템공학과,논술,논술(AAT),4.72,5.11
2026,경북대학교,수의예과,논술,논술(AAT),2.6,2.79
2026,경북대학교,수학과,논술,논술(AAT),3.56,4.05
2026,경북대학교,수학교육과,논술,논술(AAT),3.24,3.37
2026,경북대학교,스마트생물산업기계공학과,논술,논술(AAT),4.04,4.05
2026,경북대학교,식물의학과,논술,논술(AAT),4.04,4.05
2026,경북대학교,식품공학부,논술,논술(AAT),4.44,4.45
2026,경북대학교,식품자원경제학과,논술,논술(AAT),4.04,4.05
2026,경북대학교,신소재공학과,논술,논술(AAT),3.49,3.85
2026,경북대학교,약학과,논술,논술(AAT),4.04,4.05
2026,경북대학교,에너지공학부,논술,논술(AAT),3.56,3.89
2026,경북대학교,응용생명과학부,논술,논술(AAT),4.04,4.05
2026,경북대학교,응용화학공학부,논술,논술(AAT),4.04,4.05
2026,경북대학교,의예과,논술,논술(AAT),2.7,2.7
2026,경북대학교,인공지능전공,논술,논술(AAT),4.04,4.05
2026,경북대학교,인공지능컴퓨팅전공,논술,논술(AAT),4.04,4.05
2026,경북대학교,전기공학과,논술,논술(AAT),3.28,3.65
2026,경북대학교,전자공학부,논술,논술(AAT),3.54,3.75
2026,경북대학교,지구시스템과학부,논술,논술(AAT),4.04,4.05
2026,경북대학교,치의예과,논술,논술(AAT),4.04,4.05
2026,경북대학교,토목공학과,논술,논술(AAT),3.91,4.8
2026,경북대학교,통계학과,논술,논술(AAT),4.01,4.13
2026,경북대학교,화학과,논술,논술(AAT),3.62,3.9
2026,경북대학교,환경공학과,논술,논술(AAT),3.78,4.33
2026,경북대학교,[유형1] 자율전공학부,논술,논술(AAT),4.04,4.05
2026,경북대학교,전자공학부 모바일공학전공[계약학과],논술,"논술(AAT, 정원외)",4.04,4.05
2026,경북대학교,심화컴퓨팅전공,논술,논술(AAT),4.04,4.05
2026,경북대학교,첨단컴퓨팅연구전공,논술,논술(AAT),4.04,4.05
2026,경북대학교,[유형2] 경상대학 자율학부,학생부교과,교과우수자,3.26,3.26
2026,경북대학교,[유형2] 사회과학대학 자율학부,학생부교과,교과우수자,2.66,2.66
2026,경북대학교,[유형2] 인문대학 자율학부,학생부교과,교과우수자,3.33,3.33
2026,경북대학교,경영학부,학생부교과,교과우수자,2.46,2.64
2026,경북대학교,경제통상학부,학생부교과,교과우수자,2.71,2.86
2026,경북대학교,고고인류학과,학생부교과,교과우수자,2.96,2.98
2026,경북대학교,국어교육과,학생부교과,교과우수자,2.53,2.56
2026,경북대학교,국어국문학과,학생부교과,교과우수자,2.57,2.58
2026,경북대학교,노어노문학과,학생부교과,교과우수자,3.24,3.24
2026,경북대학교,독어교육전공,학생부교과,교과우수자,2.79,2.79
2026,경북대학교,독어독문학과,학생부교과,교과우수자,3.25,3.28
2026,경북대학교,문헌정보학과,학생부교과,교과우수자,3.01,3.11
2026,경북대학교,미디어커뮤니케이션학과,학생부교과,교과우수자,2.09,2.16
2026,경북대학교,불어불문학과,학생부교과,교과우수자,3.71,3.84
2026,경북대학교,사학과,학생부교과,교과우수자,2.85,3.04
2026,경북대학교,사회복지학부,학생부교과,교과우수자,2.76,2.76
2026,경북대학교,사회학과,학생부교과,교과우수자,2.6,2.64
2026,경북대학교,식품자원경제학과,학생부교과,교과우수자,2.62,2.81
2026,경북대학교,심리학과,학생부교과,교과우수자,2.13,2.32
2026,경북대학교,역사교육과,학생부교과,교과우수자,2.28,2.28
2026,경북대학교,영어교육과,학생부교과,교과우수자,2.6,2.9
2026,경북대학교,영어영문학과,학생부교과,교과우수자,2.83,2.89
2026,경북대학교,윤리교육과,학생부교과,교과우수자,2.21,2.33
2026,경북대학교,일반사회교육과,학생부교과,교과우수자,2.42,2.55
2026,경북대학교,일어일문학과,학생부교과,교과우수자,2.9,2.95
2026,경북대학교,정치외교학과,학생부교과,교과우수자,2.29,2.41
2026,경북대학교,중어중문학과,학생부교과,교과우수자,3.76,3.97
2026,경북대학교,지리교육과,학생부교과,교과우수자,2.57,2.57
2026,경북대학교,지리학과,학생부교과,교과우수자,2.71,2.72
2026,경북대학교,철학과,학생부교과,교과우수자,2.79,2.95
2026,경북대학교,한문학과,학생부교과,교과우수자,3.1,3.11
2026,경북대학교,행정학부,학생부교과,교과우수자,2.66,2.79
2026,경북대학교,[유형2] IT 첨단자율학부,학생부교과,교과우수자,3.97,
2026,경북대학교,[유형2] IT대학 자율학부,학생부교과,교과우수자,4.43,4.43
2026,경북대학교,[유형2] 공과대학 자율학부,학생부교과,교과우수자,3.04,3.04
2026,경북대학교,[유형2] 공학 첨단자율학부,학생부교과,교과우수자,3.23,3.23
2026,경북대학교,[유형2] 농업생명과학대학 자율학부,학생부교과,교과우수자,3.28,3.28
2026,경북대학교,[유형2] 자연과학대학 자율학부,학생부교과,교과우수자,2.99,2.99
2026,경북대학교,[유형2] 첨단기술융합대학 자율학부1,학생부교과,교과우수자,3.21,3.21
2026,경북대학교,[유형2] 첨단기술융합대학 자율학부2,학생부교과,교과우수자,3.63,3.63
2026,경북대학교,가정교육과,학생부교과,교과우수자,2.65,3.28
2026,경북대학교,간호학과,학생부교과,교과우수자,1.85,1.9
2026,경북대학교,건축공학전공,학생부교과,교과우수자,3.09,2.92
2026,경북대학교,건축학전공,학생부교과,교과우수자,2.58,2.95
2026,경북대학교,고분자공학과,학생부교과,교과우수자,2.45,2.47
2026,경북대학교,금속재료공학과,학생부교과,교과우수자,2.57,2.6
2026,경북대학교,기계공학부,학생부교과,교과우수자,2.29,2.41
2026,경북대학교,농업토목공학과,학생부교과,교과우수자,3.08,3.16
2026,경북대학교,물리교육과,학생부교과,교과우수자,3.3,3.32
2026,경북대학교,물리학과,학생부교과,교과우수자,2.78,2.82
2026,경북대학교,바이오섬유소재학과,학생부교과,교과우수자,2.99,3.03
2026,경북대학교,산림과학·조경학부,학생부교과,교과우수자,3.15,3.526
2026,경북대학교,생명공학부,학생부교과,교과우수자,1.95,2.04
2026,경북대학교,생물교육과,학생부교과,교과우수자,2.2,2.22
2026,경북대학교,생물학과,학생부교과,교과우수자,2.4,2.46
2026,경북대학교,섬유시스템공학과,학생부교과,교과우수자,2.87,2.98
2026,경북대학교,수의예과,학생부교과,교과우수자,1.28,1.29
2026,경북대학교,수학과,학생부교과,교과우수자,2.2,2.2
2026,경북대학교,수학교육과,학생부교과,교과우수자,2.35,2.41
2026,경북대학교,스마트생물산업기계공학과,학생부교과,교과우수자,3,3.09
2026,경북대학교,식물의학과,학생부교과,교과우수자,3.15,3.16
2026,경북대학교,식품공학부,학생부교과,교과우수자,2.49,2.63
2026,경북대학교,식품영양학과,학생부교과,교과우수자,2.82,2.97
2026,경북대학교,신소재공학과,학생부교과,교과우수자,2.26,2.34
2026,경북대학교,심화컴퓨팅전공,학생부교과,교과우수자,2.96,2.96
2026,경북대학교,아동학부,학생부교과,교과우수자,3.14,3.15
2026,경북대학교,약학과,학생부교과,교과우수자,1.22,1.22
2026,경북대학교,에너지공학부,학생부교과,교과우수자,2.52,2.58
2026,경북대학교,원예과학과,학생부교과,교과우수자,3.26,3.29
2026,경북대학교,응용생명과학부,학생부교과,교과우수자,2.95,2.95
2026,경북대학교,응용화학공학부,학생부교과,교과우수자,1.89,1.75
2026,경북대학교,의류학과,학생부교과,교과우수자,3,3.19
2026,경북대학교,인공지능전공,학생부교과,교과우수자,3.94,2.67
2026,경북대학교,인공지능컴퓨팅전공,학생부교과,교과우수자,2.96,2.96
2026,경북대학교,전기공학과,학생부교과,교과우수자,2.37,2.5
2026,경북대학교,전자공학부,학생부교과,교과우수자,2.12,2.2
2026,경북대학교,정보·컴퓨터교육과,학생부교과,교과우수자,3.8,3.8
2026,경북대학교,지구과학교육과,학생부교과,교과우수자,2.37,2.55
2026,경북대학교,지구시스템과학부,학생부교과,교과우수자,2.92,2.92
2026,경북대학교,첨단컴퓨팅연구전공,학생부교과,교과우수자,2.96,2.96
2026,경북대학교,치의예과,학생부교과,교과우수자,1.3,1.3
2026,경북대학교,토목공학과,학생부교과,교과우수자,2.68,2.77
2026,경북대학교,통계학과,학생부교과,교과우수자,2.15,2.22
2026,경북대학교,화학과,학생부교과,교과우수자,2.33,2.34
2026,경북대학교,화학교육과,학생부교과,교과우수자,2.59,2.59
2026,경북대학교,환경공학과,학생부교과,교과우수자,2.54,2.57
2026,경북대학교,체육교육과,학생부교과,교과우수자,2.45,2.45
2026,경북대학교,[유형1] 자율전공학부,학생부교과,교과우수자,2.96,2.96
2026,경북대학교,인공지능컴퓨팅전공,학생부종합,학생부종합(SW특별),4.09,3.89
2026,경북대학교,전자공학부 모바일공학전공[계약학과],학생부종합,"모바일과학인재,정원외",2.32,2.84
2026,경북대학교,[유형2] 경상대학 자율학부,학생부종합,학생부종합(일반학생),3.65,
2026,경북대학교,[유형2] 사회과학대학 자율학부,학생부종합,학생부종합(일반학생),3.91,
2026,경북대학교,[유형2] 인문대학 자율학부,학생부종합,학생부종합(일반학생),3.81,
2026,경북대학교,경영학부,학생부종합,학생부종합(일반학생),3.61,3.74
2026,경북대학교,경제통상학부,학생부종합,학생부종합(일반학생),3.58,3.89
2026,경북대학교,고고인류학과,학생부종합,학생부종합(일반학생),3.75,3.75
2026,경북대학교,교육학과,학생부종합,학생부종합(일반학생),3.32,3.41
2026,경북대학교,국어교육과,학생부종합,학생부종합(일반학생),3.07,3.68
2026,경북대학교,국어국문학과,학생부종합,학생부종합(일반학생),3.76,3.83
2026,경북대학교,노어노문학과,학생부종합,학생부종합(일반학생),5.13,5.31
2026,경북대학교,독어독문학과,학생부종합,학생부종합(일반학생),4.59,5.55
2026,경북대학교,문헌정보학과,학생부종합,학생부종합(일반학생),3.79,3.99
2026,경북대학교,미디어커뮤니케이션학과,학생부종합,학생부종합(일반학생),3.52,3.82
2026,경북대학교,불어불문학과,학생부종합,학생부종합(일반학생),4.22,4.46
2026,경북대학교,사학과,학생부종합,학생부종합(일반학생),3.75,4.17
2026,경북대학교,사회복지학부,학생부종합,학생부종합(일반학생),4.01,3.77
2026,경북대학교,사회학과,학생부종합,학생부종합(일반학생),3.55,4.73
2026,경북대학교,식품자원경제학과,학생부종합,학생부종합(일반학생),3.67,3.67
2026,경북대학교,심리학과,학생부종합,학생부종합(일반학생),3.25,3.78
2026,경북대학교,역사교육과,학생부종합,학생부종합(일반학생),2.85,3.54
2026,경북대학교,영어교육과,학생부종합,학생부종합(일반학생),3.15,3.49
2026,경북대학교,영어영문학과,학생부종합,학생부종합(일반학생),3.86,4.32
2026,경북대학교,윤리교육과,학생부종합,학생부종합(일반학생),3.4,3.41
2026,경북대학교,일반사회교육과,학생부종합,학생부종합(일반학생),2.66,2.78
2026,경북대학교,일어일문학과,학생부종합,학생부종합(일반학생),5.43,5.55
2026,경북대학교,정치외교학과,학생부종합,학생부종합(일반학생),3.4,3.55
2026,경북대학교,중어중문학과,학생부종합,학생부종합(일반학생),4.82,5.4
2026,경북대학교,지리교육과,학생부종합,학생부종합(일반학생),3.62,4.29
2026,경북대학교,지리학과,학생부종합,학생부종합(일반학생),3.65,4.02
2026,경북대학교,철학과,학생부종합,학생부종합(일반학생),3.88,3.96
2026,경북대학교,한문학과,학생부종합,학생부종합(일반학생),4.37,5.08
2026,경북대학교,행정학부,학생부종합,학생부종합(일반학생),3.34,3.42
2026,경북대학교,[유형2] IT 첨단자율학부,학생부종합,학생부종합(일반학생),3.42,
2026,경북대학교,[유형2] IT대학 자율학부,학생부종합,학생부종합(일반학생),3.17,
2026,경북대학교,[유형2] 공과대학 자율학부,학생부종합,학생부종합(일반학생),3.41,
2026,경북대학교,[유형2] 공학 첨단자율학부,학생부종합,학생부종합(일반학생),3.63,
2026,경북대학교,[유형2] 농업생명과학대학 자율학부,학생부종합,학생부종합(일반학생),3.72,
2026,경북대학교,[유형2] 자연과학대학 자율학부,학생부종합,학생부종합(일반학생),3.19,
2026,경북대학교,[유형2] 첨단기술융합대학 자율학부1,학생부종합,학생부종합(일반학생),3.64,
2026,경북대학교,[유형2] 첨단기술융합대학 자율학부2,학생부종합,학생부종합(일반학생),2.46,
2026,경북대학교,가정교육과,학생부종합,학생부종합(일반학생),3.47,3.53
2026,경북대학교,간호학과,학생부종합,학생부종합(일반학생),3.56,3.77
2026,경북대학교,건축공학전공,학생부종합,학생부종합(일반학생),4.45,3.96
2026,경북대학교,건축학전공,학생부종합,학생부종합(일반학생),3.95,3.8
2026,경북대학교,고분자공학과,학생부종합,학생부종합(일반학생),3.52,3.76
2026,경북대학교,금속재료공학과,학생부종합,학생부종합(일반학생),4.06,4.27
2026,경북대학교,기계공학부,학생부종합,학생부종합(일반학생),4.62,4.78
2026,경북대학교,농업토목공학과,학생부종합,학생부종합(일반학생),4.61,4.61
2026,경북대학교,물리교육과,학생부종합,학생부종합(일반학생),3.12,3.14
2026,경북대학교,물리학과,학생부종합,학생부종합(일반학생),4,4.24
2026,경북대학교,바이오섬유소재학과,학생부종합,학생부종합(일반학생),4.52,4.52
2026,경북대학교,산림과학·조경학부,학생부종합,학생부종합(일반학생),4.13,3.98
2026,경북대학교,생명공학부,학생부종합,학생부종합(일반학생),3.34,3.65
2026,경북대학교,생물교육과,학생부종합,학생부종합(일반학생),3.55,4.01
2026,경북대학교,생물학과,학생부종합,학생부종합(일반학생),3.83,4.2
2026,경북대학교,섬유시스템공학과,학생부종합,학생부종합(일반학생),4.73,4.73
2026,경북대학교,수의예과,학생부종합,학생부종합(일반학생),1.57,1.66
2026,경북대학교,수학과,학생부종합,학생부종합(일반학생),4.09,4.12
2026,경북대학교,수학교육과,학생부종합,학생부종합(일반학생),2.46,2.76
2026,경북대학교,스마트생물산업기계공학과,학생부종합,학생부종합(일반학생),4.49,4.49
2026,경북대학교,식물의학과,학생부종합,학생부종합(일반학생),4.42,4.42
2026,경북대학교,식품공학부,학생부종합,학생부종합(일반학생),3.74,3.96
2026,경북대학교,식품영양학과,학생부종합,학생부종합(일반학생),3.81,4.29
2026,경북대학교,신소재공학과,학생부종합,학생부종합(일반학생),3.16,3.5
2026,경북대학교,아동학부,학생부종합,학생부종합(일반학생),4.23,4.32
2026,경북대학교,에너지공학부,학생부종합,학생부종합(일반학생),3.56,3.88
2026,경북대학교,응용생명과학부,학생부종합,학생부종합(일반학생),4.21,3.76
2026,경북대학교,응용화학공학부,학생부종합,학생부종합(일반학생),2.93,2.89
2026,경북대학교,의류학과,학생부종합,학생부종합(일반학생),3.95,4.31
2026,경북대학교,의예과,학생부종합,학생부종합(일반학생),1.41,1.45
2026,경북대학교,인공지능전공,학생부종합,학생부종합(일반학생),3.96,3.58
2026,경북대학교,인공지능컴퓨팅전공,학생부종합,학생부종합(일반학생),4.09,3.89
2026,경북대학교,전기공학과,학생부종합,학생부종합(일반학생),3.17,3.55
2026,경북대학교,전자공학부,학생부종합,학생부종합(일반학생),3.18,3.63
2026,경북대학교,정보·컴퓨터교육과,학생부종합,학생부종합(일반학생),3.93,
2026,경북대학교,지구과학교육과,학생부종합,학생부종합(일반학생),3.79,4.9
2026,경북대학교,지구시스템과학부,학생부종합,학생부종합(일반학생),3.91,3.82
2026,경북대학교,치의예과,학생부종합,학생부종합(일반학생),1.57,1.63
2026,경북대학교,토목공학과,학생부종합,학생부종합(일반학생),4.37,4.52
2026,경북대학교,통계학과,학생부종합,학생부종합(일반학생),3.5,4.05
2026,경북대학교,화학과,학생부종합,학생부종합(일반학생),3.63,3.87
2026,경북대학교,화학교육과,학생부종합,학생부종합(일반학생),3.53,3.53
2026,경북대학교,환경공학과,학생부종합,학생부종합(일반학생),3.21,3.4
2026,경북대학교,체육교육과,학생부종합,학생부종합(일반학생),3.74,3.82
2026,경북대학교,[유형1] 자율전공학부,학생부종합,학생부종합(일반학생),4.09,3.89
2026,경북대학교,[유형2] 경상대학 자율학부,학생부교과,교과(지역인재),3.21,
2026,경북대학교,경영학부,학생부교과,교과(지역인재),2.51,2.55
2026,경북대학교,경제통상학부,학생부교과,교과(지역인재),2.86,2.97
2026,경북대학교,국어교육과,학생부교과,교과(지역인재),2.02,2.35
2026,경북대학교,사회복지학부,학생부교과,교과(지역인재),3.03,4.09
2026,경북대학교,심리학과,학생부교과,교과(지역인재),,
2026,경북대학교,영어영문학과,학생부교과,교과(지역인재),2.68,2.75
2026,경북대학교,일어일문학과,학생부교과,교과(지역인재),,
2026,경북대학교,행정학부,학생부교과,교과(지역인재),3.46,3.55
2026,경북대학교,[유형2] IT 첨단자율학부,학생부교과,교과(지역인재),3.02,
2026,경북대학교,[유형2] IT대학 자율학부,학생부교과,교과(지역인재),4.32,
2026,경북대학교,[유형2] 공과대학 자율학부,학생부교과,교과(지역인재),2.92,3.38
2026,경북대학교,[유형2] 공학 첨단자율학부,학생부교과,교과(지역인재),3.22,3.45
2026,경북대학교,[유형2] 농업생명과학대학 자율학부,학생부교과,교과(지역인재),3.4,3.83
2026,경북대학교,[유형2] 자연과학대학 자율학부,학생부교과,교과(지역인재),3.13,3.72
2026,경북대학교,[유형2] 첨단기술융합대학 자율학부1,학생부교과,교과(지역인재),3.24,4.27
2026,경북대학교,[유형2] 첨단기술융합대학 자율학부2,학생부교과,교과(지역인재),3.24,4.27
2026,경북대학교,간호학과,학생부교과,교과(지역인재),2.07,2.15
2026,경북대학교,건축공학전공,학생부교과,교과(지역인재),4.5,
2026,경북대학교,건축학전공,학생부교과,교과(지역인재),2.55,
2026,경북대학교,금속재료공학과,학생부교과,교과(지역인재),2.71,2.73
2026,경북대학교,기계공학부,학생부교과,교과(지역인재),2.41,2.47
2026,경북대학교,산림과학·조경학부,학생부교과,교과(지역인재),3.35,3.13
2026,경북대학교,생물학과,학생부교과,교과(지역인재),2.46,2.49
2026,경북대학교,섬유시스템공학과,학생부교과,교과(지역인재),3.11,3.15
2026,경북대학교,수의예과,학생부교과,교과(지역인재),1.51,1.56
2026,경북대학교,수학과,학생부교과,교과(지역인재),3.65,
2026,경북대학교,식물의학과,학생부교과,교과(지역인재),3.08,3.13
2026,경북대학교,식품공학부,학생부교과,교과(지역인재),2.86,2.88
2026,경북대학교,심화컴퓨팅전공,학생부교과,교과(지역인재),2.96,2.96
2026,경북대학교,아동학부,학생부교과,교과(지역인재),2.91,2.91
2026,경북대학교,응용생명과학부,학생부교과,교과(지역인재),3.08,3.17
2026,경북대학교,의예과,학생부교과,교과(지역인재),1.11,1.15
2026,경북대학교,인공지능전공,학생부교과,교과(지역인재),3.34,2.75
2026,경북대학교,인공지능컴퓨팅전공,학생부교과,교과(지역인재),2.96,2.96
2026,경북대학교,전기공학과,학생부교과,교과(지역인재),2.76,2.84
2026,경북대학교,전자공학부,학생부교과,교과(지역인재),2.04,2.13
2026,경북대학교,첨단컴퓨팅연구전공,학생부교과,교과(지역인재),2.96,2.96
2026,경북대학교,치의예과,학생부교과,교과(지역인재),1.4,1.49
2026,경북대학교,토목공학과,학생부교과,교과(지역인재),2.97,3.05
2026,경북대학교,통계학과,학생부교과,교과(지역인재),2.34,2.43
2026,경북대학교,환경공학과,학생부교과,교과(지역인재),2.62,2.68
2026,경북대학교,[유형1] 자율전공학부,학생부교과,교과(지역인재),2.96,2.96
2026,경북대학교,경영학부,학생부종합,학생부종합(지역인재),3.01,3.28
2026,경북대학교,경제통상학부,학생부종합,학생부종합(지역인재),2.97,3.25
2026,경북대학교,국어국문학과,학생부종합,학생부종합(지역인재),2.98,3
2026,경북대학교,노어노문학과,학생부종합,학생부종합(지역인재),4.09,3.89
2026,경북대학교,독어교육전공,학생부종합,학생부종합(지역인재),4.09,3.89
2026,경북대학교,사학과,학생부종합,학생부종합(지역인재),3.91,3.92
2026,경북대학교,사회복지학부,학생부종합,학생부종합(지역인재),4.09,3.89
2026,경북대학교,행정학부,학생부종합,학생부종합(지역인재),2.94,2.94
2026,경북대학교,[유형2] 공과대학 자율학부,학생부종합,학생부종합(지역인재),4.09,3.89
2026,경북대학교,[유형2] 공학 첨단자율학부,학생부종합,학생부종합(지역인재),4.09,3.89
2026,경북대학교,[유형2] 농업생명과학대학 자율학부,학생부종합,학생부종합(지역인재),4.09,3.89
2026,경북대학교,[유형2] 자연과학대학 자율학부,학생부종합,학생부종합(지역인재),4.09,3.89
2026,경북대학교,[유형2] 첨단기술융합대학 자율학부1,학생부종합,학생부종합(지역인재),4.09,3.89
2026,경북대학교,[유형2] 첨단기술융합대학 자율학부2,학생부종합,학생부종합(지역인재),4.09,3.89
2026,경북대학교,가정교육과,학생부종합,학생부종합(지역인재),4.09,3.89
2026,경북대학교,간호학과,학생부종합,학생부종합(지역인재),2.61,2.85
2026,경북대학교,건축공학전공,학생부종합,학생부종합(지역인재),4.09,3.89
2026,경북대학교,건축학전공,학생부종합,학생부종합(지역인재),4.09,3.89
2026,경북대학교,고분자공학과,학생부종합,학생부종합(지역인재),2.81,3.11
2026,경북대학교,기계공학부,학생부종합,학생부종합(지역인재),4.81,5.79
2026,경북대학교,물리교육과,학생부종합,학생부종합(지역인재),4.09,3.89
2026,경북대학교,물리학과,학생부종합,학생부종합(지역인재),4.01,4.32
2026,경북대학교,산림과학·조경학부,학생부종합,학생부종합(지역인재),4.09,3.89
2026,경북대학교,생명공학부,학생부종합,학생부종합(지역인재),2.61,2.84
2026,경북대학교,생물교육과,학생부종합,학생부종합(지역인재),4.09,3.89
2026,경북대학교,수의예과,학생부종합,학생부종합(지역인재),1.57,1.66
2026,경북대학교,식품공학부,학생부종합,학생부종합(지역인재),2.98,3.06
2026,경북대학교,신소재공학과,학생부종합,학생부종합(지역인재),2.96,3.33
2026,경북대학교,아동학부,학생부종합,학생부종합(지역인재),4.15,4.15
2026,경북대학교,약학과,학생부종합,학생부종합(지역인재),1.69,1.73
2026,경북대학교,응용생명과학부,학생부종합,학생부종합(지역인재),4.09,3.89
2026,경북대학교,응용화학공학부,학생부종합,학생부종합(지역인재),4.09,3.89
2026,경북대학교,의예과,학생부종합,학생부종합(지역인재),1.29,1.45
2026,경북대학교,인공지능전공,학생부종합,학생부종합(지역인재),4.09,3.89
2026,경북대학교,인공지능컴퓨팅전공,학생부종합,학생부종합(지역인재),4.09,3.89
2026,경북대학교,전자공학부,학생부종합,학생부종합(지역인재),2.76,2.85
2026,경북대학교,지구과학교육과,학생부종합,학생부종합(지역인재),4.09,3.89
2026,경북대학교,지구시스템과학부,학생부종합,학생부종합(지역인재),4.09,3.89
2026,경북대학교,치의예과,학생부종합,학생부종합(지역인재),1.97,2.07
2026,경북대학교,화학과,학생부종합,학생부종합(지역인재),2.32,2.73
2026,경북대학교,화학교육과,학생부종합,학생부종합(지역인재),3.12,3.26
2026,경북대학교,치의예과,학생부종합,지역인재학교장추천,1.31,
2026,충남대학교,국토안보학전공(남),학생부교과,교과(국가안보융합-국토안보학),3.44,4.56
2026,충남대학교,국토안보학전공(여),학생부교과,교과(국가안보융합-국토안보학),3.44,4.56
2026,충남대학교,해양안보학전공(남),학생부교과,"교과(국가안보융합-해양안보학, 정원외)",2.95,3.54
2026,충남대학교,해양안보학전공(여),학생부교과,"교과(국가안보융합-해양안보학, 정원외)",2.95,3.54
2026,충남대학교,[유형2] 인문사회융합학부,학생부교과,교과(일반),2.95,3.54
2026,충남대학교,경영학부,학생부교과,교과(일반),2.82,3.15
2026,충남대학교,경제학과,학생부교과,교과(일반),2.77,2.8
2026,충남대학교,고고학과,학생부교과,교과(일반),2.99,3.1
2026,충남대학교,공공안전융합전공,학생부교과,교과(일반),2.86,2.86
2026,충남대학교,교육학과,학생부교과,교과(일반),2.72,2.78
2026,충남대학교,국사학과,학생부교과,교과(일반),2.78,2.84
2026,충남대학교,국어교육과,학생부교과,교과(일반),2.13,2.25
2026,충남대학교,국어국문학과,학생부교과,교과(일반),3.02,3.08
2026,충남대학교,국제학부,학생부교과,교과(일반),3.1,3.33
2026,충남대학교,도시·자치융합학과,학생부교과,교과(일반),2.95,3.54
2026,충남대학교,독어독문학과,학생부교과,교과(일반),3.07,3.13
2026,충남대학교,리더십과조직과학전공,학생부교과,교과(일반),3.32,3.39
2026,충남대학교,무역학과,학생부교과,교과(일반),2.88,3
2026,충남대학교,문헌정보학과,학생부교과,교과(일반),3.23,3.36
2026,충남대학교,문화와사회융합전공,학생부교과,교과(일반),3.08,3.1
2026,충남대학교,불어불문학과,학생부교과,교과(일반),3.13,3.2
2026,충남대학교,사학과,학생부교과,교과(일반),2.98,3.02
2026,충남대학교,사회복지학과,학생부교과,교과(일반),2.8,2.83
2026,충남대학교,사회학과,학생부교과,교과(일반),2.7,2.84
2026,충남대학교,심리학과,학생부교과,교과(일반),4.07,4.25
2026,충남대학교,언론정보학과,학생부교과,교과(일반),3.81,4.35
2026,충남대학교,언어학과,학생부교과,교과(일반),2.94,2.96
2026,충남대학교,영어교육과,학생부교과,교과(일반),2.62,2.65
2026,충남대학교,영어영문학과,학생부교과,교과(일반),2.83,2.95
2026,충남대학교,일어일문학과,학생부교과,교과(일반),3.58,3.61
2026,충남대학교,정치외교학과,학생부교과,교과(일반),2.61,2.74
2026,충남대학교,중어중문학과,학생부교과,교과(일반),3.09,3.1
2026,충남대학교,철학과,학생부교과,교과(일반),2.87,2.92
2026,충남대학교,한문학과,학생부교과,교과(일반),3.04,3.12
2026,충남대학교,행정학부,학생부교과,교과(일반),2.49,2.59
2026,충남대학교,[유형2] 공학융합학부,학생부교과,교과(일반),2.95,3.54
2026,충남대학교,[유형2] 농생명융합학부,학생부교과,교과(일반),2.95,3.54
2026,충남대학교,[유형2] 자연과학융합학부,학생부교과,교과(일반),2.95,3.54
2026,충남대학교,간호학과,학생부교과,교과(일반),1.89,1.98
2026,충남대학교,건설공학교육과,학생부교과,교과(일반),3.26,3.31
2026,충남대학교,건축학과(5년제),학생부교과,교과(일반),2.95,3.54
2026,충남대학교,기계공학교육과,학생부교과,교과(일반),3.31,3.34
2026,충남대학교,기계공학부,학생부교과,교과(일반),2.45,2.48
2026,충남대학교,기술교육과,학생부교과,교과(일반),2.64,3.31
2026,충남대학교,메카트로닉스공학과,학생부교과,교과(일반),2.72,2.74
2026,충남대학교,물리학과,학생부교과,교과(일반),2.94,3.01
2026,충남대학교,미생물·분자생명과학과,학생부교과,교과(일반),2.95,3.54
2026,충남대학교,반도체융합학과,학생부교과,교과(일반),2.5,2.55
2026,충남대학교,생명정보융합학과,학생부교과,교과(일반),2.24,2.34
2026,충남대학교,생물과학과,학생부교과,교과(일반),2.22,2.31
2026,충남대학교,생화학과,학생부교과,교과(일반),2.33,2.47
2026,충남대학교,소비자학과,학생부교과,교과(일반),2.84,2.88
2026,충남대학교,수의예과,학생부교과,교과(일반),1.21,1.23
2026,충남대학교,수학과,학생부교과,교과(일반),2.94,2.98
2026,충남대학교,수학교육과,학생부교과,교과(일반),2.25,2.33
2026,충남대학교,스마트시티건축공학과,학생부교과,교과(일반),3,3.11
2026,충남대학교,식품영양학과,학생부교과,교과(일반),2.7,2.76
2026,충남대학교,신소재공학과,학생부교과,교과(일반),2.39,2.42
2026,충남대학교,약학과,학생부교과,교과(일반),1.23,1.24
2026,충남대학교,에너지공학과,학생부교과,교과(일반),2.66,2.7
2026,충남대학교,유기재료공학과,학생부교과,교과(일반),2.69,2.76
2026,충남대학교,응용화학공학과,학생부교과,교과(일반),2.14,2.21
2026,충남대학교,의류학과,학생부교과,교과(일반),3.12,3.17
2026,충남대학교,의예과,학생부교과,교과(일반),1.05,1.05
2026,충남대학교,자율운항시스템공학과,학생부교과,교과(일반),2.9,2.99
2026,충남대학교,전기·전자·통신공학교육과,학생부교과,교과(일반),2.95,3.54
2026,충남대학교,전기공학과,학생부교과,교과(일반),2.19,2.25
2026,충남대학교,전자공학과,학생부교과,교과(일반),1.93,1.98
2026,충남대학교,정보통계학과,학생부교과,교과(일반),2.7,2.73
2026,충남대학교,정보통신융합학부,학생부교과,교과(일반),2.78,2.82
2026,충남대학교,지질환경과학과,학생부교과,교과(일반),2.98,3.07
2026,충남대학교,천문우주과학과,학생부교과,교과(일반),2.44,2.73
2026,충남대학교,컴퓨터인공지능학부,학생부교과,교과(일반),2.95,3.54
2026,충남대학교,토목공학과,학생부교과,교과(일반),2.76,2.84
2026,충남대학교,항공우주공학과,학생부교과,교과(일반),2.46,2.52
2026,충남대학교,해양환경과학과,학생부교과,교과(일반),3.03,3.06
2026,충남대학교,화학공학교육과,학생부교과,교과(일반),3.05,3.05
2026,충남대학교,화학과,학생부교과,교과(일반),2.47,2.58
2026,충남대학교,환경공학과,학생부교과,교과(일반),2.4,2.43
2026,충남대학교,[유형1] 자율전공융합학부,학생부교과,교과(일반),2.95,3.54
2026,충남대학교,경영학부,학생부종합,학생부종합Ⅰ(서류),2.97,3.14
2026,충남대학교,경제학과,학생부종합,학생부종합Ⅰ(서류),2.9,2.97
2026,충남대학교,고고학과,학생부종합,학생부종합Ⅰ(서류),3.63,3.71
2026,충남대학교,공공안전융합전공,학생부종합,학생부종합Ⅰ(서류),3.06,3.06
2026,충남대학교,국사학과,학생부종합,학생부종합Ⅰ(서류),3.34,3.37
2026,충남대학교,국어국문학과,학생부종합,학생부종합Ⅰ(서류),3.2,3.46
2026,충남대학교,국제학부,학생부종합,학생부종합Ⅰ(서류),3.38,3.39
2026,충남대학교,국토안보학전공,학생부종합,학생부종합Ⅰ(서류),4.33,4.53
2026,충남대학교,도시·자치융합학과,학생부종합,학생부종합Ⅰ(서류),3.21,3.43
2026,충남대학교,독어독문학과,학생부종합,학생부종합Ⅰ(서류),3.95,3.97
2026,충남대학교,리더십과조직과학전공,학생부종합,학생부종합Ⅰ(서류),3.96,3.97
2026,충남대학교,무역학과,학생부종합,학생부종합Ⅰ(서류),3.42,3.52
2026,충남대학교,문헌정보학과,학생부종합,학생부종합Ⅰ(서류),3.17,3.25
2026,충남대학교,문화와사회융합전공,학생부종합,학생부종합Ⅰ(서류),3.43,3.58
2026,충남대학교,불어불문학과,학생부종합,학생부종합Ⅰ(서류),3.91,4.83
2026,충남대학교,사학과,학생부종합,학생부종합Ⅰ(서류),3.33,3.39
2026,충남대학교,사회복지학과,학생부종합,학생부종합Ⅰ(서류),3.04,3.19
2026,충남대학교,사회학과,학생부종합,학생부종합Ⅰ(서류),3.27,3.3
2026,충남대학교,언론정보학과,학생부종합,학생부종합Ⅰ(서류),2.83,2.83
2026,충남대학교,언어학과,학생부종합,학생부종합Ⅰ(서류),3.92,3.98
2026,충남대학교,영어영문학과,학생부종합,학생부종합Ⅰ(서류),3.4,3.6
2026,충남대학교,일어일문학과,학생부종합,학생부종합Ⅰ(서류),4.14,4.67
2026,충남대학교,정치외교학과,학생부종합,학생부종합Ⅰ(서류),3.18,3.41
2026,충남대학교,중어중문학과,학생부종합,학생부종합Ⅰ(서류),3.23,3.47
2026,충남대학교,철학과,학생부종합,학생부종합Ⅰ(서류),3.96,4
2026,충남대학교,한문학과,학생부종합,학생부종합Ⅰ(서류),3.74,3.74
2026,충남대학교,행정학부,학생부종합,학생부종합Ⅰ(서류),2.83,2.84
2026,충남대학교,간호학과,학생부종합,학생부종합Ⅰ(서류),2.48,2.51
2026,충남대학교,건축학과(5년제),학생부종합,학생부종합Ⅰ(서류),3.13,2.88
2026,충남대학교,기계공학부,학생부종합,학생부종합Ⅰ(서류),2.9,2.99
2026,충남대학교,메카트로닉스공학과,학생부종합,학생부종합Ⅰ(서류),3.29,3.39
2026,충남대학교,물리학과,학생부종합,학생부종합Ⅰ(서류),3.52,3.71
2026,충남대학교,반도체융합학과,학생부종합,학생부종합Ⅰ(서류),3.19,3.29
2026,충남대학교,생명정보융합학과,학생부종합,학생부종합Ⅰ(서류),2.77,2.79
2026,충남대학교,생화학과,학생부종합,학생부종합Ⅰ(서류),2.63,2.67
2026,충남대학교,소비자학과,학생부종합,학생부종합Ⅰ(서류),3.41,3.54
2026,충남대학교,수의예과,학생부종합,학생부종합Ⅰ(서류),1.48,1.55
2026,충남대학교,수학과,학생부종합,학생부종합Ⅰ(서류),3.79,3.84
2026,충남대학교,스마트시티건축공학과,학생부종합,학생부종합Ⅰ(서류),3.3,3.35
2026,충남대학교,식품영양학과,학생부종합,학생부종합Ⅰ(서류),2.91,3.05
2026,충남대학교,신소재공학과,학생부종합,학생부종합Ⅰ(서류),2.87,2.97
2026,충남대학교,약학과,학생부종합,학생부종합Ⅰ(서류),1.51,1.53
2026,충남대학교,에너지공학과,학생부종합,학생부종합Ⅰ(서류),2.95,3.04
2026,충남대학교,유기재료공학과,학생부종합,학생부종합Ⅰ(서류),3.13,3.24
2026,충남대학교,응용화학공학과,학생부종합,학생부종합Ⅰ(서류),2.52,2.57
2026,충남대학교,의류학과,학생부종합,학생부종합Ⅰ(서류),3.34,3.36
2026,충남대학교,의예과,학생부종합,학생부종합Ⅰ(서류),1.14,1.15
2026,충남대학교,자율운항시스템공학과,학생부종합,학생부종합Ⅰ(서류),3.38,3.48
2026,충남대학교,전기공학과,학생부종합,학생부종합Ⅰ(서류),2.93,3.05
2026,충남대학교,전자공학과,학생부종합,학생부종합Ⅰ(서류),2.62,2.74
2026,충남대학교,정보통계학과,학생부종합,학생부종합Ⅰ(서류),2.53,2.53
2026,충남대학교,정보통신융합학부,학생부종합,학생부종합Ⅰ(서류),3.47,3.51
2026,충남대학교,지질환경과학과,학생부종합,학생부종합Ⅰ(서류),3.59,3.65
2026,충남대학교,천문우주과학과,학생부종합,학생부종합Ⅰ(서류),2.75,2.79
2026,충남대학교,컴퓨터인공지능학부,학생부종합,학생부종합Ⅰ(서류),2.78,2.99
2026,충남대학교,토목공학과,학생부종합,학생부종합Ⅰ(서류),3.53,3.61
2026,충남대학교,항공우주공학과,학생부종합,학생부종합Ⅰ(서류),3.29,3.39
2026,충남대학교,해양환경과학과,학생부종합,학생부종합Ⅰ(서류),3.48,3.53
2026,충남대학교,화학과,학생부종합,학생부종합Ⅰ(서류),2.86,3
2026,충남대학교,환경공학과,학생부종합,학생부종합Ⅰ(서류),2.51,2.59
2026,충남대학교,경영학부,학생부종합,학생부종합Ⅰ(일반),2.97,3.14
2026,충남대학교,경제학과,학생부종합,학생부종합Ⅰ(일반),2.9,2.97
2026,충남대학교,고고학과,학생부종합,학생부종합Ⅰ(일반),3.63,3.71
2026,충남대학교,공공안전융합전공,학생부종합,학생부종합Ⅰ(일반),3.06,3.06
2026,충남대학교,교육학과,학생부종합,학생부종합Ⅰ(일반),3.37,3.42
2026,충남대학교,국사학과,학생부종합,학생부종합Ⅰ(일반),3.34,3.37
2026,충남대학교,국어교육과,학생부종합,학생부종합Ⅰ(일반),2.79,2.79
2026,충남대학교,국어국문학과,학생부종합,학생부종합Ⅰ(일반),3.2,3.46
2026,충남대학교,도시·자치융합학과,학생부종합,학생부종합Ⅰ(일반),3.6,3.5
2026,충남대학교,독어독문학과,학생부종합,학생부종합Ⅰ(일반),3.95,3.97
2026,충남대학교,리더십과조직과학전공,학생부종합,학생부종합Ⅰ(일반),3.96,3.97
2026,충남대학교,무역학과,학생부종합,학생부종합Ⅰ(일반),3.42,3.52
2026,충남대학교,문헌정보학과,학생부종합,학생부종합Ⅰ(일반),3.17,3.25
2026,충남대학교,문화와사회융합전공,학생부종합,학생부종합Ⅰ(일반),3.43,3.58
2026,충남대학교,불어불문학과,학생부종합,학생부종합Ⅰ(일반),3.91,4.83
2026,충남대학교,사학과,학생부종합,학생부종합Ⅰ(일반),3.33,3.39
2026,충남대학교,사회복지학과,학생부종합,학생부종합Ⅰ(일반),3.04,3.19
2026,충남대학교,사회학과,학생부종합,학생부종합Ⅰ(일반),3.27,3.3
2026,충남대학교,심리학과,학생부종합,학생부종합Ⅰ(일반),3.1,3.22
2026,충남대학교,언론정보학과,학생부종합,학생부종합Ⅰ(일반),2.83,2.83
2026,충남대학교,언어학과,학생부종합,학생부종합Ⅰ(일반),3.92,3.98
2026,충남대학교,영어교육과,학생부종합,학생부종합Ⅰ(일반),3.34,3.53
2026,충남대학교,영어영문학과,학생부종합,학생부종합Ⅰ(일반),3.4,3.6
2026,충남대학교,일어일문학과,학생부종합,학생부종합Ⅰ(일반),4.14,4.67
2026,충남대학교,정치외교학과,학생부종합,학생부종합Ⅰ(일반),3.18,3.41
2026,충남대학교,중어중문학과,학생부종합,학생부종합Ⅰ(일반),3.23,3.47
2026,충남대학교,철학과,학생부종합,학생부종합Ⅰ(일반),3.96,4
2026,충남대학교,한문학과,학생부종합,학생부종합Ⅰ(일반),3.74,3.74
2026,충남대학교,행정학부,학생부종합,학생부종합Ⅰ(일반),2.83,2.84
2026,충남대학교,간호학과,학생부종합,학생부종합Ⅰ(일반),2.48,2.51
2026,충남대학교,건설공학교육과,학생부종합,학생부종합Ⅰ(일반),4.07,4.09
2026,충남대학교,건축학과(5년제),학생부종합,학생부종합Ⅰ(일반),2.84,2.98
2026,충남대학교,기계공학교육과,학생부종합,학생부종합Ⅰ(일반),4.04,4.05
2026,충남대학교,기계공학부,학생부종합,학생부종합Ⅰ(일반),2.9,2.99
2026,충남대학교,기술교육과,학생부종합,학생부종합Ⅰ(일반),3.27,3.42
2026,충남대학교,메카트로닉스공학과,학생부종합,학생부종합Ⅰ(일반),3.29,3.39
2026,충남대학교,물리학과,학생부종합,학생부종합Ⅰ(일반),3.52,3.71
2026,충남대학교,미생물·분자생명과학과,학생부종합,학생부종합Ⅰ(일반),2.95,2.82
2026,충남대학교,반도체융합학과,학생부종합,학생부종합Ⅰ(일반),3.19,3.29
2026,충남대학교,생명정보융합학과,학생부종합,학생부종합Ⅰ(일반),2.77,2.79
2026,충남대학교,생물과학과,학생부종합,학생부종합Ⅰ(일반),2.51,2.56
2026,충남대학교,생화학과,학생부종합,학생부종합Ⅰ(일반),2.63,2.67
2026,충남대학교,소비자학과,학생부종합,학생부종합Ⅰ(일반),3.41,3.54
2026,충남대학교,수의예과,학생부종합,학생부종합Ⅰ(일반),1.48,1.55
2026,충남대학교,수학과,학생부종합,학생부종합Ⅰ(일반),3.79,3.84
2026,충남대학교,수학교육과,학생부종합,학생부종합Ⅰ(일반),2.52,2.52
2026,충남대학교,스마트시티건축공학과,학생부종합,학생부종합Ⅰ(일반),3.3,3.35
2026,충남대학교,식품영양학과,학생부종합,학생부종합Ⅰ(일반),2.91,3.05
2026,충남대학교,신소재공학과,학생부종합,학생부종합Ⅰ(일반),2.87,2.97
2026,충남대학교,에너지공학과,학생부종합,학생부종합Ⅰ(일반),2.95,3.04
2026,충남대학교,유기재료공학과,학생부종합,학생부종합Ⅰ(일반),3.13,3.24
2026,충남대학교,응용화학공학과,학생부종합,학생부종합Ⅰ(일반),2.52,2.57
2026,충남대학교,의류학과,학생부종합,학생부종합Ⅰ(일반),3.34,3.36
2026,충남대학교,의예과,학생부종합,학생부종합Ⅰ(일반),1.14,1.15
2026,충남대학교,자율운항시스템공학과,학생부종합,학생부종합Ⅰ(일반),3.38,3.48
2026,충남대학교,전기·전자·통신공학교육과,학생부종합,학생부종합Ⅰ(일반),3.85,4.13
2026,충남대학교,전기공학과,학생부종합,학생부종합Ⅰ(일반),2.93,3.05
2026,충남대학교,전자공학과,학생부종합,학생부종합Ⅰ(일반),2.62,2.74
2026,충남대학교,정보통계학과,학생부종합,학생부종합Ⅰ(일반),2.53,2.53
2026,충남대학교,정보통신융합학부,학생부종합,학생부종합Ⅰ(일반),3.47,3.51
2026,충남대학교,지질환경과학과,학생부종합,학생부종합Ⅰ(일반),3.59,3.65
2026,충남대학교,천문우주과학과,학생부종합,학생부종합Ⅰ(일반),2.75,2.79
2026,충남대학교,컴퓨터인공지능학부,학생부종합,학생부종합Ⅰ(일반),2.78,2.67
2026,충남대학교,토목공학과,학생부종합,학생부종합Ⅰ(일반),3.53,3.61
2026,충남대학교,항공우주공학과,학생부종합,학생부종합Ⅰ(일반),3.29,3.39
2026,충남대학교,해양환경과학과,학생부종합,학생부종합Ⅰ(일반),3.48,3.53
2026,충남대학교,화학공학교육과,학생부종합,학생부종합Ⅰ(일반),3.78,3.88
2026,충남대학교,화학과,학생부종합,학생부종합Ⅰ(일반),2.86,3
2026,충남대학교,환경공학과,학생부종합,학생부종합Ⅰ(일반),2.51,2.59
2026,충남대학교,스포츠과학과,학생부종합,학생부종합Ⅰ(일반),3.62,4.23
2026,충남대학교,국토안보학전공(남),학생부종합,종합Ⅱ(국가안보융합-국토안보학),4.2,4.49
2026,충남대학교,국토안보학전공(여),학생부종합,종합Ⅱ(국가안보융합-국토안보학),4.2,4.49
2026,충남대학교,해양안보학전공(남),학생부종합,"종합Ⅱ(국가안보융합-해양안보학, 정원외)",3.45,3.49
2026,충남대학교,해양안보학전공(여),학생부종합,"종합Ⅱ(국가안보융합-해양안보학, 정원외)",3.45,3.49
2026,충남대학교,컴퓨터인공지능학부,학생부종합,학생부종합Ⅱ(소프트웨어),3.45,3.49
2026,충남대학교,[유형2] 인문사회융합학부,학생부교과,교과(지역인재),,
2026,충남대학교,경영학부,학생부교과,교과(지역인재),2.51,2.6
2026,충남대학교,경제학과,학생부교과,교과(지역인재),2.71,2.75
2026,충남대학교,고고학과,학생부교과,교과(지역인재),3.25,3.33
2026,충남대학교,공공안전융합전공,학생부교과,교과(지역인재),2.83,2.91
2026,충남대학교,교육학과,학생부교과,교과(지역인재),2.76,2.81
2026,충남대학교,국사학과,학생부교과,교과(지역인재),3.11,3.15
2026,충남대학교,국어교육과,학생부교과,교과(지역인재),2.83,2.86
2026,충남대학교,국어국문학과,학생부교과,교과(지역인재),3.05,3.08
2026,충남대학교,국제학부,학생부교과,교과(지역인재),2.99,3.01
2026,충남대학교,도시·자치융합학과,학생부교과,교과(지역인재),3.48,3.06
2026,충남대학교,독어독문학과,학생부교과,교과(지역인재),3.01,3.02
2026,충남대학교,리더십과조직과학전공,학생부교과,교과(지역인재),3.15,3.2
2026,충남대학교,무역학과,학생부교과,교과(지역인재),2.78,2.8
2026,충남대학교,문헌정보학과,학생부교과,교과(지역인재),2.55,2.58
2026,충남대학교,문화와사회융합전공,학생부교과,교과(지역인재),3.18,3.25
2026,충남대학교,불어불문학과,학생부교과,교과(지역인재),3.31,3.39
2026,충남대학교,사학과,학생부교과,교과(지역인재),2.86,3.04
2026,충남대학교,사회복지학과,학생부교과,교과(지역인재),2.85,2.88
2026,충남대학교,사회학과,학생부교과,교과(지역인재),2.97,3.01
2026,충남대학교,심리학과,학생부교과,교과(지역인재),2.57,2.66
2026,충남대학교,언론정보학과,학생부교과,교과(지역인재),3.16,3.73
2026,충남대학교,언어학과,학생부교과,교과(지역인재),3.01,3.08
2026,충남대학교,영어교육과,학생부교과,교과(지역인재),3.03,3.34
2026,충남대학교,영어영문학과,학생부교과,교과(지역인재),3.05,3.14
2026,충남대학교,일어일문학과,학생부교과,교과(지역인재),2.78,2.84
2026,충남대학교,정치외교학과,학생부교과,교과(지역인재),2.67,2.73
2026,충남대학교,중어중문학과,학생부교과,교과(지역인재),3.56,4.45
2026,충남대학교,철학과,학생부교과,교과(지역인재),2.81,2.81
2026,충남대학교,한문학과,학생부교과,교과(지역인재),3.39,3.4
2026,충남대학교,행정학부,학생부교과,교과(지역인재),2.44,2.54
2026,충남대학교,[유형2] 공학융합학부,학생부교과,교과(지역인재),,
2026,충남대학교,[유형2] 농생명융합학부,학생부교과,교과(지역인재),,
2026,충남대학교,[유형2] 자연과학융합학부,학생부교과,교과(지역인재),,
2026,충남대학교,간호학과,학생부교과,교과(지역인재),1.91,1.93
2026,충남대학교,건설공학교육과,학생부교과,교과(지역인재),3.5,3.51
2026,충남대학교,건축학과(5년제),학생부교과,교과(지역인재),2.77,3.03
2026,충남대학교,기계공학교육과,학생부교과,교과(지역인재),3.43,3.44
2026,충남대학교,기계공학부,학생부교과,교과(지역인재),2.43,2.47
2026,충남대학교,기술교육과,학생부교과,교과(지역인재),2.63,2.73
2026,충남대학교,메카트로닉스공학과,학생부교과,교과(지역인재),2.86,3.16
2026,충남대학교,물리학과,학생부교과,교과(지역인재),3.12,3.15
2026,충남대학교,미생물·분자생명과학과,학생부교과,교과(지역인재),2.54,3.15
2026,충남대학교,반도체융합학과,학생부교과,교과(지역인재),2.73,2.77
2026,충남대학교,생명정보융합학과,학생부교과,교과(지역인재),2.31,2.36
2026,충남대학교,생물과학과,학생부교과,교과(지역인재),2.38,2.39
2026,충남대학교,생화학과,학생부교과,교과(지역인재),2.48,2.49
2026,충남대학교,소비자학과,학생부교과,교과(지역인재),2.92,2.93
2026,충남대학교,수의예과,학생부교과,교과(지역인재),1.37,1.39
2026,충남대학교,수학과,학생부교과,교과(지역인재),3.1,3.14
2026,충남대학교,수학교육과,학생부교과,교과(지역인재),2.54,2.6
2026,충남대학교,스마트시티건축공학과,학생부교과,교과(지역인재),3.03,3.05
2026,충남대학교,식품영양학과,학생부교과,교과(지역인재),2.83,3
2026,충남대학교,신소재공학과,학생부교과,교과(지역인재),2.53,2.55
2026,충남대학교,약학과,학생부교과,교과(지역인재),1.38,1.4
2026,충남대학교,에너지공학과,학생부교과,교과(지역인재),2.72,2.73
2026,충남대학교,유기재료공학과,학생부교과,교과(지역인재),2.73,2.82
2026,충남대학교,응용화학공학과,학생부교과,교과(지역인재),2.29,2.8
2026,충남대학교,의류학과,학생부교과,교과(지역인재),2.69,2.72
2026,충남대학교,의예과,학생부교과,교과(지역인재),1.09,1.13
2026,충남대학교,자율운항시스템공학과,학생부교과,교과(지역인재),3.04,3.1
2026,충남대학교,전기·전자·통신공학교육과,학생부교과,교과(지역인재),4.15,
2026,충남대학교,전기공학과,학생부교과,교과(지역인재),2.21,2.22
2026,충남대학교,전자공학과,학생부교과,교과(지역인재),1.92,1.93
2026,충남대학교,정보통계학과,학생부교과,교과(지역인재),3.1,3.32
2026,충남대학교,정보통신융합학부,학생부교과,교과(지역인재),2.86,2.94
2026,충남대학교,지질환경과학과,학생부교과,교과(지역인재),3.22,3.25
2026,충남대학교,천문우주과학과,학생부교과,교과(지역인재),2.8,3.08
2026,충남대학교,컴퓨터인공지능학부,학생부교과,교과(지역인재),2.56,3.4
2026,충남대학교,토목공학과,학생부교과,교과(지역인재),2.79,2.9
2026,충남대학교,항공우주공학과,학생부교과,교과(지역인재),2.76,2.8
2026,충남대학교,해양환경과학과,학생부교과,교과(지역인재),3,3.14
2026,충남대학교,화학공학교육과,학생부교과,교과(지역인재),3.3,3.38
2026,충남대학교,화학과,학생부교과,교과(지역인재),2.34,2.35
2026,충남대학교,환경공학과,학생부교과,교과(지역인재),2.34,2.38
2026,충남대학교,[유형1] 자율전공융합학부,학생부교과,교과(지역인재),,
2026,충남대학교,의예과,학생부종합,학생부종합Ⅱ(지역인재),1.16,1.17
2026,부산대학교,경영학과,논술,논술,3.23,3.66
2026,부산대학교,국어교육과,논술,논술,3.43,3.72
2026,부산대학교,국어국문학과,논술,논술,4.91,5.5
2026,부산대학교,노어노문학과,논술,논술,4.13,4.83
2026,부산대학교,독어독문학과,논술,논술,4.32,4.8
2026,부산대학교,불어불문학과,논술,논술,4.16,4.16
2026,부산대학교,사학과,논술,논술,5.23,5.39
2026,부산대학교,언어정보학과,논술,논술,4.38,4.65
2026,부산대학교,영어교육과,논술,논술,4.35,3.54
2026,부산대학교,영어영문학과,논술,논술,3.7,3.98
2026,부산대학교,예술문화영상학과,논술,논술,4.97,4.97
2026,부산대학교,유아교육과,논술,논술,4.03,4.03
2026,부산대학교,일반사회교육과,논술,논술,4.51,4.08
2026,부산대학교,일어일문학과,논술,논술,3.69,4.26
2026,부산대학교,중어중문학과,논술,논술,4.16,4.84
2026,부산대학교,지리교육과,논술,논술,4.03,4.09
2026,부산대학교,철학과,논술,논술,3.95,4.56
2026,부산대학교,한문학과,논술,논술,5.26,5
2026,부산대학교,[유형1] 자유전공학부,논술,논술,,
2026,부산대학교,[유형2] 스마트시티전공,논술,논술,,
2026,부산대학교,[유형2] 첨단IT자율전공,논술,논술,,
2026,부산대학교,[유형2] 첨단모빌리티자율전공,논술,논술,,
2026,부산대학교,[유형2] 첨단소재자율전공,논술,논술,,
2026,부산대학교,[유형2] 첨단융합학부,논술,논술,,
2026,부산대학교,고분자공학과,논술,논술,3.67,3.83
2026,부산대학교,기계공학부,논술,논술,3.33,3.66
2026,부산대학교,대기환경과학과,논술,논술,4.22,5.34
2026,부산대학교,반도체공학전공,논술,논술,4.08,3.8
2026,부산대학교,사회기반시스템공학과,논술,논술,3.67,3.67
2026,부산대학교,산업공학과,논술,논술,4.22,4.32
2026,부산대학교,수학과,논술,논술,3.54,3.74
2026,부산대학교,수학교육과,논술,논술,2.94,2.94
2026,부산대학교,인공지능전공,논술,논술,4.1,4.06
2026,부산대학교,재료공학부,논술,논술,3.73,3.99
2026,부산대학교,전기공학전공,논술,논술,3.95,3.86
2026,부산대학교,전자공학전공,논술,논술,3.02,3.06
2026,부산대학교,조선·해양공학과,논술,논술,3.43,3.87
2026,부산대학교,지구과학교육과,논술,논술,,3.9
2026,부산대학교,지질환경과학과,논술,논술,4.39,4.54
2026,부산대학교,컴퓨터공학전공,논술,논술,3.87,3.58
2026,부산대학교,통계학과,논술,논술,3.21,3.97
2026,부산대학교,화학과,논술,논술,3.08,3.67
2026,부산대학교,경영학과,학생부교과,교과(교과),2.4,2.52
2026,부산대학교,경제학부,학생부교과,교과(교과),2.56,2.62
2026,부산대학교,고고학과,학생부교과,교과(교과),3.32,3.4
2026,부산대학교,공공정책학부,학생부교과,교과(교과),3.91,3.87
2026,부산대학교,관광컨벤션학과,학생부교과,교과(교과),2.94,2.94
2026,부산대학교,교육학과,학생부교과,교과(교과),2.59,2.59
2026,부산대학교,국어교육과,학생부교과,교과(교과),2.42,2.48
2026,부산대학교,국어국문학과,학생부교과,교과(교과),3.13,3.24
2026,부산대학교,국제학부,학생부교과,교과(교과),2.67,2.8
2026,부산대학교,노어노문학과,학생부교과,교과(교과),3.42,3.69
2026,부산대학교,독어독문학과,학생부교과,교과(교과),3.84,3.93
2026,부산대학교,무역학부,학생부교과,교과(교과),2.83,2.89
2026,부산대학교,문헌정보학과,학생부교과,교과(교과),2.74,2.8
2026,부산대학교,미디어커뮤니케이션학과,학생부교과,교과(교과),2.84,2.89
2026,부산대학교,불어불문학과,학생부교과,교과(교과),3.17,3.25
2026,부산대학교,사학과,학생부교과,교과(교과),2.9,2.99
2026,부산대학교,사회복지학과,학생부교과,교과(교과),3.33,3.44
2026,부산대학교,사회학과,학생부교과,교과(교과),2.75,2.84
2026,부산대학교,실내환경디자인학과,학생부교과,교과(교과),3.91,3.87
2026,부산대학교,심리학과,학생부교과,교과(교과),2.63,2.93
2026,부산대학교,아동가족학과,학생부교과,교과(교과),3.36,3.78
2026,부산대학교,언어정보학과,학생부교과,교과(교과),2.96,3.12
2026,부산대학교,역사교육과,학생부교과,교과(교과),2.81,2.89
2026,부산대학교,영어교육과,학생부교과,교과(교과),2.24,2.48
2026,부산대학교,영어영문학과,학생부교과,교과(교과),2.91,2.99
2026,부산대학교,예술문화영상학과,학생부교과,교과(교과),2.67,2.67
2026,부산대학교,윤리교육과,학생부교과,교과(교과),2.55,2.58
2026,부산대학교,의류학과,학생부교과,교과(교과),3.91,3.87
2026,부산대학교,일반사회교육과,학생부교과,교과(교과),2.41,2.41
2026,부산대학교,일어일문학과,학생부교과,교과(교과),3.03,3.04
2026,부산대학교,정치외교학과,학생부교과,교과(교과),2.91,2.95
2026,부산대학교,중어중문학과,학생부교과,교과(교과),3.47,3.64
2026,부산대학교,지리교육과,학생부교과,교과(교과),3.44,3.63
2026,부산대학교,철학과,학생부교과,교과(교과),3.05,3.06
2026,부산대학교,특수교육과,학생부교과,교과(교과),2.63,2.66
2026,부산대학교,한문학과,학생부교과,교과(교과),3.91,3.87
2026,부산대학교,행정학과,학생부교과,교과(교과),2.31,2.33
2026,부산대학교,[유형1] 자유전공학부,학생부교과,교과(교과),3.91,3.87
2026,부산대학교,[유형2] 미래도시건축환경융합전공,학생부교과,교과(교과),3.91,3.87
2026,부산대학교,[유형2] 스마트시티전공,학생부교과,교과(교과),3.91,3.87
2026,부산대학교,[유형2] 첨단IT자율전공,학생부교과,교과(교과),3.91,3.87
2026,부산대학교,[유형2] 첨단모빌리티자율전공,학생부교과,교과(교과),3.91,3.87
2026,부산대학교,[유형2] 첨단소재자율전공,학생부교과,교과(교과),3.91,3.87
2026,부산대학교,[유형2] 첨단융합학부,학생부교과,교과(교과),3.91,3.87
2026,부산대학교,건축공학과,학생부교과,교과(교과),3.91,3.87
2026,부산대학교,건축학과,학생부교과,교과(교과),2.78,2.84
2026,부산대학교,고분자공학과,학생부교과,교과(교과),2.93,3.12
2026,부산대학교,기계공학부,학생부교과,교과(교과),2.3,2.36
2026,부산대학교,대기환경과학과,학생부교과,교과(교과),2.76,3.16
2026,부산대학교,도시공학과,학생부교과,교과(교과),3.91,3.87
2026,부산대학교,물리교육과,학생부교과,교과(교과),3.91,3.87
2026,부산대학교,물리학과,학생부교과,교과(교과),2.83,2.84
2026,부산대학교,미생물학과,학생부교과,교과(교과),2.86,2.89
2026,부산대학교,반도체공학전공,학생부교과,교과(교과),3.91,3.87
2026,부산대학교,분자생물학과,학생부교과,교과(교과),2.77,2.88
2026,부산대학교,사회기반시스템공학과,학생부교과,교과(교과),3.37,3.44
2026,부산대학교,산업공학과,학생부교과,교과(교과),3.91,3.87
2026,부산대학교,생명과학과,학생부교과,교과(교과),2.24,2.41
2026,부산대학교,생물교육과,학생부교과,교과(교과),2.86,2.97
2026,부산대학교,수학과,학생부교과,교과(교과),3.91,3.87
2026,부산대학교,수학교육과,학생부교과,교과(교과),2.1,2.28
2026,부산대학교,식품영양학과,학생부교과,교과(교과),2.74,3.13
2026,부산대학교,유기소재시스템공학과,학생부교과,교과(교과),2.76,2.99
2026,부산대학교,인공지능전공,학생부교과,교과(교과),3.91,3.87
2026,부산대학교,재료공학부,학생부교과,교과(교과),2.4,2.4
2026,부산대학교,전기공학전공,학생부교과,교과(교과),3.91,3.87
2026,부산대학교,전자공학전공,학생부교과,교과(교과),3.91,3.87
2026,부산대학교,디자인테크놀로지전공,학생부교과,교과(교과),3.91,3.87
2026,부산대학교,조선·해양공학과,학생부교과,교과(교과),2.83,2.86
2026,부산대학교,지구과학교육과,학생부교과,교과(교과),3.01,3.14
2026,부산대학교,지질환경과학과,학생부교과,교과(교과),3.53,3.53
2026,부산대학교,컴퓨터공학전공,학생부교과,교과(교과),3.91,3.87
2026,부산대학교,통계학과,학생부교과,교과(교과),2.73,2.77
2026,부산대학교,항공우주공학과,학생부교과,교과(교과),2.63,2.63
2026,부산대학교,해양학과,학생부교과,교과(교과),3.37,3.38
2026,부산대학교,화공생명공학과,학생부교과,교과(교과),2.1,2.13
2026,부산대학교,화학과,학생부교과,교과(교과),2.54,2.57
2026,부산대학교,화학교육과,학생부교과,교과(교과),2.98,3.05
2026,부산대학교,환경공학과,학생부교과,교과(교과),2.7,2.9
2026,부산대학교,스포츠과학과,학생부교과,교과(교과),3.73,3.81
2026,부산대학교,경영학과,학생부종합,학생부종합,2.2,2.38
2026,부산대학교,경제학부,학생부종합,학생부종합,2.51,2.54
2026,부산대학교,고고학과,학생부종합,학생부종합,3.51,3.68
2026,부산대학교,공공정책학부,학생부종합,학생부종합,2.33,2.35
2026,부산대학교,관광컨벤션학과,학생부종합,학생부종합,2.89,2.89
2026,부산대학교,교육학과,학생부종합,학생부종합,2.35,2.58
2026,부산대학교,국어교육과,학생부종합,학생부종합,2.35,2.42
2026,부산대학교,국어국문학과,학생부종합,학생부종합,2.95,2.95
2026,부산대학교,국제학부,학생부종합,학생부종합,2.91,3.02
2026,부산대학교,노어노문학과,학생부종합,학생부종합,4.03,3.84
2026,부산대학교,독어독문학과,학생부종합,학생부종합,3.88,4.19
2026,부산대학교,무역학부,학생부종합,학생부종합,2.36,2.64
2026,부산대학교,문헌정보학과,학생부종합,학생부종합,2.95,2.95
2026,부산대학교,사학과,학생부종합,학생부종합,2.88,2.98
2026,부산대학교,사회학과,학생부종합,학생부종합,2.82,2.99
2026,부산대학교,실내환경디자인학과,학생부종합,학생부종합,3.08,3.18
2026,부산대학교,아동가족학과,학생부종합,학생부종합,2.58,2.67
2026,부산대학교,언어정보학과,학생부종합,학생부종합,2.84,2.98
2026,부산대학교,역사교육과,학생부종합,학생부종합,2.47,2.48
2026,부산대학교,영어교육과,학생부종합,학생부종합,2.58,2.65
2026,부산대학교,영어영문학과,학생부종합,학생부종합,2.82,3.05
2026,부산대학교,예술문화영상학과,학생부종합,학생부종합,2.61,2.68
2026,부산대학교,유아교육과,학생부종합,학생부종합,3.42,3.54
2026,부산대학교,윤리교육과,학생부종합,학생부종합,2.71,
2026,부산대학교,의류학과,학생부종합,학생부종합,3.45,3.61
2026,부산대학교,일어일문학과,학생부종합,학생부종합,3.04,3.1
2026,부산대학교,중어중문학과,학생부종합,학생부종합,3.18,3.62
2026,부산대학교,철학과,학생부종합,학생부종합,2.89,3.16
2026,부산대학교,특수교육과,학생부종합,학생부종합,3.17,3.2
2026,부산대학교,한문학과,학생부종합,학생부종합,3.78,4.25
2026,부산대학교,행정학과,학생부종합,학생부종합,2.17,2.26
2026,부산대학교,[유형1] 자유전공학부,학생부종합,학생부종합,,
2026,부산대학교,[유형2] 첨단융합학부,학생부종합,학생부종합,,
2026,부산대학교,치의예과,학생부종합,학생부종합,1.44,1.51
2026,부산대학교,건축공학과,학생부종합,학생부종합,2.79,2.92
2026,부산대학교,건축학과,학생부종합,학생부종합,2.61,2.63
2026,부산대학교,고분자공학과,학생부종합,학생부종합,2.43,2.43
2026,부산대학교,기계공학부,학생부종합,학생부종합,2.32,2.61
2026,부산대학교,대기환경과학과,학생부종합,학생부종합,2.83,2.83
2026,부산대학교,도시공학과,학생부종합,학생부종합,2.78,3.07
2026,부산대학교,물리학과,학생부종합,학생부종합,2.8,2.92
2026,부산대학교,미생물학과,학생부종합,학생부종합,2.46,2.53
2026,부산대학교,반도체공학전공,학생부종합,학생부종합,2.52,2.73
2026,부산대학교,분자생물학과,학생부종합,학생부종합,2.4,2.57
2026,부산대학교,사회기반시스템공학과,학생부종합,학생부종합,2.95,3.04
2026,부산대학교,산업공학과,학생부종합,학생부종합,2.45,2.53
2026,부산대학교,생명과학과,학생부종합,학생부종합,1.99,2.31
2026,부산대학교,생물교육과,학생부종합,학생부종합,2.12,2.19
2026,부산대학교,수학과,학생부종합,학생부종합,2.51,2.54
2026,부산대학교,수학교육과,학생부종합,학생부종합,2.32,2.4
2026,부산대학교,식품영양학과,학생부종합,학생부종합,2.47,2.81
2026,부산대학교,유기소재시스템공학과,학생부종합,학생부종합,2.77,2.9
2026,부산대학교,인공지능전공,학생부종합,학생부종합,2.83,3.22
2026,부산대학교,재료공학부,학생부종합,학생부종합,2.69,2.71
2026,부산대학교,전기공학전공,학생부종합,학생부종합,2.34,2.43
2026,부산대학교,전자공학전공,학생부종합,학생부종합,2.09,2.69
2026,부산대학교,조선·해양공학과,학생부종합,학생부종합,2.86,2.99
2026,부산대학교,지질환경과학과,학생부종합,학생부종합,2.91,3.07
2026,부산대학교,컴퓨터공학전공,학생부종합,학생부종합,2.07,2.27
2026,부산대학교,항공우주공학과,학생부종합,학생부종합,2.4,2.5
2026,부산대학교,해양학과,학생부종합,학생부종합,2.83,3.04
2026,부산대학교,화공생명공학과,학생부종합,학생부종합,1.77,1.78
2026,부산대학교,화학과,학생부종합,학생부종합,1.71,2.21
2026,부산대학교,화학교육과,학생부종합,학생부종합,2.28,2.96
2026,부산대학교,환경공학과,학생부종합,학생부종합,2.78,2.88
2026,부산대학교,약학부,논술,논술,3.65,3.93
2026,부산대학교,약학부,논술,논술(지역인재),2.66,2.92
2026,부산대학교,경영학과,학생부교과,교과(지역인재),2.4,2.52
2026,부산대학교,경제학부,학생부교과,교과(지역인재),2.56,2.62
2026,부산대학교,공공정책학부,학생부교과,교과(지역인재),2.52,2.56
2026,부산대학교,관광컨벤션학과,학생부교과,교과(지역인재),2.94,2.94
2026,부산대학교,무역학부,학생부교과,교과(지역인재),2.83,2.89
2026,부산대학교,문헌정보학과,학생부교과,교과(지역인재),2.74,2.8
2026,부산대학교,미디어커뮤니케이션학과,학생부교과,교과(지역인재),2.84,2.89
2026,부산대학교,사회복지학과,학생부교과,교과(지역인재),3.33,3.44
2026,부산대학교,사회학과,학생부교과,교과(지역인재),2.75,2.84
2026,부산대학교,심리학과,학생부교과,교과(지역인재),2.63,2.93
2026,부산대학교,정치외교학과,학생부교과,교과(지역인재),2.91,2.95
2026,부산대학교,한문학과,학생부교과,교과(지역인재),3.51,3.44
2026,부산대학교,행정학과,학생부교과,교과(지역인재),2.31,2.33
2026,부산대학교,[유형1] 자유전공학부,학생부교과,교과(지역),3.91,3.87
2026,부산대학교,[유형2] 첨단IT자율전공,학생부교과,교과(지역인재),,
2026,부산대학교,[유형2] 첨단모빌리티자율전공,학생부교과,교과(지역인재),,
2026,부산대학교,[유형2] 첨단융합학부,학생부교과,교과(지역인재),,
2026,부산대학교,건축공학과,학생부교과,교과(지역인재),3.35,2.89
2026,부산대학교,건축학과,학생부교과,교과(지역인재),2.78,2.84
2026,부산대학교,기계공학부,학생부교과,교과(지역인재),2.3,2.36
2026,부산대학교,대기환경과학과,학생부교과,교과(지역인재),2.76,3.16
2026,부산대학교,물리학과,학생부교과,교과(지역인재),2.83,2.84
2026,부산대학교,미생물학과,학생부교과,교과(지역인재),2.86,2.89
2026,부산대학교,반도체공학전공,학생부교과,교과(지역),3.91,3.87
2026,부산대학교,분자생물학과,학생부교과,교과(지역인재),2.77,2.88
2026,부산대학교,사회기반시스템공학과,학생부교과,교과(지역인재),3.37,3.44
2026,부산대학교,생명과학과,학생부교과,교과(지역인재),2.24,2.41
2026,부산대학교,수학과,학생부교과,교과(지역인재),3,3.8
2026,부산대학교,약학부,학생부교과,교과(지역인재),1.41,1.44
2026,부산대학교,인공지능전공,학생부교과,교과(지역인재),2.7,2.61
2026,부산대학교,재료공학부,학생부교과,교과(지역),2.4,2.4
2026,부산대학교,전기공학전공,학생부교과,교과(지역인재),2.39,2.26
2026,부산대학교,전자공학전공,학생부교과,교과(지역인재),2.5,1.87
2026,부산대학교,조선·해양공학과,학생부교과,교과(지역인재),2.83,2.86
2026,부산대학교,지질환경과학과,학생부교과,교과(지역인재),3.53,3.53
2026,부산대학교,컴퓨터공학전공,학생부교과,교과(지역인재),2.57,2.24
2026,부산대학교,통계학과,학생부교과,교과(지역인재),2.73,2.77
2026,부산대학교,항공우주공학과,학생부교과,교과(지역인재),2.63,2.63
2026,부산대학교,해양학과,학생부교과,교과(지역인재),3.37,3.38
2026,부산대학교,화공생명공학과,학생부교과,교과(지역),2.1,2.13
2026,부산대학교,화학과,학생부교과,교과(지역),2.54,2.57
2026,부산대학교,[유형2] 첨단IT자율전공,학생부종합,"종합(저소득층학생, 정원외)",,
2026,부산대학교,불어불문학과,학생부종합,학생부종합(지역인재),2.37,2.03
2026,부산대학교,의류학과,학생부종합,학생부종합(지역인재),3.45,3.61
2026,부산대학교,[유형2] 첨단융합학부,학생부종합,학생부종합(지역),,
2026,부산대학교,고분자공학과,학생부종합,학생부종합(지역),2.43,2.43
2026,부산대학교,기계공학부,학생부종합,학생부종합(지역),2.32,2.61
2026,부산대학교,대기환경과학과,학생부종합,학생부종합(지역),2.83,2.83
2026,부산대학교,도시공학과,학생부종합,학생부종합(지역),2.78,3.07
2026,부산대학교,사회기반시스템공학과,학생부종합,학생부종합(지역),2.95,3.04
2026,부산대학교,약학부,학생부종합,학생부종합(지역),1.5,1.51
2026,부산대학교,재료공학부,학생부종합,학생부종합(지역),2.69,2.71
2026,충북대학교,[유형2] 경영학자율전공학부,학생부교과,교과(교과),3.4,3.4
2026,충북대학교,[유형2] 사회과학자율전공학부,학생부교과,교과(교과),3.4,3.4
2026,충북대학교,[유형2] 인문사회자율전공계열,학생부교과,교과(교과),3.4,3.4
2026,충북대학교,[유형2] 인문학자율전공학부,학생부교과,교과(교과),3.4,3.4
2026,충북대학교,경영정보학과,학생부교과,교과(교과),2.81,3.02
2026,충북대학교,경영학부,학생부교과,교과(교과),3.4,3.4
2026,충북대학교,경제학과,학생부교과,교과(교과),3.4,3.4
2026,충북대학교,고고미술사학과,학생부교과,교과(교과),3.22,3.26
2026,충북대학교,교육학과,학생부교과,교과(교과),3.4,3.4
2026,충북대학교,국어교육과,학생부교과,교과(교과),2.14,2.43
2026,충북대학교,국어국문학과,학생부교과,교과(교과),3.4,3.4
2026,충북대학교,국제경영학과,학생부교과,교과(교과),2.86,2.89
2026,충북대학교,농업경제학과,학생부교과,교과(교과),2.98,2.98
2026,충북대학교,독일언어문화학과,학생부교과,교과(교과),3.15,3.15
2026,충북대학교,러시아언어문화학과,학생부교과,교과(교과),3.4,3.4
2026,충북대학교,사학과,학생부교과,교과(교과),3.4,3.4
2026,충북대학교,사회교육과,학생부교과,교과(교과),3.4,3.4
2026,충북대학교,사회학과,학생부교과,교과(교과),2.96,2.96
2026,충북대학교,소비자학과,학생부교과,교과(교과),2.76,2.76
2026,충북대학교,심리학과,학생부교과,교과(교과),1.06,1.06
2026,충북대학교,아동복지학과,학생부교과,교과(교과),3.4,3.4
2026,충북대학교,역사교육과,학생부교과,교과(교과),3.4,3.4
2026,충북대학교,영어교육과,학생부교과,교과(교과),3.4,3.4
2026,충북대학교,영어영문학과,학생부교과,교과(교과),3.4,3.4
2026,충북대학교,윤리교육과,학생부교과,교과(교과),3.4,3.4
2026,충북대학교,정치외교학과,학생부교과,교과(교과),3.4,3.4
2026,충북대학교,중어중문학과,학생부교과,교과(교과),2.95,2.95
2026,충북대학교,지리교육과,학생부교과,교과(교과),3.4,3.4
2026,충북대학교,철학과,학생부교과,교과(교과),3.4,3.4
2026,충북대학교,프랑스언어문화학과,학생부교과,교과(교과),3.4,3.4
2026,충북대학교,행정학과,학생부교과,교과(교과),3.4,3.4
2026,충북대학교,[유형2] 공학자율전공학부,학생부교과,교과(교과),3.4,3.4
2026,충북대학교,[유형2] 농업생명환경자율전공학부,학생부교과,교과(교과),3.4,3.4
2026,충북대학교,[유형2] 바이오헬스학부,학생부교과,교과(교과),3.4,3.4
2026,충북대학교,[유형2] 생활과학자율전공학부,학생부교과,교과(교과),3.4,3.4
2026,충북대학교,[유형2] 자연과학자율전공계열,학생부교과,교과(교과),3.4,3.4
2026,충북대학교,[유형2] 자연과학자율전공학부,학생부교과,교과(교과),3.4,3.4
2026,충북대학교,[유형2] 전자정보자율전공학부,학생부교과,교과(교과),3.4,3.4
2026,충북대학교,간호학과,학생부교과,교과(교과),3.4,3.4
2026,충북대학교,건축공학과,학생부교과,교과(교과),3.2,3.21
2026,충북대학교,건축학과,학생부교과,교과(교과),2.7,2.71
2026,충북대학교,공업화학과,학생부교과,교과(교과),3.12,3.15
2026,충북대학교,기계공학부,학생부교과,교과(교과),2.66,2.67
2026,충북대학교,도시공학과,학생부교과,교과(교과),3.24,3.29
2026,충북대학교,목재·종이과학과,학생부교과,교과(교과),3.4,3.4
2026,충북대학교,물리교육과,학생부교과,교과(교과),3.4,3.4
2026,충북대학교,물리학과,학생부교과,교과(교과),3.27,3.27
2026,충북대학교,미생물학과,학생부교과,교과(교과),2.9,2.91
2026,충북대학교,바이오시스템공학과,학생부교과,교과(교과),2.59,3.04
2026,충북대학교,반도체공학부,학생부교과,교과(교과),2.66,2.67
2026,충북대학교,산림학과,학생부교과,교과(교과),3.35,3.39
2026,충북대학교,생물교육과,학생부교과,교과(교과),3.4,3.4
2026,충북대학교,생물학과,학생부교과,교과(교과),2.51,2.64
2026,충북대학교,생화학과,학생부교과,교과(교과),2.68,2.7
2026,충북대학교,소프트웨어학부,학생부교과,교과(교과),3.4,3.4
2026,충북대학교,수의예과,학생부교과,교과(교과),1.08,1.1
2026,충북대학교,수학과,학생부교과,교과(교과),3.24,3.32
2026,충북대학교,수학교육과,학생부교과,교과(교과),2.25,2.25
2026,충북대학교,식물의학과,학생부교과,교과(교과),2.91,2.91
2026,충북대학교,식물자원학과,학생부교과,교과(교과),3.28,3.28
2026,충북대학교,식품생명공학과,학생부교과,교과(교과),2.53,2.53
2026,충북대학교,식품영양학과,학생부교과,교과(교과),1.45,1.45
2026,충북대학교,신소재공학과,학생부교과,교과(교과),2.77,2.77
2026,충북대학교,안전공학과,학생부교과,교과(교과),3.05,3.07
2026,충북대학교,약학과,학생부교과,교과(교과),3.4,3.4
2026,충북대학교,원예과학과,학생부교과,교과(교과),3.07,3.17
2026,충북대학교,의류학과,학생부교과,교과(교과),3.4,3.4
2026,충북대학교,의예과,학생부교과,교과(교과),1.08,1.08
2026,충북대학교,전기공학부,학생부교과,교과(교과),2.56,2.57
2026,충북대학교,전자공학과,학생부교과,교과(교과),2.35,2.35
2026,충북대학교,정보통계학과,학생부교과,교과(교과),3.2,3.34
2026,충북대학교,정보통신공학부,학생부교과,교과(교과),3.21,3.26
2026,충북대학교,제약학과,학생부교과,교과(교과),3.4,3.4
2026,충북대학교,주거환경학과,학생부교과,교과(교과),2.97,2.97
2026,충북대학교,지구과학교육과,학생부교과,교과(교과),3.4,3.4
2026,충북대학교,지구환경과학과,학생부교과,교과(교과),3.36,3.44
2026,충북대학교,지능로봇공학과,학생부교과,교과(교과),3.02,3.18
2026,충북대학교,지역건설공학과,학생부교과,교과(교과),3.4,3.4
2026,충북대학교,천문우주학과,학생부교과,교과(교과),3.22,3.25
2026,충북대학교,축산학과,학생부교과,교과(교과),2.89,2.89
2026,충북대학교,컴퓨터공학과,학생부교과,교과(교과),2.8,2.8
2026,충북대학교,토목공학부,학생부교과,교과(교과),3.28,3.33
2026,충북대학교,특용식물학과,학생부교과,교과(교과),3.3,3.43
2026,충북대학교,화학공학과,학생부교과,교과(교과),3.4,3.4
2026,충북대학교,화학과,학생부교과,교과(교과),2.61,2.67
2026,충북대학교,화학교육과,학생부교과,교과(교과),3.4,3.4
2026,충북대학교,환경공학과,학생부교과,교과(교과),2.74,2.8
2026,충북대학교,환경생명화학과,학생부교과,교과(교과),2.78,2.95
2026,충북대학교,소프트웨어학부,학생부종합,SW우수인재전형,3.31,3.35
2026,충북대학교,정보통신공학부,학생부종합,SW우수인재전형,3.69,3.69
2026,충북대학교,컴퓨터공학과,학생부종합,SW우수인재전형,3.29,3.29
2026,충북대학교,경영정보학과,학생부종합,학생부종합I,3.13,3.26
2026,충북대학교,경영학부,학생부종합,학생부종합I,3.03,3.48
2026,충북대학교,경제학과,학생부종합,학생부종합I,3.47,2.92
2026,충북대학교,고고미술사학과,학생부종합,학생부종합I,3.48,3.48
2026,충북대학교,교육학과,학생부종합,학생부종합I,2.8,2.86
2026,충북대학교,국어교육과,학생부종합,학생부종합I,2.8,3.05
2026,충북대학교,국어국문학과,학생부종합,학생부종합I,3.58,3.58
2026,충북대학교,국제경영학과,학생부종합,학생부종합I,3.46,3.33
2026,충북대학교,농업경제학과,학생부종합,학생부종합I,3.19,3.7
2026,충북대학교,독일언어문화학과,학생부종합,학생부종합I,3.69,3.69
2026,충북대학교,러시아언어문화학과,학생부종합,학생부종합I,3.79,3.79
2026,충북대학교,사학과,학생부종합,학생부종합I,3.35,3.35
2026,충북대학교,사회교육과,학생부종합,학생부종합I,2.61,2.7
2026,충북대학교,사회학과,학생부종합,학생부종합I,3.02,3.02
2026,충북대학교,소비자학과,학생부종합,학생부종합I,3.2,3.2
2026,충북대학교,심리학과,학생부종합,학생부종합I,3.34,3.34
2026,충북대학교,아동복지학과,학생부종합,학생부종합I,3.4,3.4
2026,충북대학교,역사교육과,학생부종합,학생부종합I,2.16,2.35
2026,충북대학교,영어교육과,학생부종합,학생부종합I,2.73,2.79
2026,충북대학교,영어영문학과,학생부종합,학생부종합I,3.29,3.67
2026,충북대학교,윤리교육과,학생부종합,학생부종합I,2.27,2.53
2026,충북대학교,정치외교학과,학생부종합,학생부종합I,3.13,3.16
2026,충북대학교,중어중문학과,학생부종합,학생부종합I,3.22,3.22
2026,충북대학교,지리교육과,학생부종합,학생부종합I,2.77,2.72
2026,충북대학교,철학과,학생부종합,학생부종합I,4.05,4.05
2026,충북대학교,프랑스언어문화학과,학생부종합,학생부종합I,3.66,3.66
2026,충북대학교,행정학과,학생부종합,학생부종합I,3.06,3.06
2026,충북대학교,[유형2] 공학자율전공학부,학생부종합,학생부종합I,3.51,
2026,충북대학교,[유형2] 바이오헬스학부,학생부종합,학생부종합I,3.2,3.53
2026,충북대학교,[유형2] 전자정보자율전공학부,학생부종합,학생부종합I,3.28,
2026,충북대학교,간호학과,학생부종합,학생부종합I,2.36,2.27
2026,충북대학교,건축공학과,학생부종합,학생부종합I,2.92,3.66
2026,충북대학교,건축학과,학생부종합,학생부종합I,2.99,2.79
2026,충북대학교,공업화학과,학생부종합,학생부종합I,3.33,3.23
2026,충북대학교,기계공학부,학생부종합,학생부종합I,2.99,3.21
2026,충북대학교,도시공학과,학생부종합,학생부종합I,3.99,3.21
2026,충북대학교,목재·종이과학과,학생부종합,학생부종합I,3.92,4.4
2026,충북대학교,물리교육과,학생부종합,학생부종합I,3.88,3.69
2026,충북대학교,물리학과,학생부종합,학생부종합I,3.59,4.03
2026,충북대학교,미생물학과,학생부종합,학생부종합I,3.04,2.96
2026,충북대학교,바이오시스템공학과,학생부종합,학생부종합I,3.12,3.12
2026,충북대학교,반도체공학부,학생부종합,학생부종합I,3.13,3.28
2026,충북대학교,산림학과,학생부종합,학생부종합I,3.81,3.81
2026,충북대학교,생물교육과,학생부종합,학생부종합I,2.65,2.83
2026,충북대학교,생물학과,학생부종합,학생부종합I,3.21,2.95
2026,충북대학교,생화학과,학생부종합,학생부종합I,2.66,2.99
2026,충북대학교,소프트웨어학부,학생부종합,학생부종합I,3.11,3.38
2026,충북대학교,수의예과,학생부종합,학생부종합I,1.29,1.36
2026,충북대학교,수학과,학생부종합,학생부종합I,3.3,3.39
2026,충북대학교,수학교육과,학생부종합,학생부종합I,2.36,2.96
2026,충북대학교,식물의학과,학생부종합,학생부종합I,2.99,3.66
2026,충북대학교,식물자원학과,학생부종합,학생부종합I,3.69,3.69
2026,충북대학교,식품생명공학과,학생부종합,학생부종합I,3.31,3.31
2026,충북대학교,식품영양학과,학생부종합,학생부종합I,3.2,2.99
2026,충북대학교,신소재공학과,학생부종합,학생부종합I,3.57,2.93
2026,충북대학교,안전공학과,학생부종합,학생부종합I,3.76,3.76
2026,충북대학교,약학과,학생부종합,학생부종합I,1.15,1.22
2026,충북대학교,원예과학과,학생부종합,학생부종합I,3.66,3.66
2026,충북대학교,의류학과,학생부종합,학생부종합I,3.43,3.43
2026,충북대학교,의예과,학생부종합,학생부종합I,1.07,1.05
2026,충북대학교,전기공학부,학생부종합,학생부종합I,2.96,3.75
2026,충북대학교,전자공학과,학생부종합,학생부종합I,2.51,3.79
2026,충북대학교,정보통계학과,학생부종합,학생부종합I,3.42,4.12
2026,충북대학교,정보통신공학부,학생부종합,학생부종합I,3.46,3.26
2026,충북대학교,제약학과,학생부종합,학생부종합I,1.15,1.04
2026,충북대학교,주거환경학과,학생부종합,학생부종합I,3.25,3.25
2026,충북대학교,지구과학교육과,학생부종합,학생부종합I,3.15,2.75
2026,충북대학교,지구환경과학과,학생부종합,학생부종합I,3.48,3.48
2026,충북대학교,지능로봇공학과,학생부종합,학생부종합I,3.84,3.84
2026,충북대학교,지역건설공학과,학생부종합,학생부종합I,3.89,3.95
2026,충북대학교,천문우주학과,학생부종합,학생부종합I,3.32,2.82
2026,충북대학교,축산학과,학생부종합,학생부종합I,3.95,4.17
2026,충북대학교,컴퓨터공학과,학생부종합,학생부종합I,3.29,3.29
2026,충북대학교,토목공학부,학생부종합,학생부종합I,3.92,3.56
2026,충북대학교,특용식물학과,학생부종합,학생부종합I,3.79,3.79
2026,충북대학교,화학공학과,학생부종합,학생부종합I,2.24,2.85
2026,충북대학교,화학과,학생부종합,학생부종합I,3.73,3.4
2026,충북대학교,화학교육과,학생부종합,학생부종합I,3.25,3.1
2026,충북대학교,환경공학과,학생부종합,학생부종합I,3.25,3.25
2026,충북대학교,환경생명화학과,학생부종합,학생부종합I,3.04,3.3
2026,충북대학교,경영정보학과,학생부종합,학생부종합(학생부종합II),3.13,3.26
2026,충북대학교,경영학부,학생부종합,학생부종합(학생부종합II),3.03,3.48
2026,충북대학교,경제학과,학생부종합,학생부종합(학생부종합II),3.47,2.92
2026,충북대학교,고고미술사학과,학생부종합,학생부종합(학생부종합II),3.48,3.48
2026,충북대학교,국어국문학과,학생부종합,학생부종합(학생부종합II),3.58,3.58
2026,충북대학교,국제경영학과,학생부종합,학생부종합(학생부종합II),3.46,3.33
2026,충북대학교,농업경제학과,학생부종합,학생부종합(학생부종합II),3.19,3.7
2026,충북대학교,독일언어문화학과,학생부종합,학생부종합(학생부종합II),3.69,3.69
2026,충북대학교,러시아언어문화학과,학생부종합,학생부종합(학생부종합II),3.79,3.79
2026,충북대학교,사학과,학생부종합,학생부종합(학생부종합II),3.35,3.35
2026,충북대학교,사회학과,학생부종합,학생부종합(학생부종합II),3.02,3.02
2026,충북대학교,소비자학과,학생부종합,학생부종합(학생부종합II),3.2,3.2
2026,충북대학교,심리학과,학생부종합,학생부종합(학생부종합II),3.34,3.34
2026,충북대학교,아동복지학과,학생부종합,학생부종합(학생부종합II),3.4,3.4
2026,충북대학교,영어영문학과,학생부종합,학생부종합(학생부종합II),3.29,3.67
2026,충북대학교,정치외교학과,학생부종합,학생부종합(학생부종합II),3.13,3.16
2026,충북대학교,중어중문학과,학생부종합,학생부종합(학생부종합II),3.22,3.22
2026,충북대학교,철학과,학생부종합,학생부종합(학생부종합II),4.05,4.05
2026,충북대학교,프랑스언어문화학과,학생부종합,학생부종합(학생부종합II),3.66,3.66
2026,충북대학교,행정학과,학생부종합,학생부종합(학생부종합II),3.06,3.06
2026,충북대학교,[유형2] 공학자율전공학부,학생부종합,학생부종합(학생부종합II),3.51,
2026,충북대학교,[유형2] 바이오헬스학부,학생부종합,학생부종합(학생부종합II),3.2,3.53
2026,충북대학교,[유형2] 전자정보자율전공학부,학생부종합,학생부종합(학생부종합II),3.28,
2026,충북대학교,간호학과,학생부종합,학생부종합(학생부종합II),2.36,2.27
2026,충북대학교,건축공학과,학생부종합,학생부종합(학생부종합II),2.92,3.66
2026,충북대학교,건축학과,학생부종합,학생부종합(학생부종합II),2.99,2.79
2026,충북대학교,공업화학과,학생부종합,학생부종합(학생부종합II),3.33,3.23
2026,충북대학교,기계공학부,학생부종합,학생부종합(학생부종합II),2.99,3.21
2026,충북대학교,도시공학과,학생부종합,학생부종합(학생부종합II),3.99,3.21
2026,충북대학교,목재·종이과학과,학생부종합,학생부종합(학생부종합II),3.92,4.4
2026,충북대학교,물리학과,학생부종합,학생부종합(학생부종합II),3.59,4.03
2026,충북대학교,미생물학과,학생부종합,학생부종합(학생부종합II),3.04,2.96
2026,충북대학교,바이오시스템공학과,학생부종합,학생부종합(학생부종합II),3.12,3.12
2026,충북대학교,반도체공학부,학생부종합,학생부종합(학생부종합II),3.13,3.28
2026,충북대학교,산림학과,학생부종합,학생부종합(학생부종합II),3.81,3.81
2026,충북대학교,생물학과,학생부종합,학생부종합(학생부종합II),3.21,2.95
2026,충북대학교,생화학과,학생부종합,학생부종합(학생부종합II),2.66,2.99
2026,충북대학교,소프트웨어학부,학생부종합,학생부종합(학생부종합II),3.11,3.38
2026,충북대학교,수의예과,학생부종합,학생부종합(학생부종합II),1.29,1.36
2026,충북대학교,수학과,학생부종합,학생부종합(학생부종합II),3.3,3.39
2026,충북대학교,식물의학과,학생부종합,학생부종합(학생부종합II),2.99,3.66
2026,충북대학교,식물자원학과,학생부종합,학생부종합(학생부종합II),3.69,3.69
2026,충북대학교,식품생명공학과,학생부종합,학생부종합(학생부종합II),3.31,3.31
2026,충북대학교,식품영양학과,학생부종합,학생부종합(학생부종합II),3.2,2.99
2026,충북대학교,신소재공학과,학생부종합,학생부종합(학생부종합II),3.57,2.93
2026,충북대학교,안전공학과,학생부종합,학생부종합(학생부종합II),3.76,3.76
2026,충북대학교,약학과,학생부종합,학생부종합II),1.15,1.22
2026,충북대학교,원예과학과,학생부종합,학생부종합(학생부종합II),3.66,3.66
2026,충북대학교,의류학과,학생부종합,학생부종합(학생부종합II),3.43,3.43
2026,충북대학교,의예과,학생부종합,학생부종합(학생부종합II),1.07,1.05
2026,충북대학교,전기공학부,학생부종합,학생부종합(학생부종합II),2.96,3.75
2026,충북대학교,전자공학과,학생부종합,학생부종합(학생부종합II),2.51,3.79
2026,충북대학교,정보통계학과,학생부종합,학생부종합(학생부종합II),3.42,4.12
2026,충북대학교,정보통신공학부,학생부종합,학생부종합(학생부종합II),3.46,3.26
2026,충북대학교,제약학과,학생부종합,학생부종합II),1.15,1.04
2026,충북대학교,주거환경학과,학생부종합,학생부종합(학생부종합II),3.25,3.25
2026,충북대학교,지구환경과학과,학생부종합,학생부종합(학생부종합II),3.48,3.48
2026,충북대학교,지능로봇공학과,학생부종합,학생부종합(학생부종합II),3.84,3.84
2026,충북대학교,지역건설공학과,학생부종합,학생부종합(학생부종합II),3.89,3.95
2026,충북대학교,천문우주학과,학생부종합,학생부종합(학생부종합II),3.32,2.82
2026,충북대학교,축산학과,학생부종합,학생부종합(학생부종합II),3.95,4.17
2026,충북대학교,컴퓨터공학과,학생부종합,학생부종합(학생부종합II),3.29,3.29
2026,충북대학교,토목공학부,학생부종합,학생부종합(학생부종합II),3.92,3.56
2026,충북대학교,특용식물학과,학생부종합,학생부종합(학생부종합II),3.79,3.79
2026,충북대학교,화학공학과,학생부종합,학생부종합(학생부종합II),2.24,2.85
2026,충북대학교,화학과,학생부종합,학생부종합(학생부종합II),3.73,3.4
2026,충북대학교,환경공학과,학생부종합,학생부종합(학생부종합II),3.25,3.25
2026,충북대학교,환경생명화학과,학생부종합,학생부종합(학생부종합II),3.04,3.3
2026,충북대학교,[유형2] 인문사회자율전공계열,학생부교과,교과(지역인재),3.57,3.57
2026,충북대학교,경영정보학과,학생부교과,교과(지역인재),3.1,3.11
2026,충북대학교,경영학부,학생부교과,교과(지역인재),2.97,2.97
2026,충북대학교,경제학과,학생부교과,교과(지역인재),3.15,3.57
2026,충북대학교,고고미술사학과,학생부교과,교과(지역인재),3.25,3.25
2026,충북대학교,교육학과,학생부교과,교과(지역인재),,
2026,충북대학교,국어교육과,학생부교과,교과(지역인재),2.47,2.71
2026,충북대학교,국어국문학과,학생부교과,교과(지역인재),3.54,3.54
2026,충북대학교,국제경영학과,학생부교과,교과(지역인재),3.05,3.11
2026,충북대학교,농업경제학과,학생부교과,교과(지역인재),3.43,3.45
2026,충북대학교,독일언어문화학과,학생부교과,교과(지역인재),3.26,3.26
2026,충북대학교,러시아언어문화학과,학생부교과,교과(지역인재),3.35,3.35
2026,충북대학교,사학과,학생부교과,교과(지역인재),3.05,3.05
2026,충북대학교,사회교육과,학생부교과,교과(지역인재),,
2026,충북대학교,사회학과,학생부교과,교과(지역인재),3.21,3.21
2026,충북대학교,소비자학과,학생부교과,교과(지역인재),3.55,3.57
2026,충북대학교,심리학과,학생부교과,교과(지역인재),2.83,2.91
2026,충북대학교,아동복지학과,학생부교과,교과(지역인재),3.28,3.28
2026,충북대학교,역사교육과,학생부교과,교과(지역인재),,
2026,충북대학교,영어교육과,학생부교과,교과(지역인재),2.13,2.13
2026,충북대학교,영어영문학과,학생부교과,교과(지역인재),2.7,2.7
2026,충북대학교,윤리교육과,학생부교과,교과(지역인재),,
2026,충북대학교,정치외교학과,학생부교과,교과(지역인재),3.15,3.15
2026,충북대학교,중어중문학과,학생부교과,교과(지역인재),3.41,3.41
2026,충북대학교,지리교육과,학생부교과,교과(지역인재),,
2026,충북대학교,철학과,학생부교과,교과(지역인재),3.31,3.52
2026,충북대학교,프랑스언어문화학과,학생부교과,교과(지역인재),3.41,3.41
2026,충북대학교,행정학과,학생부교과,교과(지역인재),3.14,3.14
2026,충북대학교,[유형2] 공학자율전공학부,학생부교과,교과(지역인재),3.5,3.5
2026,충북대학교,[유형2] 바이오헬스학부,학생부교과,교과(지역인재),3.04,3.04
2026,충북대학교,[유형2] 자연과학자율전공계열,학생부교과,교과(지역인재),3.47,3.47
2026,충북대학교,[유형2] 전자정보자율전공학부,학생부교과,교과(지역인재),3.18,3.18
2026,충북대학교,간호학과,학생부교과,교과(지역인재),2.34,2.49
2026,충북대학교,건축공학과,학생부교과,교과(지역인재),3.22,3.24
2026,충북대학교,건축학과,학생부교과,교과(지역인재),2.8,2.96
2026,충북대학교,공업화학과,학생부교과,교과(지역인재),3.1,3.1
2026,충북대학교,기계공학부,학생부교과,교과(지역인재),2.84,2.99
2026,충북대학교,도시공학과,학생부교과,교과(지역인재),3.19,3.19
2026,충북대학교,목재·종이과학과,학생부교과,교과(지역인재),3.91,4.03
2026,충북대학교,물리교육과,학생부교과,교과(지역인재),,
2026,충북대학교,물리학과,학생부교과,교과(지역인재),3.39,3.41
2026,충북대학교,미생물학과,학생부교과,교과(지역인재),3.02,3.16
2026,충북대학교,바이오시스템공학과,학생부교과,교과(지역인재),3.15,3.15
2026,충북대학교,반도체공학부,학생부교과,교과(지역인재),2.76,2.76
2026,충북대학교,산림학과,학생부교과,교과(지역인재),3.37,3.37
2026,충북대학교,생물교육과,학생부교과,교과(지역인재),,
2026,충북대학교,생물학과,학생부교과,교과(지역인재),3.29,3.34
2026,충북대학교,생화학과,학생부교과,교과(지역인재),3.01,3.06
2026,충북대학교,소프트웨어학부,학생부교과,교과(지역인재),3.1,3.1
2026,충북대학교,수의예과,학생부교과,교과(지역인재),1.17,1.22
2026,충북대학교,수학과,학생부교과,교과(지역인재),3.24,3.24
2026,충북대학교,수학교육과,학생부교과,교과(지역인재),2.61,2.81
2026,충북대학교,식물의학과,학생부교과,교과(지역인재),3.55,3.6
2026,충북대학교,식물자원학과,학생부교과,교과(지역인재),3.36,3.63
2026,충북대학교,식품생명공학과,학생부교과,교과(지역인재),2.83,2.89
2026,충북대학교,식품영양학과,학생부교과,교과(지역인재),3.5,3.5
2026,충북대학교,신소재공학과,학생부교과,교과(지역인재),2.47,2.71
2026,충북대학교,안전공학과,학생부교과,교과(지역인재),3.5,3.5
2026,충북대학교,약학과,학생부교과,교과(지역인재),1.21,1.23
2026,충북대학교,원예과학과,학생부교과,교과(지역인재),3.3,3.4
2026,충북대학교,의류학과,학생부교과,교과(지역인재),3.22,3.22
2026,충북대학교,의예과,학생부교과,교과(지역인재),1.04,1.04
2026,충북대학교,전기공학부,학생부교과,교과(지역인재),2.92,3.4
2026,충북대학교,전자공학과,학생부교과,교과(지역인재),2.22,2.62
2026,충북대학교,정보통계학과,학생부교과,교과(지역인재),3.25,3.43
2026,충북대학교,정보통신공학부,학생부교과,교과(지역인재),3.29,3.31
2026,충북대학교,제약학과,학생부교과,교과(지역인재),1.25,1.25
2026,충북대학교,주거환경학과,학생부교과,교과(지역인재),4.1,6.16
2026,충북대학교,지구과학교육과,학생부교과,교과(지역인재),,
2026,충북대학교,지구환경과학과,학생부교과,교과(지역인재),3.37,3.37
2026,충북대학교,지능로봇공학과,학생부교과,교과(지역인재),3.14,3.19
2026,충북대학교,지역건설공학과,학생부교과,교과(지역인재),3.66,3.66
2026,충북대학교,천문우주학과,학생부교과,교과(지역인재),3.49,3.49
2026,충북대학교,축산학과,학생부교과,교과(지역인재),3.54,3.54
2026,충북대학교,컴퓨터공학과,학생부교과,교과(지역인재),2.92,2.92
2026,충북대학교,토목공학부,학생부교과,교과(지역인재),3.28,3.32
2026,충북대학교,특용식물학과,학생부교과,교과(지역인재),3.52,3.52
2026,충북대학교,화학공학과,학생부교과,교과(지역인재),2.6,2.61
2026,충북대학교,화학과,학생부교과,교과(지역인재),2.8,3.08
2026,충북대학교,화학교육과,학생부교과,교과(지역인재),,
2026,충북대학교,환경공학과,학생부교과,교과(지역인재),2.7,2.76
2026,충북대학교,환경생명화학과,학생부교과,교과(지역인재),3.14,3.54
2026,전남대학교,[유형2] 경영학부,학생부교과,교과(일반),2.12,2.12
2026,전남대학교,경제학부,학생부교과,교과(일반),3.6,3.73
2026,전남대학교,교육학과,학생부교과,교과(일반),2.12,2.12
2026,전남대학교,국어교육과,학생부교과,교과(일반),2.24,2.61
2026,전남대학교,국어국문학과,학생부교과,교과(일반),3.05,3.07
2026,전남대학교,농업경제학과,학생부교과,교과(일반),2.12,2.12
2026,전남대학교,독일언어문학과,학생부교과,교과(일반),3.23,3.23
2026,전남대학교,문헌정보학과,학생부교과,교과(일반),2.73,2.73
2026,전남대학교,문화인류고고학과,학생부교과,교과(일반),2.79,3.45
2026,전남대학교,미디어커뮤니케이션학과,학생부교과,교과(일반),2.83,2.91
2026,전남대학교,불어불문학과,학생부교과,교과(일반),3.61,3.67
2026,전남대학교,사학과,학생부교과,교과(일반),2.91,2.91
2026,전남대학교,사회학과,학생부교과,교과(일반),2.43,2.43
2026,전남대학교,심리학과,학생부교과,교과(일반),2.12,2.12
2026,전남대학교,역사교육과,학생부교과,교과(일반),2.12,2.12
2026,전남대학교,영어교육과,학생부교과,교과(일반),2.12,2.12
2026,전남대학교,영어영문학과,학생부교과,교과(일반),3.02,3.2
2026,전남대학교,유아교육과,학생부교과,교과(일반),2.12,2.12
2026,전남대학교,윤리교육과,학생부교과,교과(일반),2.12,2.12
2026,전남대학교,일어일문학과,학생부교과,교과(일반),3.75,3.75
2026,전남대학교,정치외교학과,학생부교과,교과(일반),2.87,2.87
2026,전남대학교,중어중문학과,학생부교과,교과(일반),3.34,3.36
2026,전남대학교,지리교육과,학생부교과,교과(일반),3.02,3.33
2026,전남대학교,지리학과,학생부교과,교과(일반),3.34,3.34
2026,전남대학교,철학과,학생부교과,교과(일반),3.22,3.28
2026,전남대학교,특수교육학부,학생부교과,교과(일반),3,3.44
2026,전남대학교,행정학과,학생부교과,교과(일반),2.66,3.03
2026,전남대학교,[유형2] 기계공학부,학생부교과,교과(일반),2.12,2.12
2026,전남대학교,[유형2] 신소재공학부,학생부교과,교과(일반),2.12,2.12
2026,전남대학교,[유형2] 전자컴퓨터공학부,학생부교과,교과(일반),2.12,2.12
2026,전남대학교,가정교육과,학생부교과,교과(일반),2.12,2.12
2026,전남대학교,간호학과,학생부교과,교과(일반),1.68,1.94
2026,전남대학교,건축·도시설계전공,학생부교과,교과(일반),2.12,2.12
2026,전남대학교,건축공학전공,학생부교과,교과(일반),2.12,2.12
2026,전남대학교,건축학부,학생부교과,교과(일반),2.12,2.12
2026,전남대학교,고분자융합소재공학부,학생부교과,교과(일반),3.17,3.21
2026,전남대학교,농생명화학과,학생부교과,교과(일반),3.23,3.23
2026,전남대학교,동물자원학부,학생부교과,교과(일반),1.98,2.44
2026,전남대학교,물리교육과,학생부교과,교과(일반),3.63,3.63
2026,전남대학교,물리학과,학생부교과,교과(일반),3.71,3.72
2026,전남대학교,미래모빌리티학과,학생부교과,교과(일반),3.35,3.45
2026,전남대학교,바이오에너지공학과,학생부교과,교과(일반),3.22,3.22
2026,전남대학교,분자생명공학과,학생부교과,교과(일반),2.94,3.04
2026,전남대학교,빅데이터융합학과,학생부교과,교과(일반),3.65,3.69
2026,전남대학교,산림자원학과,학생부교과,교과(일반),3.31,3.4
2026,전남대학교,산업공학과,학생부교과,교과(일반),3.09,3.16
2026,전남대학교,생명과학기술학부,학생부교과,교과(일반),2.99,2.99
2026,전남대학교,생물공학과,학생부교과,교과(일반),2.42,2.48
2026,전남대학교,생물교육과,학생부교과,교과(일반),2.27,2.27
2026,전남대학교,생물학과,학생부교과,교과(일반),3.07,3.07
2026,전남대학교,생활복지학과,학생부교과,교과(일반),3.17,3.34
2026,전남대학교,수의예과,학생부교과,교과(일반),1.27,1.28
2026,전남대학교,수학과,학생부교과,교과(일반),3.3,3.41
2026,전남대학교,수학교육과,학생부교과,교과(일반),2.17,2.34
2026,전남대학교,식품공학과,학생부교과,교과(일반),2.6,2.64
2026,전남대학교,식품영양과학부,학생부교과,교과(일반),1.98,1.98
2026,전남대학교,약학부,학생부교과,교과(일반),1.2,1.55
2026,전남대학교,에너지자원공학과,학생부교과,교과(일반),2.9,3.11
2026,전남대학교,원예생명공학과,학생부교과,교과(일반),2.12,2.12
2026,전남대학교,융합바이오시스템기계공학과,학생부교과,교과(일반),3.3,3.35
2026,전남대학교,응용생물학과,학생부교과,교과(일반),3.17,3.17
2026,전남대학교,응용식물학과,학생부교과,교과(일반),2.77,3.22
2026,전남대학교,의류학과,학생부교과,교과(일반),2.78,3.24
2026,전남대학교,인공지능학부,학생부교과,교과(일반),3.08,3.14
2026,전남대학교,임산공학과,학생부교과,교과(일반),3.56,3.56
2026,전남대학교,전기공학과,학생부교과,교과(일반),1.58,1.6
2026,전남대학교,조경학과,학생부교과,교과(일반),2.59,2.59
2026,전남대학교,지구과학교육과,학생부교과,교과(일반),2.98,3.22
2026,전남대학교,지구환경과학부,학생부교과,교과(일반),3.56,3.59
2026,전남대학교,지역·바이오시스템공학과,학생부교과,교과(일반),2.12,2.12
2026,전남대학교,치의학과,학생부교과,교과(일반),1.15,1.2
2026,전남대학교,토목공학과,학생부교과,교과(일반),3.26,3.32
2026,전남대학교,통계학과,학생부교과,교과(일반),2.98,2.98
2026,전남대학교,화학공학부,학생부교과,교과(일반),2.65,2.74
2026,전남대학교,화학과,학생부교과,교과(일반),2.95,3.15
2026,전남대학교,화학교육과,학생부교과,교과(일반),2.92,3.33
2026,전남대학교,환경에너지공학과,학생부교과,교과(일반),3.11,3.17
2026,전남대학교,미술학과(이론전공),학생부교과,교과(일반),3.06,3.37
2026,전남대학교,[유형1] 자율전공학부(1년),학생부교과,교과(일반),2.12,2.12
2026,전남대학교,[유형1] 자율전공학부(4년),학생부교과,교과(일반),2.12,2.12
2026,전남대학교,[유형2] 경영학부,학생부종합,학생부종합(고교생활우수자I),2.53,2.32
2026,전남대학교,경제학부,학생부종합,학생부종합(고교생활우수자I),3.64,3.73
2026,전남대학교,교육학과,학생부종합,학생부종합(고교생활우수자I),,3.12
2026,전남대학교,국어교육과,학생부종합,학생부종합(고교생활우수자I),2.83,2.85
2026,전남대학교,국어국문학과,학생부종합,학생부종합(고교생활우수자I),3.71,3.91
2026,전남대학교,농업경제학과,학생부종합,학생부종합(고교생활우수자I),3.6,3.73
2026,전남대학교,독일언어문학과,학생부종합,학생부종합(고교생활우수자I),4.14,4.27
2026,전남대학교,문헌정보학과,학생부종합,학생부종합(고교생활우수자I),3.43,3.51
2026,전남대학교,문화인류고고학과,학생부종합,학생부종합(고교생활우수자I),3.99,4.12
2026,전남대학교,미디어커뮤니케이션학과,학생부종합,학생부종합(고교생활우수자I),2.87,3.05
2026,전남대학교,불어불문학과,학생부종합,학생부종합(고교생활우수자I),4.26,4.52
2026,전남대학교,사학과,학생부종합,학생부종합(고교생활우수자I),3.35,3.69
2026,전남대학교,사회학과,학생부종합,학생부종합(고교생활우수자I),3.45,3.58
2026,전남대학교,심리학과,학생부종합,학생부종합(고교생활우수자I),3.1,3.24
2026,전남대학교,역사교육과,학생부종합,학생부종합(고교생활우수자I),2.67,2.82
2026,전남대학교,영어교육과,학생부종합,학생부종합(고교생활우수자I),2.54,2.62
2026,전남대학교,영어영문학과,학생부종합,학생부종합(고교생활우수자I),3.52,3.58
2026,전남대학교,유아교육과,학생부종합,학생부종합(고교생활우수자I),,3.33
2026,전남대학교,윤리교육과,학생부종합,학생부종합(고교생활우수자I),2.71,2.71
2026,전남대학교,일어일문학과,학생부종합,학생부종합(고교생활우수자I),3.9,4.1
2026,전남대학교,정치외교학과,학생부종합,학생부종합(고교생활우수자I),3.34,3.49
2026,전남대학교,중어중문학과,학생부종합,학생부종합(고교생활우수자I),3.89,3.97
2026,전남대학교,지리교육과,학생부종합,학생부종합(고교생활우수자I),3.12,3.2
2026,전남대학교,지리학과,학생부종합,학생부종합(고교생활우수자I),4.02,4.05
2026,전남대학교,철학과,학생부종합,학생부종합(고교생활우수자I),3.96,4.13
2026,전남대학교,특수교육학부,학생부종합,학생부종합(고교생활우수자I),3.7,3.79
2026,전남대학교,행정학과,학생부종합,학생부종합(고교생활우수자I),3,3.09
2026,전남대학교,[유형2] 기계공학부,학생부종합,학생부종합(고교생활우수자I),2.53,2.32
2026,전남대학교,[유형2] 신소재공학부,학생부종합,학생부종합(고교생활우수자I),2.53,2.32
2026,전남대학교,[유형2] 전자컴퓨터공학부,학생부종합,학생부종합(고교생활우수자I),3.24,3.14
2026,전남대학교,가정교육과,학생부종합,학생부종합(고교생활우수자I),3.55,3.55
2026,전남대학교,간호학과,학생부종합,학생부종합(고교생활우수자I),2.28,2.33
2026,전남대학교,건축학부,학생부종합,학생부종합(고교생활우수자I),2.87,2.98
2026,전남대학교,고분자융합소재공학부,학생부종합,학생부종합(고교생활우수자I),3.29,3.47
2026,전남대학교,농생명화학과,학생부종합,학생부종합(고교생활우수자I),3.59,3.71
2026,전남대학교,동물자원학부,학생부종합,학생부종합(고교생활우수자I),3.62,3.75
2026,전남대학교,물리교육과,학생부종합,학생부종합(고교생활우수자I),3.82,3.86
2026,전남대학교,물리학과,학생부종합,학생부종합(고교생활우수자I),3.75,3.91
2026,전남대학교,미래모빌리티학과,학생부종합,학생부종합(고교생활우수자I),3.59,3.62
2026,전남대학교,바이오에너지공학과,학생부종합,학생부종합(고교생활우수자I),3.33,3.48
2026,전남대학교,분자생명공학과,학생부종합,학생부종합(고교생활우수자I),3.15,3.4
2026,전남대학교,빅데이터융합학과,학생부종합,학생부종합(고교생활우수자I),3.67,3.72
2026,전남대학교,산림자원학과,학생부종합,학생부종합(고교생활우수자I),3.35,3.57
2026,전남대학교,산업공학과,학생부종합,학생부종합(고교생활우수자I),3.47,3.52
2026,전남대학교,생명과학기술학부,학생부종합,학생부종합(고교생활우수자I),3.33,3.46
2026,전남대학교,생물공학과,학생부종합,학생부종합(고교생활우수자I),2.61,2.64
2026,전남대학교,생물교육과,학생부종합,학생부종합(고교생활우수자I),2.8,2.84
2026,전남대학교,생물학과,학생부종합,학생부종합(고교생활우수자I),3.23,3.31
2026,전남대학교,생활복지학과,학생부종합,학생부종합(고교생활우수자I),3.59,3.69
2026,전남대학교,수의예과,학생부종합,학생부종합(고교생활우수자I),1.54,1.61
2026,전남대학교,수학과,학생부종합,학생부종합(고교생활우수자I),3.69,4
2026,전남대학교,수학교육과,학생부종합,학생부종합(고교생활우수자I),3.02,3.19
2026,전남대학교,식품공학과,학생부종합,학생부종합(고교생활우수자I),3.02,3.07
2026,전남대학교,식품영양과학부,학생부종합,학생부종합(고교생활우수자I),3.61,3.75
2026,전남대학교,약학부,학생부종합,학생부종합(고교생활우수자I),1.27,1.27
2026,전남대학교,에너지자원공학과,학생부종합,학생부종합(고교생활우수자I),3.5,3.69
2026,전남대학교,원예생명공학과,학생부종합,학생부종합(고교생활우수자I),3.41,3.85
2026,전남대학교,융합바이오시스템기계공학과,학생부종합,학생부종합(고교생활우수자I),3.72,3.85
2026,전남대학교,응용생물학과,학생부종합,학생부종합(고교생활우수자I),3.69,3.72
2026,전남대학교,응용식물학과,학생부종합,학생부종합(고교생활우수자I),3.31,3.58
2026,전남대학교,의류학과,학생부종합,학생부종합(고교생활우수자I),3.8,3.86
2026,전남대학교,의예과,학생부종합,학생부종합(고교생활우수자I),1.76,1.51
2026,전남대학교,인공지능학부,학생부종합,학생부종합(고교생활우수자I),3.5,3.68
2026,전남대학교,임산공학과,학생부종합,학생부종합(고교생활우수자I),4.05,4.06
2026,전남대학교,전기공학과,학생부종합,학생부종합(고교생활우수자I),1.91,1.98
2026,전남대학교,조경학과,학생부종합,학생부종합(고교생활우수자I),3.62,3.79
2026,전남대학교,지구과학교육과,학생부종합,학생부종합(고교생활우수자I),2.91,3.08
2026,전남대학교,지구환경과학부,학생부종합,학생부종합(고교생활우수자I),3.76,3.8
2026,전남대학교,지역·바이오시스템공학과,학생부종합,학생부종합(고교생활우수자I),4.21,4.17
2026,전남대학교,치의학과,학생부종합,고교생활우수자I,1.26,1.26
2026,전남대학교,토목공학과,학생부종합,학생부종합(고교생활우수자I),3.6,3.64
2026,전남대학교,통계학과,학생부종합,학생부종합(고교생활우수자I),3.36,3.8
2026,전남대학교,화학공학부,학생부종합,학생부종합(고교생활우수자I),2.94,3.04
2026,전남대학교,화학과,학생부종합,학생부종합(고교생활우수자I),3.58,3.73
2026,전남대학교,화학교육과,학생부종합,학생부종합(고교생활우수자I),3.58,3.63
2026,전남대학교,환경에너지공학과,학생부종합,학생부종합(고교생활우수자I),3.28,3.37
2026,전남대학교,[유형1] 자율전공학부(4년),학생부종합,학생부종합(고교생활우수자I),2.53,2.32
2026,전남대학교,[유형2] 경영학부,학생부교과,교과(지역인재),2.12,2.12
2026,전남대학교,경제학부,학생부교과,교과(지역인재),3.38,3.51
2026,전남대학교,교육학과,학생부교과,교과(지역인재),2.84,2.84
2026,전남대학교,국어교육과,학생부교과,교과(지역인재),2.61,2.77
2026,전남대학교,국어국문학과,학생부교과,교과(지역인재),3.15,3.18
2026,전남대학교,농업경제학과,학생부교과,교과(지역인재),3.39,3.41
2026,전남대학교,독일언어문학과,학생부교과,교과(지역인재),3.44,3.5
2026,전남대학교,문헌정보학과,학생부교과,교과(지역인재),3.01,3.01
2026,전남대학교,문화인류고고학과,학생부교과,교과(지역인재),3.46,3.46
2026,전남대학교,미디어커뮤니케이션학과,학생부교과,교과(지역인재),1.82,1.7
2026,전남대학교,불어불문학과,학생부교과,교과(지역인재),3.55,3.63
2026,전남대학교,사학과,학생부교과,교과(지역인재),3.38,3.49
2026,전남대학교,사회학과,학생부교과,교과(지역인재),2.76,2.8
2026,전남대학교,심리학과,학생부교과,교과(지역인재),2.92,2.59
2026,전남대학교,역사교육과,학생부교과,교과(지역인재),2.21,2.21
2026,전남대학교,영어교육과,학생부교과,교과(지역인재),2.26,2.26
2026,전남대학교,영어영문학과,학생부교과,교과(지역인재),3.27,3.33
2026,전남대학교,유아교육과,학생부교과,교과(지역인재),3.17,3.17
2026,전남대학교,윤리교육과,학생부교과,교과(지역인재),2.34,2.34
2026,전남대학교,일어일문학과,학생부교과,교과(지역인재),3.34,3.37
2026,전남대학교,정치외교학과,학생부교과,교과(지역인재),2.74,2.77
2026,전남대학교,중어중문학과,학생부교과,교과(지역인재),3.44,3.52
2026,전남대학교,지리교육과,학생부교과,교과(지역인재),3.05,2.88
2026,전남대학교,지리학과,학생부교과,교과(지역인재),2.65,2.65
2026,전남대학교,철학과,학생부교과,교과(지역인재),3.17,3.47
2026,전남대학교,특수교육학부,학생부교과,교과(지역인재),3.49,3.51
2026,전남대학교,행정학과,학생부교과,교과(지역인재),2.48,2.65
2026,전남대학교,[유형2] 기계공학부,학생부교과,교과(지역인재),2.12,2.12
2026,전남대학교,[유형2] 신소재공학부,학생부교과,교과(지역인재),2.12,2.12
2026,전남대학교,[유형2] 전자컴퓨터공학부,학생부교과,교과(지역인재),2.65,3.07
2026,전남대학교,가정교육과,학생부교과,교과(지역인재),3.12,3.27
2026,전남대학교,간호학과,학생부교과,교과(지역인재),1.85,1.96
2026,전남대학교,건축학부,학생부교과,교과(지역인재),2.76,2.92
2026,전남대학교,고분자융합소재공학부,학생부교과,교과(지역인재),2.96,3
2026,전남대학교,농생명화학과,학생부교과,교과(지역인재),3.38,3.44
2026,전남대학교,동물자원학부,학생부교과,교과(지역인재),3.32,3.38
2026,전남대학교,물리교육과,학생부교과,교과(지역인재),3.31,3.63
2026,전남대학교,물리학과,학생부교과,교과(지역인재),3.53,3.69
2026,전남대학교,미래모빌리티학과,학생부교과,교과(지역인재),3.37,3.45
2026,전남대학교,바이오에너지공학과,학생부교과,교과(지역인재),3.05,3.1
2026,전남대학교,분자생명공학과,학생부교과,교과(지역인재),2.8,3.02
2026,전남대학교,빅데이터융합학과,학생부교과,교과(지역인재),3.41,3.56
2026,전남대학교,산림자원학과,학생부교과,교과(지역인재),3.03,3.17
2026,전남대학교,산업공학과,학생부교과,교과(지역인재),3.21,3.33
2026,전남대학교,생명과학기술학부,학생부교과,교과(지역인재),2.72,2.86
2026,전남대학교,생물공학과,학생부교과,교과(지역인재),2.13,2.13
2026,전남대학교,생물교육과,학생부교과,교과(지역인재),2.4,2.24
2026,전남대학교,생물학과,학생부교과,교과(지역인재),2.76,2.8
2026,전남대학교,생활복지학과,학생부교과,교과(지역인재),2.82,2.92
2026,전남대학교,수의예과,학생부교과,교과(지역인재),1.35,1.36
2026,전남대학교,수학과,학생부교과,교과(지역인재),3.46,3.58
2026,전남대학교,수학교육과,학생부교과,교과(지역인재),2.64,2.64
2026,전남대학교,식품공학과,학생부교과,교과(지역인재),2.72,3.29
2026,전남대학교,식품영양과학부,학생부교과,교과(지역인재),3.1,3.14
2026,전남대학교,약학부,학생부교과,교과(지역인재),1.24,1.29
2026,전남대학교,에너지자원공학과,학생부교과,교과(지역인재),3.41,3.41
2026,전남대학교,원예생명공학과,학생부교과,교과(지역인재),2.25,2.25
2026,전남대학교,융합바이오시스템기계공학과,학생부교과,교과(지역인재),3.29,3.44
2026,전남대학교,응용생물학과,학생부교과,교과(지역인재),3.31,3.32
2026,전남대학교,응용식물학과,학생부교과,교과(지역인재),3.41,3.41
2026,전남대학교,의류학과,학생부교과,교과(지역인재),3.25,3.4
2026,전남대학교,의예과,학생부교과,교과(지역인재),1.44,1.44
2026,전남대학교,인공지능학부,학생부교과,교과(지역인재),3.11,3.22
2026,전남대학교,임산공학과,학생부교과,교과(지역인재),3.34,3.54
2026,전남대학교,전기공학과,학생부교과,교과(지역인재),1.57,1.59
2026,전남대학교,조경학과,학생부교과,교과(지역인재),3.28,3.28
2026,전남대학교,지구과학교육과,학생부교과,교과(지역인재),3.03,3.03
2026,전남대학교,지구환경과학부,학생부교과,교과(지역인재),3.54,3.7
2026,전남대학교,지역·바이오시스템공학과,학생부교과,교과(지역인재),3.62,3.62
2026,전남대학교,치의학과,학생부교과,교과(지역인재),1.27,1.27
2026,전남대학교,토목공학과,학생부교과,교과(지역인재),2.84,3.24
2026,전남대학교,통계학과,학생부교과,교과(지역인재),2.51,2.51
2026,전남대학교,화학공학부,학생부교과,교과(지역인재),3.26,3.73
2026,전남대학교,화학과,학생부교과,교과(지역인재),3.12,3.2
2026,전남대학교,화학교육과,학생부교과,교과(지역인재),3.26,2.86
2026,전남대학교,환경에너지공학과,학생부교과,교과(지역인재),2.77,3.07
2026,전남대학교,[유형1] 자율전공학부(1년),학생부교과,교과(지역인재),2.12,2.12
2026,전남대학교,[유형1] 자율전공학부(4년),학생부교과,교과(지역인재),2.12,2.12
2026,전북대학교,경상계열,학생부교과,교과(일반학생),3.26,3.45
2026,전북대학교,고고문화인류학과,학생부교과,교과(일반학생),3.53,3.54
2026,전북대학교,교육학과,학생부교과,교과(일반학생),3.11,3.11
2026,전북대학교,국어교육과,학생부교과,교과(일반학생),2.72,3.04
2026,전북대학교,국어국문학과,학생부교과,교과(일반학생),3.48,3.78
2026,전북대학교,국제학부,학생부교과,교과(일반학생),,
2026,전북대학교,독어교육과,학생부교과,교과(일반학생),,4.6
2026,전북대학교,독일학과,학생부교과,교과(일반학생),3.69,3.71
2026,전북대학교,문헌정보학과,학생부교과,교과(일반학생),3.15,3.23
2026,전북대학교,사학과,학생부교과,교과(일반학생),3.5,3.55
2026,전북대학교,사회과교육학부,학생부교과,교과(일반학생),3.0098,3.01
2026,전북대학교,사회과학계열,학생부교과,교과(일반학생),3.23,3.38
2026,전북대학교,스페인·중남미학과,학생부교과,교과(일반학생),4.0286,4
2026,전북대학교,영어교육과,학생부교과,교과(일반학생),2.8,2.84
2026,전북대학교,영어영문학과,학생부교과,교과(일반학생),3.3,3.35
2026,전북대학교,일본학과,학생부교과,교과(일반학생),3.43,3.51
2026,전북대학교,중어중문학과,학생부교과,교과(일반학생),3.6,3.67
2026,전북대학교,철학과,학생부교과,교과(일반학생),3.53,3.61
2026,전북대학교,프랑스·아프리카학과,학생부교과,교과(일반학생),3.7,3.86
2026,전북대학교,간호학과,학생부교과,교과(일반학생),2.12,2.23
2026,전북대학교,공학계열1,학생부교과,교과(일반학생),3.37,3.49
2026,전북대학교,공학계열2,학생부교과,교과(일반학생),4.0625,
2026,전북대학교,과학교육학부,학생부교과,교과(일반학생),3.04,3.07
2026,전북대학교,본부 국제이공학부,학생부교과,교과(일반학생),,
2026,전북대학교,본부 이차전지공학과,학생부교과,교과(일반학생),,
2026,전북대학교,본부 첨단방위산업학과,학생부교과,교과(일반학생),,
2026,전북대학교,수학교육과,학생부교과,교과(일반학생),2.72,2.92
2026,전북대학교,스마트팜학과,학생부교과,교과(일반학생),3.5,3.61
2026,전북대학교,약학과,학생부교과,교과(일반학생),1.04,1.04
2026,전북대학교,의예과,학생부교과,교과(일반학생),1.21,1.24
2026,전북대학교,자연과학계열1,학생부교과,교과(일반학생),4.08,
2026,전북대학교,자연과학계열2,학생부교과,교과(일반학생),3.88,3.96
2026,전북대학교,치의예과,학생부교과,교과(일반학생),,1.03
2026,전북대학교,[유형1] 본부 융합자율전공학부1,학생부교과,교과(일반학생),4.0449,
2026,전북대학교,농업생명과학계열,학생부교과,교과(일반학생),3.66,3.77
2026,전북대학교,생활과학계열,학생부교과,교과(일반학생),3.52,3.59
2026,전북대학교,공학계열2,학생부종합,학생부종합(SW인재),2.788571429,2.77
2026,전북대학교,경상계열,학생부종합,학생부종합(큰사람),3.69,3.76
2026,전북대학교,고고문화인류학과,학생부종합,학생부종합(큰사람),4.28,4.28
2026,전북대학교,교육학과,학생부종합,학생부종합(큰사람),2.788571429,2.77
2026,전북대학교,국어교육과,학생부종합,학생부종합(큰사람),2.82,2.82
2026,전북대학교,국어국문학과,학생부종합,학생부종합(큰사람),2.788571429,2.77
2026,전북대학교,국제학부,학생부종합,학생부종합(큰사람),4.07,4.28
2026,전북대학교,독어교육과,학생부종합,학생부종합(큰사람),2.788571429,2.77
2026,전북대학교,독일학과,학생부종합,학생부종합(큰사람),2.788571429,2.77
2026,전북대학교,문헌정보학과,학생부종합,학생부종합(큰사람),2.788571429,2.77
2026,전북대학교,사학과,학생부종합,학생부종합(큰사람),2.788571429,2.77
2026,전북대학교,사회과교육학부,학생부종합,학생부종합(큰사람),2.788571429,2.77
2026,전북대학교,사회과학계열,학생부종합,학생부종합(큰사람),3.73,3.81
2026,전북대학교,스페인·중남미학과,학생부종합,학생부종합(큰사람),2.788571429,2.77
2026,전북대학교,영어교육과,학생부종합,학생부종합(큰사람),3.11,3.11
2026,전북대학교,영어영문학과,학생부종합,학생부종합(큰사람),3.81,3.85
2026,전북대학교,일본학과,학생부종합,학생부종합(큰사람),3.93,3.93
2026,전북대학교,중어중문학과,학생부종합,학생부종합(큰사람),4.42,4.72
2026,전북대학교,철학과,학생부종합,학생부종합(큰사람),4.16,4.16
2026,전북대학교,프랑스·아프리카학과,학생부종합,학생부종합(큰사람),4.09,4.13
2026,전북대학교,간호학과,학생부종합,학생부종합(큰사람),2.66,2.67
2026,전북대학교,공학계열1,학생부종합,학생부종합(큰사람),3.74,3.86
2026,전북대학교,공학계열2,학생부종합,학생부종합(큰사람),2.788571429,2.77
2026,전북대학교,과학교육학부,학생부종합,학생부종합(큰사람),3.57,3.77
2026,전북대학교,본부 국제이공학부,학생부종합,학생부종합(큰사람),2.788571429,2.77
2026,전북대학교,본부 이차전지공학과,학생부종합,학생부종합(큰사람),2.788571429,2.77
2026,전북대학교,본부 첨단방위산업학과,학생부종합,학생부종합(큰사람),2.788571429,2.77
2026,전북대학교,수학교육과,학생부종합,학생부종합(큰사람),2.788571429,2.77
2026,전북대학교,스마트팜학과,학생부종합,학생부종합(큰사람),2.788571429,2.77
2026,전북대학교,약학과,학생부종합,학생부종합(큰사람),2.788571429,2.77
2026,전북대학교,의예과,학생부종합,학생부종합(큰사람),1.26,1.27
2026,전북대학교,자연과학계열1,학생부종합,학생부종합(큰사람),2.788571429,2.77
2026,전북대학교,자연과학계열2,학생부종합,학생부종합(큰사람),4.03,4.16
2026,전북대학교,치의예과,학생부종합,학생부종합(큰사람),2.788571429,2.77
2026,전북대학교,농업생명과학계열,학생부종합,학생부종합(큰사람),4.25,4.45
2026,전북대학교,생활과학계열,학생부종합,학생부종합(큰사람),3.98,4.15
2026,전북대학교,경상계열,학생부교과,교과(지역인재1-호남권),3.3,3.36
2026,전북대학교,고고문화인류학과,학생부교과,교과(지역인재1-호남권),,
2026,전북대학교,교육학과,학생부교과,교과(지역인재1-호남권),,
2026,전북대학교,국어교육과,학생부교과,교과(지역인재1-호남권),2.53,2.53
2026,전북대학교,국어국문학과,학생부교과,교과(지역인재1-호남권),3.45,3.55
2026,전북대학교,독어교육과,학생부교과,교과(지역인재1-호남권),,
2026,전북대학교,독일학과,학생부교과,교과(지역인재1-호남권),3.72,3.83
2026,전북대학교,문헌정보학과,학생부교과,교과(지역인재1-호남권),3.05,3.25
2026,전북대학교,사학과,학생부교과,교과(지역인재1-호남권),3.57,3.59
2026,전북대학교,사회과교육학부,학생부교과,교과(지역인재1-호남권),3.2647,
2026,전북대학교,사회과학계열,학생부교과,교과(지역인재1-호남권),3.15,3.32
2026,전북대학교,스페인·중남미학과,학생부교과,교과(지역인재1-호남권),3.8469,4.15
2026,전북대학교,영어교육과,학생부교과,교과(지역인재1-호남권),2.91,2.91
2026,전북대학교,영어영문학과,학생부교과,교과(지역인재1-호남권),3.42,3.73
2026,전북대학교,일본학과,학생부교과,교과(지역인재1-호남권),,
2026,전북대학교,중어중문학과,학생부교과,교과(지역인재1-호남권),3.69,3.75
2026,전북대학교,철학과,학생부교과,교과(지역인재1-호남권),3.6,3.66
2026,전북대학교,프랑스·아프리카학과,학생부교과,교과(지역인재1-호남권),3.93,4.06
2026,전북대학교,간호학과,학생부교과,교과(지역인재1-호남권),2.5,2.52
2026,전북대학교,공학계열1,학생부교과,교과(지역인재1-호남권),3.33,3.43
2026,전북대학교,공학계열2,학생부교과,교과(지역인재1-호남권),4.2674,
2026,전북대학교,과학교육학부,학생부교과,교과(지역인재1-호남권),2.72,3.08
2026,전북대학교,본부 이차전지공학과,학생부교과,교과(지역인재1-호남권),,
2026,전북대학교,본부 첨단방위산업학과,학생부교과,교과(지역인재1-호남권),,
2026,전북대학교,수학교육과,학생부교과,교과(지역인재1-호남권),3.099,3.3
2026,전북대학교,스마트팜학과,학생부교과,교과(지역인재1-호남권),,
2026,전북대학교,약학과,학생부교과,교과(지역인재1-호남권),1.09,1.18
2026,전북대학교,의예과,학생부교과,교과(지역인재1-호남권),1.23,1.27
2026,전북대학교,자연과학계열1,학생부교과,교과(지역인재1-호남권),4.2277,
2026,전북대학교,자연과학계열2,학생부교과,교과(지역인재1-호남권),3.94,3.97
2026,전북대학교,치의예과,학생부교과,교과(지역인재1-호남권),1.13,1.13
2026,전북대학교,[유형1] 본부 융합자율전공학부1,학생부교과,교과(지역인재1-호남권),4.5158,
2026,전북대학교,농업생명과학계열,학생부교과,교과(지역인재1-호남권),3.68,3.76
2026,전북대학교,생활과학계열,학생부교과,교과(지역인재1-호남권),3.94,4.05
2026,전북대학교,간호학과,학생부교과,교과(지역인재2-전북권),2.27,2.41
2026,전북대학교,약학과,학생부교과,교과(지역인재2-전북권),1.26,1.27
2026,전북대학교,의예과,학생부교과,교과(지역인재2-전북권),1.37,1.65
2026,전북대학교,치의예과,학생부교과,교과(지역인재2-전북권),1.25,1.26
2026,전북대학교,치의예과,학생부종합,큰사람전형,,1.37
2026,전북대학교,약학과,학생부종합,큰사람전형,1.35,
2026,전북대학교,수의예과,학생부종합,큰사람전형,1.454,1.54
2026,제주대학교,초등교육과,학생부교과,학생부교과일반,3.44,2.63
2026,제주대학교,수의예과,학생부교과,학생부교과일반,1.27,1.29
2026,제주대학교,약학과,학생부교과,학생부교과일반,1.11,1.12
2026,제주대학교,간호학과,학생부교과,학생부교과일반,3.16,3.23
2026,제주대학교,초등교육과,학생부교과,학생부교과지역,5.5,4.79
2026,제주대학교,초등교육과,학생부종합,학생부종합일반,,
2026,제주대학교,수의예과,학생부교과,학생부교과지역,1.66,1.69
2026,제주대학교,약학과,학생부교과,학생부교과지역,1.58,1.59
2026,제주대학교,간호학과,학생부교과,학생부교과지역,3.39,3.6
2026,제주대학교,약학과,학생부종합,학생부종합일반,,
2026,제주대학교,수의예과,학생부종합,학생부종합일반,,
2026,제주대학교,간호학과,학생부종합,학생부종합일반,,
2026,충남대학교,간호학과,학생부교과,학생부교과(일반),1.89,1.98
2026,충남대학교,수의예과,학생부교과,학생부교과(일반),1.21,1.23
2026,충남대학교,약학과,학생부교과,학생부교과(일반),1.23,1.24
2026,충남대학교,간호학과,학생부교과,학생부교과(지역),1.91,1.93
2026,충남대학교,수의예과,학생부교과,학생부교과(지역),1.37,1.39
2026,충남대학교,약학과,학생부교과,학생부교과(지역),1.38,1.4
2026,충남대학교,수의예과,학생부종합,학생부종합(면접),1.45,1.65
2026,충남대학교,수의예과,학생부종합,학생부종합(서류),1.48,1.55
2026,충남대학교,간호학과,학생부종합,학생부종합(서류),2.48,2.51
2026,충남대학교,약학과,학생부종합,학생부종합(서류),1.51,1.53
2026,충남대학교,간호학과,학생부종합,학생부종합(일반),2.48,2.51
2026,충남대학교,약학과,학생부종합,학생부종합(일반),1.51,1.53
2026,경상대학교,수의예과,학생부교과,학생부교과(일반),5.69,5.89
2026,경상대학교,약학과,학생부교과,학생부교과(일반),5.69,5.89
2026,경상대학교,수의예과,학생부교과,학생부교과(지역),5.69,5.89
2026,경상대학교,약학과,학생부교과,학생부교과(지역),5.69,5.89
2026,경상대학교,간호학과,학생부교과,학생부교과(지역),5.69,5.89
2026,경상대학교,수의예과,학생부종합,학생부종합(일반),4.46,4.42
2026,경상대학교,약학과,학생부종합,학생부종합(일반),4.46,4.42
2026,경상대학교,간호학과,학생부종합,학생부종합(일반),4.46,4.42
2026,경상대학교,수의예과,학생부종합,학생부종합(지역),4.46,4.42
2026,경상대학교,약학과,학생부종합,학생부종합(지역),4.46,4.42
2026,경상대학교,간호학과,학생부종합,학생부종합(지역),4.46,4.42
2026,경북대학교,수의예과,논술,논술전형,2.6,2.79
2026,가천대학교,간호학과,학생부교과,농어촌(교과)전형,1.67,1.65
2026,가천대학교,간호학과,학생부종합,기회균형전형,3.16,3.3
2026,가천대학교,간호학과,학생부종합,특성화고교전형(종합),3.3,2.16
2026,가천대학교,간호학과,학생부종합,농어촌(종합)전형,2.85,2.85
2026,가톨릭관동대학교,간호학과,학생부교과,일반전형,2.9,3.04
2026,가톨릭관동대학교,간호학과,학생부교과,강원인재전형,3.4,1.17
2026,가톨릭관동대학교,간호학과,학생부교과,기회균형전형,3.74,3.74
2026,가톨릭관동대학교,간호학과,학생부종합,CKU종합전형,3.11,3.16
2026,가톨릭관동대학교,간호학과,학생부종합,가톨릭지도자추천전형,3.26,3.38
2026,가톨릭관동대학교,간호학과,학생부교과,농어촌학생전형(외),3.22,3.24
2026,가톨릭관동대학교,간호학과,학생부교과,기초생활및차상위전형(외),4.23,4.33
2026,가톨릭꽃동네대학교,간호학과,학생부교과,일반학생전형,2.54,3.67
2026,가톨릭꽃동네대학교,간호학과,학생부교과,휴먼리더(면접)전형,4.03,4.89
2026,가톨릭꽃동네대학교,간호학과,학생부교과,가톨릭지도자추천전형,4.04,5.33
2026,가톨릭꽃동네대학교,간호학과,학생부교과,지역인재전형,3.29,4.11
2026,가톨릭꽃동네대학교,간호학과,학생부교과,경제배려대상자전형,5.4,4.44
2026,가톨릭꽃동네대학교,간호학과,학생부교과,농어촌전형(외),3.8,4.89
2026,강원대학교(원주),간호학과,학생부교과,해람교과전형,4.53,5.12
2026,강원대학교(원주),간호학과,학생부교과,지역교과전형,2.57,3.03
2026,강원대학교(원주),간호학과,학생부교과,기회균형전형,4.53,5.12
2026,강원대학교(원주),간호학과,학생부종합,해람인재전형,5.35,4.85
2026,강원대학교(원주),간호학과,학생부종합,지역인재전형,3.28,3.29
2026,강원대학교(원주),간호학과,학생부종합,지역인재저소득전형,3.28,3.29
2026,강원대학교(원주),간호학과,학생부종합,저소득전형(외),5.35,4.85
2026,강서대학교,간호학과,학생부교과,일반학생,3.17,3.86
2026,강서대학교,간호학과,학생부교과,사회통합전형,5.09,4.13
2026,강원대학교(삼척),간호학과,학생부종합,미래인재 I 전형,5.27,6.61
2026,강원대학교(삼척),간호학과,학생부종합,미래인재 II 전형,5.27,6.61
2026,강원대학교(삼척),간호학과,학생부교과,일반전형,6.83,6.62
2026,강원대학교(삼척),간호학과,학생부교과,지역인재전형,6.83,6.62
2026,건국대학교(글로컬),간호학과,학생부종합,Cogito자기추천전형,3.11,3.11
2026,건국대학교(글로컬),간호학과,학생부교과,학생부(교과)전형,3.99,3.99
2026,건국대학교(글로컬),간호학과,학생부교과,지역인재특별전형,3.96,3.38
2026,건국대학교(글로컬),간호학과,학생부교과,지역인재-기초생활차상위전형,,2.7
2026,건국대학교(글로컬),간호학과,학생부교과,국가보훈대상자전형,3.99,3.99
2026,건국대학교(글로컬),간호학과,학생부교과,사회기여및배려자전형,3.99,3.99
2026,건국대학교(글로컬),간호학과,학생부교과,농어촌학생전형(외),,3.4
2026,건국대학교(글로컬),간호학과,학생부교과,기초생활및차상위전형(외),,1.8
2026,건양대학교,간호학과,학생부교과,일반학생전형,2.02,2.17
2026,건양대학교,간호학과,학생부교과,지역인재전형,2.21,2.34
2026,건양대학교,간호학과,학생부교과,지역인재(기초)전형,2.21,2.34
2026,건양대학교,간호학과,학생부종합,학생부종합전형,2.57,2.67
2026,건양대학교,간호학과,학생부교과,농어촌학생전형(외),2.08,2.2
2026,건양대학교,간호학과,학생부교과,기초생활및차상위전형(외),2.51,2.57
2026,경남대학교,간호학과,학생부교과,일반학생전형,2.8,3
2026,경남대학교,간호학과,학생부교과,지역인재전형,2.8,2.9
2026,경남대학교,간호학과,학생부교과,사회통합전형,4.5,4.5
2026,경남대학교,간호학과,학생부교과,기회균형전형,4.5,4.5
2026,경남대학교,간호학과,학생부종합,일반전형,1,1
2026,경남대학교,간호학과,학생부교과,농어촌학생전형(외),2.5,2.5
2026,경남대학교,간호학과,학생부교과,기초생활수급자전형(외),2.7,3.3
2026,경동대학교,간호학과,학생부교과,일반학생전형,3.38,3.53
2026,경동대학교,간호학과,학생부종합,자기추천제전형,3.89,3.75
2026,경동대학교,간호학과,학생부교과,지역인재전형,3.55,3.81
2026,경북대학교,간호학과,학생부교과,지역인재-기초생활수급자전형,,
2026,경북대학교,간호학과,학생부종합,사회배려자전형,,
2026,경북대학교,간호학과,학생부종합,농어촌학생전형(외),2.2,2.21
2026,성균관대학교,자연과학계열/전자전기공학부/공학계열,학생부종합,이웃사랑전형(외),,3.45
2026,경희대학교,환경학및환경공학과,학생부종합,기회균형전형 I,1.93,2.23
2026,이화여자대학교,화공신소재공학과,학생부종합,고른기회전형,1.63,1.63
2026,서울시립대학교,자유전공학부(자연),학생부종합,기회균형전형 I,2.23,2.29
2026,경성대학교,간호학과,학생부교과,지역인재-저소득층전형,2.9,2.7
2026,경성대학교,간호학과,학생부종합,학교생활우수자전형,3.73,3.88
2026,경운대학교,간호학과,학생부교과,교과전형,,
2026,경운대학교,간호학과,학생부교과,면접전형,,
2026,경운대학교,간호학과,학생부교과,지역인재전형,,
2026,경운대학교,간호학과,학생부종합,창의인재전형,,
2026,경운대학교,간호학과,학생부교과,농어촌학생전형(외),,
2026,경운대학교,간호학과,학생부교과,기회균형전형(외),,
2026,경일대학교,간호학과,학생부교과,일반전형,2.54,2.72
2026,경일대학교,간호학과,학생부교과,지역인재교과전형,2.71,2.86
2026,경일대학교,간호학과,학생부교과,면접전형,3.21,3.49
2026,경일대학교,간호학과,학생부종합,학생부종합전형,3.29,3.64
2026,경일대학교,간호학과,학생부교과,농어촌학생전형(외),2.96,3.08
2026,경일대학교,간호학과,학생부교과,기회균형전형(외),2.58,2.75
2026,경희대학교,간호학과(인문),학생부종합,기회균등전형,1.68,1.73
2026,경희대학교,간호학과(자연),학생부종합,기회균등전형,1.68,1.73
2026,경희대학교,간호학과(인문),학생부종합,고른기회전형,2.03,1.89
2026,경희대학교,간호학과(자연),학생부종합,고른기회전형,2.03,1.89
2026,계명대학교,간호학과,학생부교과,일반전형,1.87,1.97
2026,계명대학교,간호학과,학생부교과,지역전형,1,1
2026,계명대학교,간호학과,학생부교과,지역기회균형전형,,
2026,계명대학교,간호학과,학생부종합,일반전형,2.46,2.52
2026,계명대학교,간호학과,학생부종합,지역전형,2.5,2.58
2026,계명대학교,간호학과,학생부종합,농어촌전형(외),,
2026,고려대학교,간호대학,학생부종합,고른기회전형,,
2026,고신대학교,간호학과,학생부종합,자기추천자전형,3.63,3.63
2026,고신대학교,간호학과,학생부종합,학교생활우수자전형,3.77,4.05
2026,고신대학교,간호학과,학생부교과,일반고전형,2.25,2.32
2026,고신대학교,간호학과,학생부교과,지역인재전형,2.24,2.27
2026,공주대학교,간호학과,학생부종합,일반전형,3.14,3.31
2026,공주대학교,간호학과,학생부종합,고른기회-지역균형전형,3.27,3.27
2026,공주대학교,간호학과,학생부종합,농어촌학생전형(외),3.31,3.27
2026,공주대학교,간호학과,학생부종합,특성화고교졸업자전형(외),,1.84
2026,공주대학교,간호학과,학생부교과,일반전형,3.07,3.15
2026,공주대학교,간호학과,학생부교과,지역인재전형,3.16,3.23
2026,광주대학교,간호학과,학생부교과,일반학생전형,4.44,4.63
2026,광주대학교,간호학과,학생부교과,지역학생전형,4.25,4.5
2026,광주대학교,간호학과,학생부교과,기초생활및차상위전형(외),4.44,4.63
2026,광주여자대학교,간호학과,학생부교과,일반학생전형 I,5.37,5.53
2026,광주여자대학교,간호학과,학생부교과,일반학생전형 II,5.37,5.53
2026,광주여자대학교,간호학과,학생부교과,지역인재전형,5.29,5.55
2026,광주여자대학교,간호학과,학생부교과,농어촌학생전형(외),5.39,5.78
2026,광주여자대학교,간호학과,학생부교과,기초생활및차상위전형(외),6.27,6.23
2026,군산대학교,간호학부,학생부교과,일반전형,2.3325,2.34
2026,군산대학교,간호학부,학생부교과,지역인재 I 전형,3.13,3.16
2026,군산대학교,간호학부,학생부교과,지역인재 II 전형,,4.7
2026,군산대학교,간호학부,학생부종합,일반학생전형,3.99,3.99
2026,군산대학교,간호학부,학생부종합,사회통합전형,,
2026,군산대학교,간호학부,학생부교과,농어촌학생전형(외),3.87,
2026,군산대학교,간호학부,학생부교과,특성화고교졸업자전형(외),,
2026,극동대학교,간호학과,학생부교과,일반학생전형,3.88,4
2026,극동대학교,간호학과,학생부교과,교과우수자전형,,
2026,극동대학교,간호학과,학생부교과,지역인재 1 전형,4.75,5.13
2026,극동대학교,간호학과,학생부교과,지역인재 2 전형,,5.88
2026,김천대학교,간호학과,학생부교과,일반교과전형,3.83,3.92
2026,김천대학교,간호학과,학생부교과,일반면접전형,4.87,6.29
2026,김천대학교,간호학과,학생부교과,고른기회전형,,4.76
2026,김천대학교,간호학과,학생부교과,지역인재전형,4.07,4.63
2026,김천대학교,간호학과,학생부교과,농어촌학생전형(외),4.94,4.96
2026,김천대학교,간호학과,학생부교과,기회균형전형(외),,4.39
2026,나사렛대학교,간호학과,학생부교과,일반학생전형,2.93,3.09
2026,나사렛대학교,간호학과,학생부종합,글로컬지역인재 II 전형,3.562,3.54
2026,나사렛대학교,간호학과,학생부종합,창의융합인재전형,3.35,3.451
2026,나사렛대학교,간호학과,학생부교과,농어촌학생전형(외),,
2026,나사렛대학교,간호학과,학생부교과,기초생활및차상위전형(외),2.93,3.09
2026,남부대학교,간호학과,학생부교과,일반학생전형,5.9,6.18
2026,남부대학교,간호학과,학생부교과,지역인재전형,5.8,6.26
2026,남부대학교,간호학과,학생부교과,농어촌학생전형(외),5.42,6.1
2026,남부대학교,간호학과,학생부교과,기초생활및차상위전형(외),5.9,6.18
2026,서울대학교,간호학과,학생부교과,일반학생전형,2.03,1.9
2026,서울대학교,간호학과,학생부교과,지역인재전형,2.35,2.3
2026,서울대학교,간호학과,학생부교과,지역인재기초생활및차상위전형,2.37,2.97
2026,서울대학교,간호학과,학생부교과,기회균형전형,2.27,2.37
2026,서울대학교,간호학과,학생부교과,사회배려자전형,2.33,2.33
2026,서울대학교,간호학과,학생부교과,교과면접전형,2.37,2.9
2026,서울대학교,간호학과,학생부종합,면접형,,
2026,단국대학교(천안),간호학과,학생부종합,DKU인재(서류형)전형,2.45,2.31
2026,단국대학교(천안),간호학과,학생부교과,학생부교과우수자전형,2.55,2.55
2026,대구가톨릭대학교,간호학과,학생부교과,교과전형,1.5,1.67
2026,대구가톨릭대학교,간호학과,학생부교과,지역교과전형,1.42,1.45
2026,대구가톨릭대학교,간호학과,학생부교과,기회균형전형,1.42,1.92
2026,대구가톨릭대학교,간호학과,학생부교과,지역기회균형전형,1.42,1.92
2026,대구가톨릭대학교,간호학과,학생부종합,종합전형,1.75,1.83
2026,대구가톨릭대학교,간호학과,학생부종합,지역종합전형,2.08,2.17
2026,대구가톨릭대학교,간호학과,학생부종합,가톨릭지도자추천전형,1.92,2.08
2026,대구가톨릭대학교,간호학과,학생부교과,농어촌학생전형(외),1.73,1.75
2026,대구대학교,간호학과,학생부교과,일반전형,1.93,2.07
2026,대구대학교,간호학과,학생부교과,지역인재전형,1.98,2.07
2026,대구대학교,간호학과,학생부교과,기회균형전형,,
2026,대구대학교,간호학과,학생부종합,서류전형,3.7,3.93
2026,대구대학교,간호학과,학생부교과,농어촌학생전형(외),1.86,2.03
2026,대구대학교,간호학과,학생부교과,기초생활수급자등전형(외),5.1,4.89
2026,대구한의대학교,간호학과,학생부교과,일반전형,2.33,2.5
2026,대구한의대학교,간호학과,학생부교과,면접전형,2.71,2.74
2026,대구한의대학교,간호학과,학생부교과,고른기회전형,2.5,1.46
2026,대구한의대학교,간호학과,학생부교과,지역인재전형,2.53,2.89
2026,대구한의대학교,간호학과,학생부종합,일반전형,2.88,2.94
2026,대구한의대학교,간호학과,학생부종합,지역인재전형,2.77,3
2026,대구한의대학교,간호학과,학생부종합,농어촌학생전형(외),3.18,3.12
2026,대구한의대학교,간호학과,학생부종합,기초생활및차상위전형(외),3.95,3.47
2026,대전대학교,간호학과,학생부교과,교과면접전형,2.5,2.56
2026,대전대학교,간호학과,학생부교과,교과중점전형,2.5,2.64
2026,대전대학교,간호학과,학생부교과,지역인재 I 전형,2.17,2.17
2026,대전대학교,간호학과,학생부교과,지역인재 II 전형,2.17,2.17
2026,대전대학교,간호학과,학생부교과,고른기회전형,,4.94
2026,대전대학교,간호학과,학생부교과,농어촌학생전형(외),2.38,2.88
2026,대전대학교,간호학과,학생부종합,혜화인재전형,3.36,3.26
2026,대진대학교,간호학과,학생부교과,학생부우수자전형,2.43,2.27
2026,대진대학교,간호학과,학생부교과,학교장추천전형,3.17,3.04
2026,대진대학교,간호학과,학생부종합,윈윈대진전형,3.53,3.69
2026,대진대학교,간호학과,학생부교과,농어촌학생전형(외),2.81,1.82
2026,대진대학교,간호학과,학생부교과,기초생활및차상위전형(외),2.24,2.55
2026,동국대학교(WISE),간호학과,학생부교과,교과전형,2.2,2.2
2026,동국대학교(WISE),간호학과,학생부교과,불교추천전형,2,2
2026,동국대학교(WISE),간호학과,학생부교과,지역인재전형,2.5,2.5
2026,동국대학교(WISE),간호학과,학생부교과,기회균형 I - 지역인재전형,,2.7
2026,동국대학교(WISE),간호학과,학생부종합,참사랑전형,2.5,3
2026,동국대학교(WISE),간호학과,학생부종합,지역인재전형,4.2,3.3
2026,동국대학교(WISE),간호학과,학생부교과,농어촌전형(외),2.6,
2026,동명대학교,간호학과,학생부교과,면접전형,2.88,3.25
2026,동명대학교,간호학과,학생부교과,일반고교과전형,2.25,2.5
2026,동명대학교,간호학과,학생부교과,특성화고교과전형,2.88,3.25
2026,동명대학교,간호학과,학생부교과,특성화고동일계전형(외),3.25,
2026,동명대학교,간호학과,학생부교과,농어촌학생전형(외),2.88,3.25
2026,동서대학교,간호학과,학생부교과,일반계교과전형,2.4,2.2
2026,동서대학교,간호학과,학생부교과,고교생활우수자,2.8,2.7
2026,동서대학교,간호학과,학생부교과,학생부면접전형,3.1,2.8
2026,동서대학교,간호학과,학생부교과,특성화고교전형,1,1.3
2026,동서대학교,간호학과,학생부교과,사회배려대상자전형,1.6,
2026,동서대학교,간호학과,학생부종합,학생부종합전형,4.88,4.9
2026,동신대학교,간호학과,학생부교과,일반전형,5.09,5.34
2026,동신대학교,간호학과,학생부교과,지역학생전형,5.09,5.34
2026,동신대학교,간호학과,학생부교과,기초생활및차상위전형(외),6.52,6
2026,동아대학교,간호학과,학생부종합,잠재능력우수자전형,2.76,2.83
2026,동아대학교,간호학과,학생부종합,학교생활우수자전형,2.64,2.72
2026,동아대학교,간호학과,학생부교과,교과성적우수자전형,2.17,2.25
2026,동아대학교,간호학과,학생부교과,지역인재기회균형대상자전형,,2.75
2026,동양대학교,간호학과,학생부교과,일반전형,2.9,3
2026,동양대학교,간호학과,학생부교과,지역인재전형,3.7,4.3
2026,동양대학교,간호학과,학생부교과,사회공헌자전형,,
2026,동양대학교,간호학과,학생부교과,농어촌학생전형(외),3.5,3.7
2026,동양대학교,간호학과,학생부교과,사회적배려자전형(외),4.2,4.5
2026,동의대학교,간호학과,학생부교과,일반고교과전형,2.25,2.33
2026,동의대학교,간호학과,학생부종합,학교생활우수자(면접)전형,3.73,4.34
2026,동의대학교,간호학과,학생부종합,지역인재종합전형,3.44,4.09
2026,동의대학교,간호학과,학생부교과,지역인재교과(저소득층)전형,2.5,2.58
2026,목포대학교,간호학과,학생부교과,교과일반전형,3.35,3.48
2026,목포대학교,간호학과,학생부교과,지역인재전형,3.32,3.35
2026,목포대학교,간호학과,학생부교과,지역인재기초전형,4.09,
2026,목포대학교,간호학과,학생부교과,기회균형전형,4.518987342,4.12
2026,목포대학교,간호학과,학생부종합,지역인재전형,4.8,3.86
2026,목포대학교,간호학과,학생부종합,종합일반전형,3.81,3.9
2026,목포대학교,간호학과,학생부교과,기초생활및차상위전형(외),3.88,
2026,배재대학교,간호학과,학생부교과,일반고교과,2.7,2.7
2026,배재대학교,간호학과,학생부교과,교과,2.7,2.6
2026,배재대학교,간호학과,학생부교과,지역인재 I 전형,2.6,3.2
2026,배재대학교,간호학과,학생부교과,지역인재 II 전형,3.1,3.3
2026,배재대학교,간호학과,학생부종합,서류100전형,2.9,2.9
2026,배재대학교,간호학과,학생부교과,농어촌학생전형(외),,
2026,배재대학교,간호학과,학생부교과,기초생활및차상위전형(외),,
2026,백석대학교,간호학과,학생부교과,일반전형,1,1.27
2026,백석대학교,간호학과,학생부교과,사회기여자및배려대상자전형,1.97,2.19
2026,백석대학교,간호학과,학생부교과,지역인재(일반)전형,3,3.11
2026,백석대학교,간호학과,학생부교과,지역인재(기초)전형,3.74,4.09
2026,백석대학교,간호학과,학생부교과,백석인재전형,3,3.11
2026,백석대학교,간호학과,학생부종합,창의인재전형,3.14,3.2
2026,부경대학교,간호학과,학생부교과,교과성적우수인재전형,2.85,3.22
2026,부경대학교,간호학과,학생부교과,지역혁신인재전형,2.89,2.95
2026,부경대학교,간호학과,학생부종합,학교생활우수인재전형,3.41,3.43
2026,부경대학교,간호학과,학생부종합,사회적배려대상자 III 전형,,
2026,부산가톨릭대학교,간호학과,학생부교과,교과성적우수자전형,1.92,1.92
2026,부산가톨릭대학교,간호학과,학생부종합,고교학생부전형,3.56,3.56
2026,부산가톨릭대학교,간호학과,학생부종합,자기추천전형,3.52,3.52
2026,부산가톨릭대학교,간호학과,학생부종합,지역인재전형,3.53,3.53
2026,부산가톨릭대학교,간호학과,학생부종합,성직자-수도자추천전형,3.52,3.52
2026,부산가톨릭대학교,간호학과,학생부종합,기회균형대상자전형,2.08,2.08
2026,부산가톨릭대학교,간호학과,학생부교과,농어촌학생전형(외),2.08,2.08
2026,부산가톨릭대학교,간호학과,학생부교과,사회배려대상자전형(외),1.92,1.92
2026,부산대학교,간호학과,학생부교과,농어촌학생전형(외),,2.62
2026,부산대학교,간호학과,학생부종합,지역인재저소득층학생전형,2.39,3.63
2026,부산대학교,간호학과,학생부종합,사회적배려대상자 I 전형,2.52,2.55
2026,부산대학교,간호학과,학생부종합,저소득층학생전형(외),2.55,4.04
2026,삼육대학교,간호학과,학생부교과,기회균형 I 전형,2.78,2.78
2026,삼육대학교,간호학과,학생부종합,재림교회목회자추천전형,2.85,3.05
2026,삼육대학교,간호학과,학생부종합,기회균형 II 전형(외),2.78,2.78
2026,상명대학교(천안),간호학과,학생부교과,학생부교과전형,2.9,2.9
2026,상명대학교(천안),간호학과,학생부종합,상명인재전형,3.5,3.61
2026,상명대학교(천안),간호학과,학생부종합,기회균형전형,3.69,3.39
2026,상명대학교(천안),간호학과,학생부교과,농어촌학생전형(외),3.27,3.14
2026,상명대학교(천안),간호학과,학생부교과,특성화고교졸업자전형(외),1.2,1.23
2026,상지대학교,간호학과,학생부교과,교과일반전형,2.71,2.84
2026,상지대학교,간호학과,학생부교과,교과강원인재전형,2.43,2.45
2026,상지대학교,간호학과,학생부교과,교과강원인재균형전형,2.43,2.45
2026,상지대학교,간호학과,학생부교과,기회균형전형,2.84,1.13
2026,상지대학교,간호학과,학생부교과,농어촌학생전형(외),2.98,3.82
2026,상지대학교,간호학과,학생부교과,교육기회균등전형(외),3.55,
2026,서울대학교,간호대학,학생부종합,기회균형특별전형(사회통합),,
2026,선문대학교,간호학과,학생부교과,일반학생전형,2.97,3.3
2026,선문대학교,간호학과,학생부교과,지역학생전형,2.97,3.3
2026,선문대학교,간호학과,학생부교과,기회균형전형,2.5,3.17
2026,선문대학교,간호학과,학생부종합,서류전형,3.94,3.94
2026,선문대학교,간호학과,학생부종합,면접전형,2.97,3.3
2026,선문대학교,간호학과,학생부교과,농어촌학생전형(외),2.5,3.17
2026,선문대학교,간호학과,학생부교과,특성화고교졸업자전형(외),2.9,3.1
2026,성신여자대학교,간호학과,학생부종합,기회균형 I 전형,2.35,2.45
2026,세명대학교,간호학과,학생부교과,일반전형,2.8,2.93
2026,세명대학교,간호학과,학생부교과,사회배려자및봉사자전형,3.23,3.33
2026,세명대학교,간호학과,학생부교과,지역인재전형,3.33,3.6
2026,세명대학교,간호학과,학생부교과,면접우수자전형,3.67,3.93
2026,세명대학교,간호학과,학생부종합,학생부종합전형,3.72,3.8
2026,세명대학교,간호학과,학생부교과,농어촌학생전형(외),3.4,3.67
2026,세명대학교,간호학과,학생부교과,기초생활및차상위전형(외),3.67,4.27
2026,세한대학교,간호학과,학생부교과,일반학생전형,5.3,5.1
2026,세한대학교,간호학과,학생부교과,농어촌학생전형(외),,
2026,세한대학교,간호학과,학생부교과,특성화고교졸업자전형(외),,3.4
2026,세한대학교,간호학과,학생부교과,기초생활및차상위전형(외),,
2026,송원대학교,간호학과,학생부교과,일반고전형,5.3,5.6
2026,송원대학교,간호학과,학생부교과,인성우수자(일반)전형,5.3,5.6
2026,송원대학교,간호학과,학생부교과,인성우수자(지역인재)전형,5.3,5.6
2026,송원대학교,간호학과,학생부교과,인성우수자(고른기회)전형,5.3,5.6
2026,송원대학교,간호학과,학생부교과,농어촌전형(외),5.5,5.5
2026,송원대학교,간호학과,학생부교과,교육기회대상자전형(외),5.5,5.5
2026,수원대학교,간호학과,논술,교과논술전형,4,4.43
2026,수원대학교,간호학과,학생부교과,면접(위주)교과전형,2,2.16
2026,수원대학교,간호학과,학생부교과,고교추천전형,2.95,3
2026,수원대학교,간호학과,학생부교과,교과우수전형,2.75,2.65
2026,수원대학교,간호학과,학생부교과,기회균형특별전형,1.55,1.44
2026,수원대학교,간호학과,학생부교과,농어촌학생전형(외),2.25,2.93
2026,순천대학교,간호학과,학생부교과,지역인재전형,3.1,3.2
2026,순천대학교,간호학과,학생부교과,지역균형인재전형,3.1,3.2
2026,순천대학교,간호학과,학생부교과,교과일반전형,3.03,2.73
2026,순천대학교,간호학과,학생부종합,일반학생전형,3.89,3.68
2026,순천대학교,간호학과,학생부종합,사회다양성전형,6.24,
2026,순천향대학교,간호학과,학생부교과,교과우수자전형,2,2
2026,순천향대학교,간호학과,학생부교과,메타버스전형,2,1
2026,순천향대학교,간호학과,학생부교과,지역인재기초생활전형,2,2.15
2026,순천향대학교,간호학과,학생부종합,일반학생전형,2.5,2.55
2026,순천향대학교,간호학과,학생부종합,지역인재전형,2.42,2.49
2026,순천향대학교,간호학과,학생부종합,기초생활및차상위전형(외),2.57,3.02
2026,순천향대학교,간호학과,학생부종합,농어촌학생전형(외),2.57,2.57
2026,신라대학교,간호학과,학생부교과,일반고교과전형,2.1,2.3
2026,신라대학교,간호학과,학생부교과,면접우수자전형,2.4,3
2026,신라대학교,간호학과,학생부교과,특성화고교과전형,1.5,1.5
2026,신라대학교,간호학과,학생부교과,사회배려전형,2,2
2026,신라대학교,간호학과,학생부종합,학생부종합1,2.99,4
2026,신라대학교,간호학과,학생부종합,학생부 종합2,2.99,4
2026,신라대학교,간호학과,학생부교과,농어촌학생전형(외),2.4,2.7
2026,신한대학교,간호학과,학생부교과,일반전형,2.5,2.5
2026,신한대학교,간호학과,학생부교과,학생부우수자전형,1.4,1.6
2026,신한대학교,간호학과,학생부종합,사회기여자전형,4.38,4.41
2026,신한대학교,간호학과,학생부종합,기회균형전형,4.2,4.32
2026,신한대학교,간호학과,학생부종합,신한국인전형,3.86,4.36
2026,신한대학교,간호학과,학생부교과,농어촌학생전형(외),2.3,2.4
2026,신한대학교,간호학과,학생부교과,교육기회전형(외),2.4,2.57
2026,아주대학교,간호학과,학생부종합,고른기회 I 전형,,2.39
2026,아주대학교,간호학과,학생부종합,고른기회 II 전형,,1.97
2026,안동대학교,간호학과,학생부교과,일반학생전형,,
2026,안동대학교,간호학과,학생부교과,지역인재전형,,
2026,안동대학교,간호학과,학생부교과,지역사회적배려자전형,,
2026,안동대학교,간호학과,학생부교과,기회균형전형,,
2026,안동대학교,간호학과,학생부교과,사회통합전형,,
2026,안동대학교,간호학과,학생부종합,ANU인재전형,,
2026,안동대학교,간호학과,학생부교과,사회적배려자전형(외),,
2026,안동대학교,간호학과,학생부교과,농어촌학생전형(외),,
2026,연세대학교,간호학과,학생부종합,기회균형 I 전형,,
2026,연세대학교(미래),간호학과,학생부교과,교과우수자전형,2.48,2.27
2026,연세대학교(미래),간호학과,학생부종합,학교생활우수자전형,2.47,2.47
2026,연세대학교(미래),간호학과,학생부종합,강원인재일반전형,2.93,
2026,연세대학교(미래),간호학과,학생부종합,강원인재한마음전형,2.96,3.2
2026,연세대학교(미래),간호학과,학생부종합,기회균형전형,5,5
2026,연세대학교(미래),간호학과,논술,논술우수자전형(미래인재),,
2026,연세대학교(미래),간호학과,논술,논술우수자전형(창의인재),,
2026,연세대학교(미래),간호학과,학생부종합,기초생활(연세한마음)전형(외),2.79,2.64
2026,연세대학교(미래),간호학과,학생부종합,농어촌학생전형(외),2.55,2.46
2026,우석대학교,간호학과,학생부교과,일반학생(면접중심)전형,3.31,3.86
2026,우석대학교,간호학과,학생부교과,일반학생(교과중심)전형,3.31,3.86
2026,우석대학교,간호학과,학생부교과,지역인재전형,3.7,3.7
2026,우석대학교,간호학과,학생부교과,지역인재전형(기회균형),,4.12
2026,우석대학교,간호학과,학생부교과,기회균형전형(외),,
2026,우석대학교,간호학과,학생부교과,농어촌학생전형(외),,
2026,우송대학교,간호학과,학생부교과,교과중심전형,2.7,2.2
2026,우송대학교,간호학과,학생부교과,지역인재전형,3,2.5
2026,우송대학교,간호학과,학생부교과,우송인재전형,5.4,5.3
2026,우송대학교,간호학과,학생부교과,면접전형,2.83,3
2026,우송대학교,간호학과,학생부종합,서류형전형,3.59,3.59
2026,우송대학교,간호학과,학생부종합,면접형전형,4.04,4.28
2026,우송대학교,간호학과,학생부종합,지역인재 II 전형,4.7,5.7
2026,울산대학교,간호학과,학생부교과,학생부교과전형,2.48,3.37
2026,울산대학교,간호학과,학생부교과,농어촌학생전형(외),2.49,
2026,울산대학교,간호학과,학생부종합,학생부종합전형,2.64,1.96
2026,울산대학교,간호학과,학생부종합,지역인재전형,2.39,2.4
2026,울산대학교,간호학과,학생부종합,지역인재(기초생활/차상위)전형,3.24,3.07
2026,울산대학교,간호학과,학생부종합,기회균형전형,1.96,
2026,원광대학교,간호학과,학생부종합,학생부종합전형,3.42,3.59
2026,원광대학교,간호학과,학생부종합,지역인재 I 전형(전북),3.76,3.99
2026,원광대학교,간호학과,학생부종합,"지역인재 I 전형(광주,전남)",3.94,4.04
2026,원광대학교,간호학과,학생부종합,지역인재 II 전형,3.99,
2026,원광대학교,간호학과,학생부종합,특성화고교졸업자전형(외),2.11,2.43
2026,원광대학교,간호학과,학생부종합,기회균형 II 전형(외),3.06,3.39
2026,원광대학교,간호학과,학생부종합,농어촌학생전형(외),3.06,3.39
2026,유원대학교,간호학과,학생부교과,유원면접전형,4.4,4.4
2026,유원대학교,간호학과,학생부교과,지역인재 I 전형,4.4,6.3
2026,유원대학교,간호학과,학생부교과,지역인재 II 전형,,
2026,유원대학교,간호학과,학생부교과,농어촌학생전형(외),3.7,3.1
2026,유원대학교,간호학과,학생부교과,특성화고교졸업자전형(외),3.1,5.8
2026,유원대학교,간호학과,학생부교과,기초생활수급자전형(외),3.4,3.6
2026,이화여자대학교,간호학부(자연),학생부종합,고른기회전형,,
2026,이화여자대학교,간호학부(자연),학생부종합,사회기여자전형,,
2026,인제대학교,간호학과,학생부교과,지역인재 I 전형,1.9,2
2026,인제대학교,간호학과,학생부교과,의예약학간호전형,1.7,
2026,인제대학교,간호학과,학생부교과,농어촌학생전형(외),1.7,1
2026,인제대학교,간호학과,학생부교과,기초생활수급권자전형(외),1.4,1.4
2026,인하대학교,간호학과,학생부종합,고른기회전형,,
2026,인하대학교,간호학과,학생부종합,농어촌학생전형(외),,
2026,차의과학대학교,간호대학,학생부교과,CHA학생부교과전형,2.42,2.48
2026,차의과학대학교,간호대학,학생부교과,지역균형선발전형,2.17,2.24
2026,차의과학대학교,간호대학,학생부종합,CHA학생부종합전형,2.7,2.75
2026,차의과학대학교,간호대학,학생부종합,사회통합전형,2.93,3.07
2026,차의과학대학교,간호대학,학생부종합,농어촌학생전형(외),2.68,2.68
2026,차의과학대학교,간호대학,학생부종합,기회균등특별전형(외),,
2026,창신대학교,간호학과,학생부교과,일반계고교전형,4.48,4.48
2026,창신대학교,간호학과,학생부교과,창신인재면접전형,4.82,4.96
2026,창신대학교,간호학과,학생부교과,지역인재전형(기회균형),4.39,4.54
2026,창신대학교,간호학과,학생부교과,농어촌학생전형(외),4.39,4.54
2026,창신대학교,간호학과,학생부교과,기회균형전형(외),4.39,4.54
2026,창원대학교,간호학과,학생부교과,학업성적우수자전형,2.97,3
2026,창원대학교,간호학과,학생부종합,계열적합인재전형,3.2,3.31
2026,창원대학교,간호학과,학생부종합,지역인재전형,3.18,3.32
2026,창원대학교,간호학과,학생부교과,기회균형선발전형(외),,
2026,청주대학교,간호학과,학생부교과,일반전형,2.75,2.5
2026,청주대학교,간호학과,학생부교과,창의면접전형,3.38,3.63
2026,청주대학교,간호학과,학생부교과,지역인재전형,3.13,2.88
2026,청주대학교,간호학과,학생부교과,지역기회균형전형,3.13,3.13
2026,초당대학교,간호학과,학생부교과,일반전형,4.75,5.25
2026,초당대학교,간호학과,학생부교과,지역인재전형,5.08,5.75
2026,초당대학교,간호학과,학생부교과,농어촌학생전형(외),4.08,4.42
2026,초당대학교,간호학과,학생부교과,기회균형선발전형(외),4.08,4.42
2026,충남대학교,간호학과,학생부교과,지역인재저소득전형,2.03,2.07
2026,충남대학교,간호학과,학생부교과,국가보훈대상자전형,,
2026,충북대학교,간호학과,학생부교과,지역경제배려대상자전형,,
2026,한국교통대학교,간호학과,학생부종합,나비인재 I 전형,2.83,3.39
2026,한국교통대학교,간호학과,학생부종합,나비인재 II 전형,2.83,3.39
2026,한국교통대학교,간호학과,학생부교과,일반전형,2.75,2.83
2026,한국교통대학교,간호학과,학생부교과,지역인재전형,1.83,3.15
2026,한국교통대학교,간호학과,학생부교과,사회기여및배려자전형,2.06,2.06
2026,한국교통대학교,간호학과,학생부교과,고른기회전형,2.08,2.08
2026,한국교통대학교,간호학과,학생부교과,농어촌학생전형(외),3.24,2.51
2026,한국교통대학교,간호학과,학생부교과,기회균등전형(외),,4.8
2026,한국성서대학교,간호학과,학생부교과,일반학생,3.75,3.97
2026,한국성서대학교,간호학과,학생부교과,교과성적우수자전형,3.41,3.59
2026,한국성서대학교,간호학과,학생부교과,목회자추천자,4.7,4.72
2026,한남대학교,간호학과,학생부교과,일반전형,2.38,2.78
2026,한남대학교,간호학과,학생부교과,지역인재교과우수자전형,2.98,3.09
2026,한남대학교,간호학과,학생부교과,지역인재기초생활전형,3.42,3.42
2026,한남대학교,간호학과,학생부종합,한남인재전형,3.33,3.44
2026,한남대학교,간호학과,학생부종합,한남인재2 (면접),3.31,3.61
2026,한남대학교,간호학과,학생부종합,지역인재전형,5.4,5.71
2026,한림대학교,간호학과,학생부종합,학교생활우수자전형,2.84,2.95
2026,한림대학교,간호학과,학생부교과,교과우수자전형,2.34,2.39
2026,한림대학교,간호학과,학생부교과,지역인재전형,50,2.26
2026,한림대학교,간호학과,학생부교과,지역인재기초생활전형,2.98,3.28
2026,한림대학교,간호학과,학생부교과,한림케어 I 전형,1.23,1.63
2026,한림대학교,간호학과,학생부교과,농어촌학생전형(외),1.6,2.82
2026,한서대학교,간호학과,학생부교과,학생부교과 I 전형,3.3,3.6
2026,한서대학교,간호학과,학생부교과,학생부교과 II 전형,3.3,3.6
2026,한서대학교,간호학과,학생부교과,지역인재전형,3.3,3.6
2026,한서대학교,간호학과,학생부교과,지역인재기회균형전형,3.1,
2026,한서대학교,간호학과,학생부교과,사회기여배려자전형,2.9,3
2026,한서대학교,간호학과,학생부교과,한서인재전형,3.3,3.6
2026,한서대학교,간호학과,학생부종합,융합인재전형,3.4,3.5
2026,한세대학교,간호학과,학생부교과,학생부면접우수사전형,3.2,3.2
2026,한세대학교,간호학과,학생부교과,학생부교과우수자전형,3.4,3.4
2026,한세대학교,간호학과,학생부교과,기회균형전형,,
2026,한세대학교,간호복지학부,학생부교과,농어촌학생전형(외),,
2026,한양대학교,간호학과,학생부종합,고른기회전형,,
2026,호남대학교,간호학과,학생부교과,일반학생전형,4.72,4.81
2026,호남대학교,간호학과,학생부교과,일반고전형,4.31,4.39
2026,호남대학교,간호학과,학생부교과,지역인재전형,4.13,4.2
2026,호남대학교,간호학과,학생부교과,기초차상위한부모전형(외),5.04,5.19
2026,호서대학교,간호학과,학생부교과,학생부전형,1.67,1.87
2026,호서대학교,간호학과,학생부교과,지역인재전형,2.13,2.56
2026,호서대학교,간호학과,학생부교과,지역인재 II 전형,2.13,2.56
2026,호서대학교,간호학과,학생부교과,고른기회전형,2.86,6.62
2026,호서대학교,간호학과,학생부종합,호서인재전형,2.91,3.32
2026,호서대학교,간호학과,학생부교과,기초생활및차상위전형(외),,4.27
2026,호서대학교,간호학과,학생부교과,농어촌학생전형(외),2.73,2.86
2026,우석대학교,한약학과,학생부교과,일반학생(면접중심)전형,1.62,1.63
2026,우석대학교,한약학과,학생부교과,일반학생(교과중심)전형,50,1.63
2026,우석대학교,한약학과,학생부교과,지역인재전형,1.71,1.71
2026,원광대학교,한약학과,학생부종합,학생부종합전형,2.04,2.27
2026,원광대학교,한약학과,학생부종합,지역인재 I 전형(전북),2.06,2.18
2026,원광대학교,한약학과,학생부종합,지역인재 I 전형(호남통합),2.06,2.18
2026,원광대학교,한약학과,학생부종합,지역인재 II 전형,2.18,
2026,우석대학교,한약학과,학생부교과,지역인재전형(기회균형),,
2026,우석대학교,한약학과,학생부교과,기회균형전형(외),,
2026,우석대학교,한약학과,학생부교과,농어촌학생전형(외),,
2026,원광대학교,한약학과,학생부종합,기회균형 II 전형(외),,
2026,원광대학교,한약학과,학생부종합,농어촌학생전형(외),,
2026,서울대학교,의학과,학생부종합,기회균형,,
2026,연세대학교,의예과,학생부종합,기회균형,,
2026,가톨릭대학교,의예과,학생부종합,가톨릭지도자추천,,
2026,가톨릭대학교,의예과,논술,논술,,3.27
2026,가톨릭대학교,의예과,학생부교과,지역균형,1,1
2026,가톨릭대학교,의예과,학생부종합,학교장추천자,1.08,1.13
2026,성균관대학교,의예과,논술,논술우수,,
2026,성균관대학교,의예과,학생부종합,탐구형(학과),3.22,3.47
2026,고려대학교,의예과,학생부종합,고른기회,1.1,1.23
2026,울산대학교,의예과,학생부종합,잠재역량,1.03,1.03
2026,경희대학교,의예과,학생부종합,네오르네상스,1.33,1.2
2026,경희대학교,의예과,논술,논술우수자,,
2026,경희대학교,의예과,학생부교과,지역균형,1,1
2026,중앙대학교,의예과,학생부종합,융합형인재,1.24,1.24
2026,중앙대학교,의예과,학생부종합,성장형,1.94,2.2
2026,중앙대학교,의예과,학생부종합,CAU탐구형인재,2.01,2.01
2026,중앙대학교,의예과,논술,논술 창의형,,
2026,중앙대학교,의예과,논술,논술,,
2026,한양대학교,의예과,학생부종합,고른기회,,
2026,한양대학교,의예과,학생부종합,학생부종합(서류형),2.53,
2026,한양대학교,의예과,학생부종합,학생부종합(면접형),2.53,
2026,한양대학교,의예과,학생부종합,학생부종합(추천형),1.19,1.25
2026,이화여자대학교,의예과,학생부종합,미래인재서류,1.09,1.13
2026,아주대학교,의예과,학생부종합,ACE,1.47,1.34
2026,아주대학교,의예과,학생부교과,고교추천,,
2026,아주대학교,의예과,논술,논술우수,2.1,2.55
2026,인하대학교,의예과,논술,논술우수자,,2.79
2026,인하대학교,의예과,학생부종합,인하미래인재면접,1.04,1.14
2026,인하대학교,의예과,학생부교과,지역균형,1,1
2026,한림대학교,의예과,학생부종합,학교생활우수자,1.29,1.29
2026,가천대학교,의예과,학생부종합,가천의약학,1.71,1.81
2026,가천대학교,의예과,학생부교과,학생부우수자,1.05,1.05
2026,경북대학교,의예과,논술,논술AAT,2.7,2.7
2026,경북대학교,의예과,학생부종합,학생부종합(일반),1.41,1.45
2026,부산대학교,의예과,학생부교과,학생부교과(일반),1.04,1.08
2026,충남대학교,의예과,학생부종합,종합I(서류),1.14,1.15
2026,충남대학교,의예과,학생부종합,종합I(일반),1.14,1.15
2026,충남대학교,의예과,학생부교과,학생부교과(일반),1.05,1.05
2026,충북대학교,의예과,학생부교과,학생부교과(일반),1.08,1.08
2026,충북대학교,의예과,학생부종합,학생부종합II,1.3,1.82
2026,단국대학교(천안),의예과,학생부종합,DKU인재(면접형),1.49,1.25
2026,단국대학교(천안),의예과,논술,논술우수자,,
2026,순천향대학교,의예과,학생부교과,교과우수자,1,1
2026,순천향대학교,의예과,학생부종합,학생부종합(일반),1,1
2026,인제대학교,의예과,학생부교과,의예약학,1.08,1.13
2026,연세대학교(미래),의예과,학생부교과,교과우수자 추천형,1.47,1.31
2026,연세대학교(미래),의예과,학생부교과,교과우수자 일반,1.47,1.31
2026,연세대학교(미래),의예과,논술,논술우수자,,
2026,연세대학교(미래),의예과,학생부종합,사회통합,1.52,1.52
2026,연세대학교(미래),의예과,학생부종합,학교생활우수자,1.47,1.47
2026,을지대학교,의예과,학생부교과,지역균형,1.05,1.06
2026,강원대학교(춘천),의예과,학생부종합,미래인재 II,2.3,2.5
2026,강원대학교(춘천),의예과,학생부교과,학생부교과(일반),1.11,1.1
2026,건국대학교(글로컬),의예과,학생부종합,Cogito자기추천,1.51,1.51
2026,계명대학교,의예과,학생부교과,학생부교과(면접),3.93,5.51
2026,계명대학교,의예과,학생부교과,학생부교과(일반),1.17,1.23
2026,계명대학교,의예과,학생부종합,학생부종합(일반),1.39,1.4
2026,영남대학교,의예과,학생부교과,의학창의인재,1.35,1.36
2026,영남대학교,의예과,학생부교과,학생부교과(일반),1.25,1.3
2026,건양대학교,의예과,학생부교과,일반학생면접,4.65,4.74
2026,건양대학교,의예과,학생부교과,일반학생최저,1.38,1.16
2026,경상대학교,의예과,학생부교과,학생부교과(일반),5.69,5.89
2026,경상대학교,의예과,학생부종합,학생부종합(일반),4.46,4.42
2026,동아대학교,의예과,학생부종합,잠재능력우수자,5.18,5.22
2026,가톨릭관동대학교,의예과,학생부종합,가톨릭지도자추천,1.34,1.45
2026,가톨릭관동대학교,의예과,학생부종합,학종일반,,
2026,가톨릭관동대학교,의예과,학생부교과,교과일반,1.22,1.17
2026,가톨릭관동대학교,의예과,학생부교과,기회균형,1.18,1.18
2026,대구가톨릭대학교,의예과,학생부교과,학생부교과(일반),4.65,4.65
2026,동국대학교(WISE),의예과,학생부교과,불교추천인재,1.6,1.6
2026,동국대학교(WISE),의예과,학생부종합,참사람,1.5,1.5
2026,동국대학교(WISE),의예과,학생부교과,학업성적교과(일반),4.6,4.7
2026,전남대학교,의예과,학생부종합,고교생활우수자,1.76,1.51
2026,전북대학교,의예과,학생부종합,큰사람전형,1.26,1.27
2026,전북대학교,의예과,학생부교과,학생부교과(일반),1.21,1.24
2026,고신대학교,의예과,학생부교과,일반고,1.23,1.28
2026,고신대학교,의예과,학생부종합,자기추천,,
2026,원광대학교,의예과,학생부종합,학생부종합,1.15,1.17
2026,조선대학교,의예과,학생부교과,학생부교과(일반),1.08,1.09
2026,조선대학교,의예과,학생부종합,학생부종합서류,1.32,1.21
2026,조선대학교,의예과,학생부종합,학생부종합면접,1.22,1.22
2026,제주대학교,의예과,학생부교과,학생부교과(일반),1.02,1.03
2026,가톨릭관동대학교,의예과,학생부교과,강원인재(교과),1.22,1.17
2026,강원대학교(춘천),의예과,학생부교과,학생부교과(지역),1.33,1.23
2026,강원대학교(춘천),의예과,학생부교과,학생부종합(지역),2.66,3.15
2026,건국대학교(글로컬),의예과,학생부교과,교과(지역 충북),1.54,1.4
2026,건국대학교(글로컬),의예과,학생부교과,학생부종합(지역),3.99,3.99
2026,건양대학교,의예과,학생부교과,지역인재최저,1.66,1.2
2026,건양대학교,의예과,학생부교과,지역인재면접,1.11,1.09
2026,경북대학교,의예과,학생부교과,학생부교과(지역),1.11,1.15
2026,경북대학교,의예과,학생부교과,학생부종합(지역),1.29,1.45
2026,경상대학교,의예과,학생부교과,학생부교과(지역),5.69,5.89
2026,경상대학교,의예과,학생부종합,학생부종합(지역),4.46,4.42
2026,계명대학교,의예과,학생부교과,학생부교과(지역),1.18,1.23
2026,계명대학교,의예과,학생부종합,학생부종합(지역),1.54,1.71
2026,고신대학교,의예과,학생부교과,지역인재,1.27,1.31
2026,고신대학교,의예과,학생부종합,지역종합,,
2026,단국대학교(천안),의예과,학생부교과,지역메디바이오,,
2026,대구가톨릭대학교,의예과,학생부교과,지역종합인재,1.91,4.65
2026,대구가톨릭대학교,의예과,학생부교과,학생부교과(지역),1.54,1.91
2026,동국대학교(WISE),의예과,학생부교과,학생부교과(경북),4.6,4.7
2026,동국대학교(WISE),의예과,학생부교과,학생부교과(지역),4.6,4.7
2026,동국대학교(WISE),의예과,학생부교과,학생부종합(경북),4.6,4.7
2026,동국대학교(WISE),의예과,학생부교과,학생부종합(지역),4.6,4.7
2026,동아대학교,의예과,학생부교과,지역인재교과,1.2,1.12
2026,동아대학교,의예과,학생부종합,지역인재종합,1.26,1.32
2026,부산대학교,의예과,학생부교과,학생부교과(지역),1.04,1.08
2026,부산대학교,의예과,학생부종합,학생부종합(지역),1.2,1.29
2026,부산대학교,의예과,논술,논술지역,1.95,2.43
2026,순천향대학교,의예과,학생부교과,교과(지역 충청 충남),1,1
2026,순천향대학교,의예과,학생부교과,"지역종합(충청,충남)",1.08,1
2026,연세대학교(미래),의예과,학생부교과,강원인재일반,4.82,4.68
2026,영남대학교,의예과,학생부교과,지역인재,1.54,1.69
2026,울산대학교,의예과,학생부교과,지역교과,1.03,1
2026,울산대학교,의예과,학생부종합,학생부종합(지역),1.66,1.06
2026,원광대학교,의예과,학생부종합,지역종합(전북),1.3,1.36
2026,원광대학교,의예과,학생부종합,지역종합(호남),1.15,1.27
2026,을지대학교,의예과,학생부교과,지역의료인재,1.27,1.31
2026,인제대학교,의예과,학생부교과,지역인재I,1.18,1.09
2026,전남대학교,의예과,학생부교과,학생부교과(지역),2.12,2.12
2026,전북대학교,의예과,학생부교과,지역I(호남권),1.27,1.27
2026,전북대학교,의예과,학생부교과,지역II(전북권),1.27,1.57
2026,제주대학교,의예과,학생부교과,학생부교과(지역),1.19,1.25
2026,조선대학교,의예과,학생부교과,학생부교과(지역),1.24,1.27
2026,충남대학교,의예과,학생부종합,종합II(지역인재),1.15,
2026,충남대학교,의예과,학생부교과,학생부교과(지역),1.09,1.13
2026,충북대학교,의예과,학생부교과,학생부교과(지역),1.04,1.04
2026,한림대학교,의예과,학생부종합,학생부종합(지역),5.32,5.16
2026,한국외국어대학교,인문대학통합,학생부종합,학종(서류형),3.37,2.6
2026,한국외국어대학교,국가전략언어계열,학생부종합,학종(서류형),3.37,2.6
2026,차의과학대학교,미래융합대학,학생부교과,CHA학생부교과,4.69,4.01
2026,차의과학대학교,간호대학,학생부교과,CHA학생부교과,2.42,2.48
2026,차의과학대학교,미래융합대학,학생부교과,지역균형,3.94,3.92
2026,차의과학대학교,간호대학,학생부교과,지역균형,2.17,2.24
2026,강남대학교,자유전공학부,학생부교과,지역균형전형,2.86,2.86
2026,강남대학교,자유전공학부(야),학생부교과,지역균형전형,3.94,3.94
2026,강남대학교,글로벌문화콘텐츠대학,학생부교과,지역균형전형,2.73,2.77
2026,강남대학교,법행정세무학부,학생부교과,지역균형전형,3.03,3.05
2026,강남대학교,법행정세무학부(야),학생부교과,지역균형전형,3.13,3.18
2026,강남대학교,복지융합대학,학생부교과,지역균형전형,2.76,2.89
2026,강남대학교,사회복지학부(야),학생부교과,지역균형전형,3.26,3.27
2026,강남대학교,상경학부,학생부교과,지역균형전형,2.81,2.85
2026,강남대학교,상경학부(야),학생부교과,지역균형전형,3.23,3.33
2026,강남대학교,부동산건설학부,학생부교과,지역균형전형,3.05,3.23
2026,강남대학교,인공지능융합공학부,학생부교과,지역균형전형,3.12,3.18
2026,강남대학교,전자반도체공학부,학생부교과,지역균형전형,3.05,3.06
2026,강남대학교,컴퓨터공학부,학생부교과,지역균형전형,3.85,3.85
2026,강남대학교,자유전공학부,학생부종합,국가보훈대상자전형,4.5,
2026,강남대학교,글로벌문화콘텐츠대학,학생부종합,국가보훈대상자전형,4.5,
2026,강남대학교,법행정세무학부,학생부종합,국가보훈대상자전형,4.5,
2026,강남대학교,복지융합대학,학생부종합,국가보훈대상자전형,4.5,
2026,강남대학교,상경학부,학생부종합,국가보훈대상자전형,4.5,
2026,강남대학교,컴퓨터공학부,학생부종합,논술전형,4.5,
2026,강남대학교,인공지능융합공학부,학생부종합,논술전형,4.5,
2026,강남대학교,전기반도체공학부,학생부종합,논술전형,4.5,
2026,강남대학교,자유전공학부,학생부종합,논술전형,4.5,
2026,강남대학교,교육학과,학생부종합,서류면접전형,4.5,
2026,강남대학교,글로벌문화콘텐츠대학,학생부종합,서류면접전형,4.5,
2026,강남대학교,법행정세무학부,학생부종합,서류면접전형,4.5,
2026,강남대학교,복지융합대학,학생부종합,서류면접전형,4.5,
2026,강남대학교,상경학부,학생부종합,서류면접전형,4.5,
2026,강남대학교,유아교육과,학생부종합,서류면접전형,4.5,
2026,강남대학교,중등특수교육과,학생부종합,서류면접전형,4.5,
2026,강남대학교,초등특수교육과,학생부종합,서류면접전형,4.5,
2026,강남대학교,디자인학과,학생부종합,서류면접전형,4.5,
2026,강남대학교,부동산건설학부,학생부종합,학교생활우수자전형1,4.4,4.78
2026,강남대학교,인공지능융합공학부,학생부종합,학교생활우수자전형1,4.28,4.36
2026,강남대학교,전자반도체공학부,학생부종합,학교생활우수자전형1,4.04,4.16
2026,강남대학교,컴퓨터공학부,학생부종합,학교생활우수자전형1,4.74,4.9
2026,강남대학교,자유전공학부,학생부종합,학교생활우수자전형1,4.01,4.15
2026,강남대학교,자유전공학부(야),학생부종합,학생부전형,4.5,
2026,강남대학교,교육학과,학생부종합,학생부전형,4.5,
2026,강남대학교,글로벌문화콘텐츠대학,학생부종합,학생부전형,4.5,
2026,강남대학교,법행정세무학부,학생부종합,학생부전형,4.5,
2026,강남대학교,법행정세무학부(야),학생부종합,학생부전형,4.5,
2026,강남대학교,복지융합대학,학생부종합,학생부전형,4.5,
2026,강남대학교,사회복지학부(야),학생부종합,학생부전형,4.5,
2026,강남대학교,상경학부,학생부종합,학생부전형,4.5,
2026,강남대학교,상경학부(야),학생부종합,학생부전형,4.5,
2026,강남대학교,유아교육과,학생부종합,학생부전형,4.5,
2026,강남대학교,중등특수교육과,학생부종합,학생부전형,4.5,
2026,강남대학교,초등특수교육과,학생부종합,학생부전형,4.5,
2026,강남대학교,부동산건설학부,학생부종합,학생부전형,4.5,
2026,강남대학교,인공지능융합공학부,학생부종합,학생부전형,4.5,
2026,강남대학교,전자반도체공학부,학생부종합,학생부전형,4.5,
2026,강남대학교,컴퓨터공학부,학생부종합,학생부전형,4.5,
2026,고려대학교(세종),"국제스포츠학부 (스포츠과학,스포츠비즈니스)",논술,일반전형,,
2026,고려대학교(세종),경제통계학부(경제정책학전공),논술,일반전형,,
2026,고려대학교(세종),"공공사회통일외교학부 (공공사회학,통일외교안보)",논술,일반전형,,
2026,고려대학교(세종),"글로벌학부 (한국학,중국학,영미학)",논술,일반전형,,
2026,고려대학교(세종),문화유산융합학부,논술,일반전형,,3.88
2026,고려대학교(세종),"문화창의학부 (미디어문예창작,문화컨텐츠)",논술,일반전형,,
2026,고려대학교(세종),"융합경영학부 (글로벌경영,디지털경영)",논술,일반전형,,
2026,고려대학교(세종),정부행정학부,논술,일반전형,,3.57
2026,고려대학교(세종),표준지식학과,논술,일반전형,,3.87
2026,고려대학교(세종),디지털헬스케어공학과,논술,일반전형,,3.74
2026,고려대학교(세종),미래모빌리티학과,논술,일반전형,,3.5
2026,고려대학교(세종),반도체물리학부,논술,일반전형,,3.41
2026,고려대학교(세종),빅데이터사이언스학부,논술,일반전형,,3.96
2026,고려대학교(세종),생명정보공학과,논술,일반전형,,3.8
2026,고려대학교(세종),스마트도시학부,논술,일반전형,,3.53
2026,고려대학교(세종),식품생명공학과,논술,일반전형,,3.92
2026,고려대학교(세종),신소재화학과,논술,일반전형,,2.93
2026,고려대학교(세종),약학과,논술,일반전형,,
2026,고려대학교(세종),응용수리과학부(데이터계산과학),논술,일반전형,,
2026,고려대학교(세종),인공지능사이버보안학과,논술,일반전형,,3.93
2026,고려대학교(세종),전자기계융합공학과,논술,일반전형,,4.67
2026,고려대학교(세종),전자및정보공학과,논술,일반전형,,3.79
2026,고려대학교(세종),지능형반도체공학과,논술,일반전형,,3.1
2026,고려대학교(세종),첨단융합신약학과,논술,일반전형,,2.66
2026,고려대학교(세종),컴퓨터융합소프트웨어학과,논술,일반전형,,3.43
2026,고려대학교(세종),환경시스템공학과,논술,일반전형,,4
2026,고려대학교(세종),약학과,논술,지역인재전형,,
2026,고려대학교(세종),"국제스포츠학부 (스포츠과학,스포츠비즈니스)",실기/실적,글로벌스포츠인재전형,,
2026,고려대학교(세종),"문화창의학부 (미디어문예창작,문화콘텐츠)",실기/실적,미래인재전형,,
2026,고려대학교(세종),인공지능사이버보안학과,실기/실적,미래인재전형,,
2026,고려대학교(세종),"국제스포츠학부 (스포츠과학,스포츠비즈니스)",학생부교과,일반전형,3.94,3.18
2026,고려대학교(세종),경제통계학부(경제정책학전공),학생부교과,일반전형,3.89,3.45
2026,고려대학교(세종),"공공사회통일외교학부 (공공사회학,통일외교안보)",학생부교과,일반전형,4.11,4.16
2026,고려대학교(세종),"글로벌학부 (한국학,중국학,영미학)",학생부교과,일반전형,3.84,3.91
2026,고려대학교(세종),문화유산융합학부,학생부교과,일반전형,3.88,3.88
2026,고려대학교(세종),"문화창의학부 (미디어문예창작,문화컨텐츠)",학생부교과,일반전형,3.4,3.29
2026,고려대학교(세종),"융합경영학부 (글로벌경영,디지털경영)",학생부교과,일반전형,4.09,3.55
2026,고려대학교(세종),정부행정학부,학생부교과,일반전형,3.57,3.57
2026,고려대학교(세종),표준지식학과,학생부교과,일반전형,3.87,3.87
2026,고려대학교(세종),디지털헬스케어공학과,학생부교과,일반전형,3.74,3.74
2026,고려대학교(세종),미래모빌리티학과,학생부교과,일반전형,3.5,3.5
2026,고려대학교(세종),반도체물리학부,학생부교과,일반전형,3.41,3.41
2026,고려대학교(세종),빅데이터사이언스학부,학생부교과,일반전형,3.96,3.96
2026,고려대학교(세종),생명정보공학과,학생부교과,일반전형,3.8,3.8
2026,고려대학교(세종),스마트도시학부,학생부교과,일반전형,3.53,3.53
2026,고려대학교(세종),식품생명공학과,학생부교과,일반전형,3.92,3.92
2026,고려대학교(세종),신소재화학과,학생부교과,일반전형,2.93,2.93
2026,고려대학교(세종),응용수리과학부(데이터계산과학),학생부교과,일반전형,2.81,
2026,고려대학교(세종),인공지능사이버보안학과,학생부교과,일반전형,3.93,3.93
2026,고려대학교(세종),전자기계융합공학과,학생부교과,일반전형,4.67,4.67
2026,고려대학교(세종),전자및정보공학과,학생부교과,일반전형,3.79,3.79
2026,고려대학교(세종),지능형반도체공학과,학생부교과,일반전형,3.1,3.1
2026,고려대학교(세종),첨단융합신약학과,학생부교과,일반전형,2.66,2.66
2026,고려대학교(세종),컴퓨터융합소프트웨어학과,학생부교과,일반전형,3.43,3.43
2026,고려대학교(세종),환경시스템공학과,학생부교과,일반전형,4,4
2026,고려대학교(세종),"국제스포츠학부 (스포츠과학,스포츠비즈니스)",학생부종합,지역인재전형,,
2026,고려대학교(세종),경제통계학부(경제정책학전공),학생부종합,지역인재전형,,
2026,고려대학교(세종),"공공사회통일외교학부 (공공사회학,통일외교안보)",학생부종합,지역인재전형,,
2026,고려대학교(세종),"글로벌학부 (한국학,중국학,영미학)",학생부종합,지역인재전형,,
2026,고려대학교(세종),문화유산융합학부,학생부종합,지역인재전형,,
2026,고려대학교(세종),"문화창의학부 (미디어문예창작,문화콘텐츠)",학생부종합,지역인재전형,,
2026,고려대학교(세종),"융합경영학부 (글로벌경영,디지털경영)",학생부종합,지역인재전형,,
2026,고려대학교(세종),정부행정학부,학생부종합,지역인재전형,,
2026,고려대학교(세종),미래모빌리티학과,학생부종합,지역인재전형,,
2026,고려대학교(세종),반도체물리학부,학생부종합,지역인재전형,,
2026,고려대학교(세종),빅데이터사이언스학부,학생부종합,지역인재전형,,
2026,고려대학교(세종),생명정보공학과,학생부종합,지역인재전형,,
2026,고려대학교(세종),스마트도시학부,학생부종합,지역인재전형,,
2026,고려대학교(세종),식품생명공학과,학생부종합,지역인재전형,,
2026,고려대학교(세종),신소재화학과,학생부종합,지역인재전형,,
2026,고려대학교(세종),약학과,학생부종합,지역인재전형,,
2026,고려대학교(세종),응용수리과학부(데이터계산과학),학생부종합,지역인재전형,,
2026,고려대학교(세종),인공지능사이버보안학과,학생부종합,지역인재전형,,
2026,고려대학교(세종),전자기계융합공학과,학생부종합,지역인재전형,,
2026,고려대학교(세종),전자및정보공학과,학생부종합,지역인재전형,,
2026,고려대학교(세종),지능형반도체공학과,학생부종합,지역인재전형,,
2026,고려대학교(세종),컴퓨터융합소프트웨어학과,학생부종합,지역인재전형,,
2026,고려대학교(세종),환경시스템공학과,학생부종합,지역인재전형,,
2026,고려대학교(세종),"국제스포츠학부 (스포츠과학,스포츠비즈니스)",학생부종합,크림슨인재전형,,
2026,고려대학교(세종),경제통계학부(경제정책학전공),학생부종합,크림슨인재전형,,
2026,고려대학교(세종),"공공사회통일외교학부 (공공사회학,통일외교안보)",학생부종합,크림슨인재전형,,
2026,고려대학교(세종),"글로벌학부 (한국학,중국학,영미학)",학생부종합,크림슨인재전형,,
2026,고려대학교(세종),문화유산융합학부,학생부종합,크림슨인재전형,,
2026,고려대학교(세종),"문화창의학부 (미디어문예창작,문화콘텐츠)",학생부종합,크림슨인재전형,,
2026,고려대학교(세종),"융합경영학부 (글로벌경영,디지털경영)",학생부종합,크림슨인재전형,,
2026,고려대학교(세종),정부행정학부,학생부종합,크림슨인재전형,,
2026,고려대학교(세종),표준지식학과,학생부종합,크림슨인재전형,,
2026,고려대학교(세종),디지털헬스케어공학과,학생부종합,크림슨인재전형,,
2026,고려대학교(세종),미래모빌리티학과,학생부종합,크림슨인재전형,,
2026,고려대학교(세종),반도체물리학부,학생부종합,크림슨인재전형,,
2026,고려대학교(세종),빅데이터사이언스학부,학생부종합,크림슨인재전형,,
2026,고려대학교(세종),생명정보공학과,학생부종합,크림슨인재전형,,
2026,고려대학교(세종),스마트도시학부,학생부종합,크림슨인재전형,,
2026,고려대학교(세종),식품생명공학과,학생부종합,크림슨인재전형,,
2026,고려대학교(세종),신소재화학과,학생부종합,크림슨인재전형,,
2026,고려대학교(세종),약학과,학생부종합,크림슨인재전형,,
2026,고려대학교(세종),응용수리과학부(데이터계산과학),학생부종합,크림슨인재전형,,
2026,고려대학교(세종),인공지능사이버보안학과,학생부종합,크림슨인재전형,,
2026,고려대학교(세종),전자기계융합공학과,학생부종합,크림슨인재전형,,
2026,고려대학교(세종),전자및정보공학과,학생부종합,크림슨인재전형,,
2026,고려대학교(세종),지능형반도체공학과,학생부종합,크림슨인재전형,,
2026,고려대학교(세종),첨단융합신약학과,학생부종합,크림슨인재전형,,
2026,고려대학교(세종),컴퓨터융합소프트웨어학과,학생부종합,크림슨인재전형,,
2026,고려대학교(세종),환경시스템공학과,학생부종합,크림슨인재전형,,
2026,공주대학교,가구리빙디자인학과,실기/실적,농어촌학생전형(외),,
2026,공주대학교,도자문화융합디자인학과,실기/실적,농어촌학생전형(외),,
2026,공주대학교,만화애니메이션학부,실기/실적,농어촌학생전형(외),,
2026,공주대학교,주얼리금속디자인학과,실기/실적,농어촌학생전형(외),,
2026,공주대학교,가구리빙디자인학과,실기/실적,일반전형,5.62,6.58
2026,공주대학교,게임디자인학과,실기/실적,일반전형,4.91,5.39
2026,공주대학교,도자문화융합디자인학과,실기/실적,일반전형,5.41,6.08
2026,공주대학교,만화애니메이션학부,실기/실적,일반전형,4.8,5.18
2026,공주대학교,무용학과,실기/실적,일반전형,6.78,7.37
2026,공주대학교,영상학과,실기/실적,일반전형,5.14,5.43
2026,공주대학교,주얼리금속디자인학과,실기/실적,일반전형,,
2026,공주대학교,생활체육지도학과,실기/실적,특기자전형,,
2026,공주대학교,체육교육과,실기/실적,특기자전형,7.2,8.32
2026,공주대학교,부동산학과,학생부교과,교과II전형,5.32,5.53
2026,공주대학교,산업유통학과,학생부교과,교과II전형,5.14,5.16
2026,공주대학교,지역사회개발학과,학생부교과,교과II전형,4.92,5.08
2026,중앙대학교,간호학과(통합),학생부종합,CAU어울림전형,,
2026,중앙대학교,건축학부,학생부종합,CAU어울림전형,,
2026,중앙대학교,물리학과,학생부종합,CAU어울림전형,,
2026,중앙대학교,소프트웨어학부,학생부종합,CAU어울림전형,,
2026,경희대학교,간호학과,학생부종합,기회균형전형 II,2.11,2.11
2026,경희대학교,건축공학과,학생부종합,기회균형전형 II,2.61,2.55
2026,경희대학교,기계공학부,학생부종합,기회균형전형 II,2.31,2.66
2026,경희대학교,미래정보디스플레이학부,학생부종합,기회균형전형 II,2.55,2.54
2026,경희대학교,사회기반시스템공학과,학생부종합,기회균형전형 II,2.08,2.7
2026,경희대학교,산업경영공학과,학생부종합,기회균형전형 II,2.41,2.3
2026,경희대학교,생물학과,학생부종합,기회균형전형 II,2.35,2.68
2026,경희대학교,소프트웨어융합학과,학생부종합,기회균형전형 II,2.13,1.96
2026,경희대학교,수학과,학생부종합,기회균형전형 II,2.26,2.61
2026,경희대학교,신소재공학과,학생부종합,기회균형전형 II,2.29,2.41
2026,경희대학교,약과학과,학생부종합,기회균형전형 II,1.64,1.67
2026,경희대학교,유전생명공학과,학생부종합,기회균형전형 II,1.84,1.71
2026,경희대학교,전자공학과,학생부종합,기회균형전형 II,2,2.28
2026,경희대학교,지리학과(자연),학생부종합,기회균형전형 II,2.91,3.33
2026,경희대학교,컴퓨터공학과,학생부종합,기회균형전형 II,1.98,2.21
2026,경희대학교,화학공학과,학생부종합,기회균형전형 II,1.87,2.15
2026,경희대학교,화학과,학생부종합,기회균형전형 II,1.77,1.79
2026,서울시립대학교,건축학부(건축공학전공),학생부종합,사회공헌통합전형,,
2026,서울시립대학교,건축학부(건축학전공),학생부종합,사회공헌통합전형,,
2026,서울시립대학교,공간정보공학과,학생부종합,사회공헌통합전형,,
2026,서울시립대학교,교통공학과,학생부종합,사회공헌통합전형,,
2026,서울시립대학교,기계정보공학과,학생부종합,사회공헌통합전형,,
2026,서울시립대학교,도시공학과,학생부종합,사회공헌통합전형,,
2026,서울시립대학교,물리학과,학생부종합,사회공헌통합전형,,
2026,서울시립대학교,생명과학과,학생부종합,사회공헌통합전형,,
2026,서울시립대학교,수학과,학생부종합,사회공헌통합전형,,
2026,서울시립대학교,신소재공학과,학생부종합,사회공헌통합전형,,
2026,서울시립대학교,융합응용화학과,학생부종합,사회공헌통합전형,,
2026,서울시립대학교,인공지능학과,학생부종합,사회공헌통합전형,,
2026,서울시립대학교,자유전공학부(자연),학생부종합,사회공헌통합전형,,
2026,서울시립대학교,전자전기컴퓨터공학부,학생부종합,사회공헌통합전형,,
2026,서울시립대학교,조경학과,학생부종합,사회공헌통합전형,,
2026,서울시립대학교,컴퓨터과학부,학생부종합,사회공헌통합전형,,
2026,서울시립대학교,토목공학과,학생부종합,사회공헌통합전형,,
2026,서울시립대학교,통계학과,학생부종합,사회공헌통합전형,,
2026,서울시립대학교,화학공학과,학생부종합,사회공헌통합전형,,
2026,서울시립대학교,환경공학부,학생부종합,사회공헌통합전형,,
2026,서울시립대학교,환경원예학과,학생부종합,사회공헌통합전형,,
2026,아주대학교,간호학과,학생부종합,고른기회 II 전형,,1.97
2026,아주대학교,건설시스템공학과,학생부종합,고른기회 II 전형,,3.23
2026,아주대학교,건축학과,학생부종합,고른기회 II 전형,2.27,2.84
2026,아주대학교,기계공학과,학생부종합,고른기회 II 전형,2.6,2.66
2026,아주대학교,디지털미디어학과,학생부종합,고른기회 II 전형,1.44,2.68
2026,아주대학교,미래모빌리티공학과,학생부종합,고른기회 II 전형,2.61,2.78
2026,아주대학교,산업공학과,학생부종합,고른기회 II 전형,2.43,2.43
2026,아주대학교,소프트웨어학과,학생부종합,고른기회 II 전형,2.35,2.35
2026,아주대학교,응용화학과,학생부종합,고른기회 II 전형,,2.27
2026,아주대학교,전자공학과,학생부종합,고른기회 II 전형,2.27,2.56
2026,아주대학교,지능형반도체공학과,학생부종합,고른기회 II 전형,2.05,2.05
2026,아주대학교,첨단바이오융합대학,학생부종합,고른기회 II 전형,2.05,2.21
2026,아주대학교,첨단신소재공학과,학생부종합,고른기회 II 전형,,1.67
2026,아주대학교,"프런티어과학학부 (물리,화학,생명과학)",학생부종합,고른기회 II 전형,2.12,
2026,아주대학교,화학공학과,학생부종합,고른기회 II 전형,,3.89
2026,홍익대학교,건설환경공학과,학생부종합,고른기회 I 전형,2.5,
2026,홍익대학교,건축학전공(5년제),학생부종합,고른기회 I 전형,,
2026,홍익대학교,기계시스템디자인공학과,학생부종합,고른기회 I 전형,2.27,
2026,홍익대학교,도시공학과,학생부종합,고른기회 I 전형,2.4,
2026,홍익대학교,산업데이터공학과,학생부종합,고른기회 I 전형,2.78,
2026,홍익대학교,수학교육과,학생부종합,고른기회 I 전형,2.78,
2026,홍익대학교,"신소재화공시스템공학부 (신소재공학,화학공학)",학생부종합,고른기회 I 전형,2.23,
2026,홍익대학교,전자전기공학부,학생부종합,고른기회 I 전형,,
2026,홍익대학교,컴퓨터공학과,학생부종합,고른기회 I 전형,5.82,
2026,단국대학교,전자전기공학과,기회종합,사회적배려대상자전형,3.33,3.28
2026,단국대학교,융합반도체공학과,기회종합,사회적배려대상자전형,2.91,2.91
2026,단국대학교,고분자공학전공,기회종합,사회적배려대상자전형,3.03,2.89
2026,단국대학교,융합소재공학전공,기회종합,사회적배려대상자전형,4.9,4.9
2026,단국대학교,인프라건설공학과,기회종합,사회적배려대상자전형,3.4,3.46
2026,단국대학교,기계공학과,기회종합,사회적배려대상자전형,2.79,2.79
2026,단국대학교,화학공학과,기회종합,사회적배려대상자전형,2.71,2.71
2026,단국대학교,건축공학전공,기회종합,사회적배려대상자전형,3.48,4
2026,단국대학교,소프트웨어학과,기회종합,사회적배려대상자전형,2.98,2.98
2026,단국대학교,컴퓨터공학과,기회종합,사회적배려대상자전형,3.05,3.05
2026,단국대학교,통계데이터사이언스학과,기회종합,사회적배려대상자전형,2.49,2.49
2026,단국대학교,사이버보안학과,기회종합,사회적배려대상자전형,2.71,2.71
2026,단국대학교,인공지능학과,기회종합,사회적배려대상자전형,,
2026,단국대학교,모바일시스템공학과,기회종합,사회적배려대상자전형,,
2026,단국대학교,건축학전공(5년제),기회종합,사회적배려대상자전형,3.51,3.31
2026,공주대학교,일반사회교육과,학생부교과,지역인재전형,3.02,3.02
2026,공주대학교,지리교육과,학생부교과,지역인재전형,3.7,3.7
2026,공주대학교,윤리교육과,학생부교과,지역인재전형,3.05,3.05
2026,성공회대학교,사회융합학부,학생부종합,열린인재전형,4.24,4.33
2026,성공회대학교,소프트웨어융합학부(소프트웨어융합전공),학생부종합,열린인재전형,4.7,4.64
2026,삼육대학교,환경디자인원예학과,기회종합,기회균형 I 전형,4.26,4.35
2026,덕성여자대학교,자유전공학부,기회종합,기회균형 I 농어촌,3.61,
2026,수원대학교,"인문사회융합대학(미디어커뮤니케이션,디지털헤리티지 외)",교과기회,농어촌학생전형 (외),3.7,4.3
2026,전남대학교,문헌정보학과,교과기회,농어촌학생전형 (외),3.98,2.75
2026,공주대학교,문헌정보교육학과,교과기회,농어촌학생전형,,3.66
2026,공주대학교,사학과,학생부종합,농어촌학생전형(외),3.84,3.27
2026,공주대학교,사회복지학과,학생부종합,농어촌학생전형(외),4.09,3.27
2026,공주대학교,역사교육과,학생부종합,농어촌학생전형(외),2.73,3.27
2026,공주대학교,영어교육과,학생부종합,농어촌학생전형(외),3.37,3.27
2026,공주대학교,영어영문학과,학생부종합,농어촌학생전형(외),4.67,3.27
2026,공주대학교,유아교육과,학생부종합,농어촌학생전형(외),3.82,3.27
2026,공주대학교,윤리교육과,학생부종합,농어촌학생전형(외),2.91,3.27
2026,공주대학교,일반사회교육과,학생부종합,농어촌학생전형(외),3.04,3.27
2026,공주대학교,중어중문학과,학생부종합,농어촌학생전형(외),4.66,3.27
2026,공주대학교,지리교육과,학생부종합,농어촌학생전형(외),3.31,3.27
2026,공주대학교,지리학과,학생부종합,농어촌학생전형(외),4.47,3.27
2026,공주대학교,특수교육과,학생부종합,농어촌학생전형(외),3.73,3.27
2026,공주대학교,한문교육과,학생부종합,농어촌학생전형(외),3.87,3.27
2026,공주대학교,행정학과,학생부종합,농어촌학생전형(외),4.43,3.27
2026,공주대학교,건축학과(5년제),학생부종합,농어촌학생전형(외),3.27,3.27
2026,공주대학교,그린스마트건축공학과,학생부종합,농어촌학생전형(외),3.27,3.27
2026,공주대학교,기술가정교육과,학생부종합,농어촌학생전형(외),3.27,3.27
2026,공주대학교,동물자원학과,학생부종합,농어촌학생전형(외),3.27,3.27
2026,공주대학교,디자인컨버전스학과,학생부종합,농어촌학생전형(외),3.88,3.27
2026,공주대학교,디지털융합금형공학과,학생부종합,농어촌학생전형(외),5.29,5.35
2026,공주대학교,미래자동차공학과,학생부종합,농어촌학생전형(외),5.45,5.54
2026,공주대학교,보건행정학과,학생부종합,농어촌학생전형(외),4.58,3.27
2026,공주대학교,부동산학과,학생부종합,농어촌학생전형(외),5.39,5.72
2026,공주대학교,생명과학과,학생부종합,농어촌학생전형(외),4.2,3.27
2026,공주대학교,생물교육과,학생부종합,농어촌학생전형(외),3.26,3.27
2026,공주대학교,소프트웨어학과,학생부종합,농어촌학생전형(외),4.4,3.27
2026,공주대학교,수학교육과,학생부종합,농어촌학생전형(외),3.45,3.27
2026,공주대학교,스마트정보기술공학과,학생부종합,농어촌학생전형(외),5.13,3.27
2026,공주대학교,스마트팜공학과,학생부종합,농어촌학생전형(외),4.67,3.27
2026,공주대학교,식품공학과,학생부종합,농어촌학생전형(외),4.85,3.27
2026,공주대학교,식품영양학과,학생부종합,농어촌학생전형(외),5.02,3.27
2026,공주대학교,신소재공학부,학생부종합,농어촌학생전형(외),4.44,4.63
2026,공주대학교,외식상품학과,학생부종합,농어촌학생전형(외),5.5,5.6
2026,공주대학교,원예학과,학생부종합,농어촌학생전형(외),4.79,3.27
2026,공주대학교,응급구조학과,학생부종합,농어촌학생전형(외),4.36,3.27
2026,공주대학교,의료정보학과,학생부종합,농어촌학생전형(외),4.64,3.27
2026,공주대학교,의류상품학과,학생부종합,농어촌학생전형(외),4.6,3.27
2026,공주대학교,정보통신공학과,학생부종합,농어촌학생전형(외),5.46,3.27
2026,공주대학교,조경학과,학생부종합,농어촌학생전형(외),5.4,3.27
2026,공주대학교,지구과학교육과,학생부종합,농어촌학생전형(외),3.84,3.27
2026,공주대학교,지역건설공학과,학생부종합,농어촌학생전형(외),5.59,5.66
2026,공주대학교,컴퓨터공학과,학생부종합,농어촌학생전형(외),4.15,3.27
2026,공주대학교,컴퓨터교육과,학생부종합,농어촌학생전형(외),3.33,3.27
2026,공주대학교,특수동물학과,학생부종합,농어촌학생전형(외),3.45,3.27
2026,공주대학교,화학과,학생부종합,농어촌학생전형(외),4.6,3.27
2026,공주대학교,화학교육과,학생부종합,농어촌학생전형(외),3.51,3.82
2026,공주대학교,환경공학과,학생부종합,농어촌학생전형(외),5.01,3.27
2026,공주대학교,게임디자인학과,학생부종합,일반전형,2.55,2.74
2026,공주대학교,도자문화융합디자인학과,학생부종합,일반전형,3.27,3.27
2026,공주대학교,미술교육과,학생부종합,일반전형,3.29,3.66
2026,공주대학교,영상학과,학생부종합,일반전형,3.73,3.83
2026,공주대학교,경영금융교육과,학생부종합,일반전형,3.99,3.99
2026,공주대학교,경영학과,학생부종합,일반전형,3.74,4.01
2026,공주대학교,경제통상학부,학생부종합,일반전형,4.26,4.48
2026,공주대학교,관광경영학과,학생부종합,일반전형,4.16,4.18
2026,공주대학교,관광영어통역융복합학과,학생부종합,일반전형,5.06,5.06
2026,공주대학교,교육학과,학생부종합,일반전형,3.21,3.26
2026,공주대학교,국어교육과,학생부종합,일반전형,3.04,3.25
2026,공주대학교,국제학부,학생부종합,일반전형,4.67,4.69
2026,공주대학교,독어독문학과,학생부종합,일반전형,5.25,5.36
2026,공주대학교,문헌정보교육과,학생부종합,일반전형,2.71,2.89
2026,공주대학교,법학과,학생부종합,일반전형,3.85,4.07
2026,공주대학교,부동산학과,학생부종합,일반전형,5.39,5.72
2026,공주대학교,불어불문학과,학생부종합,일반전형,5.4,6.02
2026,공주대학교,사학과,학생부종합,일반전형,3.69,3.84
2026,공주대학교,사회복지학과,학생부종합,일반전형,4.08,4.09
2026,공주대학교,산업유통학과,학생부종합,일반전형,5.39,5.59
2026,공주대학교,역사교육과,학생부종합,일반전형,2.66,2.73
2026,공주대학교,영어교육과,학생부종합,일반전형,3.19,3.37
2026,공주대학교,영어영문학과,학생부종합,일반전형,4.51,4.67
2026,공주대학교,유아교육과,학생부종합,일반전형,3.67,3.82
2026,공주대학교,윤리교육과,학생부종합,일반전형,2.84,2.91
2026,공주대학교,일반사회교육과,학생부종합,일반전형,2.96,3.04
2026,공주대학교,중어중문학과,학생부종합,일반전형,4.56,4.66
2026,공주대학교,지리교육과,학생부종합,일반전형,3.01,3.31
2026,공주대학교,지리학과,학생부종합,일반전형,4.42,4.47
2026,공주대학교,지역사회개발학과,학생부종합,일반전형,5.92,5.92
2026,공주대학교,특수교육과,학생부종합,일반전형,3.63,3.73
2026,공주대학교,한문교육과,학생부종합,일반전형,3.8,3.87
2026,공주대학교,행정학과,학생부종합,일반전형,4.39,4.43
2026,공주대학교,건축학과(5년제),학생부종합,일반전형,4.16,4.12
2026,공주대학교,광공학과,학생부종합,일반전형,5.5,5.86
2026,공주대학교,그린스마트건축공학과,학생부종합,일반전형,4.92,4.92
2026,공주대학교,기계자동차공학부,학생부종합,일반전형,4.6,4.68
2026,공주대학교,기술가정교육과,학생부종합,일반전형,3.56,3.56
2026,공주대학교,대기과학과,학생부종합,일반전형,4.29,4.34
2026,공주대학교,데이터정보물리학과,학생부종합,일반전형,4.93,5.15
2026,공주대학교,도시교통공학과,학생부종합,일반전형,4.88,4.88
2026,공주대학교,동물자원학과,학생부종합,일반전형,5.21,5.21
2026,공주대학교,디자인컨버전스학과,학생부종합,일반전형,3.37,3.88
2026,공주대학교,디지털융합금형공학과,학생부종합,일반전형,5.29,5.35
2026,공주대학교,문화재보존과학과,학생부종합,일반전형,4.19,4.26
2026,공주대학교,물리교육과,학생부종합,일반전형,3.66,3.81
2026,공주대학교,미래자동차공학과,학생부종합,일반전형,5.45,5.54
2026,공주대학교,보건행정학과,학생부종합,일반전형,4.39,4.58
2026,공주대학교,산림과학과,학생부종합,일반전형,4.73,5.39
2026,공주대학교,산업공학과,학생부종합,일반전형,5.03,5.05
2026,공주대학교,생명과학과,학생부종합,일반전형,4.15,4.2
2026,공주대학교,생물교육과,학생부종합,일반전형,3.19,3.26
2026,공주대학교,소프트웨어학과,학생부종합,일반전형,4.33,4.4
2026,공주대학교,수산생명의학과,학생부종합,일반전형,5.2,5.63
2026,공주대학교,수학교육과,학생부종합,일반전형,3.24,3.45
2026,공주대학교,스마트인프라공학과,학생부종합,일반전형,5.43,5.6
2026,공주대학교,스마트정보기술공학과,학생부종합,일반전형,4.92,5.13
2026,공주대학교,스마트팜공학과,학생부종합,일반전형,4.34,4.67
2026,공주대학교,식물자원학과,학생부종합,일반전형,5.19,5.26
2026,공주대학교,식품공학과,학생부종합,일반전형,4.72,4.85
2026,공주대학교,식품영양학과,학생부종합,일반전형,4.83,5.02
2026,공주대학교,신소재공학부,학생부종합,일반전형,4.44,4.63
2026,공주대학교,외식상품학과,학생부종합,일반전형,5.5,5.6
2026,공주대학교,원예학과,학생부종합,일반전형,3.31,4.79
2026,공주대학교,응급구조학과,학생부종합,일반전형,4.32,4.36
2026,공주대학교,응용수학과,학생부종합,일반전형,4.85,4.91
2026,공주대학교,의료정보학과,학생부종합,일반전형,4.6,4.64
2026,공주대학교,의류상품학과,학생부종합,일반전형,4.35,4.6
2026,공주대학교,인공지능학부,학생부종합,일반전형,4.4,4.47
2026,공주대학교,전기전자제어공학부,학생부종합,일반전형,4.24,4.42
2026,공주대학교,정보통신공학과,학생부종합,일반전형,5.39,5.46
2026,공주대학교,조경학과,학생부종합,일반전형,5.25,5.4
2026,공주대학교,지구과학교육과,학생부종합,일반전형,3.31,3.84
2026,공주대학교,지능형모빌리티공학과,학생부종합,일반전형,5.42,5.49
2026,공주대학교,지역건설공학과,학생부종합,일반전형,5.59,5.66
2026,공주대학교,지질환경과학과,학생부종합,일반전형,4.05,4.24
2026,공주대학교,컴퓨터공학과,학생부종합,일반전형,3.97,4.15
2026,공주대학교,컴퓨터교육과,학생부종합,일반전형,3.26,3.33
2026,공주대학교,특수동물학과,학생부종합,일반전형,3.27,3.45
2026,공주대학교,화학공학부,학생부종합,일반전형,4.29,4.39
2026,공주대학교,화학과,학생부종합,일반전형,4.43,4.6
2026,공주대학교,화학교육과,학생부종합,일반전형,3.51,3.82
2026,공주대학교,환경공학과,학생부종합,일반전형,4.9,5.01
2026,공주대학교,환경교육과,학생부종합,일반전형,3.94,4.04
2026,금오공과대학교,경영학과,학생부교과,농어촌학생전형(외),4.31,4.31
2026,금오공과대학교,"건축토목환경공학부(건축공학,건축학, 토목공학,환경공학)",학생부교과,농어촌학생전형(외),4.43,4.93
2026,금오공과대학교,광시스템공학과,학생부교과,농어촌학생전형(외),5.28,5.28
2026,금오공과대학교,"기계공학부(기계공학,기계시스템공학)",학생부교과,농어촌학생전형(외),4.29,4.85
2026,금오공과대학교,기계시스템공학부 스마트모빌리티전공,학생부교과,농어촌학생전형(외),5.06,5.68
2026,금오공과대학교,바이오메디컬공학과,학생부교과,농어촌학생전형(외),4.24,4.42
2026,금오공과대학교,"산업빅데이터공학부 (수리빅데이터,산업공학)",학생부교과,농어촌학생전형(외),5.45,5.65
2026,금오공과대학교,"전자공학부(반도체시스템,ICT시스템)",학생부교과,농어촌학생전형(외),4.41,4.58
2026,금오공과대학교,"제료공학부(고분자공학,신소재공학)",학생부교과,농어촌학생전형(외),4.43,4.93
2026,금오공과대학교,컴퓨터공학부 인공지능공학전공,학생부교과,농어촌학생전형(외),4.43,4.93
2026,금오공과대학교,"컴퓨터공학부(컴퓨터공학,소프트웨어)",학생부교과,농어촌학생전형(외),4.65,4.39
2026,금오공과대학교,"화학소재공학부(소재디자인공학, 화학공학,화학생명소재)",학생부교과,농어촌학생전형(외),4.62,6.55
2026,금오공과대학교,경영학과,학생부교과,지역인재전형,4.26,4.3
2026,금오공과대학교,"건축토목환경공학부(건축공학,건축학, 토목공학,환경공학)",학생부교과,지역인재전형,5.1,5.6
2026,금오공과대학교,"기계공학부(기계공학,기계시스템공학)",학생부교과,지역인재전형,5.27,5.64
2026,금오공과대학교,기계시스템공학부 스마트모빌리티전공,학생부교과,지역인재전형,6.13,6.42
2026,금오공과대학교,바이오메디컬공학과,학생부교과,지역인재전형,4.52,4.68
2026,금오공과대학교,"산업빅데이터공학부 (수리빅데이터,산업공학)",학생부교과,지역인재전형,6.08,5.95
2026,금오공과대학교,"전자공학부(반도체시스템,ICT시스템)",학생부교과,지역인재전형,4.9,4.72
2026,금오공과대학교,컴퓨터공학부 인공지능공학전공,학생부교과,지역인재전형,5.1,5.6
2026,금오공과대학교,"컴퓨터공학부(컴퓨터공학,소프트웨어)",학생부교과,지역인재전형,4.87,4.4
2026,금오공과대학교,"화학소재공학부(소재디자인공학, 화학공학,화학생명소재)",학생부교과,지역인재전형,5.58,4.81
2026,금오공과대학교,자율전공학부,학생부교과,지역인재전형,4.69,4.92
2026,금오공과대학교,경영학과,학생부교과,학생부교과전형,4.75,5.07
2026,금오공과대학교,"건축토목환경공학부(건축공학,건축학, 토목공학,환경공학)",학생부교과,학생부교과전형,5.39,5.3
2026,금오공과대학교,광시스템공학과,학생부교과,학생부교과전형,4.85,5.01
2026,금오공과대학교,"기계공학부(기계공학,기계시스템공학)",학생부교과,학생부교과전형,5.04,5.32
2026,금오공과대학교,기계시스템공학부 스마트모빌리티전공,학생부교과,학생부교과전형,5.98,5.79
2026,금오공과대학교,바이오메디컬공학과,학생부교과,학생부교과전형,4.01,4.06
2026,금오공과대학교,"산업빅데이터공학부 (수리빅데이터,산업공학)",학생부교과,학생부교과전형,6.26,6.03
2026,금오공과대학교,"재료공학부(고분자공학,신소재공학)",학생부교과,학생부교과전형,5.96,5.56
2026,금오공과대학교,"전자공학부(반도체시스템,ICT시스템)",학생부교과,학생부교과전형,4.41,5.07
2026,금오공과대학교,컴퓨터공학부 인공지능공학전공,학생부교과,학생부교과전형,5.39,5.3
2026,금오공과대학교,"컴퓨터공학부(컴퓨터공학,소프트웨어)",학생부교과,학생부교과전형,4.23,4.64
2026,금오공과대학교,"화학소재공학부(소재디자인공학, 화학공학,화학생명소재)",학생부교과,학생부교과전형,5.7,4.68
2026,금오공과대학교,자율전공학부,학생부교과,학생부교과전형,4.38,4.58
2026,금오공과대학교,경영학과,학생부종합,kit인재전형,5.65,4.8
2026,금오공과대학교,"건축토목환경공학부(건축공학,건축학, 토목공학,환경공학)",학생부종합,kit인재전형,4.71,4.8
2026,금오공과대학교,광시스템공학과,학생부종합,kit인재전형,5.87,4.8
2026,금오공과대학교,"기계공학부(기계공학,기계시스템공학)",학생부종합,kit인재전형,4.71,4.8
2026,금오공과대학교,기계시스템공학부 스마트모빌리티전공,학생부종합,kit인재전형,4.71,4.8
2026,금오공과대학교,바이오메디컬공학과,학생부종합,kit인재전형,5.73,4.8
2026,금오공과대학교,"산업빅데이터공학부 (수리빅데이터,산업공학)",학생부종합,kit인재전형,4.71,4.8
2026,금오공과대학교,"전자공학부(반도체시스템,ICT시스템)",학생부종합,kit인재전형,4.71,4.8
2026,금오공과대학교,"제료공학부(고분자공학,신소재공학)",학생부종합,kit인재전형,4.71,4.8
2026,금오공과대학교,컴퓨터공학부 인공지능공학전공,학생부종합,kit인재전형,4.71,4.8
2026,금오공과대학교,"컴퓨터공학부(컴퓨터공학,소프트웨어)",학생부종합,kit인재전형,4.71,4.8
2026,금오공과대학교,"화학소재공학부(소재디자인공학, 화학공학,화학생명소재)",학생부종합,kit인재전형,4.71,4.8
2026,단국대학교(천안),스포츠경영학과,학생부교과,학생부교과우수자전형,2.33,2.33
2026,단국대학교(천안),공공정책학과,학생부교과,학생부교과우수자전형,3.36,3.36
2026,단국대학교(천안),공공정책학과(야),학생부교과,학생부교과우수자전형,3.36,3.36
2026,단국대학교(천안),글로벌한국어과,학생부교과,학생부교과우수자전형,3.59,3.59
2026,단국대학교(천안),독일학전공,학생부교과,학생부교과우수자전형,3.47,3.8
2026,단국대학교(천안),러시아학전공,학생부교과,학생부교과우수자전형,3.92,5.58
2026,단국대학교(천안),몽골학전공,학생부교과,학생부교과우수자전형,3.93,4.01
2026,단국대학교(천안),베트남학전공,학생부교과,학생부교과우수자전형,3.94,3.74
2026,단국대학교(천안),보건행정학과,학생부교과,학생부교과우수자전형,3,3
2026,단국대학교(천안),사회복지학과,학생부교과,학생부교과우수자전형,3.29,3.29
2026,단국대학교(천안),스페인중남미학전공,학생부교과,학생부교과우수자전형,3.31,3.36
2026,단국대학교(천안),식품자원경제학과,학생부교과,학생부교과우수자전형,3.48,3.48
2026,단국대학교(천안),영어과,학생부교과,학생부교과우수자전형,3.25,3.25
2026,단국대학교(천안),인문사회계열광역,학생부교과,학생부교과우수자전형,3.72,3.72
2026,단국대학교(천안),일본학전공,학생부교과,학생부교과우수자전형,3.31,3.69
2026,단국대학교(천안),중국학전공,학생부교과,학생부교과우수자전형,3.61,3.87
2026,단국대학교(천안),중동학전공,학생부교과,학생부교과우수자전형,3.82,4.21
2026,단국대학교(천안),포르투갈브라질학전공,학생부교과,학생부교과우수자전형,3.71,3.8
2026,단국대학교(천안),프랑스학전공,학생부교과,학생부교과우수자전형,3.45,3.76
2026,단국대학교(천안),해병대군사학과,학생부교과,학생부교과우수자전형,3.72,3.72
2026,단국대학교(천안),경영공학과,학생부교과,학생부교과우수자전형,3.38,3.38
2026,단국대학교(천안),녹지조경학전공,학생부교과,학생부교과우수자전형,3.65,4.07
2026,단국대학교(천안),동물생명공학전공,학생부교과,학생부교과우수자전형,3.01,3.35
2026,단국대학교(천안),물리치료학과,학생부교과,학생부교과우수자전형,2.43,2.43
2026,단국대학교(천안),물리학과,학생부교과,학생부교과우수자전형,3.78,3.78
2026,단국대학교(천안),미생물학전공,학생부교과,학생부교과우수자전형,3.06,3.39
2026,단국대학교(천안),생명과학전공,학생부교과,학생부교과우수자전형,2.96,2.99
2026,단국대학교(천안),수학과,학생부교과,학생부교과우수자전형,3.26,3.26
2026,단국대학교(천안),식량생명공학전공,학생부교과,학생부교과우수자전형,3.25,3.48
2026,단국대학교(천안),식품공학과,학생부교과,학생부교과우수자전형,3.18,3.18
2026,단국대학교(천안),식품영양학과,학생부교과,학생부교과우수자전형,3.01,3.01
2026,단국대학교(천안),신소재공학과,학생부교과,학생부교과우수자전형,2.99,2.99
2026,단국대학교(천안),심리치료학과,학생부교과,학생부교과우수자전형,2.43,2.43
2026,단국대학교(천안),에너지공학과,학생부교과,학생부교과우수자전형,3.22,3.22
2026,단국대학교(천안),의생명시스템학전공,학생부교과,학생부교과우수자전형,2.62,2.84
2026,단국대학교(천안),임상병리학과,학생부교과,학생부교과우수자전형,2.63,2.63
2026,단국대학교(천안),제약공학과,학생부교과,학생부교과우수자전형,2.55,2.55
2026,단국대학교(천안),치위생학과,학생부교과,학생부교과우수자전형,3.01,3.01
2026,단국대학교(천안),코스메디컬소재학과,학생부교과,학생부교과우수자전형,3.12,3.12
2026,단국대학교(천안),화학과,학생부교과,학생부교과우수자전형,3.11,3.11
2026,단국대학교(천안),환경원예학전공,학생부교과,학생부교과우수자전형,3.64,3.81
2026,단국대학교(천안),문예창작과,학생부종합,DKU인재(면접형)전형,3.64,3.91
2026,단국대학교(천안),약학과,학생부종합,DKU인재(면접형)전형,1.4,1.78
2026,단국대학교(천안),의예과,학생부종합,DKU인재(면접형)전형,1.49,1.25
2026,단국대학교(천안),공공정책학과,학생부종합,DKU인재(서류형)전형,3.74,3.7
2026,단국대학교(천안),공공정책학과(야),학생부종합,DKU인재(서류형)전형,3.74,3.7
2026,단국대학교(천안),글로벌한국어과,학생부종합,DKU인재(서류형)전형,4.4,4.29
2026,단국대학교(천안),독일학전공,학생부종합,DKU인재(서류형)전형,4.56,5.14
2026,단국대학교(천안),러시아학전공,학생부종합,DKU인재(서류형)전형,5.65,4.45
2026,단국대학교(천안),몽골학전공,학생부종합,DKU인재(서류형)전형,4.54,4.55
2026,단국대학교(천안),베트남학전공,학생부종합,DKU인재(서류형)전형,5.16,4.6
2026,단국대학교(천안),보건행정학과,학생부종합,DKU인재(서류형)전형,4.07,3.77
2026,단국대학교(천안),사회복지학과,학생부종합,DKU인재(서류형)전형,3.82,3.56
2026,단국대학교(천안),스페인중남미학전공,학생부종합,DKU인재(서류형)전형,4.03,4.29
2026,단국대학교(천안),식품자원경제학과,학생부종합,DKU인재(서류형)전형,4.08,4.22
2026,단국대학교(천안),영어과,학생부종합,DKU인재(서류형)전형,3.76,3.7
2026,단국대학교(천안),인문사회계열광역,학생부종합,DKU인재(서류형)전형,4.08,
2026,단국대학교(천안),일본학전공,학생부종합,DKU인재(서류형)전형,4.17,4.25
2026,단국대학교(천안),중국학전공,학생부종합,DKU인재(서류형)전형,4.6,4.34
2026,단국대학교(천안),중동학저공,학생부종합,DKU인재(서류형)전형,4.62,4.73
2026,단국대학교(천안),포르투갈브라질학전공,학생부종합,DKU인재(서류형)전형,4.66,4.21
2026,단국대학교(천안),프랑스학전공,학생부종합,DKU인재(서류형)전형,4.97,4.44
2026,단국대학교(천안),경영공학과,학생부종합,DKU인재(서류형)전형,4.17,4.21
2026,단국대학교(천안),녹지조경학전공,학생부종합,DKU인재(서류형)전형,3.45,4.38
2026,단국대학교(천안),동물생명공학전공,학생부종합,DKU인재(서류형)전형,3.4,3.71
2026,단국대학교(천안),물리치료학과,학생부종합,DKU인재(서류형)전형,2.97,2.9
2026,단국대학교(천안),물리학과,학생부종합,DKU인재(서류형)전형,4.5,4.93
2026,단국대학교(천안),미생물학전공,학생부종합,DKU인재(서류형)전형,3.51,3.68
2026,단국대학교(천안),생명과학전공,학생부종합,DKU인재(서류형)전형,3.07,3.12
2026,단국대학교(천안),수학과,학생부종합,DKU인재(서류형)전형,3.93,3.85
2026,단국대학교(천안),식량생명공학전공,학생부종합,DKU인재(서류형)전형,3.53,3.86
2026,단국대학교(천안),식품공학과,학생부종합,DKU인재(서류형)전형,3.65,3.63
2026,단국대학교(천안),식품영양학과,학생부종합,DKU인재(서류형)전형,3.67,4.16
2026,단국대학교(천안),신소재공학과,학생부종합,DKU인재(서류형)전형,3.48,3.64
2026,단국대학교(천안),심리치료학과,학생부종합,DKU인재(서류형)전형,2.97,2.9
2026,단국대학교(천안),에너지공학과,학생부종합,DKU인재(서류형)전형,3.8,3.89
2026,단국대학교(천안),의생명시스템학전공,학생부종합,DKU인재(서류형)전형,2.85,2.85
2026,단국대학교(천안),임상병리학과,학생부종합,DKU인재(서류형)전형,3.2,3.72
2026,단국대학교(천안),제약공학과,학생부종합,DKU인재(서류형)전형,2.86,3.18
2026,단국대학교(천안),치위생학과,학생부종합,DKU인재(서류형)전형,3.42,3.82
2026,단국대학교(천안),코스메디컬소재학과,학생부종합,DKU인재(서류형)전형,3.64,3.94
2026,단국대학교(천안),화학과,학생부종합,DKU인재(서류형)전형,3.61,3.48
2026,단국대학교(천안),환경원예학전공,학생부종합,DKU인재(서류형)전형,4.34,4.31
2026,단국대학교(천안),공공정책학과,학생부종합,농어촌학생전형(외),4.07,4.81
2026,단국대학교(천안),글로벌한국어과,학생부종합,농어촌학생전형(외),6.28,4.35
2026,단국대학교(천안),독일학전공,학생부종합,농어촌학생전형(외),5.09,5.13
2026,단국대학교(천안),러시아학전공,학생부종합,농어촌학생전형(외),4.79,5.64
2026,단국대학교(천안),몽골학전공,학생부종합,농어촌학생전형(외),,4.27
2026,단국대학교(천안),베트남학전공,학생부종합,농어촌학생전형(외),7.66,5.04
2026,단국대학교(천안),보건행정학과,학생부종합,농어촌학생전형(외),4.63,3.51
2026,단국대학교(천안),사회복지학과,학생부종합,농어촌학생전형(외),3.95,4.37
2026,단국대학교(천안),스페인중남미학전공,학생부종합,농어촌학생전형(외),4.82,4.53
2026,단국대학교(천안),식품자원경제학과,학생부종합,농어촌학생전형(외),3.98,4.92
2026,단국대학교(천안),영어과,학생부종합,농어촌학생전형(외),3.03,4
2026,단국대학교(천안),일본학전공,학생부종합,농어촌학생전형(외),4.52,4.67
2026,단국대학교(천안),중국학전공,학생부종합,농어촌학생전형(외),5.12,5.96
2026,단국대학교(천안),중동학전공,학생부종합,농어촌학생전형(외),3.94,5.9
2026,단국대학교(천안),포르투갈브라질학전공,학생부종합,농어촌학생전형(외),4.99,4.36
2026,단국대학교(천안),프랑스학전공,학생부종합,농어촌학생전형(외),5.6,5.06
2026,단국대학교(천안),경영공학과,학생부종합,농어촌학생전형(외),4.37,4.76
2026,단국대학교(천안),녹지조경학전공,학생부종합,농어촌학생전형(외),4.66,4.61
2026,단국대학교(천안),동물생명공학전공,학생부종합,농어촌학생전형(외),4.03,3.79
2026,단국대학교(천안),물리학과,학생부종합,농어촌학생전형(외),4.47,5.53
2026,단국대학교(천안),미생물학전공,학생부종합,농어촌학생전형(외),4.04,4.03
2026,단국대학교(천안),생명과학전공,학생부종합,농어촌학생전형(외),3.2,3.94
2026,단국대학교(천안),수학과,학생부종합,농어촌학생전형(외),4.26,4.19
2026,단국대학교(천안),식량생명공학전공,학생부종합,농어촌학생전형(외),4.27,4.28
2026,단국대학교(천안),식품공학과,학생부종합,농어촌학생전형(외),4.08,4.89
2026,단국대학교(천안),식품영양학과,학생부종합,농어촌학생전형(외),4.35,3.39
2026,단국대학교(천안),신소재공학과,학생부종합,농어촌학생전형(외),3.82,4.52
2026,단국대학교(천안),심리치료학과,학생부종합,농어촌학생전형(외),4.46,4.25
2026,단국대학교(천안),에너지공학과,학생부종합,농어촌학생전형(외),334.34,4.54
2026,단국대학교(천안),의생명시스템학전공,학생부종합,농어촌학생전형(외),4.24,
2026,단국대학교(천안),의예과,학생부종합,농어촌학생전형(외),1.4,1.88
2026,단국대학교(천안),제약공학과,학생부종합,농어촌학생전형(외),3.3,4.61
2026,단국대학교(천안),코스메디컬소재학과,학생부종합,농어촌학생전형(외),4.22,4.42
2026,단국대학교(천안),화학과,학생부종합,농어촌학생전형(외),4.25,4.18
2026,단국대학교(천안),환경원예학전공,학생부종합,농어촌학생전형(외),5.78,4.58
2026,동국대학교(WISE),경영학과,학생부교과,교과전형,4.8,4.8
2026,동국대학교(WISE),고고미술사학과,학생부교과,교과전형,3.5,3.5
2026,동국대학교(WISE),국사학과,학생부교과,교과전형,3.5,3.5
2026,동국대학교(WISE),명상심리상담학과,학생부교과,교과전형,5.3,5.3
2026,동국대학교(WISE),불교문화컨텐츠전공,학생부교과,교과전형,4.7,3.9
2026,동국대학교(WISE),불교학전공(일반),학생부교과,교과전형,4.6,4.7
2026,동국대학교(WISE),사회복지학과,학생부교과,교과전형,4.7,4.7
2026,동국대학교(WISE),아동청소년교육학과,학생부교과,교과전형,4.4,4.4
2026,동국대학교(WISE),영어영문학과,학생부교과,교과전형,3.6,3.6
2026,동국대학교(WISE),웹문예학과,학생부교과,교과전형,3.9,3.9
2026,동국대학교(WISE),유아교육과,학생부교과,교과전형,3.5,3.5
2026,동국대학교(WISE),일어일문학과,학생부교과,교과전형,3.8,3.8
2026,동국대학교(WISE),정보경영학과,학생부교과,교과전형,4.2,4.2
2026,동국대학교(WISE),조리외식경영학전공,학생부교과,교과전형,4.7,4.7
2026,동국대학교(WISE),중어중문학과,학생부교과,교과전형,4.1,4.1
2026,동국대학교(WISE),항공서비스무역학과,학생부교과,교과전형,5.4,5.4
2026,동국대학교(WISE),"행정경찰공공학부(공공행정학,경찰행정학)",학생부교과,교과전형,3.8,4.1
2026,동국대학교(WISE),호텔관광경영학전공,학생부교과,교과전형,4.3,4.3
2026,동국대학교(WISE),회계세무학과,학생부교과,교과전형,4.1,4.1
2026,동국대학교(WISE),가정교육과,학생부교과,교과전형,3.9,3.9
2026,동국대학교(WISE),바이오제약공학과,학생부교과,교과전형,4.6,4.7
2026,동국대학교(WISE),보건의료정보학과,학생부교과,교과전형,3.9,3.9
2026,동국대학교(WISE),뷰티메디컬학과,학생부교과,교과전형,4.6,4.7
2026,동국대학교(WISE),소방방재전공,학생부교과,교과전형,4,4
2026,동국대학교(WISE),수학교육과,학생부교과,교과전형,3.7,3.7
2026,동국대학교(WISE),안전보건전공,학생부교과,교과전형,5,5
2026,동국대학교(WISE),에너지전기공학과,학생부교과,교과전형,4.9,4.9
2026,동국대학교(WISE),의예과,학생부교과,교과전형,1.4,1.4
2026,동국대학교(WISE),자동차소재부품공학전공,학생부교과,교과전형,4.4,4.4
2026,동국대학교(WISE),전자정보통신공학과,학생부교과,교과전형,4.8,4.8
2026,동국대학교(WISE),"조경정원디자인학부(조경,정원디자인)",학생부교과,교과전형,4.2,4.1
2026,동국대학교(WISE),컴퓨터공학과,학생부교과,교과전형,4.2,4.2
2026,동국대학교(WISE),한의예과,학생부교과,교과전형,1.4,1.4
2026,동국대학교(WISE),글로컬인재학부,학생부교과,교과전형,4.9,4.9
2026,동국대학교(WISE),디자인미술학과,학생부교과,농어촌전형(외),,
2026,동국대학교(WISE),스포츠과학전공,학생부교과,농어촌전형(외),,
2026,동국대학교(WISE),스포츠의학전공,학생부교과,농어촌전형(외),,
2026,동국대학교(WISE),의예과,학생부교과,농어촌전형(외),,
2026,동국대학교(WISE),한의예과,학생부교과,농어촌전형(외),1.92,
2026,동국대학교(WISE),그외 모집단위,학생부교과,농어촌전형(외),,
2026,동국대학교(WISE),경영학과,학생부교과,면접전형,4.9,4.9
2026,동국대학교(WISE),고고미술사학과,학생부교과,면접전형,3.9,3.9
2026,동국대학교(WISE),국사학과,학생부교과,면접전형,4.8,4.8
2026,동국대학교(WISE),명상심리상담학과,학생부교과,면접전형,4.9,4.9
2026,동국대학교(WISE),사회복지학과,학생부교과,면접전형,4.3,4.3
2026,동국대학교(WISE),아동청소년교육학과,학생부교과,면접전형,,
2026,동국대학교(WISE),영어영문학과,학생부교과,면접전형,,3.7
2026,동국대학교(WISE),웹문예학과,학생부교과,면접전형,4.2,4.2
2026,동국대학교(WISE),유아교육과,학생부교과,면접전형,4.2,4.2
2026,동국대학교(WISE),일어일문학과,학생부교과,면접전형,5,5
2026,동국대학교(WISE),정보경영학과,학생부교과,면접전형,,4.6
2026,동국대학교(WISE),조리외식경영학전공,학생부교과,면접전형,5.4,5.4
2026,동국대학교(WISE),중어중문학과,학생부교과,면접전형,5.3,5.3
2026,동국대학교(WISE),항공서비스무역학과,학생부교과,면접전형,4.6,4.6
2026,동국대학교(WISE),"행정경찰공공학부(공공행정학,경찰행정학)",학생부교과,면접전형,4.6,4.3
2026,동국대학교(WISE),호텔관광경영학전공,학생부교과,면접전형,4.7,4.7
2026,동국대학교(WISE),회계세무학과,학생부교과,면접전형,4.3,4.3
2026,동국대학교(WISE),가정교육과,학생부교과,면접전형,,4.6
2026,동국대학교(WISE),바이오제약공학과,학생부교과,면접전형,4.9,4.9
2026,동국대학교(WISE),보건의료정보학과,학생부교과,면접전형,5.4,5.4
2026,동국대학교(WISE),뷰티메디컬학과,학생부교과,면접전형,4.9,4.9
2026,동국대학교(WISE),소방방재전공,학생부교과,면접전형,4.5,4.5
2026,동국대학교(WISE),수학교육과,학생부교과,면접전형,4.1,4.1
2026,동국대학교(WISE),안전보건전공,학생부교과,면접전형,,4
2026,동국대학교(WISE),에너지전기공학과,학생부교과,면접전형,5.1,5.2
2026,동국대학교(WISE),자동차소재부품공학전공,학생부교과,면접전형,,5.5
2026,동국대학교(WISE),전자정보통신공학과,학생부교과,면접전형,4.2,4.2
2026,동국대학교(WISE),"조경정원디자인학부(조경,정원디자인)",학생부교과,면접전형,5.1,5.6
2026,동국대학교(WISE),컴퓨터공학과,학생부교과,면접전형,4.5,4.5
2026,동국대학교(WISE),글로컬인재학부,학생부교과,면접전형,5.7,5.7
2026,동국대학교(WISE),경영학과,학생부교과,불교추천전형,,3.1
2026,동국대학교(WISE),명상심리상담학과,학생부교과,불교추천전형,,
2026,동국대학교(WISE),불교문화컨텐츠전공,학생부교과,불교추천전형,4.3,5
2026,동국대학교(WISE),불교학전공(일반),학생부교과,불교추천전형,4.7,
2026,동국대학교(WISE),유아교육과,학생부교과,불교추천전형,,4.2
2026,동국대학교(WISE),"행정경찰공공학부(공공행정학,경찰행정학)",학생부교과,불교추천전형,,3
2026,동국대학교(WISE),호텔관광경영학전공,학생부교과,불교추천전형,4.6,4.7
2026,동국대학교(WISE),의예과,학생부교과,불교추천전형,1.6,1.6
2026,동국대학교(WISE),자동차소재부품공학전공,학생부교과,불교추천전형,,
2026,동국대학교(WISE),한의예과,학생부교과,불교추천전형,1.7,1.7
2026,동국대학교(WISE),글로컬인재학부,학생부교과,불교추천전형,,4.5
2026,동국대학교(WISE),의예과,학생부교과,지역인재전형,1.5,1.2
2026,동국대학교(WISE),한의예과,학생부교과,지역인재전형,1.8,1.4
2026,동국대학교(WISE),의예과,학생부종합,지역인재(경북),2.3,
2026,동국대학교(WISE),의예과,학생부종합,지역인재전형,1.9,1.6
2026,동국대학교(WISE),한의예과,학생부종합,지역인재전형,2.2,2
2026,동국대학교(WISE),경영학과,학생부종합,참사랑전형,4,6.4
2026,동국대학교(WISE),고고미술사학과,학생부종합,참사랑전형,4.1,5
2026,동국대학교(WISE),국사학과,학생부종합,참사랑전형,3.5,5.4
2026,동국대학교(WISE),명상심리상담학과,학생부종합,참사랑전형,,
2026,동국대학교(WISE),불교문화콘텐츠전공,학생부종합,참사랑전형,4.9,
2026,동국대학교(WISE),불교학전공(일반),학생부종합,참사랑전형,2.2,
2026,동국대학교(WISE),사회복지학과,학생부종합,참사랑전형,,5.4
2026,동국대학교(WISE),아동청소년교육학과,학생부종합,참사랑전형,,
2026,동국대학교(WISE),영어영문학과,학생부종합,참사랑전형,,5.8
2026,동국대학교(WISE),웹문예학과,학생부종합,참사랑전형,3.9,4.9
2026,동국대학교(WISE),유아교육과,학생부종합,참사랑전형,4.4,5
2026,동국대학교(WISE),일어일문학과,학생부종합,참사랑전형,5.9,5.7
2026,동국대학교(WISE),정보경영학과,학생부종합,참사랑전형,,4.7
2026,동국대학교(WISE),조리외식경영학전공,학생부종합,참사랑전형,4.8,4.9
2026,동국대학교(WISE),중어중문학과,학생부종합,참사랑전형,,
2026,동국대학교(WISE),항공서비스무역학과,학생부종합,참사랑전형,,5.8
2026,동국대학교(WISE),행정경찰공공학부,학생부종합,참사랑전형,4.6,5.8
2026,동국대학교(WISE),호텔관광경영학전공,학생부종합,참사랑전형,4.7,6.3
2026,동국대학교(WISE),회계세무학과,학생부종합,참사랑전형,,6.3
2026,동국대학교(WISE),가정교육과,학생부종합,참사랑전형,,5.5
2026,동국대학교(WISE),바이오제약공학과,학생부종합,참사랑전형,2.2,
2026,동국대학교(WISE),보건의료정보학과,학생부종합,참사랑전형,,6.5
2026,동국대학교(WISE),뷰티메디컬학과,학생부종합,참사랑전형,2.2,
2026,동국대학교(WISE),소방방재전공,학생부종합,참사랑전형,4.1,5.9
2026,동국대학교(WISE),수학교육과,학생부종합,참사랑전형,,
2026,동국대학교(WISE),안전보건전공,학생부종합,참사랑전형,5.5,
2026,동국대학교(WISE),에너지전기공학과,학생부종합,참사랑전형,,5.5
2026,동국대학교(WISE),의예과,학생부종합,참사랑전형,1.5,1.5
2026,동국대학교(WISE),자동차소재부품공학전공,학생부종합,참사랑전형,,6.6
2026,동국대학교(WISE),전자정보통신공학과,학생부종합,참사랑전형,,5.5
2026,동국대학교(WISE),조경정원디자인학부,학생부종합,참사랑전형,5.3,6.4
2026,동국대학교(WISE),컴퓨터공학과,학생부종합,참사랑전형,4.5,6.7
2026,동국대학교(WISE),한의예과,학생부종합,참사랑전형,1.6,1.8
2026,동국대학교(WISE),글로컬인재학부,학생부종합,참사랑전형,4.9,6.1
2026,상명대학교(천안),스포츠융합학부,실기/실적,특기자전형,,
2026,상명대학교(천안),"디자인학부(커뮤니케이션,패션,텍스타일,스페이스,세라믹,인더스트리얼,ARVR미디어)",학생부교과,농어촌학생전형(외),4.59,4.36
2026,상명대학교(천안),예술학부,학생부교과,농어촌학생전형(외),4.59,4.36
2026,상명대학교(천안),인문계열,학생부교과,농어촌학생전형(외),4.59,4.36
2026,상명대학교(천안),자연계열,학생부교과,농어촌학생전형(외),3.69,4.72
2026,상명대학교(천안),AR.VR미디어디자인전공,학생부교과,학생부교과전형,3.6,3.36
2026,상명대학교(천안),문화예술경영전공,학생부교과,학생부교과전형,3.18,3.18
2026,상명대학교(천안),자유전공(아트&컬처),학생부교과,학생부교과전형,3.49,
2026,상명대학교(천안),글로벌금융경영학부,학생부교과,학생부교과전형,4.04,4.04
2026,상명대학교(천안),"글로벌지역학부(한국언어,일본어,중국어,영어,프랑스,독일,러시아)",학생부교과,학생부교과전형,4.34,4.59
2026,상명대학교(천안),한국언어문화전공,학생부교과,학생부교과전형,4.29,4.29
2026,상명대학교(천안),AI모빌리티공학과,학생부교과,학생부교과전형,4.94,4.94
2026,상명대학교(천안),건설시스템공학과,학생부교과,학생부교과전형,4.67,4.67
2026,상명대학교(천안),경영공학과,학생부교과,학생부교과전형,4.49,4.49
2026,상명대학교(천안),그린스마트시티학과,학생부교과,학생부교과전형,4.26,4.26
2026,상명대학교(천안),그린화학공학과,학생부교과,학생부교과전형,4.11,4.11
2026,상명대학교(천안),소프트웨어학과,학생부교과,학생부교과전형,4.02,4.02
2026,상명대학교(천안),스마트정보통신공학과,학생부교과,학생부교과전형,4.58,4.58
2026,상명대학교(천안),시스템반도체공학과,학생부교과,학생부교과전형,4.15,4.15
2026,상명대학교(천안),식품공학과,학생부교과,학생부교과전형,3.89,3.89
2026,상명대학교(천안),자유전공(공학계열),학생부교과,학생부교과전형,3.49,
2026,상명대학교(천안),전자공학과,학생부교과,학생부교과전형,4.22,4.22
2026,상명대학교(천안),정보보안공학과,학생부교과,학생부교과전형,4.36,4.36
2026,상명대학교(천안),휴먼지능로봇공학과,학생부교과,학생부교과전형,4.69,4.69
2026,상명대학교(천안),AI미디어콘텐츠전공,학생부종합,상명인재전형,3.71,3.55
2026,상명대학교(천안),AR.VR미디어디자인전공,학생부종합,상명인재전형,4.13,3.69
2026,상명대학교(천안),"디자인학부(커뮤니케이션,패션,텍스타일,스페이스,세라믹,인더스트리얼,ARVR미디어)",학생부종합,상명인재전형,3.46,3.95
2026,상명대학교(천안),디지털만화영상전공,학생부종합,상명인재전형,2.74,2.8
2026,상명대학교(천안),무대미술전공,학생부종합,상명인재전형,3.39,3.13
2026,상명대학교(천안),문화예술경영전공,학생부종합,상명인재전형,4,4.06
2026,상명대학교(천안),사진영상미디어전공,학생부종합,상명인재전형,4.31,4.59
2026,상명대학교(천안),스포츠융합학부,학생부종합,상명인재전형,4.17,4.72
2026,상명대학교(천안),연극전공(이론),학생부종합,상명인재전형,2.93,2.54
2026,상명대학교(천안),영화영상전공(연출스태프),학생부종합,상명인재전형,3.56,3.85
2026,상명대학교(천안),글로벌금융경영학부,학생부종합,상명인재전형,4.28,4.42
2026,상명대학교(천안),"글로벌지역학부(한국언어,일본어,중국어, 영어,프랑스,독일,러시아)",학생부종합,상명인재전형,4.86,4.36
2026,상명대학교(천안),한국언어문화전공,학생부종합,상명인재전형,4.56,4.6
2026,상명대학교(천안),AI모빌리티공학과,학생부종합,상명인재전형,5.02,5.06
2026,상명대학교(천안),건설시스템공학과,학생부종합,상명인재전형,3.97,4.27
2026,상명대학교(천안),경영공학과,학생부종합,상명인재전형,4.85,4.59
2026,상명대학교(천안),그린스마트시티학과,학생부종합,상명인재전형,4.89,5
2026,상명대학교(천안),그린화학공학과,학생부종합,상명인재전형,4.38,4.42
2026,상명대학교(천안),소프트웨어학과,학생부종합,상명인재전형,4.41,4.57
2026,상명대학교(천안),스마트정보통신공학과,학생부종합,상명인재전형,4.95,5.02
2026,상명대학교(천안),시스템반도체공학과,학생부종합,상명인재전형,4.83,4.71
2026,상명대학교(천안),식품공학과,학생부종합,상명인재전형,4.45,4.4
2026,상명대학교(천안),전자공학과,학생부종합,상명인재전형,4.86,4.84
2026,상명대학교(천안),정보보안공학과,학생부종합,상명인재전형,5.09,5.03
2026,상명대학교(천안),휴먼지능로봇공학과,학생부종합,상명인재전형,4.62,4.8
2026,서경대학교,미래융합학부1,논술,논술우수자전형,4.62,4.62
2026,서경대학교,미래융합학부2,논술,논술우수자전형,4.88,4.88
2026,서경대학교,자유전공학부,논술,논술우수자전형,4.88,4.88
2026,서경대학교,미래융합학부1,학생부교과,교과우수①전형,3.58,
2026,서경대학교,미래융합학부2,학생부교과,교과우수①전형,3.59,
2026,서경대학교,자유전공학부,학생부교과,교과우수①전형,3.64,
2026,서경대학교,미래융합학부1,학생부교과,교과우수②전형,3.58,
2026,서경대학교,미래융합학부2,학생부교과,교과우수②전형,3.59,
2026,서경대학교,자유전공학부,학생부교과,교과우수②전형,3.64,
2026,서경대학교,군사학과(남),학생부교과,군사학과전형,4.91,5.19
2026,서경대학교,군사학과(여),학생부교과,군사학과전형,4.91,5.19
2026,서경대학교,미래융합학부1,학생부교과,농어촌학생전형(외),3.77,
2026,서경대학교,미래융합학부2,학생부교과,농어촌학생전형(외),3.67,
2026,서경대학교,자유전공학부,학생부교과,농어촌학생전형(외),4.21,
2026,성결대학교,뷰티디자인학과,학생부교과,SKU창의적인재전형,3.6,4
2026,성결대학교,경영학과,학생부교과,SKU창의적인재전형,3.8,4.4
2026,성결대학교,관광학과,학생부교과,SKU창의적인재전형,5.6,5.6
2026,성결대학교,국어국문학과,학생부교과,SKU창의적인재전형,5.4,5.4
2026,성결대학교,국제개발협력학과,학생부교과,SKU창의적인재전형,5.6,5.6
2026,성결대학교,글로벌물류학과,학생부교과,SKU창의적인재전형,4.8,5.6
2026,성결대학교,사회복지학과,학생부교과,SKU창의적인재전형,4.2,4.6
2026,성결대학교,영어영문학과,학생부교과,SKU창의적인재전형,5.6,5.6
2026,성결대학교,유아교육과,학생부교과,SKU창의적인재전형,3.4,3.8
2026,성결대학교,중어중문학과,학생부교과,SKU창의적인재전형,6,6
2026,성결대학교,"행정학부(행정학,지역공공인재학)",학생부교과,SKU창의적인재전형,5.4,5.2
2026,성결대학교,도시디자인정보공학과,학생부교과,SKU창의적인재전형,5.6,5.6
2026,성결대학교,미디어소프트웨어학과,학생부교과,SKU창의적인재전형,4.4,5
2026,성결대학교,산업경영공학과,학생부교과,SKU창의적인재전형,6.2,6.2
2026,성결대학교,정보통신공학과,학생부교과,SKU창의적인재전형,6,6
2026,성결대학교,컴퓨터공학과,학생부교과,SKU창의적인재전형,5.2,5.2
2026,성결대학교,뷰티디자인학과,학생부교과,교과성적우수자전형,1.8,2.6
2026,성결대학교,경영학과,학생부교과,교과성적우수자전형,2,2.4
2026,성결대학교,관광학과,학생부교과,교과성적우수자전형,3.8,3.8
2026,성결대학교,국어국문학과,학생부교과,교과성적우수자전형,3.8,3.8
2026,성결대학교,국제개발협력학과,학생부교과,교과성적우수자전형,4.2,4.2
2026,성결대학교,글로벌경영기술대학자율전공학부,학생부교과,교과성적우수자전형,5.4,5.4
2026,성결대학교,글로벌물류학과,학생부교과,교과성적우수자전형,3.4,3.6
2026,성결대학교,기독교교육상담학과,학생부교과,교과성적우수자전형,3.8,4.2
2026,성결대학교,사회과학대학자율전공학부,학생부교과,교과성적우수자전형,5.2,
2026,성결대학교,사회복지학과,학생부교과,교과성적우수자전형,2.4,3
2026,성결대학교,신학과,학생부교과,교과성적우수자전형,5.2,7
2026,성결대학교,신학대학자율전공학부,학생부교과,교과성적우수자전형,4.8,4.8
2026,성결대학교,영어영문학과,학생부교과,교과성적우수자전형,4.4,4.4
2026,성결대학교,유아교육과,학생부교과,교과성적우수자전형,2.2,2.8
2026,성결대학교,인문대학자율전공학부,학생부교과,교과성적우수자전형,5.2,
2026,성결대학교,중어중문학과,학생부교과,교과성적우수자전형,4.4,4.4
2026,성결대학교,"행정학부(행정학,지역공공인재학)",학생부교과,교과성적우수자전형,4,4
2026,성결대학교,IT공과대학자율전공학부,학생부교과,교과성적우수자전형,4.6,
2026,성결대학교,도시디자인정보공학과,학생부교과,교과성적우수자전형,4,4
2026,성결대학교,미디어소프트웨어학과,학생부교과,교과성적우수자전형,3,3.4
2026,성결대학교,산업경영공학과,학생부교과,교과성적우수자전형,4.6,4.6
2026,성결대학교,정보통신공학과,학생부교과,교과성적우수자전형,4,4
2026,성결대학교,컴퓨터공학과,학생부교과,교과성적우수자전형,3.4,3.4
2026,성결대학교,자율전공학부,학생부교과,교과성적우수자전형,4.8,4.8
2026,성결대학교,뷰티디자인학과,학생부교과,국가보훈대상자전형,7.8,7.8
2026,성결대학교,경영학과,학생부교과,국가보훈대상자전형,,5.6
2026,성결대학교,관광학과,학생부교과,국가보훈대상자전형,,5.4
2026,성결대학교,국어국문학과,학생부교과,국가보훈대상자전형,,
2026,성결대학교,국제개발협력학과,학생부교과,국가보훈대상자전형,,6.7
2026,성결대학교,글로벌물류학과,학생부교과,국가보훈대상자전형,7,7
2026,성결대학교,사회복지학과,학생부교과,국가보훈대상자전형,,8.4
2026,성결대학교,영어영문학과,학생부교과,국가보훈대상자전형,5.2,5.2
2026,성결대학교,유아교육과,학생부교과,국가보훈대상자전형,4.8,4.8
2026,성결대학교,중어중문학과,학생부교과,국가보훈대상자전형,,
2026,성결대학교,"행정학부(행정학,지역공공인재학)",학생부교과,국가보훈대상자전형,,5
2026,성결대학교,미디어소프트웨어학과,학생부교과,국가보훈대상자전형,7,7
2026,성결대학교,산업경영공학과,학생부교과,국가보훈대상자전형,,
2026,성결대학교,정보통신공학과,학생부교과,국가보훈대상자전형,7.2,7.2
2026,성결대학교,컴퓨터공학과,학생부교과,국가보훈대상자전형,7,7
2026,성결대학교,뷰티디자인학과,학생부교과,농어촌학생전형(외),3.8,3.4
2026,성결대학교,연기예술전공,학생부교과,농어촌학생전형(외),8.2,
2026,성결대학교,영화영상전공,학생부교과,농어촌학생전형(외),5.2,
2026,성결대학교,체육교육과,학생부교과,농어촌학생전형(외),5.2,
2026,성결대학교,경영학과,학생부교과,농어촌학생전형(외),3.8,3.8
2026,성결대학교,글로벌물류학과,학생부교과,농어촌학생전형(외),4.4,4.4
2026,성결대학교,사회복지학과,학생부교과,농어촌학생전형(외),3.4,3.6
2026,성결대학교,유아교육과,학생부교과,농어촌학생전형(외),3.4,3.4
2026,성결대학교,"행정학부(행정학,지역공공인재학)",학생부교과,농어촌학생전형(외),5.2,4.4
2026,수원대학교,디지털콘텐츠,논술,교과논술전형,4.25,4.6
2026,수원대학교,"경영학부(경영,회계, 글로벌비즈니스)",논술,교과논술전형,4.9,4.4
2026,수원대학교,"경제학부(경제금융, 국제개발협력)",논술,교과논술전형,5,4.9
2026,수원대학교,"인문사회융합대학(외국어학부,법행정학,미디어커뮤니케이션,디지털헤리티지,소방)",논술,교과논술전형,5,4.9
2026,수원대학교,"호텔관광학부(호텔경영, 외식경영,관광경영)",논술,교과논술전형,5,4.9
2026,수원대학교,"건설환경에너지공학부 (건설환경공학,환경에너지공학)",논술,교과논술전형,5.15,5.1
2026,수원대학교,"건축도시부동산학부 (건축학,도시부동산학)",논술,교과논술전형,4.95,4.8
2026,수원대학교,데이터과학부,논술,교과논술전형,4.8,4.7
2026,수원대학교,"바이오화학산업학부 (바이오공학및마케팅,융합화학)",논술,교과논술전형,4.6,4.5
2026,수원대학교,반도체공학과,논술,교과논술전형,4.8,4.95
2026,수원대학교,"산업및기계공학부 (산업공학,기계공학)",논술,교과논술전형,4.95,5.1
2026,수원대학교,식품영양학과,논술,교과논술전형,4.1,4.65
2026,수원대학교,아동가족복지학과,논술,교과논술전형,5.1,5.18
2026,수원대학교,의류학과,논술,교과논술전형,3.7,4.3
2026,수원대학교,"전기전자공학부 (전기공학,전자공학)",논술,교과논술전형,5.1,4.6
2026,수원대학교,"정보통신학부 (정보통신,정보보호)",논술,교과논술전형,5,4.9
2026,수원대학교,"컴퓨터학부(컴퓨터SW,미디어SW)",논술,교과논술전형,4.7,4.7
2026,수원대학교,"화학공학신소재공학부 (화학공학,신소재공학)",논술,교과논술전형,4.9,4.6
2026,수원대학교,"경영학부(경영,회계, 글로벌비즈니스)",학생부교과,고교추천전형,3.2,3.9
2026,수원대학교,"경제학부(경제금융, 국제개발협력)",학생부교과,고교추천전형,3.8,
2026,수원대학교,인문사회융합대학,학생부교과,고교추천전형,3.75,3.8
2026,수원대학교,"호텔관광학부(호텔경영, 외식경영,관광경영)",학생부교과,고교추천전형,3.8,
2026,수원대학교,"건설환경에너지공학부 (건설환경공학,환경에너지공학)",학생부교과,고교추천전형,4.25,4.15
2026,수원대학교,"건축도시부동산학부 (건축학,도시부동산학)",학생부교과,고교추천전형,3.9,4.55
2026,수원대학교,데이터과학부,학생부교과,고교추천전형,4.3,4.75
2026,수원대학교,"바이오화학산업학부 (바이오공학및마케팅,융합화학)",학생부교과,고교추천전형,3.7,4.1
2026,수원대학교,반도체공학과,학생부교과,고교추천전형,3.86,3.95
2026,수원대학교,"산업및기계공학부 (산업공학,기계공학)",학생부교과,고교추천전형,4.2,4.4
2026,수원대학교,식품영양학과,학생부교과,고교추천전형,3.35,4.08
2026,수원대학교,아동가족복지학과,학생부교과,고교추천전형,3.93,4.11
2026,수원대학교,의류학과,학생부교과,고교추천전형,3.75,3.75
2026,수원대학교,"전기전자공학부 (전기공학,전자공학)",학생부교과,고교추천전형,4.35,4.4
2026,수원대학교,"정보통신학부 (정보통신,정보보호)",학생부교과,고교추천전형,3.8,
2026,수원대학교,"컴퓨터학부(컴퓨터SW,미디어SW)",학생부교과,고교추천전형,3.85,4.35
2026,수원대학교,"화학공학신소재공학부 (화학공학,신소재공학)",학생부교과,고교추천전형,3.95,4.2
2026,수원대학교,"경영학부(경영,회계, 글로벌비즈니스)",학생부교과,교과우수전형,3.25,3.15
2026,수원대학교,"경제학부(경제금융, 국제개발협력)",학생부교과,교과우수전형,3.4,
2026,수원대학교,"인문사회융합대학(외국어학부,법행정학부, 미디어커뮤니케이션,디지털헤리티지,소방)",학생부교과,교과우수전형,3.45,3.4
2026,수원대학교,"호텔관광학부(호텔경영, 외식경영,관광경영)",학생부교과,교과우수전형,3.4,
2026,수원대학교,"건설환경에너지공학부 (건설환경공학,환경에너지공학)",학생부교과,교과우수전형,3.85,4.2
2026,수원대학교,"건축도시부동산학부 (건축학,도시부동산학)",학생부교과,교과우수전형,3.6,4
2026,수원대학교,데이터과학부,학생부교과,교과우수전형,3.65,3.95
2026,수원대학교,"바이오화학산업학부 (바이오공학및마케팅,융합화학)",학생부교과,교과우수전형,3,3.6
2026,수원대학교,반도체공학과,학생부교과,교과우수전형,3.1,3.2
2026,수원대학교,"산업및기계공학부 (산업공학,기계공학)",학생부교과,교과우수전형,3.7,4.3
2026,수원대학교,식품영양학과,학생부교과,교과우수전형,3.15,3.2
2026,수원대학교,아동가족복지학과,학생부교과,교과우수전형,3.95,3.78
2026,수원대학교,의류학과,학생부교과,교과우수전형,3.29,3.29
2026,수원대학교,"전기전자공학부 (전기공학,전자공학)",학생부교과,교과우수전형,3.55,4.2
2026,수원대학교,"정보통신학부 (정보통신,정보보호)",학생부교과,교과우수전형,3.4,
2026,수원대학교,"컴퓨터학부(컴퓨터SW,미디어SW)",학생부교과,교과우수전형,3.45,3.45
2026,수원대학교,"화학공학신소재공학부 (화학공학,신소재공학)",학생부교과,교과우수전형,3.2,3.5
2026,수원대학교,연기예술,학생부교과,농어촌학생전형(외),4.5,5.9
2026,수원대학교,"경영학부(경영,회계, 글로벌비즈니스)",학생부교과,농어촌학생전형(외),3.2,3.1
2026,수원대학교,"경제학부(경제금융, 국제개발협력)",학생부교과,농어촌학생전형(외),,
2026,수원대학교,"인문사회융합대학(외국어학부,법행정학,미디어커뮤니케이션,디지털헤리티지,소방)",학생부교과,농어촌학생전형(외),3.7,4.3
2026,수원대학교,"호텔관광학부(호텔경영, 외식경영,관광경영)",학생부교과,농어촌학생전형(외),,
2026,수원대학교,"건설환경에너지공학부 (건설환경공학,환경에너지공학)",학생부교과,농어촌학생전형(외),4.1,4.2
2026,수원대학교,"건축도시부동산학부 (건축학,도시부동산학)",학생부교과,농어촌학생전형(외),3.8,4.3
2026,수원대학교,데이터과학부,학생부교과,농어촌학생전형(외),4.1,4
2026,수원대학교,"바이오화학산업학부 (바이오공학및마케팅,융합화학)",학생부교과,농어촌학생전형(외),4.4,3.6
2026,수원대학교,반도체공학과,학생부교과,농어촌학생전형(외),3.38,3.9
2026,수원대학교,"산업및기계공학부 (산업공학,기계공학)",학생부교과,농어촌학생전형(외),3.4,4
2026,수원대학교,식품영양학과,학생부교과,농어촌학생전형(외),3.42,3.42
2026,수원대학교,아동가족복지학과,학생부교과,농어촌학생전형(외),3.4,3.4
2026,수원대학교,의류학과,학생부교과,농어촌학생전형(외),3.2,3.2
2026,수원대학교,"전기전자공학부 (전기공학,전자공학)",학생부교과,농어촌학생전형(외),3.8,3.8
2026,수원대학교,"정보통신학부 (정보통신,정보보호)",학생부교과,농어촌학생전형(외),,
2026,수원대학교,"컴퓨터학부(컴퓨터SW,미디어SW)",학생부교과,농어촌학생전형(외),3.6,3.9
2026,수원대학교,"화학공학신소재공학부 (화학공학,신소재공학)",학생부교과,농어촌학생전형(외),3.4,4.3
2026,수원대학교,"경영학부(경영,회계, 글로벌비즈니스)",학생부교과,면접(위주)교과전형,3.3,3.19
2026,수원대학교,"경제학부(경제금융, 국제개발협력)",학생부교과,면접(위주)교과전형,,
2026,수원대학교,인문사회융합대학,학생부교과,면접(위주)교과전형,3.35,3.5
2026,수원대학교,"호텔관광학부(호텔경영, 외식경영,관광경영)",학생부교과,면접(위주)교과전형,,
2026,수원대학교,"건설환경에너지공학부 (건설환경공학,환경에너지공학)",학생부교과,면접(위주)교과전형,4.05,4.45
2026,수원대학교,"건축도시부동산학부 (건축학,도시부동산학)",학생부교과,면접(위주)교과전형,3.68,4.4
2026,수원대학교,데이터과학부,학생부교과,면접(위주)교과전형,4.05,4.1
2026,수원대학교,"바이오화학산업학부 (바이오공학및마케팅,융합화학)",학생부교과,면접(위주)교과전형,3.75,4
2026,수원대학교,반도체공학과,학생부교과,면접(위주)교과전형,3.7,3.7
2026,수원대학교,"산업및기계공학부 (산업공학,기계공학)",학생부교과,면접(위주)교과전형,4.2,4.15
2026,수원대학교,식품영양학과,학생부교과,면접(위주)교과전형,2.69,2.88
2026,수원대학교,아동가족복지학과,학생부교과,면접(위주)교과전형,3.9,3.99
2026,수원대학교,의류학과,학생부교과,면접(위주)교과전형,3.88,3.98
2026,수원대학교,"전기전자공학부 (전기공학,전자공학)",학생부교과,면접(위주)교과전형,3.8,4.45
2026,수원대학교,"정보통신학부 (정보통신,정보보호)",학생부교과,면접(위주)교과전형,,
2026,수원대학교,"컴퓨터학부(컴퓨터SW,미디어SW)",학생부교과,면접(위주)교과전형,3.6,3.94
2026,수원대학교,"화학공학신소재공학부 (화학공학,신소재공학)",학생부교과,면접(위주)교과전형,3.85,4.2
2026,신한대학교,"경영대학자율전공(빅데이터경영,글로벌무역,미디어영상,국제개발협력,글로벌관광경영)",논술,논술전형,4.3,
2026,신한대학교,"사회과학대학자율전공(토지행정,경찰행정,행정,사회복지,상담심리)",논술,논술전형,4.69,
2026,신한대학교,간호학과,논술,논술전형,3.3,
2026,신한대학교,기계공학과,논술,논술전형,4.95,
2026,신한대학교,방사선학과,논술,논술전형,3.82,
2026,신한대학교,소프트웨어융합학과,논술,논술전형,4.36,
2026,신한대학교,임상병리학과,논술,논술전형,4,
2026,신한대학교,전자공학과,논술,논술전형,4.76,
2026,신한대학교,치위생학과,논술,논술전형,3.91,
2026,신한대학교,"경영대학자율전공(빅데이터경영,글로벌무역,미디어영상,국제개발협력,글로벌관광경영)",학생부교과,농어촌학생전형(외),4.1,
2026,신한대학교,"사회과학대학자율전공(토지행정,경찰행정,행정,사회복지,상담심리)",학생부교과,농어촌학생전형(외),4.8,
2026,신한대학교,유아교육과,학생부교과,농어촌학생전형(외),6,4.2
2026,신한대학교,방사선학과,학생부교과,농어촌학생전형(외),1.8,2.1
2026,신한대학교,식품영양학과,학생부교과,농어촌학생전형(외),3.3,3.1
2026,신한대학교,임상병리학과,학생부교과,농어촌학생전형(외),2.6,2.7
2026,신한대학교,치기공학과,학생부교과,농어촌학생전형(외),3.6,3.6
2026,신한대학교,치위생학과,학생부교과,농어촌학생전형(외),2.7,2.7
2026,신한대학교,미래스포츠융합학과,학생부교과,일반전형,3.9,4.3
2026,신한대학교,산업디자인학과,학생부교과,일반전형,2.5,2.6
2026,신한대학교,스포츠의학과,학생부교과,일반전형,3.5,3.6
2026,신한대학교,실내디자인학과,학생부교과,일반전형,3.4,3
2026,신한대학교,패션디자인학과,학생부교과,일반전형,2.4,2.6
2026,신한대학교,"경영대학자율전공(빅데이터경영,글로벌무역,미디어영상,국제개발협력,글로벌관광경영)",학생부교과,일반전형,4.1,
2026,신한대학교,"사회과학대학자율전공(토지행정,경찰행정,행정,사회복지,상담심리)",학생부교과,일반전형,4.4,
2026,신한대학교,유아교육과,학생부교과,일반전형,3,3.2
2026,신한대학교,K-뷰티학과,학생부교과,일반전형,3.6,4.1
2026,신한대학교,기계공학과,학생부교과,일반전형,3.1,3.2
2026,신한대학교,미래자동차공학과,학생부교과,일반전형,2.7,4.3
2026,신한대학교,바이오식품외식산업학과,학생부교과,일반전형,2.7,3.3
2026,신한대학교,방사선학과,학생부교과,일반전형,2,2.4
2026,신한대학교,사이버드론봇군사학과,학생부교과,일반전형,4.4,4.7
2026,신한대학교,소프트웨어융합학과,학생부교과,일반전형,3.7,4
2026,신한대학교,식품영양학과,학생부교과,일반전형,3.3,3.1
2026,신한대학교,안경광학과,학생부교과,일반전형,3,3.5
2026,신한대학교,에너지공학과,학생부교과,일반전형,3.7,3.9
2026,신한대학교,임상병리학과,학생부교과,일반전형,2.5,3
2026,신한대학교,전자공학과,학생부교과,일반전형,3.6,3.1
2026,신한대학교,첨단소재공학과,학생부교과,일반전형,3.6,2.9
2026,신한대학교,치기공학과,학생부교과,일반전형,3.3,2.9
2026,신한대학교,치위생학과,학생부교과,일반전형,2.7,2.9
2026,신한대학교,K-뷰티학과,학생부교과,학생부우수자전형,1.8,2.6
2026,신한대학교,미래스포츠융합학과,학생부교과,학생부우수자전형,3.7,3.5
2026,신한대학교,스포츠의학과,학생부교과,학생부우수자전형,2.5,2.8
2026,신한대학교,"경영대학자율전공(빅데이터경영,글로벌무역,미디어영상,국제개발협력,글로벌관광경영)",학생부교과,학생부우수자전형,2.8,
2026,신한대학교,"사회과학대학자율전공(토지행정,경찰행정,행정,사회복지,상담심리)",학생부교과,학생부우수자전형,3.3,
2026,신한대학교,유아교육과,학생부교과,학생부우수자전형,2.9,3.1
2026,신한대학교,기계공학과,학생부교과,학생부우수자전형,2.5,2.7
2026,신한대학교,미래자동차공학과,학생부교과,학생부우수자전형,2.8,2.9
2026,신한대학교,바이오식품외식산업학과,학생부교과,학생부우수자전형,1.7,2
2026,신한대학교,방사선학과,학생부교과,학생부우수자전형,1,1.1
2026,신한대학교,소프트웨어융합학과,학생부교과,학생부우수자전형,1.5,1.6
2026,신한대학교,식품영양학과,학생부교과,학생부우수자전형,1.9,2.4
2026,신한대학교,안경광학과,학생부교과,학생부우수자전형,2.7,2.7
2026,신한대학교,에너지공학과,학생부교과,학생부우수자전형,2.8,3
2026,신한대학교,임상병리학과,학생부교과,학생부우수자전형,1.8,1.8
2026,신한대학교,전자공학과,학생부교과,학생부우수자전형,2.3,2.5
2026,신한대학교,첨단소재공학과,학생부교과,학생부우수자전형,2.7,2.8
2026,신한대학교,치기공학과,학생부교과,학생부우수자전형,2.6,2.7
2026,신한대학교,치위생학과,학생부교과,학생부우수자전형,2.2,2.2
2026,신한대학교,"경영대학자율전공(빅데이터경영,글로벌무역, 미디어영상,국제개발협력,글로벌관광경영)",학생부종합,신한국인전형,4.63,
2026,신한대학교,"사회과학대학자율전공(토지행정,경찰행정, 행정,사회복지,상담심리)",학생부종합,신한국인전형,4.86,
2026,신한대학교,유아교육과,학생부종합,신한국인전형,4.71,5.09
2026,신한대학교,방사선학과,학생부종합,신한국인전형,3.52,3.61
2026,신한대학교,소프트웨어융합학과,학생부종합,신한국인전형,4,4.3
2026,신한대학교,식품영양학과,학생부종합,신한국인전형,4.43,4.43
2026,신한대학교,임상병리학과,학생부종합,신한국인전형,3.77,3.84
2026,신한대학교,치기공학과,학생부종합,신한국인전형,4.79,4.82
2026,신한대학교,치위생학과,학생부종합,신한국인전형,4.61,4.61
2026,안양대학교,디지털미디어디자인학과,학생부교과,농어촌학생전형(외),,
2026,안양대학교,화장품발명디자인학과,학생부교과,농어촌학생전형(외),5.31,5.31
2026,안양대학교,관광경영학과,학생부교과,농어촌학생전형(외),4.07,4.22
2026,안양대학교,국어국문학과,학생부교과,농어촌학생전형(외),4.55,4.55
2026,안양대학교,글로벌경영학과,학생부교과,농어촌학생전형(외),4.58,4.58
2026,안양대학교,영미언어문화학과,학생부교과,농어촌학생전형(외),5.46,5.46
2026,안양대학교,유아교육과,학생부교과,농어촌학생전형(외),4.38,4.38
2026,안양대학교,중국언어문화학과,학생부교과,농어촌학생전형(외),5.7,5.7
2026,안양대학교,행정학과,학생부교과,농어촌학생전형(외),4.11,4.11
2026,안양대학교,도시정보공학과,학생부교과,농어촌학생전형(외),4.26,
2026,안양대학교,소프트웨어학과,학생부교과,농어촌학생전형(외),4.9,4.9
2026,안양대학교,식품영양학과,학생부교과,농어촌학생전형(외),2,2
2026,안양대학교,정보전기전자공학과,학생부교과,농어촌학생전형(외),4.8,4.8
2026,안양대학교,컴퓨터공학과,학생부교과,농어촌학생전형(외),2.9,3.12
2026,안양대학교,환경에너지공학과,학생부교과,농어촌학생전형(외),4.31,4.31
2026,안양대학교,게임콘텐츠학과,학생부교과,아리학생부교과전형,5.19,4.55
2026,안양대학교,디지털미디어디자인학과,학생부교과,아리학생부교과전형,1.98,1.92
2026,안양대학교,뷰티메디컬디자인학과,학생부교과,아리학생부교과전형,3.09,3.12
2026,안양대학교,화장품발명디자인학과,학생부교과,아리학생부교과전형,3.32,3.32
2026,안양대학교,관광경영학과,학생부교과,아리학생부교과전형,2.97,3.29
2026,안양대학교,국어국문학과,학생부교과,아리학생부교과전형,3.17,3.17
2026,안양대학교,글로벌경영학과,학생부교과,아리학생부교과전형,2.61,3.07
2026,안양대학교,글로벌경영학과(야),학생부교과,아리학생부교과전형,4.59,4.62
2026,안양대학교,기독교교육과,학생부교과,아리학생부교과전형,4.49,4.65
2026,안양대학교,러시아언어문화학과,학생부교과,아리학생부교과전형,4.09,4.09
2026,안양대학교,사회계열자유전공,학생부교과,아리학생부교과전형,3.57,3.57
2026,안양대학교,신학과,학생부교과,아리학생부교과전형,4.69,4.69
2026,안양대학교,영미언어문화학과,학생부교과,아리학생부교과전형,3.76,3.76
2026,안양대학교,유아교육과,학생부교과,아리학생부교과전형,3.28,3.29
2026,안양대학교,인문계열자유전공,학생부교과,아리학생부교과전형,3.74,3.81
2026,안양대학교,중국언어문화학과,학생부교과,아리학생부교과전형,3.69,3.69
2026,안양대학교,행정학과,학생부교과,아리학생부교과전형,2.88,2.88
2026,안양대학교,행정학과(야),학생부교과,아리학생부교과전형,4.33,4.33
2026,안양대학교,AI융합학과,학생부교과,아리학생부교과전형,3.77,3.77
2026,안양대학교,도시정보공학과,학생부교과,아리학생부교과전형,3.58,3.74
2026,안양대학교,도시정보공학과(야),학생부교과,아리학생부교과전형,4.66,5.09
2026,안양대학교,소프트웨어학과,학생부교과,아리학생부교과전형,4.1,4.45
2026,안양대학교,스마트시티공학과,학생부교과,아리학생부교과전형,6.86,6.1
2026,안양대학교,식품영양학과,학생부교과,아리학생부교과전형,2.36,3
2026,안양대학교,이공계열자유전공,학생부교과,아리학생부교과전형,3.53,3.82
2026,안양대학교,정보전기전자공학과,학생부교과,아리학생부교과전형,3.7,3.73
2026,안양대학교,정보전기전자공학과(야),학생부교과,아리학생부교과전형,4.8,4.8
2026,안양대학교,컴퓨터공학과,학생부교과,아리학생부교과전형,2.97,3.66
2026,안양대학교,통계데이터사이언스학과,학생부교과,아리학생부교과전형,4.09,4.09
2026,안양대학교,통계데이터사이언스학과(야),학생부교과,아리학생부교과전형,4.68,4.72
2026,안양대학교,해양바이오공학과,학생부교과,아리학생부교과전형,5.51,5
2026,안양대학교,환경에너지공학과,학생부교과,아리학생부교과전형,3.62,3.62
2026,안양대학교,자유전공,학생부교과,아리학생부교과전형,3.44,3.48
2026,안양대학교,디지털미디어디자인학과,학생부교과,아리학생부면접전형,3.41,3.38
2026,안양대학교,뷰티메디컬디자인학과,학생부교과,아리학생부면접전형,3.09,3.12
2026,안양대학교,화장품발명디자인학과,학생부교과,아리학생부면접전형,3.32,3.32
2026,안양대학교,관광경영학과,학생부교과,아리학생부면접전형,2.97,3.29
2026,안양대학교,국어국문학과,학생부교과,아리학생부면접전형,3.17,3.17
2026,안양대학교,글로벌경영학과,학생부교과,아리학생부면접전형,2.61,3.07
2026,안양대학교,글로벌경영학과(야),학생부교과,아리학생부면접전형,4.59,4.62
2026,안양대학교,기독교교육과,학생부교과,아리학생부면접전형,4.49,4.65
2026,안양대학교,러시아언어문화학과,학생부교과,아리학생부면접전형,4.09,4.09
2026,안양대학교,사회계열자유전공,학생부교과,아리학생부면접전형,3.57,3.57
2026,안양대학교,신학과,학생부교과,아리학생부면접전형,4.69,4.69
2026,안양대학교,영미언어문화학과,학생부교과,아리학생부면접전형,3.76,3.76
2026,안양대학교,유아교육과,학생부교과,아리학생부면접전형,3.28,3.29
2026,안양대학교,인문계열자유전공,학생부교과,아리학생부면접전형,3.74,3.81
2026,안양대학교,중국언어문화학과,학생부교과,아리학생부면접전형,3.69,3.69
2026,안양대학교,행정학과,학생부교과,아리학생부면접전형,2.88,2.88
2026,안양대학교,행정학과(야),학생부교과,아리학생부면접전형,4.33,4.33
2026,안양대학교,AI융합학과,학생부교과,아리학생부면접전형,3.77,3.77
2026,안양대학교,게임콘텐츠학과,학생부교과,아리학생부면접전형,5.19,4.55
2026,안양대학교,도시정보공학과,학생부교과,아리학생부면접전형,3.58,3.74
2026,안양대학교,도시정보공학과(야),학생부교과,아리학생부면접전형,4.66,5.09
2026,안양대학교,소프트웨어학과,학생부교과,아리학생부면접전형,4.1,4.45
2026,안양대학교,스마트시티공학과,학생부교과,아리학생부면접전형,7.67,5.19
2026,안양대학교,식품영양학과,학생부교과,아리학생부면접전형,2.36,3
2026,안양대학교,이공계열자유전공,학생부교과,아리학생부면접전형,3.53,3.82
2026,안양대학교,정보전기전자공학과,학생부교과,아리학생부면접전형,3.7,3.73
2026,안양대학교,정보전기전자공학과(야),학생부교과,아리학생부면접전형,4.8,4.8
2026,안양대학교,컴퓨터공학과,학생부교과,아리학생부면접전형,2.97,3.66
2026,안양대학교,통계데이터사이언스학과,학생부교과,아리학생부면접전형,4.09,4.09
2026,안양대학교,통계데이터사이언스학과(야),학생부교과,아리학생부면접전형,4.68,4.72
2026,안양대학교,해양바이오공학과,학생부교과,아리학생부면접전형,5.51,5
2026,안양대학교,환경에너지공학과,학생부교과,아리학생부면접전형,3.62,3.62
2026,안양대학교,자유전공,학생부교과,아리학생부면접전형,3.44,3.48
2026,안양대학교,디지털미디어디자인학과,학생부교과,학교장추천전형,3.59,3.41
2026,안양대학교,화장품발명디자인학과,학생부교과,학교장추천전형,3.32,3.32
2026,안양대학교,관광경영학과,학생부교과,학교장추천전형,2.97,3.29
2026,안양대학교,글로벌경영학과,학생부교과,학교장추천전형,2.61,3.07
2026,안양대학교,영미언어문화학과,학생부교과,학교장추천전형,3.76,3.76
2026,안양대학교,유아교육과,학생부교과,학교장추천전형,3.28,3.29
2026,안양대학교,중국언어문화학과,학생부교과,학교장추천전형,3.69,3.69
2026,안양대학교,소프트웨어학과,학생부교과,학교장추천전형,4.1,4.45
2026,안양대학교,식품영양학과,학생부교과,학교장추천전형,2.36,3
2026,안양대학교,이공계열자유전공,학생부교과,학교장추천전형,3.53,3.82
2026,안양대학교,정보전기전자공학과,학생부교과,학교장추천전형,3.7,3.73
2026,안양대학교,환경에너지공학과,학생부교과,학교장추천전형,3.62,3.62
2026,안양대학교,자유전공,학생부교과,학교장추천전형,3.44,3.48
2026,안양대학교,관광경영학과,학생부종합,아리학생부종합 I 전형,4.71,3.64
2026,안양대학교,국어국문학과,학생부종합,아리학생부종합 I 전형,4.3,3.7
2026,안양대학교,글로벌경영학과,학생부종합,아리학생부종합 I 전형,4.4,3.92
2026,안양대학교,러시아언어문화학과,학생부종합,아리학생부종합 I 전형,4.93,4.7
2026,안양대학교,영미언어문화학과,학생부종합,아리학생부종합 I 전형,4.61,4.24
2026,안양대학교,유아교육과,학생부종합,아리학생부종합 I 전형,4.39,3.65
2026,안양대학교,중국언어문화학과,학생부종합,아리학생부종합 I 전형,4.93,3.91
2026,안양대학교,행정학과,학생부종합,아리학생부종합 I 전형,4.3,4
2026,안양대학교,디지털미디어디자인학과,학생부종합,아리학생부종합 II 전형,5.21,3.82
2026,안양대학교,화장품발명디자인학과,학생부종합,아리학생부종합 II 전형,4.09,4.67
2026,안양대학교,AI융합학과,학생부종합,아리학생부종합 II 전형,4.74,4.09
2026,안양대학교,도시정보공학과,학생부종합,아리학생부종합 II 전형,4.85,4.68
2026,안양대학교,소프트웨어학과,학생부종합,아리학생부종합 II 전형,4,4
2026,안양대학교,스마트시티공학과,학생부종합,아리학생부종합 II 전형,6.58,4
2026,안양대학교,식품영양학과,학생부종합,아리학생부종합 II 전형,5.18,4.26
2026,안양대학교,정보전기전자공학과,학생부종합,아리학생부종합 II 전형,4.96,4.38
2026,안양대학교,컴퓨터공학과,학생부종합,아리학생부종합 II 전형,4,3.77
2026,안양대학교,통계데이터사이언스학과,학생부종합,아리학생부종합 II 전형,4.57,4.43
2026,안양대학교,해양바이오공학과,학생부종합,아리학생부종합 II 전형,5.54,
2026,안양대학교,환경에너지공학과,학생부종합,아리학생부종합 II 전형,4.82,4.17
2026,연세대학교(미래),자율융합계열,논술,논술우수자전형(미래인재),,
2026,연세대학교(미래),AI반도체학부,논술,논술우수자전형(창의인재),,
2026,연세대학교(미래),AI보건정보관리학,논술,논술우수자전형(창의인재),,
2026,연세대학교(미래),데이터사이언스학과,논술,논술우수자전형(창의인재),,
2026,연세대학교(미래),디지털헬스케어학부,논술,논술우수자전형(창의인재),,
2026,연세대학교(미래),물리치료학과,논술,논술우수자전형(창의인재),,
2026,연세대학교(미래),방사선학과,논술,논술우수자전형(창의인재),,
2026,연세대학교(미래),소프트웨어학부,논술,논술우수자전형(창의인재),,
2026,연세대학교(미래),의예과,논술,논술우수자전형(창의인재),,
2026,연세대학교(미래),임상병리학과,논술,논술우수자전형(창의인재),,
2026,연세대학교(미래),작업치료학과,논술,논술우수자전형(창의인재),,
2026,연세대학교(미래),치위생학과,논술,논술우수자전형(창의인재),,
2026,연세대학교(미래),자율융합계열,논술,논술우수자전형(창의인재),,
2026,연세대학교(미래),AI반도체학부,학생부교과,교과우수자전형,4.58,4.96
2026,연세대학교(미래),AI보건정보관리학,학생부교과,교과우수자전형,3.84,4.7
2026,연세대학교(미래),데이터사이언스학과,학생부교과,교과우수자전형,4.78,4.59
2026,연세대학교(미래),디지털헬스케어학부,학생부교과,교과우수자전형,4.49,4.56
2026,연세대학교(미래),물리치료학과,학생부교과,교과우수자전형,2.97,2.66
2026,연세대학교(미래),방사선학과,학생부교과,교과우수자전형,2.76,2.61
2026,연세대학교(미래),소프트웨어학부,학생부교과,교과우수자전형,4.79,4.74
2026,연세대학교(미래),의예과,학생부교과,교과우수자전형,1.47,1.31
2026,연세대학교(미래),임상병리학과,학생부교과,교과우수자전형,2.36,2.29
2026,연세대학교(미래),작업치료학과,학생부교과,교과우수자전형,3.63,3.4
2026,연세대학교(미래),치위생학과,학생부교과,교과우수자전형,3.55,3.42
2026,연세대학교(미래),자율융합계열(일반형),학생부교과,교과우수자전형,4.82,4.68
2026,연세대학교(미래),AI반도체학부,학생부종합,강원인재일반전형,4.36,
2026,연세대학교(미래),AI보건정보관리학,학생부종합,강원인재일반전형,4.21,
2026,연세대학교(미래),디지털헬스케어학부,학생부종합,강원인재일반전형,4.49,
2026,연세대학교(미래),물리치료학과,학생부종합,강원인재일반전형,2.61,
2026,연세대학교(미래),방사선학과,학생부종합,강원인재일반전형,3.76,
2026,연세대학교(미래),소프트웨어학부,학생부종합,강원인재일반전형,4.07,
2026,연세대학교(미래),의예과,학생부종합,강원인재일반전형,4.65,
2026,연세대학교(미래),임상병리학과,학생부종합,강원인재일반전형,3.29,
2026,연세대학교(미래),작업치료학과,학생부종합,강원인재일반전형,4.49,
2026,연세대학교(미래),자율융합계열,학생부종합,강원인재일반전형,4.36,
2026,연세대학교(미래),글로벌엘리트학부,학생부종합,글로벌인재전형,,
2026,연세대학교(미래),동아시아국제학부,학생부종합,글로벌인재전형,6.11,6.11
2026,연세대학교(미래),디자인예술학부,학생부종합,농어촌학생전형(외),4.61,3.34
2026,연세대학교(미래),AI반도체학부,학생부종합,농어촌학생전형(외),4.2,4.51
2026,연세대학교(미래),AI보건정보관리학,학생부종합,농어촌학생전형(외),,5.25
2026,연세대학교(미래),디지털헬스케어학부,학생부종합,농어촌학생전형(외),3.23,5.04
2026,연세대학교(미래),물리치료학과,학생부종합,농어촌학생전형(외),2.24,2.68
2026,연세대학교(미래),소프트웨어학부,학생부종합,농어촌학생전형(외),4.37,4.39
2026,연세대학교(미래),의예과,학생부종합,농어촌학생전형(외),1.47,1.33
2026,연세대학교(미래),임상병리학과,학생부종합,농어촌학생전형(외),2.19,2.25
2026,연세대학교(미래),작업치료학과,학생부종합,농어촌학생전형(외),3.47,3.96
2026,연세대학교(미래),자율융합계열(추천형),학생부교과,교과우수자추천,4.82,4.68
2026,연세대학교(미래),AI반도체학부,학생부종합,학교생활우수자전형,4.91,4.91
2026,연세대학교(미래),AI보건정보관리학,학생부종합,학교생활우수자전형,3.86,4.36
2026,연세대학교(미래),데이터사이언스학과,학생부종합,학교생활우수자전형,4.93,4.7
2026,연세대학교(미래),디자인예술학부,학생부종합,학교생활우수자전형,4.24,4.24
2026,연세대학교(미래),디지털헬스케어학부,학생부종합,학교생활우수자전형,4.85,4.85
2026,연세대학교(미래),물리치료학과,학생부종합,학교생활우수자전형,3.07,3.07
2026,연세대학교(미래),방사선학과,학생부종합,학교생활우수자전형,3.37,3.37
2026,연세대학교(미래),소프트웨어학부,학생부종합,학교생활우수자전형,4.81,4.81
2026,연세대학교(미래),의예과,학생부종합,학교생활우수자전형,1.47,1.47
2026,연세대학교(미래),임상병리학과,학생부종합,학교생활우수자전형,3.01,3.01
2026,연세대학교(미래),작업치료학과,학생부종합,학교생활우수자전형,3.88,3.88
2026,연세대학교(미래),치위생학과,학생부종합,학교생활우수자전형,3.7,3.7
2026,연세대학교(미래),자율융합계열,학생부종합,학교생활우수자전형,5,5
2026,용인대학교,경영학과,학생부교과,교과성적우수자특별전형,50,2.6
2026,용인대학교,경찰행정학과,학생부교과,교과성적우수자특별전형,50,1.8
2026,용인대학교,관광경영학과,학생부교과,교과성적우수자특별전형,50,2.5
2026,용인대학교,문화콘텐츠학과,학생부교과,교과성적우수자특별전형,50,2.4
2026,용인대학교,사회복지학과,학생부교과,교과성적우수자특별전형,50,2.8
2026,용인대학교,중국학과,학생부교과,교과성적우수자특별전형,50,2.9
2026,용인대학교,"AI융합학부(AI,빅데이터)",학생부교과,교과성적우수자특별전형,3,3.2
2026,용인대학교,문화유산학과,학생부교과,교과성적우수자특별전형,50,3.2
2026,용인대학교,물리치료학과,학생부교과,교과성적우수자특별전형,50,1.8
2026,용인대학교,바이오생명공학과,학생부교과,교과성적우수자특별전형,50,2.3
2026,용인대학교,보건환경안전학과,학생부교과,교과성적우수자특별전형,50,3.1
2026,용인대학교,"식품조리학부(식품영양,외식조리)",학생부교과,교과성적우수자특별전형,3.3,3.4
2026,용인대학교,경호학과,학생부교과,국가보훈대상자특별전형,4.2,4.2
2026,용인대학교,골프학부,학생부교과,국가보훈대상자특별전형,4.2,4.2
2026,용인대학교,국악과,학생부교과,국가보훈대상자특별전형,4.2,4.2
2026,용인대학교,무도계열전공학부,학생부교과,국가보훈대상자특별전형,2.8,4.2
2026,용인대학교,무용과,학생부교과,국가보훈대상자특별전형,4.2,4.2
2026,용인대학교,문화예술계열전공학부,학생부교과,국가보훈대상자특별전형,2,4.2
2026,용인대학교,미디어디자인학과,학생부교과,국가보훈대상자특별전형,4.2,4.2
2026,용인대학교,스포츠레저학과,학생부교과,국가보훈대상자특별전형,4.2,4.2
2026,용인대학교,실용음악과,학생부교과,국가보훈대상자특별전형,4.2,4.2
2026,용인대학교,연극학과 연기,학생부교과,국가보훈대상자특별전형,4.2,4.2
2026,용인대학교,영화영상학과,학생부교과,국가보훈대상자특별전형,4.2,4.2
2026,용인대학교,유도학과,학생부교과,국가보훈대상자특별전형,4.2,4.2
2026,용인대학교,체육계열전공학부,학생부교과,국가보훈대상자특별전형,2.1,4.2
2026,용인대학교,체육학과,학생부교과,국가보훈대상자특별전형,4.2,4.2
2026,용인대학교,태권도학과,학생부교과,국가보훈대상자특별전형,4.2,4.2
2026,용인대학교,특수체육교육과,학생부교과,국가보훈대상자특별전형,4.2,4.2
2026,용인대학교,회화학과,학생부교과,국가보훈대상자특별전형,4.2,4.2
2026,용인대학교,경영학과,학생부교과,국가보훈대상자특별전형,2.3,4.2
2026,용인대학교,경찰행정학과,학생부교과,국가보훈대상자특별전형,2.9,4.2
2026,용인대학교,관광경영학과,학생부교과,국가보훈대상자특별전형,2.7,4.2
2026,용인대학교,문화콘텐츠학과,학생부교과,국가보훈대상자특별전형,2.3,4.2
2026,용인대학교,사회복지학과,학생부교과,국가보훈대상자특별전형,2.7,4.2
2026,용인대학교,인문사회계열전공학부,학생부교과,국가보훈대상자특별전형,2.6,4.2
2026,용인대학교,중국학과,학생부교과,국가보훈대상자특별전형,2.7,4.2
2026,용인대학교,"AI융합학부(AI,빅데이터)",학생부교과,국가보훈대상자특별전형,4.2,4.2
2026,용인대학교,문화유산학과,학생부교과,국가보훈대상자특별전형,2.8,4.2
2026,용인대학교,물리치료학과,학생부교과,국가보훈대상자특별전형,1.8,4.2
2026,용인대학교,바이오생명공학과,학생부교과,국가보훈대상자특별전형,2.2,4.2
2026,용인대학교,보건환경안전학과,학생부교과,국가보훈대상자특별전형,2.7,4.2
2026,용인대학교,"식품조리학부(식품영양,외식조리)",학생부교과,국가보훈대상자특별전형,4.2,4.2
2026,용인대학교,자연계열전공학부,학생부교과,국가보훈대상자특별전형,4.2,4.2
2026,용인대학교,무전공학부,학생부교과,국가보훈대상자특별전형,2.5,4.2
2026,용인대학교,경호학과,학생부교과,농어촌학생특별전형(외),2.2,2.2
2026,용인대학교,미디어디자인학과,학생부교과,농어촌학생특별전형(외),2.9,
2026,용인대학교,스포츠레저학과,학생부교과,농어촌학생특별전형(외),3.6,
2026,용인대학교,영화영상학과,학생부교과,농어촌학생특별전형(외),2.3,
2026,용인대학교,체육학과,학생부교과,농어촌학생특별전형(외),3.1,
2026,용인대학교,태권도학과 겨루기및품새,학생부교과,농어촌학생특별전형(외),4.2,
2026,용인대학교,경영학과,학생부교과,농어촌학생특별전형(외),1.6,1.9
2026,용인대학교,경찰행정학과,학생부교과,농어촌학생특별전형(외),1.6,1.6
2026,용인대학교,관광경영학과,학생부교과,농어촌학생특별전형(외),2.3,2.3
2026,용인대학교,문화콘텐츠학과,학생부교과,농어촌학생특별전형(외),2.4,2.4
2026,용인대학교,사회복지학과,학생부교과,농어촌학생특별전형(외),2.1,2.8
2026,용인대학교,중국학과,학생부교과,농어촌학생특별전형(외),3.2,3.5
2026,용인대학교,"AI융합학부(AI,빅데이터)",학생부교과,농어촌학생특별전형(외),2.8,2.4
2026,용인대학교,문화유산학과,학생부교과,농어촌학생특별전형(외),2.8,2.8
2026,용인대학교,물리치료학과,학생부교과,농어촌학생특별전형(외),1.3,1.3
2026,용인대학교,바이오생명공학과,학생부교과,농어촌학생특별전형(외),,
2026,용인대학교,보건환경안전학과,학생부교과,농어촌학생특별전형(외),2.8,2.8
2026,용인대학교,"식품조리학부(식품영양,외식조리)",학생부교과,농어촌학생특별전형(외),,
2026,용인대학교,무전공학부,학생부교과,농어촌학생특별전형(외),2.5,
2026,용인대학교,경호학과,학생부교과,일반학생전형,1.9,2
2026,용인대학교,골프학과,학생부교과,일반학생전형,4,
2026,용인대학교,국악과,학생부교과,일반학생전형,4.7,4.7
2026,용인대학교,동양무예학과 검도,학생부교과,일반학생전형,3.6,
2026,용인대학교,동양무예학과 용무도,학생부교과,일반학생전형,3.1,
2026,용인대학교,동양무예학과 태껸,학생부교과,일반학생전형,3.6,
2026,용인대학교,무도스포츠학과 복싱,학생부교과,일반학생전형,4.2,
2026,용인대학교,무도스포츠학과 씨름,학생부교과,일반학생전형,6.1,
2026,용인대학교,무용과,학생부교과,일반학생전형,5.1,5.1
2026,용인대학교,미디어디자인학과,학생부교과,일반학생전형,3.2,3.2
2026,용인대학교,스포츠레저학과,학생부교과,일반학생전형,3.4,3.4
2026,용인대학교,실용음악과,학생부교과,일반학생전형,,
2026,용인대학교,연극학과 연기,학생부교과,일반학생전형,4,
2026,용인대학교,영화영상학과,학생부교과,일반학생전형,3.1,3.1
2026,용인대학교,유도학과,학생부교과,일반학생전형,4.2,4.2
2026,용인대학교,체육학과,학생부교과,일반학생전형,2.4,2.4
2026,용인대학교,태권도학과 겨루기및품새,학생부교과,일반학생전형,4.4,
2026,용인대학교,특수체육교육과,학생부교과,일반학생전형,2.2,2.2
2026,용인대학교,회화학과,학생부교과,일반학생전형,5.1,5.1
2026,용인대학교,경영학과,학생부교과,일반학생전형,2.3,2.3
2026,용인대학교,경찰행정학과,학생부교과,일반학생전형,1.6,1.8
2026,용인대학교,관광경영학과,학생부교과,일반학생전형,2.3,2.5
2026,용인대학교,문화콘텐츠학과,학생부교과,일반학생전형,1.9,2.1
2026,용인대학교,사회복지학과,학생부교과,일반학생전형,2.3,2.3
2026,용인대학교,중국학과,학생부교과,일반학생전형,2.4,2.5
2026,용인대학교,"AI융합학부(AI,빅데이터)",학생부교과,일반학생전형,2.6,2.8
2026,용인대학교,문화유산학과,학생부교과,일반학생전형,2.8,2.9
2026,용인대학교,물리치료학과,학생부교과,일반학생전형,1.5,1.6
2026,용인대학교,바이오생명공학과,학생부교과,일반학생전형,2.3,2.3
2026,용인대학교,보건환경안전학과,학생부교과,일반학생전형,2.3,2.4
2026,용인대학교,"식품조리학부(식품영양,외식조리)",학생부교과,일반학생전형,,
2026,용인대학교,무도계열전공학부,학생부교과,자율전공특별전형,2.2,2.3
2026,용인대학교,문화예술계열전공학부,학생부교과,자율전공특별전형,2,2.1
2026,용인대학교,체육계열전공학부,학생부교과,자율전공특별전형,1.6,1.7
2026,용인대학교,인문사회계열전공학부,학생부교과,자율전공특별전형,2.3,2.4
2026,용인대학교,자연계열전공학부,학생부교과,자율전공특별전형,2.6,2.6
2026,용인대학교,무전공학부,학생부교과,자율전공특별전형,2.3,2.5
2026,평택대학교,경영학과,학생부교과,PTU교과전형,2.44,2.44
2026,평택대학교,광고홍보학과,학생부교과,PTU교과전형,2.44,2.55
2026,평택대학교,국제무역행정학과,학생부교과,PTU교과전형,2.88,3
2026,평택대학교,국제물류학과,학생부교과,PTU교과전형,3,3.22
2026,평택대학교,"국제지역학부(미국학,중국,일본)",학생부교과,PTU교과전형,3.22,2.88
2026,평택대학교,글로벌자율전공학부,학생부교과,PTU교과전형,2.66,2.77
2026,평택대학교,도시계획부동산학과,학생부교과,PTU교과전형,3.22,3.22
2026,평택대학교,사회복지학과,학생부교과,PTU교과전형,2.33,2.66
2026,평택대학교,신학과,학생부교과,PTU교과전형,3.55,3.33
2026,평택대학교,아동청소년교육상담학과,학생부교과,PTU교과전형,3.22,3
2026,평택대학교,ICT환경융합학과,학생부교과,PTU교과전형,4.11,4.55
2026,평택대학교,데이터정보학과,학생부교과,PTU교과전형,4.11,3.77
2026,평택대학교,미디어디자인학과,학생부교과,PTU교과전형,2.77,2.77
2026,평택대학교,스마트모빌리티학과,학생부교과,PTU교과전형,3,3.11
2026,평택대학교,스마트콘텐츠학과,학생부교과,PTU교과전형,4.22,4.55
2026,평택대학교,융합소프트웨어학과,학생부교과,PTU교과전형,3.33,3.11
2026,평택대학교,재활상담학과,학생부교과,PTU교과전형,3.11,3.11
2026,평택대학교,정보통신학과,학생부교과,PTU교과전형,3.77,3.66
2026,평택대학교,지능형반도체학과,학생부교과,PTU교과전형,3,3.11
2026,평택대학교,경영학과,학생부교과,PTU추천전형,2.83,2.83
2026,평택대학교,광고홍보학과,학생부교과,PTU추천전형,2.66,2.66
2026,평택대학교,국제무역행정학과,학생부교과,PTU추천전형,3,3.66
2026,평택대학교,국제물류학과,학생부교과,PTU추천전형,3.66,3.66
2026,평택대학교,"국제지역학부(미국학,중국,일본)",학생부교과,PTU추천전형,3.66,3.66
2026,평택대학교,도시계획부동산학과,학생부교과,PTU추천전형,3.33,4
2026,평택대학교,사회복지학과,학생부교과,PTU추천전형,3.33,3.33
2026,평택대학교,아동청소년교육상담학과,학생부교과,PTU추천전형,4,4
2026,평택대학교,인문사회계열,학생부교과,PTU추천전형,5,
2026,평택대학교,ICT환경융합학과,학생부교과,PTU추천전형,,
2026,평택대학교,IT공학계열,학생부교과,PTU추천전형,6,5
2026,평택대학교,데이터정보학과,학생부교과,PTU추천전형,4.66,4.66
2026,평택대학교,미디어디자인학과,학생부교과,PTU추천전형,2.66,2.66
2026,평택대학교,스마트모빌리티학과,학생부교과,PTU추천전형,3.33,3.66
2026,평택대학교,스마트콘텐츠학과,학생부교과,PTU추천전형,,
2026,평택대학교,융합소프트웨어학과,학생부교과,PTU추천전형,6,6
2026,평택대학교,재활상담학과,학생부교과,PTU추천전형,4,4
2026,평택대학교,정보통신학과,학생부교과,PTU추천전형,4,4
2026,평택대학교,전 모집단위,학생부교과,농어촌학생전형(외),,4.46
2026,평택대학교,경영학과,학생부종합,PTU종합전형,5.46,5.83
2026,평택대학교,광고홍보학과,학생부종합,PTU종합전형,4.91,5.14
2026,평택대학교,국제무역행정학과,학생부종합,PTU종합전형,5.69,6.22
2026,평택대학교,"국제지역학부(미국학, 중국학, 일본학)",학생부종합,PTU종합전형,5.69,6.22
2026,평택대학교,사회복지학과,학생부종합,PTU종합전형,5.2,5.45
2026,평택대학교,아동청소년교육상담학과,학생부종합,PTU종합전형,5.56,5.68
2026,평택대학교,데이터정보학과,학생부종합,PTU종합전형,6.39,6.47
2026,평택대학교,스마트모빌리티학과,학생부종합,PTU종합전형,5.43,6
2026,평택대학교,융합소프트웨어학과,학생부종합,PTU종합전형,5.53,5.7
2026,평택대학교,정보통신학과,학생부종합,PTU종합전형,5.32,5.77
2026,한경대학교,귀금속보석공예전공,학생부교과,농어촌학생전형(외),,
2026,한경대학교,스포츠과학전공,학생부교과,농어촌학생전형(외),,
2026,한경대학교,제품공간디자인전공,학생부교과,농어촌학생전형(외),,3.73
2026,한경대학교,경영학전공,학생부교과,농어촌학생전형(외),,4.37
2026,한경대학교,문예창작미디어콘텐츠홍보전공,학생부교과,농어촌학생전형(외),,3.73
2026,한경대학교,법경영학부,학생부교과,농어촌학생전형(외),,4.37
2026,한경대학교,법학전공,학생부교과,농어촌학생전형(외),,4.37
2026,한경대학교,사회복지학전공,학생부교과,농어촌학생전형(외),,4.2
2026,한경대학교,영미언어문화전공,학생부교과,농어촌학생전형(외),,3.73
2026,한경대학교,유아특수보육학전공,학생부교과,농어촌학생전형(외),,3.73
2026,한경대학교,인문융합공공인재학부,학생부교과,농어촌학생전형(외),,3.73
2026,한경대학교,한국수어교육전공,학생부교과,농어촌학생전형(외),,6.19
2026,한경대학교,행정학전공,학생부교과,농어촌학생전형(외),,3.73
2026,한경대학교,ICT로봇공학전공,학생부교과,농어촌학생전형(외),,4.82
2026,한경대학교,ICT로봇기계공학부,학생부교과,농어촌학생전형(외),,4.82
2026,한경대학교,건설환경공학부,학생부교과,농어촌학생전형(외),,4.57
2026,한경대학교,건축공학전공,학생부교과,농어촌학생전형(외),,4.85
2026,한경대학교,건축학전공(5년제),학생부교과,농어촌학생전형(외),,4
2026,한경대학교,기계공학전공,학생부교과,농어촌학생전형(외),,4.82
2026,한경대학교,동물생명과학전공,학생부교과,농어촌학생전형(외),,5.35
2026,한경대학교,동물생명융합학부,학생부교과,농어촌학생전형(외),,5.35
2026,한경대학교,동물응용과학전공,학생부교과,농어촌학생전형(외),,5.35
2026,한경대학교,복지상담학전공,학생부교과,농어촌학생전형(외),,4.28
2026,한경대학교,사회안전시스템공학부,학생부교과,농어촌학생전형(외),,5.57
2026,한경대학교,소프트웨어&서비스컴퓨텅전공,학생부교과,농어촌학생전형(외),,3.73
2026,한경대학교,소프트웨어융합전공,학생부교과,농어촌학생전형(외),,3.76
2026,한경대학교,식물생명환경전공,학생부교과,농어촌학생전형(외),,3.62
2026,한경대학교,식물자원조경학부,학생부교과,농어촌학생전형(외),,3.62
2026,한경대학교,식품생명공학전공,학생부교과,농어촌학생전형(외),,4.6
2026,한경대학교,식품생명화학공학부,학생부교과,농어촌학생전형(외),,4.6
2026,한경대학교,식품영양학전공,학생부교과,농어촌학생전형(외),,4.28
2026,한경대학교,안전공학전공,학생부교과,농어촌학생전형(외),,5.57
2026,한경대학교,원예생명공학전공,학생부교과,농어촌학생전형(외),,4.81
2026,한경대학교,웰니스산업융합학부,학생부교과,농어촌학생전형(외),,4.28
2026,한경대학교,응용생명공학전공,학생부교과,농어촌학생전형(외),,4.81
2026,한경대학교,응용수학전공,학생부교과,농어촌학생전형(외),,3.76
2026,한경대학교,의료재활공학전공,학생부교과,농어촌학생전형(외),,3.73
2026,한경대학교,의류산업학전공,학생부교과,농어촌학생전형(외),,4.28
2026,한경대학교,전기공학전공,학생부교과,농어촌학생전형(외),,5.29
2026,한경대학교,전자공학전공,학생부교과,농어촌학생전형(외),,5.29
2026,한경대학교,전자전기공학부,학생부교과,농어촌학생전형(외),,5.29
2026,한경대학교,정보보안전공,학생부교과,농어촌학생전형(외),,3.76
2026,한경대학교,조경학전공,학생부교과,농어촌학생전형(외),,3.62
2026,한경대학교,지역자원시스템공학전공,학생부교과,농어촌학생전형(외),,5.57
2026,한경대학교,컴퓨터응용수학부,학생부교과,농어촌학생전형(외),,3.76
2026,한경대학교,토목공학전공,학생부교과,농어촌학생전형(외),,4.57
2026,한경대학교,화학공학전공,학생부교과,농어촌학생전형(외),,4.6
2026,한경대학교,환경공학전공,학생부교과,농어촌학생전형(외),,4.57
2026,한경대학교,경영학전공,학생부교과,일반전형A,4.59,4.64
2026,한경대학교,문예창작미디어콘텐츠홍보전공,학생부교과,일반전형A,4.3,4.78
2026,한경대학교,법경영학부,학생부교과,일반전형A,,4.64
2026,한경대학교,법학전공,학생부교과,일반전형A,4.74,4.64
2026,한경대학교,영미언어문화전공,학생부교과,일반전형A,4.83,4.78
2026,한경대학교,인문융합공공인재학부,학생부교과,일반전형A,,4.78
2026,한경대학교,행정학전공,학생부교과,일반전형A,,4.78
2026,한경대학교,ICT로봇공학전공,학생부교과,일반전형A,4.84,4.77
2026,한경대학교,ICT로봇기계공학부,학생부교과,일반전형A,4.31,4.77
2026,한경대학교,건설환경공학부,학생부교과,일반전형A,,5.11
2026,한경대학교,건축공학전공,학생부교과,일반전형A,4.66,4.28
2026,한경대학교,건축융합학부,학생부교과,일반전형A,4.68,
2026,한경대학교,건축학전공(5년제),학생부교과,일반전형A,3.68,3.96
2026,한경대학교,기계공학전공,학생부교과,일반전형A,4.68,4.77
2026,한경대학교,동물생명과학전공,학생부교과,일반전형A,4.92,5.06
2026,한경대학교,동물생명융합학부,학생부교과,일반전형A,,5.06
2026,한경대학교,동물응용과학전공,학생부교과,일반전형A,5.38,5.06
2026,한경대학교,복지상담학전공,학생부교과,일반전형A,5.29,5.19
2026,한경대학교,사회안전시스템공학부,학생부교과,일반전형A,,5.53
2026,한경대학교,생명공학부,학생부교과,일반전형A,,4.44
2026,한경대학교,소프트웨어&서비스컴퓨텅전공,학생부교과,일반전형A,4.7,
2026,한경대학교,소프트웨어융합전공,학생부교과,일반전형A,4.55,4.98
2026,한경대학교,식물생명환경전공,학생부교과,일반전형A,5.67,5.1
2026,한경대학교,식물자원조경학부,학생부교과,일반전형A,,5.1
2026,한경대학교,식품생명공학전공,학생부교과,일반전형A,5.24,4.36
2026,한경대학교,식품생명화학공학부,학생부교과,일반전형A,4.4,4.36
2026,한경대학교,식품영양학전공,학생부교과,일반전형A,4.45,5.19
2026,한경대학교,안전공학전공,학생부교과,일반전형A,5.45,5.53
2026,한경대학교,원예생명공학전공,학생부교과,일반전형A,5.51,4.44
2026,한경대학교,웰니스산업융합학부,학생부교과,일반전형A,,5.19
2026,한경대학교,응용생명공학전공,학생부교과,일반전형A,4.34,4.44
2026,한경대학교,응용수학전공,학생부교과,일반전형A,4.99,4.98
2026,한경대학교,의류산업학전공,학생부교과,일반전형A,4.68,5.19
2026,한경대학교,전기공학전공,학생부교과,일반전형A,4.9,4.66
2026,한경대학교,전자공학전공,학생부교과,일반전형A,4.81,4.66
2026,한경대학교,전자전기공학부,학생부교과,일반전형A,4.46,4.66
2026,한경대학교,정보보안전공,학생부교과,일반전형A,4.46,4.98
2026,한경대학교,조경학전공,학생부교과,일반전형A,5.28,5.1
2026,한경대학교,지역자원시스템공학전공,학생부교과,일반전형A,5.45,5.53
2026,한경대학교,컴퓨터응용수학부,학생부교과,일반전형A,,4.98
2026,한경대학교,토목공학전공,학생부교과,일반전형A,5.47,5.11
2026,한경대학교,화학공학전공,학생부교과,일반전형A,4.46,4.36
2026,한경대학교,환경공학전공,학생부교과,일반전형A,4.95,5.11
2026,한경대학교,HK자율전공학부,학생부교과,일반전형A,4.7,
2026,한경대학교,귀금속보석공예전공,학생부교과,일반전형P,4.12,3.85
2026,한경대학교,제품공간디자인전공,학생부교과,일반전형P,4.06,3.43
2026,한경대학교,사회복지학전공,학생부교과,일반전형P,2.74,2.97
2026,한경대학교,유아특수보육학전공,학생부교과,일반전형P,5.03,5.22
2026,한경대학교,한국수어교육전공,학생부교과,일반전형P,4.56,5.32
2026,한경대학교,AI반도체융합전공,학생부교과,일반전형P,3.43,4.05
2026,한경대학교,의료재활공학전공,학생부교과,일반전형P,4.26,4.94
2026,한경대학교,시각미디어디자인전공-무실기,학생부교과,지역균형선발전형,,4.02
2026,한경대학교,HK자율전공학부,학생부교과,지역균형선발전형,,
2026,한경대학교,"법경영학부(경영학,법학전공)",학생부교과,지역균형선발전형,,5.4
2026,한경대학교,"인문융합공공인재학부(행정학,영문,문예창작미디어콘텐츠홍보)",학생부교과,지역균형선발전형,,4.07
2026,한경대학교,"ICT로봇기계공학부(ICT로봇공학, 기계공학전공)",학생부교과,지역균형선발전형,,4.4
2026,한경대학교,"건설환경공학부(토목공학, 환경공학)",학생부교과,지역균형선발전형,,4.72
2026,한경대학교,건축공학전공,학생부교과,지역균형선발전형,,4.89
2026,한경대학교,건축학전공(5년제),학생부교과,지역균형선발전형,,4.86
2026,한경대학교,"동물생명융합학부(동물생명과학, 동물응용과학전공)",학생부교과,지역균형선발전형,,4.5
2026,한경대학교,"사회안전시스템공학부 (지역자원시스템공학,안전공학)",학생부교과,지역균형선발전형,,5.73
2026,한경대학교,"생명공학부(원예생명공학, 응용생명공학)",학생부교과,지역균형선발전형,,5.31
2026,한경대학교,"식물자원조경학부(조경학, 식물생명환경전공)",학생부교과,지역균형선발전형,,4.19
2026,한경대학교,"식품생명화학공학부 (화학공학,식품생명공학전공)",학생부교과,지역균형선발전형,,4.28
2026,한경대학교,"웰니스산업융합학부(아동가족복지,의류산업학,식품영양학,웰니스스포츠과학)",학생부교과,지역균형선발전형,,4.29
2026,한경대학교,"전자전기공학부(전자공학, 전기공학전공)",학생부교과,지역균형선발전형,,4.75
2026,한경대학교,"컴퓨터응용수학부(소프트웨어& 서비스컴퓨팅,소프트웨어융합,응용수학)",학생부교과,지역균형선발전형,,3.74
2026,한경대학교,화학공학전공,학생부교과,지역균형선발전형,,4.28
2026,한경대학교,스포츠과학전공,학생부종합,잠재력우수자전형,5.34,
2026,한경대학교,시각영상디자인전공-무실기,학생부종합,잠재력우수자전형,4.09,4.01
2026,한경대학교,경영학전공,학생부종합,잠재력우수자전형,3.44,4.27
2026,한경대학교,문예창작미디어콘텐츠홍보전공,학생부종합,잠재력우수자전형,4.11,4.31
2026,한경대학교,법경영학부,학생부종합,잠재력우수자전형,4.48,4.27
2026,한경대학교,법학전공,학생부종합,잠재력우수자전형,4.55,4.27
2026,한경대학교,영미언어문화전공,학생부종합,잠재력우수자전형,5.24,4.31
2026,한경대학교,인문융합공공인재학부,학생부종합,잠재력우수자전형,4.55,4.31
2026,한경대학교,행정학전공,학생부종합,잠재력우수자전형,4.56,4.31
2026,한경대학교,ICT로봇공학전공,학생부종합,잠재력우수자전형,4.92,5.11
2026,한경대학교,ICT로봇기계공학부,학생부종합,잠재력우수자전형,4.7,5.11
2026,한경대학교,건설환경공학부,학생부종합,잠재력우수자전형,4.66,5.21
2026,한경대학교,건축공학전공,학생부종합,잠재력우수자전형,5.08,5.15
2026,한경대학교,건축학전공(5년제),학생부종합,잠재력우수자전형,3.51,4.14
2026,한경대학교,기계공학전공,학생부종합,잠재력우수자전형,4.49,5.11
2026,한경대학교,동물생명과학전공,학생부종합,잠재력우수자전형,3.94,4.89
2026,한경대학교,동물생명융합학부,학생부종합,잠재력우수자전형,4.77,4.89
2026,한경대학교,동물응용과학전공,학생부종합,잠재력우수자전형,4.47,4.89
2026,한경대학교,복지상담학전공,학생부종합,잠재력우수자전형,4.76,4.11
2026,한경대학교,사회안전시스템공학부,학생부종합,잠재력우수자전형,5.85,5.39
2026,한경대학교,생명공학부,학생부종합,잠재력우수자전형,4.26,4.49
2026,한경대학교,소프트웨어&서비스컴퓨텅전공,학생부종합,잠재력우수자전형,4.55,4.31
2026,한경대학교,소프트웨어융합전공,학생부종합,잠재력우수자전형,4.44,4.62
2026,한경대학교,식물생명환경전공,학생부종합,잠재력우수자전형,5.05,4.81
2026,한경대학교,식물자원조경학부,학생부종합,잠재력우수자전형,4.21,4.81
2026,한경대학교,식품생명공학전공,학생부종합,잠재력우수자전형,4.47,5.09
2026,한경대학교,식품생명화학공학부,학생부종합,잠재력우수자전형,3.8,5.09
2026,한경대학교,식품영양학전공,학생부종합,잠재력우수자전형,3.74,4.11
2026,한경대학교,안전공학전공,학생부종합,잠재력우수자전형,5.37,5.39
2026,한경대학교,원예생명공학전공,학생부종합,잠재력우수자전형,4.58,4.49
2026,한경대학교,웰니스산업융합학부,학생부종합,잠재력우수자전형,3.82,4.11
2026,한경대학교,응용생명공학전공,학생부종합,잠재력우수자전형,4.38,4.49
2026,한경대학교,응용수학전공,학생부종합,잠재력우수자전형,4.39,4.62
2026,한경대학교,의류산업학전공,학생부종합,잠재력우수자전형,4.1,4.11
2026,한경대학교,전기공학전공,학생부종합,잠재력우수자전형,4.58,4.92
2026,한경대학교,전자공학전공,학생부종합,잠재력우수자전형,4.92,4.92
2026,한경대학교,전자전기공학부,학생부종합,잠재력우수자전형,4.56,4.92
2026,한경대학교,조경학전공,학생부종합,잠재력우수자전형,4.87,4.81
2026,한경대학교,지역자원시스템공학전공,학생부종합,잠재력우수자전형,5.4,5.39
2026,한경대학교,컴퓨터응용수학부,학생부종합,잠재력우수자전형,4.55,4.62
2026,한경대학교,토목공학전공,학생부종합,잠재력우수자전형,5.12,5.21
2026,한경대학교,화학공학전공,학생부종합,잠재력우수자전형,4.59,5.09
2026,한경대학교,환경공학전공,학생부종합,잠재력우수자전형,4.82,5.21
2026,한국공학대학교,IT경영전공,논술,논술우수자전형,4.9,5.2
2026,한국공학대학교,경영자율전공,논술,논술우수자전형,4.7,
2026,한국공학대학교,경영학전공,논술,논술우수자전형,4.4,4.9
2026,한국공학대학교,데이터사이언스경영전공,논술,논술우수자전형,4.7,4.9
2026,한국공학대학교,AI로봇전공,논술,논술우수자전형,4.8,4.4
2026,한국공학대학교,IT반도체융합자율전공,논술,논술우수자전형,5.25,4.52
2026,한국공학대학교,SW자율전공,논술,논술우수자전형,4.3,
2026,한국공학대학교,게임공학과,논술,논술우수자전형,4.5,4.4
2026,한국공학대학교,기계공학과,논술,논술우수자전형,4.6,4.9
2026,한국공학대학교,기계설계전공,논술,논술우수자전형,4.3,5
2026,한국공학대학교,나노반도체공학전공,논술,논술우수자전형,4.7,4.9
2026,한국공학대학교,"디자인공학부 (산업디자인공,미디어디자인)",논술,논술우수자전형,4.7,4.6
2026,한국공학대학교,메카트로닉스전공,논술,논술우수자전형,4.4,4.9
2026,한국공학대학교,미래에너지시스템전공,논술,논술우수자전형,4.1,
2026,한국공학대학교,반도체시스템전공,논술,논술우수자전형,5.1,
2026,한국공학대학교,생명화학공학과,논술,논술우수자전형,4.2,4.4
2026,한국공학대학교,소프트웨어전공,논술,논술우수자전형,4.5,4.4
2026,한국공학대학교,스마트기계융합자율전공,논술,논술우수자전형,4.02,5.02
2026,한국공학대학교,신소재공학과,논술,논술우수자전형,4.4,4.7
2026,한국공학대학교,인공지능학과,논술,논술우수자전형,4.7,4.4
2026,한국공학대학교,임베디드시스템전공,논술,논술우수자전형,4.3,4.7
2026,한국공학대학교,전력응용시스템전공,논술,논술우수자전형,4.5,4.8
2026,한국공학대학교,전자공학전공,논술,논술우수자전형,4.9,4.6
2026,한국공학대학교,지능형모빌리티전공,논술,논술우수자전형,5.2,5.1
2026,한국공학대학교,첨단융합자율전공,논술,논술우수자전형,4.44,3.46
2026,한국공학대학교,컴퓨터공학전공,논술,논술우수자전형,4.1,4.6
2026,한국공학대학교,자유전공학부,논술,논술우수자전형,4.35,4
2026,한국공학대학교,"디자인공학부 (산업디자인공,미디어디자인공)",학생부교과,교과우수자전형,3.61,3.82
2026,한국공학대학교,IT경영전공,학생부교과,교과우수자전형,3.54,3.37
2026,한국공학대학교,경영자율전공,학생부교과,교과우수자전형,2.94,3.62
2026,한국공학대학교,경영학전공,학생부교과,교과우수자전형,2.94,3.62
2026,한국공학대학교,데이터사이언스경영전공,학생부교과,교과우수자전형,3.43,3.42
2026,한국공학대학교,AI로봇전공,학생부교과,교과우수자전형,3.11,3.91
2026,한국공학대학교,IT반도체융합자율전공,학생부교과,교과우수자전형,2.97,2.95
2026,한국공학대학교,SW지율전공,학생부교과,교과우수자전형,2.97,2.95
2026,한국공학대학교,게임공학과,학생부교과,교과우수자전형,2.97,3.11
2026,한국공학대학교,기계공학과,학생부교과,교과우수자전형,2.83,2.92
2026,한국공학대학교,기계설계전공,학생부교과,교과우수자전형,3.4,3.75
2026,한국공학대학교,나노반도체공학전공,학생부교과,교과우수자전형,3.4,3.24
2026,한국공학대학교,메카트로닉스전공,학생부교과,교과우수자전형,3.53,3.75
2026,한국공학대학교,미래에너지시스템전공,학생부교과,교과우수자전형,3.14,
2026,한국공학대학교,반도체시스템전공,학생부교과,교과우수자전형,3.34,
2026,한국공학대학교,생명화학공학과,학생부교과,교과우수자전형,2.65,2.78
2026,한국공학대학교,소프트웨어전공,학생부교과,교과우수자전형,3.44,3.21
2026,한국공학대학교,스마트기계융합자율전공,학생부교과,교과우수자전형,2.97,2.95
2026,한국공학대학교,신소재공학과,학생부교과,교과우수자전형,2.68,2.76
2026,한국공학대학교,인공지능학과,학생부교과,교과우수자전형,2.86,2.89
2026,한국공학대학교,임베디드시스템전공,학생부교과,교과우수자전형,3.14,3.68
2026,한국공학대학교,전력응용시스템전공,학생부교과,교과우수자전형,3.42,3.79
2026,한국공학대학교,전자공학전공,학생부교과,교과우수자전형,2.87,3.5
2026,한국공학대학교,지능형모빌리티전공,학생부교과,교과우수자전형,3.33,3.82
2026,한국공학대학교,첨단융합자율전공,학생부교과,교과우수자전형,2.97,2.95
2026,한국공학대학교,컴퓨터공학전공,학생부교과,교과우수자전형,2.97,2.95
2026,한국공학대학교,"디자인공학부 (산업디자인공,미디어디자인공)",학생부교과,지역균형전형,3.05,3.37
2026,한국공학대학교,IT경영전공,학생부교과,지역균형전형,3.29,3.75
2026,한국공학대학교,경영학전공,학생부교과,지역균형전형,3.18,3.51
2026,한국공학대학교,데이터사이언스경영전공,학생부교과,지역균형전형,2.83,3.91
2026,한국공학대학교,AI로봇전공,학생부교과,지역균형전형,3.33,3.81
2026,한국공학대학교,게임공학과,학생부교과,지역균형전형,3.25,3.27
2026,한국공학대학교,기계공학과,학생부교과,지역균형전형,2.7,2.77
2026,한국공학대학교,기계설계전공,학생부교과,지역균형전형,3.16,3.58
2026,한국공학대학교,나노반도체공학전공,학생부교과,지역균형전형,3.18,3.08
2026,한국공학대학교,메카트로닉스전공,학생부교과,지역균형전형,3.16,3.4
2026,한국공학대학교,미래에너지시스템전공,학생부교과,지역균형전형,3.38,
2026,한국공학대학교,반도체시스템전공,학생부교과,지역균형전형,3.69,
2026,한국공학대학교,생명화학공학과,학생부교과,지역균형전형,2.49,2.62
2026,한국공학대학교,소프트웨어전공,학생부교과,지역균형전형,2.85,3.57
2026,한국공학대학교,신소재공학과,학생부교과,지역균형전형,2.63,2.69
2026,한국공학대학교,인공지능학과,학생부교과,지역균형전형,3.05,3.05
2026,한국공학대학교,임베디드시스템전공,학생부교과,지역균형전형,3.31,3.4
2026,한국공학대학교,전력응용시스템전공,학생부교과,지역균형전형,3.27,3.37
2026,한국공학대학교,전자공학전공,학생부교과,지역균형전형,2.81,3.15
2026,한국공학대학교,지능형모빌리티전공,학생부교과,지역균형전형,3.4,3.7
2026,한국공학대학교,컴퓨터공학전공,학생부교과,지역균형전형,2.89,3.57
2026,한국공학대학교,자유전공학부,학생부종합,융합인재전형,50,
2026,한국공학대학교,AI소프트웨어학과,학생부종합,조기취업형계약학과(외),4.72,5.22
2026,한국공학대학교,IT융합디자인공학과,학생부종합,조기취업형계약학과(외),4.93,5.95
2026,한국공학대학교,스마트그린소재공학과,학생부종합,조기취업형계약학과(외),4.92,5.22
2026,한국공학대학교,스마트전자공학과,학생부종합,조기취업형계약학과(외),3.66,4.06
2026,한국공학대학교,"디자인공학부 (산업디자인공,미디어디자인공)",학생부종합,창의인재(면접)전형,4.36,4.1
2026,한국공학대학교,IT경영전공,학생부종합,창의인재(면접)전형,4.09,4.4
2026,한국공학대학교,경영학전공,학생부종합,창의인재(면접)전형,4.32,4.4
2026,한국공학대학교,데이터사이언스경영전공,학생부종합,창의인재(면접)전형,4.15,4.4
2026,한국공학대학교,AI로봇전공,학생부종합,창의인재(면접)전형,4.64,4.4
2026,한국공학대학교,게임공학과,학생부종합,창의인재(면접)전형,3.53,3.57
2026,한국공학대학교,기계공학과,학생부종합,창의인재(면접)전형,3.76,3.88
2026,한국공학대학교,기계설계전공,학생부종합,창의인재(면접)전형,4.4,4.5
2026,한국공학대학교,나노반도체공학전공,학생부종합,창의인재(면접)전형,4.34,4
2026,한국공학대학교,메카트로닉스전공,학생부종합,창의인재(면접)전형,4.48,4.3
2026,한국공학대학교,미래에너지시스템전공,학생부종합,창의인재(면접)전형,4.85,
2026,한국공학대학교,반도체시스템전공,학생부종합,창의인재(면접)전형,4.32,
2026,한국공학대학교,생명화학공학과,학생부종합,창의인재(면접)전형,3.46,3.55
2026,한국공학대학교,소프트웨어전공,학생부종합,창의인재(면접)전형,4,4.1
2026,한국공학대학교,신소재공학과,학생부종합,창의인재(면접)전형,3.7,3.84
2026,한국공학대학교,인공지능학과,학생부종합,창의인재(면접)전형,3.88,3.88
2026,한국공학대학교,임베디드시스템전공,학생부종합,창의인재(면접)전형,4.5,4.3
2026,한국공학대학교,전력응용시스템전공,학생부종합,창의인재(면접)전형,4.53,4.2
2026,한국공학대학교,전자공학전공,학생부종합,창의인재(면접)전형,4.24,3.9
2026,한국공학대학교,지능형모빌리티전공,학생부종합,창의인재(면접)전형,4.6,4.7
2026,한국공학대학교,컴퓨터공학전공,학생부종합,창의인재(면접)전형,4.28,3.9
2026,한국기술교육대학교,고용서비스정책학과,논술,논술전형,,4.91
2026,한국기술교육대학교,"산업경영학부 (산업경영,혁신경영)",논술,논술전형,,5.43
2026,한국기술교육대학교,건축공학전공,논술,논술전형,,5.38
2026,한국기술교육대학교,"기계공학부(친환경자동차에너지, 시스템설계제조,지능형시스템)",논술,논술전형,,5.43
2026,한국기술교육대학교,디자인공학전공,논술,논술전형,,5.77
2026,한국기술교육대학교,"메카트로닉스공학부(생산시스템, 제어시스템,디지털시스템)",논술,논술전형,,5.44
2026,한국기술교육대학교,에너지신소재공학전공,논술,논술전형,,5.16
2026,한국기술교육대학교,"전기전자통신공학부(전기공학, 전자공학,정보통신공학)",논술,논술전형,,5.43
2026,한국기술교육대학교,"컴퓨터공학부(컴퓨터H/W, S/W, 스마트IT)",논술,논술전형,,5.02
2026,한국기술교육대학교,화학생명공학전공,논술,논술전형,,4.91
2026,한국기술교육대학교,고용서비스정책학과,학생부교과,일반전형,3.71,3.64
2026,한국기술교육대학교,"산업경영학부 (산업경영,혁신경영)",학생부교과,일반전형,4.07,4.33
2026,한국기술교육대학교,건축공학전공,학생부교과,일반전형,4.74,4.96
2026,한국기술교육대학교,"기계공학부(친환경자동차에너지, 시스템설계제조,지능형시스템)",학생부교과,일반전형,4.07,4.33
2026,한국기술교육대학교,디자인공학전공,학생부교과,일반전형,4.29,4.36
2026,한국기술교육대학교,"메카트로닉스공학부(생산시스템, 제어시스템,디지털시스템)",학생부교과,일반전형,4.06,4.39
2026,한국기술교육대학교,에너지신소재공학전공,학생부교과,일반전형,3.7,4.1
2026,한국기술교육대학교,"전기전자통신공학부(전기공학, 전자공학,정보통신공학)",학생부교과,일반전형,4.07,4.33
2026,한국기술교육대학교,"컴퓨터공학부(컴퓨터H/W, S/W, 스마트IT)",학생부교과,일반전형,3.59,3.86
2026,한국기술교육대학교,화학생명공학전공,학생부교과,일반전형,3.55,3.72
2026,한국기술교육대학교,고용서비스정책학과,학생부교과,지역인재전형,2.53,3.6
2026,한국기술교육대학교,"산업경영학부 (산업경영,혁신경영)",학생부교과,지역인재전형,,
2026,한국기술교육대학교,공학계열,학생부교과,지역인재전형,,
2026,한국기술교육대학교,"산업경영학부 (산업경영,혁신경영)",학생부종합,농어촌학생전형(외),4.34,3.95
2026,한국기술교육대학교,건축공학전공,학생부종합,농어촌학생전형(외),4.1,4.49
2026,한국기술교육대학교,"기계공학부(친환경자동차에너지, 시스템설계제조,지능형시스템)",학생부종합,농어촌학생전형(외),4.34,3.95
2026,한국기술교육대학교,디자인공학전공,학생부종합,농어촌학생전형(외),4.83,5.56
2026,한국기술교육대학교,"메카트로닉스공학부(생산시스템, 제어시스템,디지털시스템)",학생부종합,농어촌학생전형(외),4.26,4.51
2026,한국기술교육대학교,에너지신소재공학전공,학생부종합,농어촌학생전형(외),4.15,3.89
2026,한국기술교육대학교,"전기전자통신공학부(전기공학, 전자공학,정보통신공학)",학생부종합,농어촌학생전형(외),4.34,3.95
2026,한국기술교육대학교,"컴퓨터공학부(컴퓨터H/W, S/W, 스마트IT)",학생부종합,농어촌학생전형(외),3.57,4.08
2026,한국기술교육대학교,화학생명공학전공,학생부종합,농어촌학생전형(외),4.08,3.85
2026,한국기술교육대학교,고용서비스정책학과,학생부종합,창의인재전형(면접형),3.92,4.18
2026,한국기술교육대학교,"산업경영학부 (산업경영,혁신경영)",학생부종합,창의인재전형(면접형),4.32,
2026,한국기술교육대학교,건축공학전공,학생부종합,창의인재전형(면접형),4.65,
2026,한국기술교육대학교,"기계공학부(친환경자동차에너지, 시스템설계제조,지능형시스템)",학생부종합,창의인재전형(면접형),4.32,
2026,한국기술교육대학교,디자인공학전공,학생부종합,창의인재전형(면접형),5.04,
2026,한국기술교육대학교,"메카트로닉스공학부(생산시스템, 제어시스템,디지털시스템)",학생부종합,창의인재전형(면접형),4.38,
2026,한국기술교육대학교,에너지신소재공학전공,학생부종합,창의인재전형(면접형),4.22,
2026,한국기술교육대학교,"전기전자통신공학부(전기공학, 전자공학,정보통신공학)",학생부종합,창의인재전형(면접형),4.32,
2026,한국기술교육대학교,"컴퓨터공학부(컴퓨터H/W, S/W, 스마트IT)",학생부종합,창의인재전형(면접형),4.06,
2026,한국기술교육대학교,화학생명공학전공,학생부종합,창의인재전형(면접형),3.8,
2026,한국기술교육대학교,고용서비스정책학과,학생부종합,창의인재전형(서류형),1.19,4.05
2026,한국기술교육대학교,"산업경영학부 (산업경영,혁신경영)",학생부종합,창의인재전형(서류형),3.76,4.01
2026,한국기술교육대학교,건축공학전공,학생부종합,창의인재전형(서류형),3.9,4.24
2026,한국기술교육대학교,"기계공학부(친환경자동차에너지, 시스템설계제조,지능형시스템)",학생부종합,창의인재전형(서류형),3.76,4.01
2026,한국기술교육대학교,디자인공학전공,학생부종합,창의인재전형(서류형),3.8,4.47
2026,한국기술교육대학교,"메카트로닉스공학부(생산시스템,제어시스템,디지털시스템)",학생부종합,창의인재전형(서류형),3.79,4.13
2026,한국기술교육대학교,에너지신소재공학전공,학생부종합,창의인재전형(서류형),4.13,3.5
2026,한국기술교육대학교,"전기전자통신공학부(전기공학, 전자공학,정보통신공학)",학생부종합,창의인재전형(서류형),3.76,4.01
2026,한국기술교육대학교,"컴퓨터공학부(컴퓨터H/W, S/W, 스마트IT)",학생부종합,창의인재전형(서류형),3.31,3.87
2026,한국기술교육대학교,화학생명공학전공,학생부종합,창의인재전형(서류형),3.21,3.69
2026,한남대학교,"린튼글로벌스쿨(글로벌비즈니스,글로벌미디어컬쳐)",실기/실적,어학인재전형,6.11,
2026,한남대학교,미술교육과,실기/실적,일반전형,3.3,3.81
2026,한남대학교,스포츠과학과,실기/실적,일반전형,3.68,3.93
2026,한남대학교,융합디자인학과,실기/실적,일반전형,4.77,5.57
2026,한남대학교,회화과,실기/실적,일반전형,,4.61
2026,한남대학교,스포츠과학과,실기/실적,특기자전형,7.5,6.81
2026,한남대학교,융합디자인학과,실기/실적,특기자전형,,
2026,한남대학교,전 모집단위,학생부교과,농어촌학생전형(외),,
2026,한남대학교,패션디자인학과,학생부교과,일반전형,4.02,4.11
2026,한남대학교,회화과,학생부교과,일반전형,4.61,4.61
2026,한남대학교,경영정보학과,학생부교과,일반전형,4.75,4.93
2026,한남대학교,경영학과,학생부교과,일반전형,4.18,4.35
2026,한남대학교,경제학과,학생부교과,일반전형,4.6,5.07
2026,한남대학교,경찰학과,학생부교과,일반전형,3.65,3.72
2026,한남대학교,교육학과,학생부교과,일반전형,3.51,3.63
2026,한남대학교,국어교육과,학생부교과,일반전형,3.02,3.12
2026,한남대학교,국어국문창작학과,학생부교과,일반전형,4.54,4.72
2026,한남대학교,기독교학과,학생부교과,일반전형,2.92,2.92
2026,한남대학교,"린튼글로벌스쿨(글로벌비즈니스,글로벌미디어컬쳐)",학생부교과,일반전형,6.39,7.4
2026,한남대학교,무역물류학과,학생부교과,일반전형,5.09,5.74
2026,한남대학교,문헌정보학과,학생부교과,일반전형,3.56,3.73
2026,한남대학교,"법학부(법학전공,법무법학전공)",학생부교과,일반전형,5.24,5.77
2026,한남대학교,빅데이터응용학과,학생부교과,일반전형,6.1,6.1
2026,한남대학교,사학과,학생부교과,일반전형,3.68,4.04
2026,한남대학교,사회복지학과,학생부교과,일반전형,3.79,4
2026,한남대학교,사회적경제기업학과,학생부교과,일반전형,6.26,6.26
2026,한남대학교,상담심리학과,학생부교과,일반전형,3.88,3.88
2026,한남대학교,아동복지학과,학생부교과,일반전형,5,5.11
2026,한남대학교,역사교육과,학생부교과,일반전형,2.46,2.7
2026,한남대학교,영어교육과,학생부교과,일반전형,3.32,3.63
2026,한남대학교,영어영문학과,학생부교과,일반전형,4.53,4.7
2026,한남대학교,응용영어컨텐츠학과,학생부교과,일반전형,5.85,6.51
2026,한남대학교,일어일문학전공,학생부교과,일반전형,4.08,5.21
2026,한남대학교,정치언론학과,학생부교과,일반전형,4.79,5.66
2026,한남대학교,중국경제통상학과,학생부교과,일반전형,5.51,5.71
2026,한남대학교,프랑스어문학전공,학생부교과,일반전형,5.51,6.76
2026,한남대학교,행정학과,학생부교과,일반전형,4.78,4.78
2026,한남대학교,호텔관광경영학과,학생부교과,일반전형,5.3,5.3
2026,한남대학교,회계학과,학생부교과,일반전형,4.54,4.88
2026,한남대학교,AI융합학과,학생부교과,일반전형,4.75,5.09
2026,한남대학교,건축공학전공,학생부교과,일반전형,3.72,3.72
2026,한남대학교,건축학과(5년제),학생부교과,일반전형,3.81,3.88
2026,한남대학교,기계공학과,학생부교과,일반전형,4.81,4.96
2026,한남대학교,멀티미디어공학과,학생부교과,일반전형,4.8,5.04
2026,한남대학교,미디어영상학과,학생부교과,일반전형,3.76,4
2026,한남대학교,바이오제약공학과,학생부교과,일반전형,4.4,4.6
2026,한남대학교,산업경영공학과,학생부교과,일반전형,5.64,5.64
2026,한남대학교,생명시스템과학과,학생부교과,일반전형,4.77,4.87
2026,한남대학교,수학과,학생부교과,일반전형,5.65,5.65
2026,한남대학교,수학교육과,학생부교과,일반전형,3.35,3.56
2026,한남대학교,식품영양학과,학생부교과,일반전형,4.48,4.66
2026,한남대학교,신소재공학과,학생부교과,일반전형,5.5,5.5
2026,한남대학교,전기전자공학과,학생부교과,일반전형,4.45,4.6
2026,한남대학교,정보통신공학과,학생부교과,일반전형,5.11,5.38
2026,한남대학교,컴퓨터공학과,학생부교과,일반전형,4.67,4.67
2026,한남대학교,토목환경공학전공,학생부교과,일반전형,,
2026,한남대학교,화학공학과,학생부교과,일반전형,4.68,5.16
2026,한남대학교,화학과,학생부교과,일반전형,5.33,5.5
2026,한남대학교,자유전공학부,학생부교과,일반전형,4.92,4.92
2026,한남대학교,패션디자인학과,학생부교과,지역인재교과우수자전형,4.4,4.41
2026,한남대학교,경영정보학과,학생부교과,지역인재교과우수자전형,4.75,4.93
2026,한남대학교,경영학과,학생부교과,지역인재교과우수자전형,4.38,4.47
2026,한남대학교,경제학과,학생부교과,지역인재교과우수자전형,5.53,5.63
2026,한남대학교,경찰학과,학생부교과,지역인재교과우수자전형,3.58,3.83
2026,한남대학교,교육학과,학생부교과,지역인재교과우수자전형,3.49,3.58
2026,한남대학교,국어교육과,학생부교과,지역인재교과우수자전형,2.85,3.94
2026,한남대학교,국어국문창작학과,학생부교과,지역인재교과우수자전형,4.15,4.49
2026,한남대학교,기독교학과,학생부교과,지역인재교과우수자전형,6.86,7.71
2026,한남대학교,"린튼글로벌스쿨(글로벌비즈니스,글로벌미디어컬쳐)",학생부교과,지역인재교과우수자전형,6.65,6.73
2026,한남대학교,무역물류학과,학생부교과,지역인재교과우수자전형,5.2,5.28
2026,한남대학교,문헌정보학과,학생부교과,지역인재교과우수자전형,3.93,4.09
2026,한남대학교,"법학부(법학전공,법무법학전공)",학생부교과,지역인재교과우수자전형,5.39,5.14
2026,한남대학교,빅데이터응용학과,학생부교과,지역인재교과우수자전형,6.08,6.08
2026,한남대학교,사학과,학생부교과,지역인재교과우수자전형,3.36,3.36
2026,한남대학교,사회복지학과,학생부교과,지역인재교과우수자전형,3.87,3.87
2026,한남대학교,사회적경제기업학과,학생부교과,지역인재교과우수자전형,5.72,5.72
2026,한남대학교,상담심리학과,학생부교과,지역인재교과우수자전형,4,4
2026,한남대학교,아동복지학과,학생부교과,지역인재교과우수자전형,4.89,4.89
2026,한남대학교,역사교육과,학생부교과,지역인재교과우수자전형,2.96,2.96
2026,한남대학교,영어교육과,학생부교과,지역인재교과우수자전형,3.45,3.96
2026,한남대학교,영어영문학과,학생부교과,지역인재교과우수자전형,4.5,4.88
2026,한남대학교,응용영어컨텐츠학과,학생부교과,지역인재교과우수자전형,6.02,7.05
2026,한남대학교,일어일문학전공,학생부교과,지역인재교과우수자전형,,
2026,한남대학교,정치언론학과,학생부교과,지역인재교과우수자전형,5.43,6.15
2026,한남대학교,중국경제통상학과,학생부교과,지역인재교과우수자전형,6.04,6.27
2026,한남대학교,프랑스어문학전공,학생부교과,지역인재교과우수자전형,5.58,4.82
2026,한남대학교,행정학과,학생부교과,지역인재교과우수자전형,5.3,5.3
2026,한남대학교,호텔관광경영학과,학생부교과,지역인재교과우수자전형,5.38,4.93
2026,한남대학교,회계학과,학생부교과,지역인재교과우수자전형,4.8,5.14
2026,한남대학교,AI융합학과,학생부교과,지역인재교과우수자전형,5.24,5.41
2026,한남대학교,건축공학전공,학생부교과,지역인재교과우수자전형,3,3
2026,한남대학교,건축학과(5년제),학생부교과,지역인재교과우수자전형,4.63,4.64
2026,한남대학교,기계공학과,학생부교과,지역인재교과우수자전형,4.75,4.81
2026,한남대학교,멀티미디어공학과,학생부교과,지역인재교과우수자전형,4.94,5
2026,한남대학교,미디어영상학과,학생부교과,지역인재교과우수자전형,3.06,4.25
2026,한남대학교,바이오제약공학과,학생부교과,지역인재교과우수자전형,4.86,5.07
2026,한남대학교,산업경영공학과,학생부교과,지역인재교과우수자전형,5.74,5.74
2026,한남대학교,생명시스템과학과,학생부교과,지역인재교과우수자전형,5.35,5.38
2026,한남대학교,수학과,학생부교과,지역인재교과우수자전형,6.3,6.3
2026,한남대학교,수학교육과,학생부교과,지역인재교과우수자전형,3.74,3.74
2026,한남대학교,식품영양학과,학생부교과,지역인재교과우수자전형,4.63,4.73
2026,한남대학교,신소재공학과,학생부교과,지역인재교과우수자전형,4.75,4.75
2026,한남대학교,전기전자공학과,학생부교과,지역인재교과우수자전형,3.81,3.96
2026,한남대학교,정보통신공학과,학생부교과,지역인재교과우수자전형,5.49,5.76
2026,한남대학교,컴퓨터공학과,학생부교과,지역인재교과우수자전형,4.16,4.16
2026,한남대학교,토목환경공학전공,학생부교과,지역인재교과우수자전형,5.06,5.17
2026,한남대학교,화학공학과,학생부교과,지역인재교과우수자전형,4.88,5.23
2026,한남대학교,화학과,학생부교과,지역인재교과우수자전형,5.58,6.02
2026,한남대학교,자유전공학부,학생부교과,지역인재교과우수자전형,5.1,5.1
2026,한남대학교,미디어영상학과,학생부종합,창업인재전형,5.4,5.71
2026,한남대학교,패션디자인학과,학생부종합,창업인재전형,4.37,4.37
2026,한남대학교,경영정보학과,학생부종합,창업인재전형,5.4,5.71
2026,한남대학교,경영학과,학생부종합,창업인재전형,3.69,4.94
2026,한남대학교,무역물류학과,학생부종합,창업인재전형,5.4,5.71
2026,한남대학교,사회적경제기업학과,학생부종합,창업인재전형,5.4,5.71
2026,한남대학교,패션디자인학과,학생부종합,한남인재 I (서류)전형,4.46,4.51
2026,한남대학교,경영학과,학생부종합,한남인재 I (서류)전형,4.68,4.78
2026,한남대학교,경제학과,학생부종합,한남인재 I (서류)전형,4.9,5.27
2026,한남대학교,경찰학과,학생부종합,한남인재 I (서류)전형,3.62,3.94
2026,한남대학교,교육학과,학생부종합,한남인재 I (서류)전형,3.76,3.76
2026,한남대학교,국어교육과,학생부종합,한남인재 I (서류)전형,3.31,3.5
2026,한남대학교,국어국문창작학과,학생부종합,한남인재 I (서류)전형,5.07,5.41
2026,한남대학교,기독교학과,학생부종합,한남인재 I (서류)전형,6.4,6.4
2026,한남대학교,"린튼글로벌스쿨(글로벌비즈니스,글로벌미디어컬쳐)",학생부종합,한남인재 I (서류)전형,5.72,6.79
2026,한남대학교,무역물류학과,학생부종합,한남인재 I (서류)전형,5.58,5.68
2026,한남대학교,문헌정보학과,학생부종합,한남인재 I (서류)전형,4.16,4.42
2026,한남대학교,"법학부(법학전공,법무법학전공)",학생부종합,한남인재 I (서류)전형,6.26,6.3
2026,한남대학교,빅데이터응용학과,학생부종합,한남인재 I (서류)전형,5.43,5.99
2026,한남대학교,사학과,학생부종합,한남인재 I (서류)전형,4.39,4.42
2026,한남대학교,사회복지학과,학생부종합,한남인재 I (서류)전형,4.11,4.43
2026,한남대학교,사회적경제기업학과,학생부종합,한남인재 I (서류)전형,7.5,6.3
2026,한남대학교,상담심리학과,학생부종합,한남인재 I (서류)전형,4.74,4.46
2026,한남대학교,아동복지학과,학생부종합,한남인재 I (서류)전형,5.2,5.36
2026,한남대학교,역사교육과,학생부종합,한남인재 I (서류)전형,2.98,3.05
2026,한남대학교,영어교육과,학생부종합,한남인재 I (서류)전형,4.02,4.04
2026,한남대학교,영어영문학과,학생부종합,한남인재 I (서류)전형,5.57,5.62
2026,한남대학교,응용영어컨텐츠학과,학생부종합,한남인재 I (서류)전형,6.25,
2026,한남대학교,일어일문학전공,학생부종합,한남인재 I (서류)전형,4.88,5.62
2026,한남대학교,정치언론학과,학생부종합,한남인재 I (서류)전형,4.96,5.52
2026,한남대학교,중국경제통상학과,학생부종합,한남인재 I (서류)전형,5.89,6.25
2026,한남대학교,프랑스어문학전공,학생부종합,한남인재 I (서류)전형,5.48,5.99
2026,한남대학교,행정학과,학생부종합,한남인재 I (서류)전형,5.08,6.18
2026,한남대학교,호텔관광경영학과,학생부종합,한남인재 I (서류)전형,5.47,6.58
2026,한남대학교,회계학과,학생부종합,한남인재 I (서류)전형,5.33,5.6
2026,한남대학교,AI융합학과,학생부종합,한남인재 I (서류)전형,5.2,5.44
2026,한남대학교,간호학과,학생부종합,한남인재 I (서류)전형,3.33,3.44
2026,한남대학교,건축공학전공,학생부종합,한남인재 I (서류)전형,5.17,5.39
2026,한남대학교,건축학과(5년제),학생부종합,한남인재 I (서류)전형,4.18,4.3
2026,한남대학교,경영정보학과,학생부종합,한남인재 I (서류)전형,5.03,5.12
2026,한남대학교,기계공학과,학생부종합,한남인재 I (서류)전형,4.93,5
2026,한남대학교,멀티미디어공학과,학생부종합,한남인재 I (서류)전형,5.4,5.59
2026,한남대학교,미디어영상학과,학생부종합,한남인재 I (서류)전형,3.83,4.43
2026,한남대학교,바이오제약공학과,학생부종합,한남인재 I (서류)전형,4.52,4.52
2026,한남대학교,산업경영공학과,학생부종합,한남인재 I (서류)전형,6.4,6.63
2026,한남대학교,생명시스템과학과,학생부종합,한남인재 I (서류)전형,5.25,5.31
2026,한남대학교,수학과,학생부종합,한남인재 I (서류)전형,5.36,6.87
2026,한남대학교,수학교육과,학생부종합,한남인재 I (서류)전형,3.55,3.55
2026,한남대학교,식품영양학과,학생부종합,한남인재 I (서류)전형,5.09,5.48
2026,한남대학교,신소재공학과,학생부종합,한남인재 I (서류)전형,5.15,6.59
2026,한남대학교,전기전자공학과,학생부종합,한남인재 I (서류)전형,5.44,5.68
2026,한남대학교,정보통신공학과,학생부종합,한남인재 I (서류)전형,5.94,6.38
2026,한남대학교,컴퓨터공학과,학생부종합,한남인재 I (서류)전형,4.93,5.66
2026,한남대학교,토목환경공학전공,학생부종합,한남인재 I (서류)전형,5.4,5.71
2026,한남대학교,화학공학과,학생부종합,한남인재 I (서류)전형,4.79,4.93
2026,한남대학교,화학과,학생부종합,한남인재 I (서류)전형,5.37,6
2026,한남대학교,자유전공학부,학생부종합,한남인재 I (서류)전형,5.48,5.89
2026,한남대학교,경찰학과,학생부종합,한남인재 II (면접형)전형,3.75,3.8
2026,한남대학교,교육학과,학생부종합,한남인재 II (면접형)전형,4,4.24
2026,한남대학교,국어교육과,학생부종합,한남인재 II (면접형)전형,3.78,3.78
2026,한남대학교,문헌정보학과,학생부종합,한남인재 II (면접형)전형,4.27,4.27
2026,한남대학교,사회복지학과,학생부종합,한남인재 II (면접형)전형,4.11,4.43
2026,한남대학교,상담심리학과,학생부종합,한남인재 II (면접형)전형,4.28,5.01
2026,한남대학교,아동복지학과,학생부종합,한남인재 II (면접형)전형,5.2,5.36
2026,한남대학교,역사교육과,학생부종합,한남인재 II (면접형)전형,3.42,3.51
2026,한남대학교,영어교육과,학생부종합,한남인재 II (면접형)전형,3.61,3.61
2026,한남대학교,간호학과,학생부종합,한남인재 II (면접형)전형,3.31,3.61
2026,한남대학교,건축학과(5년제),학생부종합,한남인재 II (면접형)전형,3.45,3.62
2026,한남대학교,미디어영상학과,학생부종합,한남인재 II (면접형)전형,4.37,4.8
2026,한남대학교,수학교육과,학생부종합,한남인재 II (면접형)전형,4.91,4.96
2026,한남대학교,전기전자공학과,학생부종합,한남인재 II (면접형)전형,4.52,4.52
2026,한남대학교,컴퓨터공학과,학생부종합,한남인재 II (면접형)전형,4.79,6.12
2026,한밭대학교,산업디자인학과,실기/실적,실기(일반)전형,5,3.3
2026,한밭대학교,시각영상디자인학과,실기/실적,실기(일반)전형,3.62,4.41
2026,한밭대학교,산업디자인학과,학생부교과,농어촌학생전형(외),,
2026,한밭대학교,시각영상디자인학과,학생부교과,농어촌학생전형(외),,
2026,한밭대학교,경제학과,학생부교과,농어촌학생전형(외),4.72,4.26
2026,한밭대학교,공공행정학과,학생부교과,농어촌학생전형(외),,
2026,한밭대학교,영어영문학과,학생부교과,농어촌학생전형(외),4.58,4.9
2026,한밭대학교,융합경영학과,학생부교과,농어촌학생전형(외),3.95,4.35
2026,한밭대학교,일본어과,학생부교과,농어촌학생전형(외),4.59,4.8
2026,한밭대학교,중국어과,학생부교과,농어촌학생전형(외),4.94,4.82
2026,한밭대학교,회계세무학과,학생부교과,농어촌학생전형(외),4.39,5.19
2026,한밭대학교,건설환경공학과,학생부교과,농어촌학생전형(외),5.74,4.88
2026,한밭대학교,건축공학과,학생부교과,농어촌학생전형(외),,5.41
2026,한밭대학교,건축학과(5년제),학생부교과,농어촌학생전형(외),,
2026,한밭대학교,기계공학과,학생부교과,농어촌학생전형(외),4.66,4.88
2026,한밭대학교,도시공학과,학생부교과,농어촌학생전형(외),4.83,5.2
2026,한밭대학교,모바일융합공학과,학생부교과,농어촌학생전형(외),,
2026,한밭대학교,산업경영공학과,학생부교과,농어촌학생전형(외),,4.88
2026,한밭대학교,설비공학과,학생부교과,농어촌학생전형(외),5.52,6
2026,한밭대학교,신소재공학과,학생부교과,농어촌학생전형(외),3.77,4.08
2026,한밭대학교,전기공학과,학생부교과,농어촌학생전형(외),4.95,4.75
2026,한밭대학교,전자공학과,학생부교과,농어촌학생전형(외),4,3.92
2026,한밭대학교,정보통신공학과,학생부교과,농어촌학생전형(외),5.29,
2026,한밭대학교,지능미디어공학과,학생부교과,농어촌학생전형(외),,
2026,한밭대학교,창의융합학과,학생부교과,농어촌학생전형(외),4.94,5.57
2026,한밭대학교,컴퓨터공학과,학생부교과,농어촌학생전형(외),4.06,4.09
2026,한밭대학교,화학생명공학과,학생부교과,농어촌학생전형(외),3.85,3.85
2026,한밭대학교,경제학과,학생부교과,지역인재(교과)전형,4.06,4.25
2026,한밭대학교,공공행정학과,학생부교과,지역인재(교과)전형,3.72,3.94
2026,한밭대학교,영어영문학과,학생부교과,지역인재(교과)전형,3.77,3.77
2026,한밭대학교,융합경영학과,학생부교과,지역인재(교과)전형,3.84,3.7
2026,한밭대학교,인문사회경상학부,학생부교과,지역인재(교과)전형,3.77,3.85
2026,한밭대학교,일본어과,학생부교과,지역인재(교과)전형,3.54,3.54
2026,한밭대학교,중국어과,학생부교과,지역인재(교과)전형,4.46,4.71
2026,한밭대학교,회계세무학과,학생부교과,지역인재(교과)전형,3.83,3.89
2026,한밭대학교,건설환경공학과,학생부교과,지역인재(교과)전형,4.82,4.31
2026,한밭대학교,건축공학과,학생부교과,지역인재(교과)전형,3.46,3.46
2026,한밭대학교,건축학과(5년제),학생부교과,지역인재(교과)전형,3.54,3.91
2026,한밭대학교,공학건설학부,학생부교과,지역인재(교과)전형,4.23,4.23
2026,한밭대학교,기계공학과,학생부교과,지역인재(교과)전형,4.5,3.4
2026,한밭대학교,도시공학과,학생부교과,지역인재(교과)전형,4.51,4.48
2026,한밭대학교,모바일융합공학과,학생부교과,지역인재(교과)전형,4.89,4.75
2026,한밭대학교,반도체시스템공학과,학생부교과,지역인재(교과)전형,4.26,4.45
2026,한밭대학교,산업경영공학과,학생부교과,지역인재(교과)전형,4.55,4.75
2026,한밭대학교,설비공학과,학생부교과,지역인재(교과)전형,4.36,5.25
2026,한밭대학교,신소재공학과,학생부교과,지역인재(교과)전형,3.92,4.08
2026,한밭대학교,인공지능소프트웨어학과,학생부교과,지역인재(교과)전형,4.04,4.25
2026,한밭대학교,자율전공학부,학생부교과,지역인재(교과)전형,3.77,3.92
2026,한밭대학교,전기공학과,학생부교과,지역인재(교과)전형,4.09,3.47
2026,한밭대학교,전자공학과,학생부교과,지역인재(교과)전형,3.54,3.54
2026,한밭대학교,정보기술학부,학생부교과,지역인재(교과)전형,4.63,4.19
2026,한밭대학교,정보통신공학과,학생부교과,지역인재(교과)전형,4.36,4.37
2026,한밭대학교,지능미디어공학과,학생부교과,지역인재(교과)전형,4.32,4.61
2026,한밭대학교,창의융합학과,학생부교과,지역인재(교과)전형,,4.28
2026,한밭대학교,컴퓨터공학과,학생부교과,지역인재(교과)전형,3.79,4
2026,한밭대학교,화학생명공학과,학생부교과,지역인재(교과)전형,3.54,3.46
2026,한밭대학교,경제학과,학생부교과,학생부교과전형,3.23,3.62
2026,한밭대학교,공공행정학과,학생부교과,학생부교과전형,3,3
2026,한밭대학교,영어영문학과,학생부교과,학생부교과전형,3.54,3.62
2026,한밭대학교,융합경영학과,학생부교과,학생부교과전형,3.31,3.38
2026,한밭대학교,인문사회경상학부,학생부교과,학생부교과전형,3.77,3.23
2026,한밭대학교,일본어과,학생부교과,학생부교과전형,3.69,3.69
2026,한밭대학교,중국어과,학생부교과,학생부교과전형,4.31,4.15
2026,한밭대학교,회계세무학과,학생부교과,학생부교과전형,3.23,3.62
2026,한밭대학교,건설환경공학과,학생부교과,학생부교과전형,4.31,5.27
2026,한밭대학교,건축공학과,학생부교과,학생부교과전형,3.77,3.54
2026,한밭대학교,건축학과(5년제),학생부교과,학생부교과전형,2.85,2.85
2026,한밭대학교,공학건설학부,학생부교과,학생부교과전형,4.46,4.46
2026,한밭대학교,기계공학과,학생부교과,학생부교과전형,5.08,4.77
2026,한밭대학교,도시공학과,학생부교과,학생부교과전형,3.69,3.54
2026,한밭대학교,모바일융합공학과,학생부교과,학생부교과전형,3.85,4.31
2026,한밭대학교,반도체시스템공학과,학생부교과,학생부교과전형,3.54,3.77
2026,한밭대학교,산업경영공학과,학생부교과,학생부교과전형,3.69,4.08
2026,한밭대학교,설비공학과,학생부교과,학생부교과전형,5.02,5.67
2026,한밭대학교,신소재공학과,학생부교과,학생부교과전형,3.69,3.92
2026,한밭대학교,인공지능소프트웨어학과,학생부교과,학생부교과전형,3.77,4.08
2026,한밭대학교,자율전공학부,학생부교과,학생부교과전형,3.77,3.85
2026,한밭대학교,전기공학과,학생부교과,학생부교과전형,3.38,3.31
2026,한밭대학교,전자공학과,학생부교과,학생부교과전형,3.54,3.62
2026,한밭대학교,정보기술학부,학생부교과,학생부교과전형,4.8,
2026,한밭대학교,정보통신공학과,학생부교과,학생부교과전형,3.85,4.23
2026,한밭대학교,지능미디어공학과,학생부교과,학생부교과전형,4.23,4.31
2026,한밭대학교,창의융합학과,학생부교과,학생부교과전형,,5.85
2026,한밭대학교,컴퓨터공학과,학생부교과,학생부교과전형,3.54,3.38
2026,한밭대학교,화학생명공학과,학생부교과,학생부교과전형,3.08,3.46
2026,한밭대학교,경제학과,학생부종합,국가보훈대상자전형,,
2026,한밭대학교,중국어과,학생부종합,국가보훈대상자전형,,
2026,한밭대학교,건축공학과,학생부종합,국가보훈대상자전형,,
2026,한밭대학교,산업경영공학과,학생부종합,국가보훈대상자전형,,
2026,한밭대학교,설비공학과,학생부종합,국가보훈대상자전형,,
2026,한밭대학교,전기공학과,학생부종합,국가보훈대상자전형,,
2026,한밭대학교,컴퓨터공학과,학생부종합,국가보훈대상자전형,,
2026,한밭대학교,산업디자인학과,학생부종합,지역인재(종합)전형,4.92,4.55
2026,한밭대학교,시각영상디자인학과,학생부종합,지역인재(종합)전형,4.51,4.28
2026,한밭대학교,경제학과,학생부종합,지역인재(종합)전형,4.44,4.57
2026,한밭대학교,공공행정학과,학생부종합,지역인재(종합)전형,3.93,4.33
2026,한밭대학교,영어영문학과,학생부종합,지역인재(종합)전형,5,4.7
2026,한밭대학교,융합경영학과,학생부종합,지역인재(종합)전형,4.29,4.84
2026,한밭대학교,일본어과,학생부종합,지역인재(종합)전형,4.93,4.35
2026,한밭대학교,중국어과,학생부종합,지역인재(종합)전형,5.56,5.63
2026,한밭대학교,회계세무학과,학생부종합,지역인재(종합)전형,4,4
2026,한밭대학교,건설환경공학과,학생부종합,지역인재(종합)전형,5.8,5.68
2026,한밭대학교,건축공학과,학생부종합,지역인재(종합)전형,4.92,4.92
2026,한밭대학교,건축학과(5년제),학생부종합,지역인재(종합)전형,4.12,4.12
2026,한밭대학교,기계공학과,학생부종합,지역인재(종합)전형,5.16,5.16
2026,한밭대학교,도시공학과,학생부종합,지역인재(종합)전형,4.88,5.19
2026,한밭대학교,모바일융합공학과,학생부종합,지역인재(종합)전형,4.96,5.27
2026,한밭대학교,반도체시스템공학과,학생부종합,지역인재(종합)전형,4.77,4.78
2026,한밭대학교,산업경영공학과,학생부종합,지역인재(종합)전형,4.9,4.9
2026,한밭대학교,설비공학과,학생부종합,지역인재(종합)전형,5.47,5.54
2026,한밭대학교,신소재공학과,학생부종합,지역인재(종합)전형,5.17,4.16
2026,한밭대학교,인공지능소프트웨어학과,학생부종합,지역인재(종합)전형,4.91,4.68
2026,한밭대학교,전기공학과,학생부종합,지역인재(종합)전형,4.48,4.72
2026,한밭대학교,전자공학과,학생부종합,지역인재(종합)전형,4.76,5.27
2026,한밭대학교,정보통신공학과,학생부종합,지역인재(종합)전형,4.96,4.96
2026,한밭대학교,지능미디어공학과,학생부종합,지역인재(종합)전형,5.19,5.59
2026,한밭대학교,컴퓨터공학과,학생부종합,지역인재(종합)전형,4.14,4.29
2026,한밭대학교,화학생명공학과,학생부종합,지역인재(종합)전형,4.62,4.28
2026,한밭대학교,경제학과,학생부종합,학생부종합(일반)전형,5.04,4.93
2026,한밭대학교,공공행정학과,학생부종합,학생부종합(일반)전형,3.97,3.7
2026,한밭대학교,영어영문학과,학생부종합,학생부종합(일반)전형,5.03,5
2026,한밭대학교,융합경영학과,학생부종합,학생부종합(일반)전형,3.93,4.48
2026,한밭대학교,일본어과,학생부종합,학생부종합(일반)전형,4.42,4.79
2026,한밭대학교,중국어과,학생부종합,학생부종합(일반)전형,4.95,5.69
2026,한밭대학교,회계세무학과,학생부종합,학생부종합(일반)전형,3.05,2.81
2026,한밭대학교,건설환경공학과,학생부종합,학생부종합(일반)전형,5.17,5.59
2026,한밭대학교,건축공학과,학생부종합,학생부종합(일반)전형,4.69,4.78
2026,한밭대학교,건축학과(5년제),학생부종합,학생부종합(일반)전형,4.1,4
2026,한밭대학교,기계공학과,학생부종합,학생부종합(일반)전형,4.81,5
2026,한밭대학교,도시공학과,학생부종합,학생부종합(일반)전형,5.03,5.17
2026,한밭대학교,모바일융합공학과,학생부종합,학생부종합(일반)전형,4.83,5.15
2026,한밭대학교,반도체시스템공학과,학생부종합,학생부종합(일반)전형,4.29,4.03
2026,한밭대학교,산업경영공학과,학생부종합,학생부종합(일반)전형,3.9,5.54
2026,한밭대학교,설비공학과,학생부종합,학생부종합(일반)전형,5.79,5.53
2026,한밭대학교,신소재공학과,학생부종합,학생부종합(일반)전형,4.59,4.69
2026,한밭대학교,인공지능소프트웨어학과,학생부종합,학생부종합(일반)전형,4.79,4.61
2026,한밭대학교,전기공학과,학생부종합,학생부종합(일반)전형,4.45,4.52
2026,한밭대학교,전자공학과,학생부종합,학생부종합(일반)전형,5.66,5.36
2026,한밭대학교,정보통신공학과,학생부종합,학생부종합(일반)전형,4.55,4.55
2026,한밭대학교,지능미디어공학과,학생부종합,학생부종합(일반)전형,4.68,4.82
2026,한밭대학교,컴퓨터공학과,학생부종합,학생부종합(일반)전형,4.23,4.44
2026,한밭대학교,화학생명공학과,학생부종합,학생부종합(일반)전형,4.12,4.21
2026,한밭대학교,건설환경공학과,학생부종합,학생부종합(학석사)전형,5.17,5.59
2026,한밭대학교,기계공학과,학생부종합,학생부종합(학석사)전형,4.81,5
2026,한밭대학교,산업경영공학과,학생부종합,학생부종합(학석사)전형,3.9,5.54
2026,한밭대학교,창의융합학과,학생부종합,학생부종합(학석사)전형,5.35,5.36
2026,한신대학교,IT경영학,논술,논술전형,4.88,4.51
2026,한신대학교,경영학,논술,논술전형,4.88,4.51
2026,한신대학교,경제금융학,논술,논술전형,5.37,4.23
2026,한신대학교,공공인재빅데이터융합학,논술,논술전형,5.09,4.59
2026,한신대학교,글로벌비즈니스학,논술,논술전형,6.27,5.19
2026,한신대학교,디지털영상문화콘텐츠학,논술,논술전형,6.37,4.61
2026,한신대학교,문예창작학,논술,논술전형,3.84,4.74
2026,한신대학교,미디어영상광고홍보학,논술,논술전형,6.27,5.19
2026,한신대학교,사회복지학,논술,논술전형,5.13,6.76
2026,한신대학교,심리아동학,논술,논술전형,5.44,5
2026,한신대학교,영미문화학,논술,논술전형,4.84,5.15
2026,한신대학교,일본학,논술,논술전형,4.25,5.95
2026,한신대학교,재활상담학,논술,논술전형,6.05,5.37
2026,한신대학교,중국어문화콘텐츠학,논술,논술전형,6.16,6.84
2026,한신대학교,한국사학,논술,논술전형,4.14,3.44
2026,한신대학교,한국어문학,논술,논술전형,5.26,5.32
2026,한신대학교,AI.SW학,논술,논술전형,4.63,4.87
2026,한신대학교,AI시스템반도체학,논술,논술전형,5.3,4.38
2026,한신대학교,금융공학,논술,논술전형,4.84,5.82
2026,한신대학교,빅데이터융합학,논술,논술전형,4.93,4.76
2026,한신대학교,자유전공학부,논술,논술전형,4.64,5.29
2026,한신대학교,경영학,학생부교과,농어촌학생전형(외),,3.53
2026,한신대학교,디지털영상문화콘텐츠학,학생부교과,농어촌학생전형(외),3.83,3.83
2026,한신대학교,미디어영상광고홍보학,학생부교과,농어촌학생전형(외),,
2026,한신대학교,사회복지학,학생부교과,농어촌학생전형(외),4.52,4.52
2026,한신대학교,심리아동학,학생부교과,농어촌학생전형(외),,3.51
2026,한신대학교,AI.SW학,학생부교과,농어촌학생전형(외),,4.42
2026,한신대학교,경영미디어계열,학생부교과,학교장추천전형,,
2026,한신대학교,경제통상국제공공인재융합계열,학생부교과,학교장추천전형,3.76,3.76
2026,한신대학교,신학인문융합계열,학생부교과,학교장추천전형,3.76,3.76
2026,한신대학교,휴먼서비스계열,학생부교과,학교장추천전형,3.42,3.48
2026,한신대학교,AI.SW학,학생부교과,학교장추천전형,3.94,
2026,한신대학교,첨단융합계열,학생부교과,학교장추천전형,3.88,4.03
2026,한신대학교,경영미디어계열,학생부교과,학생부우수자전형,,3.27
2026,한신대학교,경제통상국제공공인재융합계열,학생부교과,학생부우수자전형,3.42,3.56
2026,한신대학교,신학인문융합계열,학생부교과,학생부우수자전형,3.55,3.55
2026,한신대학교,휴먼서비스계열,학생부교과,학생부우수자전형,3.38,3.54
2026,한신대학교,AI.SW학,학생부교과,학생부우수자전형,3.52,3.69
2026,한신대학교,AI시스템반도체학,학생부교과,학생부우수자전형,5,4.56
2026,한신대학교,첨단융합계열,학생부교과,학생부우수자전형,3.71,3.82
2026,한신대학교,자유전공학부,학생부교과,학생부우수자전형,4.5,4.48
2026,한신대학교,IT경영학,학생부종합,참인재전형,,
2026,한신대학교,경영학,학생부종합,참인재전형,,
2026,한신대학교,경제금융학,학생부종합,참인재전형,,
2026,한신대학교,공공인재빅데이터융합학,학생부종합,참인재전형,,
2026,한신대학교,국제관계학,학생부종합,참인재전형,,
2026,한신대학교,글로벌비즈니스학,학생부종합,참인재전형,,
2026,한신대학교,독일어문화학,학생부종합,참인재전형,,
2026,한신대학교,동아시아통상학,학생부종합,참인재전형,,
2026,한신대학교,디지털영상문화콘텐츠학,학생부종합,참인재전형,,
2026,한신대학교,문예창작학,학생부종합,참인재전형,,
2026,한신대학교,미디어영상광고홍보학,학생부종합,참인재전형,,
2026,한신대학교,사회복지학,학생부종합,참인재전형,,
2026,한신대학교,사회학,학생부종합,참인재전형,,
2026,한신대학교,신학,학생부종합,참인재전형,,
2026,한신대학교,심리아동학,학생부종합,참인재전형,,
2026,한신대학교,영미문화학,학생부종합,참인재전형,,
2026,한신대학교,일본학,학생부종합,참인재전형,,
2026,한신대학교,재활상담학,학생부종합,참인재전형,,
2026,한신대학교,중국어문화콘텐츠학,학생부종합,참인재전형,,
2026,한신대학교,철학,학생부종합,참인재전형,,
2026,한신대학교,한국사학,학생부종합,참인재전형,,
2026,한신대학교,한국어문학,학생부종합,참인재전형,,
2026,한신대학교,AI.SW학,학생부종합,참인재전형,,
2026,한신대학교,AI시스템반도체학,학생부종합,참인재전형,,
2026,한신대학교,금융공학,학생부종합,참인재전형,,
2026,한신대학교,빅데이터융합학,학생부종합,참인재전형,,
2026,한신대학교,자유전공학부,학생부종합,참인재전형,,
2026,홍익대학교(세종),"건축공학부 (건축디자인(5년제),건축공학)",논술,논술전형,,
2026,홍익대학교(세종),게임소프트웨어전공(공학계),논술,논술전형,,
2026,홍익대학교(세종),과학기술대학자율전공,논술,논술전형,,
2026,홍익대학교(세종),기계정보공학과,논술,논술전형,,
2026,홍익대학교(세종),나노신소재학과,논술,논술전형,,
2026,홍익대학교(세종),바이오화학공학과,논술,논술전형,,
2026,홍익대학교(세종),소프트웨어융합학과,논술,논술전형,,
2026,홍익대학교(세종),"자율전공(자연,예능)",논술,논술전형,,
2026,홍익대학교(세종),전자전기융합공학과,논술,논술전형,,
2026,홍익대학교(세종),조선해양공학과,논술,논술전형,,
2026,홍익대학교(세종),광고홍보학부,학생부교과,교과우수자전형,3.46,4.12
2026,홍익대학교(세종),"상경학부 (글로벌경영,회계학,금융보험학)",학생부교과,교과우수자전형,4.35,4.23
2026,홍익대학교(세종),자율전공(인문예능),학생부교과,교과우수자전형,4.08,4.26
2026,홍익대학교(세종),"건축공학부 (건축디자인(5년제),건축공학)",학생부교과,교과우수자전형,4.15,3.85
2026,홍익대학교(세종),게임소프트웨어전공(공학계),학생부교과,교과우수자전형,3.93,3.71
2026,홍익대학교(세종),과학기술대학자율전공,학생부교과,교과우수자전형,4.27,4.33
2026,홍익대학교(세종),기계정보공학과,학생부교과,교과우수자전형,4.08,4.26
2026,홍익대학교(세종),나노신소재학과,학생부교과,교과우수자전형,4.08,4.26
2026,홍익대학교(세종),바이오화학공학과,학생부교과,교과우수자전형,4.56,3.79
2026,홍익대학교(세종),소프트웨어융합학과,학생부교과,교과우수자전형,4.69,4.27
2026,홍익대학교(세종),"자율전공(자연,예능)",학생부교과,교과우수자전형,4.08,4.26
2026,홍익대학교(세종),전자전기융합공학과,학생부교과,교과우수자전형,4.56,4.37
2026,홍익대학교(세종),조선해양공학과,학생부교과,교과우수자전형,5.09,4.89
2026,홍익대학교(세종),광고홍보학부,학생부교과,농어촌학생전형(외),3.73,3.6
2026,홍익대학교(세종),"상경학부 (글로벌경영,회계학,금융보험학)",학생부교과,농어촌학생전형(외),4.98,4.17
2026,홍익대학교(세종),"건축공학부 (건축디자인(5년제),건축공학)",학생부교과,농어촌학생전형(외),3.96,3.91
2026,홍익대학교(세종),게임소프트웨어전공(공학계),학생부교과,농어촌학생전형(외),3.13,4.32
2026,홍익대학교(세종),기계정보공학과,학생부교과,농어촌학생전형(외),3.83,5.76
2026,홍익대학교(세종),나노신소재학과,학생부교과,농어촌학생전형(외),3.83,5.76
2026,홍익대학교(세종),바이오화학공학과,학생부교과,농어촌학생전형(외),,4.26
2026,홍익대학교(세종),소프트웨어융합학과,학생부교과,농어촌학생전형(외),4.33,4.21
2026,홍익대학교(세종),전자전기융합공학과,학생부교과,농어촌학생전형(외),3.83,5.76
2026,홍익대학교(세종),조선해양공학과,학생부교과,농어촌학생전형(외),4.1,7.06
2026,홍익대학교(세종),광고홍보학부,학생부종합,학교생활우수자전형,4.03,4.03
2026,홍익대학교(세종),"상경학부 (글로벌경영,회계학,금융보험학)",학생부종합,학교생활우수자전형,4.88,4.82
2026,홍익대학교(세종),자율전공(인문예능),학생부종합,학교생활우수자전형,3.89,4.05
2026,홍익대학교(세종),"건축공학부 (건축디자인(5년제),건축공학)",학생부종합,학교생활우수자전형,3.91,3.63
2026,홍익대학교(세종),게임소프트웨어전공(공학계),학생부종합,학교생활우수자전형,4.06,3.9
2026,홍익대학교(세종),과학기술대학자율전공,학생부종합,학교생활우수자전형,3.85,4.5
2026,홍익대학교(세종),기계정보공학과,학생부종합,학교생활우수자전형,3.89,4.05
2026,홍익대학교(세종),나노신소재학과,학생부종합,학교생활우수자전형,3.89,4.05
2026,홍익대학교(세종),바이오화학공학과,학생부종합,학교생활우수자전형,5.08,3.51
2026,홍익대학교(세종),소프트웨어융합학과,학생부종합,학교생활우수자전형,4.35,4.35
2026,홍익대학교(세종),"자율전공(자연,예능)",학생부종합,학교생활우수자전형,3.89,4.05
2026,홍익대학교(세종),전자전기융합공학과,학생부종합,학교생활우수자전형,4.73,4.73
2026,홍익대학교(세종),조선해양공학과,학생부종합,학교생활우수자전형,5.23,5.08
2026,제주대학교,경영정보학과,학생부교과,일반전형,4.8,4.89
2026,제주대학교,경영학과,학생부교과,일반전형,2.97,3.13
2026,제주대학교,경제학과,학생부교과,일반전형,4.67,4.68
2026,제주대학교,관광개발학과,학생부교과,일반전형,4.89,5.15
2026,제주대학교,관광경영학과,학생부교과,일반전형,4.12,4.32
2026,제주대학교,국어교육과,학생부교과,일반전형,3.34,4.9
2026,제주대학교,국어국문학과,학생부교과,일반전형,4.67,4.8
2026,제주대학교,독일학과,학생부교과,일반전형,5.39,5.88
2026,제주대학교,무역학과,학생부교과,일반전형,4.8,5.16
2026,제주대학교,사학과,학생부교과,일반전형,4.62,4.79
2026,제주대학교,사회교육과,학생부교과,일반전형,,2.77
2026,제주대학교,사회학과,학생부교과,일반전형,4.33,4.61
2026,제주대학교,산업응용경제학과,학생부교과,일반전형,5.79,5.81
2026,제주대학교,언론홍보학과,학생부교과,일반전형,4.07,4.16
2026,제주대학교,영어교육과,학생부교과,일반전형,2.84,3.16
2026,제주대학교,영어영문학과,학생부교과,일반전형,4.01,4.28
2026,제주대학교,윤리교육과,학생부교과,일반전형,,4.54
2026,제주대학교,일어일문학과,학생부교과,일반전형,4.62,4.86
2026,제주대학교,정치외교학과,학생부교과,일반전형,4.76,5.02
2026,제주대학교,중어중문학과,학생부교과,일반전형,4.62,4.98
2026,제주대학교,지리교육과,학생부교과,일반전형,3.99,4.31
2026,제주대학교,철학과,학생부교과,일반전형,5.03,5.07
2026,제주대학교,행정학과,학생부교과,일반전형,4.4,4.5
2026,제주대학교,회계학과,학생부교과,일반전형,4.6,4.66
2026,제주대학교,경영학과(야),학생부교과,일반전형,5.12,3.64
2026,제주대학교,행정학과(야),학생부교과,일반전형,5.6,5.78
2026,제주대학교,경영정보학과,학생부종합,일반전형(종합),,
2026,제주대학교,경영학과,학생부종합,일반전형(종합),,
2026,제주대학교,경제학과,학생부종합,일반전형(종합),,
2026,제주대학교,관광개발학과,학생부종합,일반전형(종합),,
2026,제주대학교,관광경영학과,학생부종합,일반전형(종합),,
2026,제주대학교,국어교육과,학생부종합,일반전형(종합),,
2026,제주대학교,국어국문학과,학생부종합,일반전형(종합),,
2026,제주대학교,독일학과,학생부종합,일반전형(종합),,
2026,제주대학교,무역학과,학생부종합,일반전형(종합),,
2026,제주대학교,사학과,학생부종합,일반전형(종합),,
2026,제주대학교,사회교육과,학생부종합,일반전형(종합),,
2026,제주대학교,사회학과,학생부종합,일반전형(종합),,
2026,제주대학교,산업응용경제학과,학생부종합,일반전형(종합),,
2026,제주대학교,언론홍보학과,학생부종합,일반전형(종합),,
2026,제주대학교,영어교육과,학생부종합,일반전형(종합),,
2026,제주대학교,영어영문학과,학생부종합,일반전형(종합),,
2026,제주대학교,윤리교육과,학생부종합,일반전형(종합),,
2026,제주대학교,일어일문학과,학생부종합,일반전형(종합),,
2026,제주대학교,정치외교학과,학생부종합,일반전형(종합),,
2026,제주대학교,중어중문학과,학생부종합,일반전형(종합),,
2026,제주대학교,지리교육과,학생부종합,일반전형(종합),,
2026,제주대학교,철학과,학생부종합,일반전형(종합),,
2026,제주대학교,행정학과,학생부종합,일반전형(종합),,
2026,제주대학교,회계학과,학생부종합,일반전형(종합),,
2026,제주대학교,경영학과(야),학생부종합,일반전형(종합),,
2026,제주대학교,행정학과(야),학생부종합,일반전형(종합),,
2026,제주대학교,간호학과,학생부교과,일반전형,3.16,3.23
2026,제주대학교,건축공학과,학생부교과,일반전형,5.24,5.7
2026,제주대학교,건축학과,학생부교과,일반전형,,
2026,제주대학교,기계시스템공학과,학생부교과,일반전형,5.22,5.33
2026,제주대학교,데이터사이언스학과,학생부교과,일반전형,5.59,5.81
2026,제주대학교,물리교육전공,학생부교과,일반전형,,
2026,제주대학교,물리학과,학생부교과,일반전형,6.11,6.89
2026,제주대학교,바이오메디컬정보학과,학생부교과,일반전형,5.46,5.71
2026,제주대학교,생명공학부,학생부교과,일반전형,4.7,4.94
2026,제주대학교,생물교육전공,학생부교과,일반전형,,
2026,제주대학교,생물학과,학생부교과,일반전형,5.68,5.84
2026,제주대학교,생활환경복지학부,학생부교과,일반전형,4.66,4.5
2026,제주대학교,수산생명의학과,학생부교과,일반전형,4.04,4.08
2026,제주대학교,수학과,학생부교과,일반전형,6.63,6.77
2026,제주대학교,수학교육과,학생부교과,일반전형,,2.82
2026,제주대학교,식물자원환경전공,학생부교과,일반전형,4.6,4.85
2026,제주대학교,식품생명공학과,학생부교과,일반전형,4.31,4.56
2026,제주대학교,식품영양학과,학생부교과,일반전형,4.26,4.39
2026,제주대학교,원예과학전공,학생부교과,일반전형,4.29,4.48
2026,제주대학교,원자력공학과,학생부교과,일반전형,5.11,5.45
2026,제주대학교,인공지능학과,학생부교과,일반전형,5.28,5.44
2026,제주대학교,전기공학과,학생부교과,일반전형,4.85,4.94
2026,제주대학교,전자공학과,학생부교과,일반전형,4.39,4.74
2026,제주대학교,지구해양과학과,학생부교과,일반전형,5.35,5.4
2026,제주대학교,컴퓨터공학과,학생부교과,일반전형,3.96,4.18
2026,제주대학교,컴퓨터교육과,학생부교과,일반전형,,3.32
2026,제주대학교,토목공학과,학생부교과,일반전형,5.28,5.34
2026,제주대학교,통신공학과,학생부교과,일반전형,5.99,6.09
2026,제주대학교,패션의류학과,학생부교과,일반전형,4.05,5.12
2026,제주대학교,해양산업경찰학과,학생부교과,일반전형,4.19,4.68
2026,제주대학교,해양생명과학과,학생부교과,일반전형,4.27,4.35
2026,제주대학교,해양시스템공학과,학생부교과,일반전형,5.1,5.29
2026,제주대학교,화공그린에너지학과,학생부교과,일반전형,5.42,6.08
2026,제주대학교,화학·코스메틱스학과,학생부교과,일반전형,5.53,5.68
2026,제주대학교,환경공학과,학생부교과,일반전형,5.45,5.64
2026,제주대학교,자유전공,학생부교과,일반전형,3.85,
2026,제주대학교,간호학과,학생부종합,일반전형 (종합),,
2026,제주대학교,건축공학과,학생부종합,일반전형 (종합),,
2026,제주대학교,건축학과,학생부종합,일반전형 (종합),,
2026,제주대학교,기계시스템공학과,학생부종합,일반전형 (종합),,
2026,제주대학교,데이터사이언스학과,학생부종합,일반전형 (종합),,
2026,제주대학교,물리교육전공,학생부종합,일반전형 (종합),,
2026,제주대학교,물리학과,학생부종합,일반전형 (종합),,
2026,제주대학교,바이오메디컬정보학과,학생부종합,일반전형 (종합),,
2026,제주대학교,생명공학부,학생부종합,일반전형 (종합),,
2026,제주대학교,생물교육전공,학생부종합,일반전형 (종합),,
2026,제주대학교,생물학과,학생부종합,일반전형 (종합),,
2026,제주대학교,생활환경복지학부,학생부종합,일반전형 (종합),,
2026,제주대학교,수산생명의학과,학생부종합,일반전형 (종합),,
2026,제주대학교,수학과,학생부종합,일반전형 (종합),,
2026,제주대학교,수학교육과,학생부종합,일반전형 (종합),,
2026,제주대학교,식물자원환경전공,학생부종합,일반전형 (종합),,
2026,제주대학교,식품생명공학과,학생부종합,일반전형 (종합),,
2026,제주대학교,식품영양학과,학생부종합,일반전형 (종합),,
2026,제주대학교,원예과학전공,학생부종합,일반전형 (종합),,
2026,제주대학교,원자력공학과,학생부종합,일반전형 (종합),,
2026,제주대학교,인공지능학과,학생부종합,일반전형 (종합),,
2026,제주대학교,전기공학과,학생부종합,일반전형 (종합),,
2026,제주대학교,전자공학과,학생부종합,일반전형 (종합),,
2026,제주대학교,지구해양과학과,학생부종합,일반전형 (종합),,
2026,제주대학교,컴퓨터공학과,학생부종합,일반전형 (종합),,
2026,제주대학교,컴퓨터교육과,학생부종합,일반전형 (종합),,
2026,제주대학교,토목공학과,학생부종합,일반전형 (종합),,
2026,제주대학교,통신공학과,학생부종합,일반전형 (종합),,
2026,제주대학교,패션의류학과,학생부종합,일반전형 (종합),,
2026,제주대학교,해양산업경찰학과,학생부종합,일반전형 (종합),,
2026,제주대학교,해양생명과학과,학생부종합,일반전형 (종합),,
2026,제주대학교,해양시스템공학과,학생부종합,일반전형 (종합),,
2026,제주대학교,화공그린에너지학과,학생부종합,일반전형 (종합),,
2026,제주대학교,화학·코스메틱스학과,학생부종합,일반전형 (종합),,
2026,제주대학교,환경공학과,학생부종합,일반전형 (종합),,
2026,제주대학교,자유전공,학생부종합,일반전형 (종합),,
2026,제주대학교,자유전공(지역),학생부종합,일반전형 (종합),,
2026,한동대학교,전 모집단위,학생부교과,학생부교과전형,2.61,2.97
2026,한동대학교,전 모집단위,학생부종합,G-IMPACT인재전형,3.89,4.09
2026,한동대학교,전 모집단위,학생부종합,소프트웨어인재전형,3.47,5.16
2026,서울시립대학교,스포츠과학과,학생부종합,학생부종합전형1(면접형),2.31,2.48
2026,원광대학교,경찰행정학과,학생부교과,학생부교과(일반전형),,
2026,원광대학교,경찰행정학과,학생부종합,학생부종합(학생부종합전형),3.8,3.79
2026,전북대학교,사학과,학생부교과,학생부교과 (지역인재 I 전형),3.57,3.59
2026,가야대학교,"특수교육과
(초등특수전공)",학생부교과,일반학생,5.38,4.38
2026,가야대학교,사회복지상담학과,학생부교과,일반학생,6,7
2026,가야대학교,치유웰니스학과,학생부교과,일반학생,,
2026,가야대학교,방사선학과,학생부교과,일반학생,3.75,3.88
2026,가야대학교,간호학과,학생부교과,일반학생,2.75,3.13
2026,가야대학교,물리치료학과,학생부교과,일반학생,2.75,2.75
2026,가야대학교,스포츠재활복지학과,학생부교과,일반학생,4.25,4.5
2026,가야대학교,자유전공학부,학생부교과,일반학생,,
2026,가야대학교,간호학과,학생부교과,가야인재전형,3.38,3.5
2026,가야대학교,물리치료학과,학생부교과,가야인재전형,3.75,3.88
2026,가야대학교,간호학과,학생부교과,지역인재전형,3.25,3.63
2026,가야대학교,물리치료학과,학생부교과,지역인재전형,3.88,4.38
2026,가야대학교,간호학과,학생부교과,기초생활수급자전형,5,5
2026,가야대학교,간호학과,학생부교과,농어촌학생전형(외),4.13,4.25
2026,가야대학교,간호학과,학생부교과,특성화고교졸업자전형(외),2.13,2.63
2026,가야대학교,간호학과,학생부교과,기초생활수급자전형(외),5,5
2026,가야대학교,물리치료학과,학생부교과,기초생활수급자전형(외),4.13,4.63
2026,강원대학교(도계),"소방방재학부(소방방재공학,재난관리공학)",학생부종합,미래인재서류전형,5.44,5.95
2026,강원대학교(도계),사회복지학과,학생부종합,미래인재서류전형,6.01,5.58
2026,강원대학교(도계),유아교육과,학생부종합,미래인재서류전형,4.84,6.01
2026,강원대학교(도계),일본학과,학생부종합,미래인재서류전형,5.11,
2026,강원대학교(도계),간호학과,학생부종합,미래인재서류전형,4.3,4.08
2026,강원대학교(도계),물리치료학과,학생부종합,미래인재서류전형,3.68,4.83
2026,강원대학교(도계),방사선학과,학생부종합,미래인재서류전형,4.43,4.42
2026,강원대학교(도계),바이오기능성소재학과,학생부종합,미래인재서류전형,6.34,6.27
2026,강원대학교(도계),식품영양학과,학생부종합,미래인재서류전형,6.51,6.98
2026,강원대학교(도계),안경공학과,학생부종합,미래인재서류전형,6.18,6.8
2026,강원대학교(도계),응급구조학과,학생부종합,미래인재서류전형,5.27,5.92
2026,강원대학교(도계),작업치료학과,학생부종합,미래인재서류전형,6.15,6.18
2026,강원대학교(도계),치위생학과,학생부종합,미래인재서류전형,6.16,6.71
2026,강원대학교(도계),사회복지학과,학생부종합,미래인재면접전형,6.19,6.56
2026,강원대학교(도계),유아교육과,학생부종합,미래인재면접전형,4.86,4.28
2026,강원대학교(도계),간호학과,학생부종합,미래인재면접전형,3.83,4.61
2026,강원대학교(도계),물리치료학과,학생부종합,미래인재면접전형,4.04,4.62
2026,강원대학교(도계),방사선학과,학생부종합,미래인재면접전형,4.09,5.02
2026,강원대학교(도계),응급구조학과,학생부종합,미래인재면접전형,6.03,6.32
2026,강원대학교(도계),작업치료학과,학생부종합,미래인재면접전형,5.25,6.05
2026,강원대학교(도계),치위생학과,학생부종합,미래인재면접전형,6.28,5.49
2026,강원대학교(도계),"소방방재학부(소방방재공학,재난관리공학)",학생부종합,기회균형전형,6.92,6.45
2026,강원대학교(도계),사회복지학과,학생부종합,기회균형전형,5.8,6.31
2026,강원대학교(도계),유아교육과,학생부종합,기회균형전형,4.22,6.16
2026,강원대학교(도계),간호학과,학생부종합,기회균형전형,4.38,3.94
2026,강원대학교(도계),물리치료학과,학생부종합,기회균형전형,4.91,4.32
2026,강원대학교(도계),방사선학과,학생부종합,기회균형전형,4.56,5.09
2026,강원대학교(도계),식품영양학과,학생부종합,기회균형전형,3.76,7.27
2026,강원대학교(도계),안경광학과,학생부종합,기회균형전형,6.88,
2026,강원대학교(도계),응급구조학과,학생부종합,기회균형전형,5.32,6.69
2026,강원대학교(도계),작업치료학과,학생부종합,기회균형전형,6.54,5.6
2026,강원대학교(도계),치위생학과,학생부종합,기회균형전형,7.02,5.3
2026,강원대학교(도계),자유전공학부(인문계열),학생부종합,기회균형전형,7.62,6.21
2026,강원대학교(도계),자유전공학부(자연계열),학생부종합,기회균형전형,,
2026,강원대학교(도계),"소방방재학부(소방방재공학,재난관리공학)",학생부교과,일반교과전형,5.94,6.04
2026,강원대학교(도계),사회복지학과,학생부교과,일반교과전형,4.85,6.67
2026,강원대학교(도계),유아교육과,학생부교과,일반교과전형,5.06,3.2
2026,강원대학교(도계),일본학과,학생부교과,일반교과전형,5.36,5.53
2026,강원대학교(도계),간호학과,학생부교과,일반교과전형,3.1,2.71
2026,강원대학교(도계),물리치료학과,학생부교과,일반교과전형,2.83,2.94
2026,강원대학교(도계),방사선학과,학생부교과,일반교과전형,3.25,2.77
2026,강원대학교(도계),바이오기능성소재학과,학생부교과,일반교과전형,7.03,7.19
2026,강원대학교(도계),식품영양학과,학생부교과,일반교과전형,5.37,6
2026,강원대학교(도계),안경공학과,학생부교과,일반교과전형,7.08,5.95
2026,강원대학교(도계),응급구조학과,학생부교과,일반교과전형,3.14,4.39
2026,강원대학교(도계),작업치료학과,학생부교과,일반교과전형,4.25,6.45
2026,강원대학교(도계),치위생학과,학생부교과,일반교과전형,4.77,4.06
2026,강원대학교(도계),자유전공학부(인문계열),학생부교과,일반교과전형,7.51,6.55
2026,강원대학교(도계),자유전공학부(자연계열),학생부교과,일반교과전형,7.19,6.81
2026,강원대학교(도계),"소방방재학부(소방방재공학,재난관리공학)",학생부교과,지역교과전형,6.03,5.72
2026,강원대학교(도계),사회복지학과,학생부교과,지역교과전형,6.43,6.66
2026,강원대학교(도계),유아교육과,학생부교과,지역교과전형,6.28,4.27
2026,강원대학교(도계),일본학과,학생부교과,지역교과전형,5.64,
2026,강원대학교(도계),간호학과,학생부교과,지역교과전형,3.12,3.27
2026,강원대학교(도계),물리치료학과,학생부교과,지역교과전형,3.19,3.77
2026,강원대학교(도계),방사선학과,학생부교과,지역교과전형,3.73,3.82
2026,강원대학교(도계),바이오기능성소재학과,학생부교과,지역교과전형,,6.12
2026,강원대학교(도계),식품영양학과,학생부교과,지역교과전형,6.07,6.87
2026,강원대학교(도계),안경공학과,학생부교과,지역교과전형,,6.77
2026,강원대학교(도계),응급구조학과,학생부교과,지역교과전형,4.36,4.57
2026,강원대학교(도계),작업치료학과,학생부교과,지역교과전형,5.91,7.16
2026,강원대학교(도계),치위생학과,학생부교과,지역교과전형,4.83,5.24
2026,강원대학교(도계),자유전공학부(인문계열),학생부교과,지역교과전형,7.18,7.04
2026,강원대학교(도계),자유전공학부(자연계열),학생부교과,지역교과전형,6.36,7.71
2026,강원대학교(도계),간호학과,학생부교과,저소득-지역교과전형,3.95,5.56
2026,강원대학교(도계),"소방방재학부(소방방재공학,재난관리공학)",학생부교과,사회배려자전형,6.36,6.05
2026,강원대학교(도계),사회복지학과,학생부교과,사회배려자전형,,6.2
2026,강원대학교(도계),간호학과,학생부교과,사회배려자전형,3.5,3.93
2026,강원대학교(도계),물리치료학과,학생부교과,사회배려자전형,3.47,3.88
2026,강원대학교(도계),방사선학과,학생부교과,사회배려자전형,2.61,3.98
2026,강원대학교(도계),식품영양학과,학생부교과,사회배려자전형,5.9,6
2026,강원대학교(도계),안경공학과,학생부교과,사회배려자전형,7.78,
2026,강원대학교(도계),응급구조학과,학생부교과,사회배려자전형,4.49,5.26
2026,강원대학교(도계),작업치료학과,학생부교과,사회배려자전형,6.22,
2026,강원대학교(도계),치위생학과,학생부교과,사회배려자전형,4.27,5.74
2026,강원대학교(도계),자유전공학부(인문),학생부교과,사회배려자전형,6.71,7.17
2026,강원대학교(도계),자유전공학부(자연),학생부교과,사회배려자전형,6.21,7.18
2026,강원대학교(도계),사회복지학과,학생부교과,농어촌학생전형(외),5.92,5.87
2026,강원대학교(도계),유아교육과,학생부교과,농어촌학생전형(외),4.49,6.39
2026,강원대학교(도계),일본어학과,학생부교과,농어촌학생전형(외),,
2026,강원대학교(도계),간호학과,학생부교과,농어촌학생전형(외),3.94,4.02
2026,강원대학교(도계),물리치료학과,학생부교과,농어촌학생전형(외),4.02,5.4
2026,강원대학교(도계),방사선학과,학생부교과,농어촌학생전형(외),3.85,4.44
2026,강원대학교(도계),보건과학대학,학생부교과,농어촌학생전형(외),6.84,
2026,강원대학교(도계),응급구조학과,학생부교과,농어촌학생전형(외),5.16,5.12
2026,강원대학교(도계),작업치료학과,학생부교과,농어촌학생전형(외),5.93,6.64
2026,강원대학교(도계),치위생학과,학생부교과,농어촌학생전형(외),6.05,5.45
2026,강원대학교(도계),보건과학대학,학생부교과,특성화고교졸업자전형(외),4.13,4.83
2026,목원대학교,신학과,학생부교과,교과전형,3.88,4.13
2026,목원대학교,영어학과,학생부교과,교과전형,3.75,4.13
2026,목원대학교,역사학과,학생부교과,교과전형,2.88,2.88
2026,목원대학교,"사회복지상담학부
(사회복지전공,상담심리복지전공)",학생부교과,교과전형,5.88,4.13
2026,목원대학교,"연극영화영상학부(연기,영화영상)",학생부교과,교과전형,3.5,
2026,목원대학교,일본어중국어문화학과,학생부교과,교과전형,,
2026,목원대학교,"경영학부(경영전공,글로벌비즈니스전공)",학생부교과,교과전형,5.63,5.38
2026,목원대학교,항공호텔관광경영학과,학생부교과,교과전형,4.13,4.25
2026,목원대학교,부동산금융보험학과,학생부교과,교과전형,4.63,5.38
2026,목원대학교,금융경제학과,학생부교과,교과전형,4.63,5
2026,목원대학교,마케팅빅데이터학과,학생부교과,교과전형,4.38,4.75
2026,목원대학교,"광고홍보커뮤니케이션학부
(광고홍보,언론영상콘텐츠)",학생부교과,교과전형,5.63,5.5
2026,목원대학교,"경찰행정학부
(경찰행정,국방일반행정)",학생부교과,교과전형,4.13,5.5
2026,목원대학교,경찰법학과,학생부교과,교과전형,3.88,4.13
2026,목원대학교,"식품제약학부(식품전공,제약전공)",학생부교과,교과전형,5.88,5
2026,목원대학교,화장품학과,학생부교과,교과전형,3.38,3.63
2026,목원대학교,"생물산업학부(반려동물전공,생명과학전공)",학생부교과,교과전형,6.75,5
2026,목원대학교,소방방재학과,학생부교과,교과전형,3.75,4
2026,목원대학교,스포츠건강관리학과,학생부교과,교과전형,3.75,3.63
2026,목원대학교,외식조리제과제빵학과,학생부교과,교과전형,3.25,3
2026,목원대학교,보건의료행정학과,학생부교과,교과전형,3.63,3.75
2026,목원대학교,응급구조학과,학생부교과,교과전형,3.13,3.13
2026,목원대학교,"건축학부(건축학전공(5년),
건축공학전공)",학생부교과,교과전형,5.13,6
2026,목원대학교,도시공학과,학생부교과,교과전형,4.13,4.63
2026,목원대학교,"컴퓨터융합학부(컴퓨터공학,AI실감콘텐츠,
사이버보안)",학생부교과,교과전형,5.63,5.63
2026,목원대학교,전기전자공학과,학생부교과,교과전형,3.75,3.88
2026,목원대학교,게임소프트웨어공학과,학생부교과,교과전형,3.25,4.13
2026,목원대학교,AI응용학과,학생부교과,교과전형,4.38,5.13
2026,목원대학교,국어교육과,학생부교과,교과전형,2.38,2.5
2026,목원대학교,영어교육과,학생부교과,교과전형,2.75,3
2026,목원대학교,수학교육과,학생부교과,교과전형,2.63,2.88
2026,목원대학교,음악교육과,학생부교과,교과전형,1.63,1.63
2026,목원대학교,미술교육과,학생부교과,교과전형,1.38,1.5
2026,목원대학교,유아교육과,학생부교과,교과전형,2.63,2.75
2026,목원대학교,에듀테크융합자율전공학부,학생부교과,교과전형,,
2026,목원대학교,"공연콘텐츠학부(성악뮤지컬전공,
공연콘텐츠기획전공,국악전공)",학생부교과,교과전형,3.38,5.25
2026,목원대학교,"미술학부(한국화,서양화,아트미디어)",학생부교과,교과전형,3.25,3.75
2026,목원대학교,"입체조형학부
(조소,입체캐릭터)",학생부교과,교과전형,3.63,6
2026,목원대학교,시각디자인학과,학생부교과,교과전형,1.63,1.63
2026,목원대학교,산업디자인학과,학생부교과,교과전형,2.25,2.5
2026,목원대학교,섬유패션디자인학과,학생부교과,교과전형,2.88,2.63
2026,목원대학교,도자디자인학과,학생부교과,교과전형,2.13,2.25
2026,목원대학교,웹툰학과,학생부교과,교과전형,1.75,1.88
2026,목원대학교,애니메이션학과,학생부교과,교과전형,1.38,1.38
2026,목원대학교,게임콘텐츠학과,학생부교과,교과전형,1.63,1.88
2026,목원대학교,자율전공학부,학생부교과,교과전형,3.75,3.88
2026,목원대학교,창의예술자율전공학부,학생부교과,교과전형,1.88,1.88
2026,목원대학교,"연극영화영상학부(연기,영화영상)",학생부교과,교과면접전형,3.75,5.25
2026,목원대학교,국어교육과,학생부교과,교과면접전형,2.38,2.5
2026,목원대학교,수학교육과,학생부교과,교과면접전형,2.63,2.88
2026,목원대학교,유아교육과,학생부교과,교과면접전형,3.25,3.5
2026,목원대학교,"사회복지상담학부
(사회복지전공,상담심리복지전공)",학생부교과,지역인재전형,5.25,4.38
2026,목원대학교,"경영학부(경영전공,글로벌비즈니스전공)",학생부교과,지역인재전형,5.38,4.88
2026,목원대학교,항공호텔관광경영학과,학생부교과,지역인재전형,4.38,4.38
2026,목원대학교,부동산금융보험학과,학생부교과,지역인재전형,4.25,4.25
2026,목원대학교,마케팅빅데이터학과,학생부교과,지역인재전형,4.5,4.5
2026,목원대학교,"광고홍보커뮤니케이션학부
(광고홍보,언론영상콘텐츠)",학생부교과,지역인재전형,4.63,
2026,목원대학교,"경찰행정학부
(경찰행정,국방일반행정)",학생부교과,지역인재전형,4.5,5
2026,목원대학교,경찰법학과,학생부교과,지역인재전형,3.75,3.75
2026,목원대학교,"식품제약학부(식품전공,제약전공)",학생부교과,지역인재전형,5.63,5.25
2026,목원대학교,화장품학과,학생부교과,지역인재전형,3.75,3.88
2026,목원대학교,"생물산업학부(반려동물전공,생명과학전공)",학생부교과,지역인재전형,4.75,3.63
2026,목원대학교,소방방재학과,학생부교과,지역인재전형,3.88,4.13
2026,목원대학교,스포츠건강관리학과,학생부교과,지역인재전형,,
2026,목원대학교,외식조리제과제빵학과,학생부교과,지역인재전형,3.88,3.88
2026,목원대학교,보건의료행정학과,학생부교과,지역인재전형,3.38,3.38
2026,목원대학교,응급구조학과,학생부교과,지역인재전형,3.5,3.63
2026,목원대학교,"건축학부(건축학전공(5년),
건축공학전공)",학생부교과,지역인재전형,5.13,4.63
2026,목원대학교,"컴퓨터융합학부(컴퓨터공학,AI실감콘텐츠,
사이버보안)",학생부교과,지역인재전형,5.38,4.25
2026,목원대학교,전기전자공학과,학생부교과,지역인재전형,3.63,3.63
2026,목원대학교,AI응용학과,학생부교과,지역인재전형,4.38,4.5
2026,목원대학교,미술교육과,학생부교과,지역인재전형,1.5,
2026,목원대학교,"미술학부(한국화,서양화,아트미디어)",학생부교과,지역인재전형,3.25,
2026,목원대학교,"입체조형학부
(조소,입체캐릭터)",학생부교과,지역인재전형,4.38,
2026,목원대학교,시각디자인학과,학생부교과,지역인재전형,1.63,
2026,목원대학교,산업디자인학과,학생부교과,지역인재전형,2.5,3.63
2026,목원대학교,섬유패션디자인학과,학생부교과,지역인재전형,3.88,
2026,목원대학교,도자디자인학과,학생부교과,지역인재전형,2.25,3.63
2026,목원대학교,웹툰학과,학생부교과,지역인재전형,1.88,1.88
2026,목원대학교,애니메이션학과,학생부교과,지역인재전형,1.88,1.88
2026,목원대학교,게임콘텐츠학과,학생부교과,지역인재전형,2,2
2026,목원대학교,자율전공학부,학생부교과,지역인재전형,4,4.13
2026,목원대학교,창의예술자율전공학부,학생부교과,지역인재전형,70,2.88
2026,목원대학교,경찰법학과,학생부교과,사회적배려자전형,4.13,4.13
2026,목원대학교,소방방재학과,학생부교과,사회적배려자전형,4.13,4.13
2026,목원대학교,역사학과,학생부종합,학생부종합전형,3,3
2026,목원대학교,"사회복지상담학부
(사회복지전공,상담심리복지전공)",학생부종합,학생부종합전형,5.63,5
2026,목원대학교,"경영학부(경영전공,글로벌비즈니스전공)",학생부종합,학생부종합전형,5.5,5.5
2026,목원대학교,"광고홍보커뮤니케이션학부
(광고홍보,언론영상콘텐츠)",학생부종합,학생부종합전형,4.13,3.88
2026,목원대학교,스포츠건강관리학과,실기/실적,실기교과전형,5.75,4.5
2026,목원대학교,음악교육과,실기/실적,실기교과전형,3,2.38
2026,목원대학교,미술교육과,실기/실적,실기교과전형,2.38,3
2026,목원대학교,"연극영화영상학부(연기,영화영상)",실기/실적,실기전형,,
2026,목원대학교,"공연콘텐츠학부(성악뮤지컬전공,
공연콘텐츠기획전공,국악전공)",실기/실적,실기전형,,
2026,목원대학교,"실용음악과(보컬,기악)",실기/실적,실기전형,,
2026,목원대학교,"관현악학부(관악,현악,작곡)",실기/실적,실기전형,,
2026,목원대학교,"피아노학부
(피아노연주,피아노교육)",실기/실적,실기전형,,
2026,목원대학교,"미술학부(한국화,서양화,아트미디어)",실기/실적,실기전형,,
2026,목원대학교,"입체조형학부
(조소,입체캐릭터)",실기/실적,실기전형,,
2026,목원대학교,시각디자인학과,실기/실적,실기전형,,
2026,목원대학교,산업디자인학과,실기/실적,실기전형,,
2026,목원대학교,섬유패션디자인학과,실기/실적,실기전형,,
2026,목원대학교,도자디자인학과,실기/실적,실기전형,,
2026,목원대학교,웹툰학과,실기/실적,실기전형,,
2026,목원대학교,애니메이션학과,실기/실적,실기전형,,
2026,목원대학교,게임콘텐츠학과,실기/실적,실기전형,,
2026,목원대학교,창의예술자율전공학부,실기/실적,실기전형,,
2026,목원대학교,스포츠건강관리학과,실기/실적,특기자전형,5.88,5.88
2026,목원대학교,전 모집단위,학생부교과,농어촌학생전형(외),5.69,5.83
2026,목원대학교,미술디자인대학,학생부교과,농어촌학생전형(외),,
2026,목원대학교,전 모집단위,학생부교과,특성화고교졸업자전형(외),4.5,6.38
2026,목원대학교,전 모집단위,학생부교과,기초생활및차상위전형(외),5.82,6.29
2026,목원대학교,전 모집단위,학생부교과,장애인등대상자전형(외),,
2026,목포해양대학교,항해학부,학생부교과,학생부성적우수자전형,2.33,2.67
2026,목포해양대학교,해상운송학부,학생부교과,학생부성적우수자전형,2.17,2.33
2026,목포해양대학교,항해정보시스템학부,학생부교과,학생부성적우수자전형,2.5,2.33
2026,목포해양대학교,기관시스템공학부,학생부교과,학생부성적우수자전형,2.33,2.5
2026,목포해양대학교,해양경찰학부,학생부교과,학생부성적우수자전형,2.67,3
2026,목포해양대학교,해양메카트로닉스학부,학생부교과,학생부성적우수자전형,3.5,4.17
2026,목포해양대학교,해군사관학부(남),학생부교과,학생부성적우수자전형,4.92,4.92
2026,목포해양대학교,해군사관학부(여),학생부교과,학생부성적우수자전형,3.81,3.81
2026,목포해양대학교,컴퓨터공학과,학생부교과,학생부성적우수자전형,4.44,4.44
2026,목포해양대학교,조선해양공학과,학생부교과,학생부성적우수자전형,4.56,4.59
2026,목포해양대학교,환경생명공학과,학생부교과,학생부성적우수자전형,4.97,4.95
2026,목포해양대학교,해양건설공학과,학생부교과,학생부성적우수자전형,5.22,5.26
2026,목포해양대학교,해양스포츠학과,학생부교과,학생부성적우수자전형,4.75,4.75
2026,목포해양대학교,첨단해양모빌리티학과,학생부교과,학생부성적우수자전형,5.53,5.56
2026,목포해양대학교,항해학부,학생부교과,누구나전형,2.33,2.67
2026,목포해양대학교,해상운송학부,학생부교과,누구나전형,2.17,2.33
2026,목포해양대학교,항해정보시스템학부,학생부교과,누구나전형,2.5,2.33
2026,목포해양대학교,기관시스템공학부,학생부교과,누구나전형,2.33,2.5
2026,목포해양대학교,해양경찰학부,학생부교과,누구나전형,2.67,3
2026,목포해양대학교,해양메카트로닉스학부,학생부교과,누구나전형,3.5,4.17
2026,목포해양대학교,해군사관학부(남),학생부교과,누구나전형,5.08,5.08
2026,목포해양대학교,해군사관학부(여),학생부교과,누구나전형,,
2026,목포해양대학교,컴퓨터공학과,학생부교과,누구나전형,4.44,4.44
2026,목포해양대학교,조선해양공학과,학생부교과,누구나전형,4.56,4.59
2026,목포해양대학교,환경생명공학과,학생부교과,누구나전형,4.97,4.95
2026,목포해양대학교,해양건설공학과,학생부교과,누구나전형,5.22,5.26
2026,목포해양대학교,해양스포츠학과,학생부교과,누구나전형,4.75,4.75
2026,목포해양대학교,첨단해양모빌리티학과,학생부교과,누구나전형,5.53,5.56
2026,목포해양대학교,항해학부,학생부교과,지역인재전형,2.94,3.24
2026,목포해양대학교,해상운송학부,학생부교과,지역인재전형,3.73,4.25
2026,목포해양대학교,항해정보시스템학부,학생부교과,지역인재전형,3.68,3.75
2026,목포해양대학교,기관시스템공학부,학생부교과,지역인재전형,3.63,4.39
2026,목포해양대학교,해양경찰학부,학생부교과,지역인재전형,3.76,3.87
2026,목포해양대학교,해양메카트로닉스학부,학생부교과,지역인재전형,4.41,4.72
2026,목포해양대학교,해군사관학부(남),학생부교과,지역인재전형,5.09,5.09
2026,목포해양대학교,컴퓨터공학과,학생부교과,지역인재전형,6.81,7.31
2026,목포해양대학교,조선해양공학과,학생부교과,지역인재전형,5.19,5.57
2026,목포해양대학교,환경생명공학과,학생부교과,지역인재전형,6.2,7.19
2026,목포해양대학교,해양건설공학과,학생부교과,지역인재전형,6.99,6.99
2026,목포해양대학교,첨단해양모빌리티학과,학생부교과,지역인재전형,5.61,6.67
2026,목포해양대학교,항해학부,학생부교과,선원자녀및선원경력자전형,3.74,3.75
2026,목포해양대학교,해상운송학부,학생부교과,선원자녀및선원경력자전형,3.92,3.93
2026,목포해양대학교,항해정보시스템학부,학생부교과,선원자녀및선원경력자전형,3.67,3.67
2026,목포해양대학교,기관시스템공학부,학생부교과,선원자녀및선원경력자전형,4.78,4.17
2026,목포해양대학교,해양경찰학부,학생부교과,선원자녀및선원경력자전형,5.23,4.89
2026,목포해양대학교,해양메카트로닉스학부,학생부교과,선원자녀및선원경력자전형,5.37,5.37
2026,목포해양대학교,항해학부,학생부교과,사회적배려대상자전형,3.14,3.6
2026,목포해양대학교,해상운송학부,학생부교과,사회적배려대상자전형,2.23,2.91
2026,목포해양대학교,항해정보시스템학부,학생부교과,사회적배려대상자전형,4.6,4.6
2026,목포해양대학교,기관시스템공학부,학생부교과,사회적배려대상자전형,3.93,4.08
2026,목포해양대학교,해양경찰학부,학생부교과,사회적배려대상자전형,4.19,4.19
2026,목포해양대학교,해양메카트로닉스학부,학생부교과,사회적배려대상자전형,4.95,4.95
2026,목포해양대학교,컴퓨터공학과,학생부교과,사회적배려대상자전형,,
2026,목포해양대학교,조선해양공학과,학생부교과,사회적배려대상자전형,5.84,5.84
2026,목포해양대학교,환경생명공학과,학생부교과,사회적배려대상자전형,,
2026,목포해양대학교,해양건설공학과,학생부교과,사회적배려대상자전형,,
2026,목포해양대학교,첨단해양모빌리티학과,학생부교과,사회적배려대상자전형,7.14,7.14
2026,목포해양대학교,항해학부,학생부교과,농어촌학생전형(외),2.97,3.24
2026,목포해양대학교,해상운송학부,학생부교과,농어촌학생전형(외),4.12,3.93
2026,목포해양대학교,항해정보시스템학부,학생부교과,농어촌학생전형(외),2.33,4.54
2026,목포해양대학교,기관시스템공학부,학생부교과,농어촌학생전형(외),4.38,4.17
2026,목포해양대학교,해양경찰학부,학생부교과,농어촌학생전형(외),4.57,4.78
2026,목포해양대학교,해양메카트로닉스학부,학생부교과,농어촌학생전형(외),4.17,5.62
2026,목포해양대학교,컴퓨터공학과,학생부교과,농어촌학생전형(외),4.44,
2026,목포해양대학교,조선해양공학과,학생부교과,농어촌학생전형(외),4.59,6.44
2026,목포해양대학교,환경생명공학과,학생부교과,농어촌학생전형(외),4.95,
2026,목포해양대학교,해양건설공학과,학생부교과,농어촌학생전형(외),5.26,7.32
2026,목포해양대학교,항해학부,학생부교과,특성화고교출신자전형(외),3.02,2.16
2026,목포해양대학교,해상운송학부,학생부교과,특성화고교출신자전형(외),3.28,3.44
2026,목포해양대학교,항해정보시스템학부,학생부교과,특성화고교출신자전형(외),3.52,3.29
2026,목포해양대학교,기관시스템공학부,학생부교과,특성화고교출신자전형(외),3.86,1.36
2026,목포해양대학교,해양경찰학부,학생부교과,특성화고교출신자전형(외),5.4,
2026,목포해양대학교,해양메카트로닉스학부,학생부교과,특성화고교출신자전형(외),3.81,6.14
2026,목포해양대학교,컴퓨터공학과,학생부교과,특성화고교출신자전형(외),,4.1
2026,목포해양대학교,조선해양공학과,학생부교과,특성화고교출신자전형(외),,3.38
2026,목포해양대학교,환경생명공학과,학생부교과,특성화고교출신자전형(외),,
2026,목포해양대학교,해양건설공학과,학생부교과,특성화고교출신자전형(외),,
2026,목포해양대학교,항해학부,학생부교과,기초생활및차상위전형(외),2.33,2.67
2026,목포해양대학교,해상운송학부,학생부교과,기초생활및차상위전형(외),2.17,2.33
2026,목포해양대학교,항해정보시스템학부,학생부교과,기초생활및차상위전형(외),2.5,2.33
2026,목포해양대학교,기관시스템공학부,학생부교과,기초생활및차상위전형(외),2.33,2.5
2026,목포해양대학교,해양경찰학부,학생부교과,기초생활및차상위전형(외),2.67,3
2026,목포해양대학교,해양메카트로닉스학부,학생부교과,기초생활및차상위전형(외),3.5,4.17
2026,목포해양대학교,해군사관학부,학생부교과,기초생활및차상위전형(외),2.67,2.67
2026,목포해양대학교,컴퓨터공학과,학생부교과,기초생활및차상위전형(외),4.44,4.44
2026,목포해양대학교,조선해양공학과,학생부교과,기초생활및차상위전형(외),4.56,4.59
2026,목포해양대학교,환경생명공학과,학생부교과,기초생활및차상위전형(외),4.97,4.95
2026,목포해양대학교,해양건설공학과,학생부교과,기초생활및차상위전형(외),5.22,5.26
2026,목포해양대학교,해양스포츠학과,학생부교과,기초생활및차상위전형(외),4.75,4.75
2026,목포해양대학교,첨단해양모빌리티학과,학생부교과,기초생활및차상위전형(외),5.53,5.56
2026,목포해양대학교,해양스포츠학과,실기/실적,체육우수자전형,,
2026,부산외국어대학교,통합모집(자유전공),학생부교과,일반고교과전형,4.8,5.2
2026,부산외국어대학교,항공서비스전공,학생부교과,일반고교과전형,3,
2026,부산외국어대학교,통합모집(자유전공),학생부교과,교과면접전형,4.8,5.2
2026,부산외국어대학교,사회체육전공,학생부교과,교과면접전형,2.7,4.8
2026,부산외국어대학교,스포츠재활전공,학생부교과,교과면접전형,4.4,3.7
2026,부산외국어대학교,항공서비스학과,학생부교과,교과면접전형,4.8,5.4
2026,부산외국어대학교,통합모집(자유전공),학생부종합,학생부서류전형,4.4,5.1
2026,부산외국어대학교,사회체육전공,학생부종합,학생부서류전형,5.2,5.28
2026,부산외국어대학교,스포츠재활전공,학생부종합,학생부서류전형,4.5,3.9
2026,부산외국어대학교,통합모집(자유전공),학생부교과,특성화고교과전형,4.3,4.8
2026,부산외국어대학교,통합모집(자유전공),학생부교과,기회균형전형,4.6,5.4
2026,부산외국어대학교,통합모집(자유전공),학생부교과,다문화전형,5.2,4.9
2026,부산외국어대학교,통합모집(자유전공),특기자,영어능력우수자전형,,
2026,부산외국어대학교,통합모집(자유전공),특기자,일본어능력우수자전형,,
2026,부산외국어대학교,통합모집(자유전공),특기자,중국어능력우수자전형,,
2026,부산외국어대학교,사회체육전공,특기자,체육경기실적우수자전형,6.5,6.8
2026,부산외국어대학교,사회체육전공,실기/실적,체육실기우수자전형,5.5,6.1
2026,부산외국어대학교,스포츠재활전공,실기/실적,체육실기우수자전형,5.9,6
2026,부산외국어대학교,통합모집(자유전공),학생부교과,농어촌학생전형(외),3.7,6
2026,부산외국어대학교,통합모집(자유전공),학생부교과,특성화고동일계전형(외),5.4,5.1
2026,부산외국어대학교,통합모집(자유전공),학생부교과,기초생활및차상위전형(외),4.8,5.2
2026,서원대학교,국어교육과,학생부교과,일반전형,2.6,2.8
2026,서원대학교,영어교육과,학생부교과,일반전형,2.9,3.6
2026,서원대학교,교육학과,학생부교과,일반전형,3.2,3.4
2026,서원대학교,유아교육과,학생부교과,일반전형,3.5,4.2
2026,서원대학교,윤리교육과,학생부교과,일반전형,2.6,2.9
2026,서원대학교,사회교육과,학생부교과,일반전형,2.8,3.2
2026,서원대학교,역사교육과,학생부교과,일반전형,2.9,3.3
2026,서원대학교,수학교육과,학생부교과,일반전형,2.6,3.2
2026,서원대학교,생물교육과,학생부교과,일반전형,3.3,3.9
2026,서원대학교,체육교육과,학생부교과,일반전형,2.6,3.3
2026,서원대학교,음악교육과,학생부교과,일반전형,3.5,4.5
2026,서원대학교,"경영학부(경영학,회계학,무역학)",학생부교과,일반전형,6,6
2026,서원대학교,항공관광학과,학생부교과,일반전형,3.4,3.8
2026,서원대학교,"경찰행정학부
(경찰행정,범죄수사)",학생부교과,일반전형,3.9,3.8
2026,서원대학교,소방행정학과,학생부교과,일반전형,3.9,4.3
2026,서원대학교,응급구조학과,학생부교과,일반전형,3.9,4.3
2026,서원대학교,"사회복지학부(사회복지학,복지행정학)",학생부교과,일반전형,5.8,5.7
2026,서원대학교,아동복지학과,학생부교과,일반전형,4.4,4.8
2026,서원대학교,상담심리학과,학생부교과,일반전형,3.7,4
2026,서원대학교,"호텔외식조리학부
(호텔조리전공,호텔디저트식음료전공)",학생부교과,일반전형,4.2,5.6
2026,서원대학교,식품영양학과,학생부교과,일반전형,3.8,4.9
2026,서원대학교,식품공학과,학생부교과,일반전형,5.1,6.9
2026,서원대학교,환경공학과,학생부교과,일반전형,6.3,6.3
2026,서원대학교,바이오코스메틱학과,학생부교과,일반전형,4.4,4.7
2026,서원대학교,뷰티학과,학생부교과,일반전형,3.9,4.6
2026,서원대학교,제약공학과,학생부교과,일반전형,4.7,5.4
2026,서원대학교,헬스케어운동학과,학생부교과,일반전형,3.4,3.7
2026,서원대학교,"레저스포츠학부
(스포츠지도,스포츠산업)",학생부교과,일반전형,4.3,4.5
2026,서원대학교,"미디어콘텐츠학부
(멀티미디어전공,영상미디어전공)",학생부교과,일반전형,4.9,5.6
2026,서원대학교,디자인학과,학생부교과,일반전형,3.6,4.1
2026,서원대학교,건축학과,학생부교과,일반전형,5.7,5.7
2026,서원대학교,광고홍보학과,학생부교과,일반전형,4.2,4.7
2026,서원대학교,패션의류학과,학생부교과,일반전형,3.3,3.8
2026,서원대학교,컴퓨터공학과,학생부교과,일반전형,5,6.5
2026,서원대학교,AI소프트웨어학과,학생부교과,일반전형,5.4,6.8
2026,서원대학교,자유전공학부,학생부교과,일반전형,,
2026,서원대학교,"경영학부(경영학,회계학,무역학)",학생부교과,인문계고전형,6.2,6.1
2026,서원대학교,"경찰행정학부
(경찰행정,범죄수사)",학생부교과,인문계고전형,4.2,4.1
2026,서원대학교,소방행정학과,학생부교과,인문계고전형,4.1,4.4
2026,서원대학교,응급구조학과,학생부교과,인문계고전형,4.1,4.4
2026,서원대학교,"사회복지학부(사회복지학,복지행정학)",학생부교과,인문계고전형,5.9,5.9
2026,서원대학교,상담심리학과,학생부교과,인문계고전형,3.8,4.1
2026,서원대학교,"호텔외식조리학부
(호텔조리전공,호텔디저트식음료전공)",학생부교과,인문계고전형,5,4.9
2026,서원대학교,식품영양학과,학생부교과,인문계고전형,4.5,5
2026,서원대학교,바이오코스메틱학과,학생부교과,인문계고전형,4.7,6
2026,서원대학교,제약공학과,학생부교과,인문계고전형,5.4,6.1
2026,서원대학교,"미디어콘텐츠학부
(멀티미디어전공,영상미디어전공)",학생부교과,인문계고전형,5.2,
2026,서원대학교,건축학과,학생부교과,인문계고전형,6,6
2026,서원대학교,광고홍보학과,학생부교과,인문계고전형,4.4,4.7
2026,서원대학교,패션의류학과,학생부교과,인문계고전형,3.5,3.6
2026,서원대학교,항공관광학과,학생부교과,창의면접전형,4.6,6.7
2026,서원대학교,"경찰행정학부
(경찰행정,범죄수사)",학생부교과,창의면접전형,5.7,5.5
2026,서원대학교,소방행정학과,학생부교과,창의면접전형,5.1,5.6
2026,서원대학교,"사회복지학부(사회복지학,복지행정학)",학생부교과,창의면접전형,6.9,6.2
2026,서원대학교,상담심리학과,학생부교과,창의면접전형,5.2,6.1
2026,서원대학교,"호텔외식조리학부
(호텔조리전공,호텔디저트식음료전공)",학생부교과,창의면접전형,6.4,5.5
2026,서원대학교,뷰티학과,학생부교과,창의면접전형,4.9,6
2026,서원대학교,헬스케어운동학과,학생부교과,창의면접전형,4.9,7.1
2026,서원대학교,"레저스포츠학부
(스포츠지도,스포츠산업)",학생부교과,창의면접전형,7,6.2
2026,서원대학교,웹툰콘텐츠학과,학생부교과,창의면접전형,4.7,6
2026,서원대학교,패션의류학과,학생부교과,창의면접전형,4.2,5.3
2026,서원대학교,컴퓨터공학과,학생부교과,창의면접전형,5.6,6.6
2026,서원대학교,국어교육과,학생부교과,지역인재전형,2.8,2.9
2026,서원대학교,영어교육과,학생부교과,지역인재전형,2.5,2.6
2026,서원대학교,교육학과,학생부교과,지역인재전형,2.9,3
2026,서원대학교,유아교육과,학생부교과,지역인재전형,3.3,3.4
2026,서원대학교,윤리교육과,학생부교과,지역인재전형,2.5,2.6
2026,서원대학교,사회교육과,학생부교과,지역인재전형,2.9,3
2026,서원대학교,역사교육과,학생부교과,지역인재전형,2.5,2.5
2026,서원대학교,수학교육과,학생부교과,지역인재전형,2.9,3
2026,서원대학교,생물교육과,학생부교과,지역인재전형,3.5,3.6
2026,서원대학교,체육교육과,학생부교과,지역인재전형,3.3,3.1
2026,서원대학교,"경찰행정학부
(경찰행정,범죄수사)",학생부교과,사회기여자전형,4.4,4.4
2026,서원대학교,소방행정학과,학생부교과,사회기여자전형,4.4,4.5
2026,서원대학교,"사회복지학부(사회복지학,복지행정학)",학생부교과,사회기여자전형,6.3,6.6
2026,서원대학교,체육교육과,실기/실적,체육특기자전형,5.3,5.5
2026,서원대학교,"레저스포츠학부
(스포츠지도,스포츠산업)",실기/실적,체육특기자전형,,
2026,서원대학교,헬스케어운동학과,실기/실적,실기우수자전형,,
2026,서원대학교,"레저스포츠학부
(스포츠지도,스포츠산업)",실기/실적,실기우수자전형,,
2026,서원대학교,뷰티학과,실기/실적,예체능전형,5.3,6
2026,서원대학교,헬스케어운동학과,실기/실적,예체능전형,4.8,5.7
2026,서원대학교,"레저스포츠학부
(스포츠지도,스포츠산업)",실기/실적,예체능전형,6.7,7.4
2026,서원대학교,웹툰콘텐츠학과,실기/실적,예체능전형,4.7,6.4
2026,서원대학교,디자인학과,실기/실적,예체능전형,4.4,6.3
2026,서원대학교,전 모집단위(사범대학 제외),학생부교과,기회균등전형(외),,
2026,서원대학교,전 모집단위(사범대학 제외),학생부교과,특성화고전형(외),,
2026,서원대학교,전 모집단위,학생부교과,농어촌전형(외),,
2026,경국대학교,자유전공학부,학생부교과,일반학생전형,4.44,4.83
2026,경국대학교,간호학부,학생부교과,일반학생전형,2.59,2.67
2026,경국대학교,"인문문화학부(국어국문,중국어문,한자문화
문화유산,사학,미디어문화커뮤니케이션)",학생부교과,일반학생전형,4.76,5.6
2026,경국대학교,"IT융합공학부(컴퓨터공학,
소프트웨어융합,데이터과학)",학생부교과,일반학생전형,5.09,5.05
2026,경국대학교,"경영학부(경영,회계세무,무역,관광경영)",학생부교과,일반학생전형,5.09,5.83
2026,경국대학교,"법행정경제학부(법,행정,경제)",학생부교과,일반학생전형,,
2026,경국대학교,"패션예술체육학부(패션라이프스타일,
미술학,공연예술음악학)",학생부교과,일반학생전형,6.77,6.12
2026,경국대학교,"사회복지상담학부
(사회복지,심리상담)",학생부교과,일반학생전형,4.89,5.45
2026,경국대학교,"바이오생명공학부(생명과학,백신생명공학,
화학생명공학)",학생부교과,일반학생전형,5.12,5.88
2026,경국대학교,"스마트그린학부(스마트원예과학,
산림과학,식물의학,식품생명공학)",학생부교과,일반학생전형,,
2026,경국대학교,"건설환경건축공학부(건설시스템,환경공학,
건축공학,지구환경과학)",학생부교과,일반학생전형,5.58,6.37
2026,경국대학교,"전자기계공학부(전자공학,기계공학,
로봇공학,디지털ICT공학,스마트센서공학)",학생부교과,일반학생전형,5.25,6
2026,경국대학교,"전기신소재공학부(전기에너지공학,
신소재에너지공학,반도체신소재공학)",학생부교과,일반학생전형,5.44,6.08
2026,경국대학교,식품영양학과,학생부교과,일반학생전형,3.93,4.3
2026,경국대학교,스마트모빌리티공학과,학생부교과,일반학생전형,4.71,4.89
2026,경국대학교,국어교육과,학생부교과,일반학생전형,2.35,2.61
2026,경국대학교,윤리교육과,학생부교과,일반학생전형,2,2.14
2026,경국대학교,영어교육과,학생부교과,일반학생전형,2.75,2.83
2026,경국대학교,교육공학과,학생부교과,일반학생전형,3.41,3.64
2026,경국대학교,수학교육과,학생부교과,일반학생전형,2.43,2.5
2026,경국대학교,컴퓨터교육과,학생부교과,일반학생전형,1.93,2.2
2026,경국대학교,전기전자교육과,학생부교과,일반학생전형,3.38,3.91
2026,경국대학교,기계교육과,학생부교과,일반학생전형,2.53,3
2026,경국대학교,유아교육과,학생부교과,일반학생전형,3.86,3.98
2026,경국대학교,"공공수요인재대학(동물생명공학,모빌리티디자인,소방방재,응급구조,경기지도)",학생부교과,일반학생전형,5.7,
2026,경국대학교,자유전공학부,학생부교과,지역인재전형,5.52,5.74
2026,경국대학교,간호학부,학생부교과,지역인재전형,2.6,2.71
2026,경국대학교,"인문문화학부(국어국문,중국어문,한자문화
문화유산,사학,미디어문화커뮤니케이션)",학생부교과,지역인재전형,5.62,6.24
2026,경국대학교,"IT융합공학부(컴퓨터공학,
소프트웨어융합,데이터과학)",학생부교과,지역인재전형,5.81,4.83
2026,경국대학교,"경영학부(경영,회계세무,무역,관광경영)",학생부교과,지역인재전형,5.11,6.34
2026,경국대학교,"법행정경제학부(법,행정,경제)",학생부교과,지역인재전형,,
2026,경국대학교,패션라이프스타일학전공,학생부교과,지역인재전형,4.09,4.09
2026,경국대학교,"사회복지상담학부
(사회복지,심리상담)",학생부교과,지역인재전형,4.5,5.93
2026,경국대학교,"바이오생명공학부(생명과학,백신생명공학,
화학생명공학)",학생부교과,지역인재전형,5.23,5.43
2026,경국대학교,"스마트그린학부(스마트원예과학,
산림과학,식물의학,식품생명공학)",학생부교과,지역인재전형,5.23,5.43
2026,경국대학교,"건설환경건축공학부(건설시스템,환경공학,
건축공학,지구환경과학)",학생부교과,지역인재전형,4.79,6.33
2026,경국대학교,"전자기계공학부(전자공학,기계공학,
로봇공학,디지털ICT공학,스마트센서공학)",학생부교과,지역인재전형,4.91,4.9
2026,경국대학교,"전기신소재공학부(전기에너지공학,신소재에너지공학,반도체신소재공학)",학생부교과,지역인재전형,4.89,4.84
2026,경국대학교,식품영양학과,학생부교과,지역인재전형,4.8,4.8
2026,경국대학교,스마트모빌리티공학과,학생부교과,지역인재전형,4.57,4.91
2026,경국대학교,국어교육과,학생부교과,지역인재전형,2.93,3.02
2026,경국대학교,윤리교육과,학생부교과,지역인재전형,2.19,2.84
2026,경국대학교,영어교육과,학생부교과,지역인재전형,3.69,3.77
2026,경국대학교,교육공학과,학생부교과,지역인재전형,3.27,3.56
2026,경국대학교,수학교육과,학생부교과,지역인재전형,2.86,3.12
2026,경국대학교,컴퓨터교육과,학생부교과,지역인재전형,2.51,2.6
2026,경국대학교,전기전자교육과,학생부교과,지역인재전형,3.81,4.44
2026,경국대학교,기계교육과,학생부교과,지역인재전형,3.52,3.81
2026,경국대학교,유아교육과,학생부교과,지역인재전형,3.18,4.27
2026,경국대학교,"공공수요인재대학(동물생명공학,모빌리티디자인,소방방재,응급구조,경기지도)",학생부교과,지역인재전형,,
2026,경국대학교,간호학부,학생부교과,지역사회적배려자전형,3.43,3.54
2026,경국대학교,자유전공학부,학생부교과,기회균형전형,4.97,5.19
2026,경국대학교,간호학부,학생부교과,기회균형전형,1.96,2.32
2026,경국대학교,"인문문화학부(국어국문,중국어문,한자문화
문화유산,사학,미디어문화커뮤니케이션)",학생부교과,기회균형전형,4.41,
2026,경국대학교,"IT융합공학부(컴퓨터공학,
소프트웨어융합,데이터과학)",학생부교과,기회균형전형,4.98,
2026,경국대학교,"사회복지상담학부
(사회복지,심리상담)",학생부교과,기회균형전형,4.17,
2026,경국대학교,"바이오생명공학부(생명과학,백신생명공학,
화학생명공학)",학생부교과,기회균형전형,4.66,
2026,경국대학교,"스마트그린학부(스마트원예과학,
산림과학,식물의학,식품생명공학)",학생부교과,기회균형전형,,
2026,경국대학교,체육학전공,실기/실적,선수출신자전형,,
2026,경국대학교,자유전공학부,학생부종합,바른인재전형,4.89,5.47
2026,경국대학교,간호학부,학생부종합,바른인재전형,3.53,3.81
2026,경국대학교,국어국문학전공,학생부종합,바른인재전형,5.36,6.28
2026,경국대학교,중국어문문화학전공,학생부종합,바른인재전형,3.55,
2026,경국대학교,한자문화콘텐츠학전공,학생부종합,바른인재전형,5.29,7.9
2026,경국대학교,문화유산학전공,학생부종합,바른인재전형,4.81,5.73
2026,경국대학교,사학전공,학생부종합,바른인재전형,5.06,5.56
2026,경국대학교,미디어문화커뮤니케이션학전공,학생부종합,바른인재전형,5.43,5.66
2026,경국대학교,컴퓨터공학전공,학생부종합,바른인재전형,5.11,6.12
2026,경국대학교,소프트웨어융합학전공,학생부종합,바른인재전형,4.41,5.36
2026,경국대학교,데이터과학전공,학생부종합,바른인재전형,,
2026,경국대학교,경영학전공,학생부종합,바른인재전형,5.33,6.13
2026,경국대학교,회계세무학전공,학생부종합,바른인재전형,4.69,6.14
2026,경국대학교,무역학전공,학생부종합,바른인재전형,6.08,7.17
2026,경국대학교,관관경영학전공,학생부종합,바른인재전형,5.8,6.36
2026,경국대학교,법학전공,학생부종합,바른인재전형,5.54,5.63
2026,경국대학교,행정학전공,학생부종합,바른인재전형,4.68,5.29
2026,경국대학교,경제학전공,학생부종합,바른인재전형,4.99,6.62
2026,경국대학교,패션라이프스타일학전공,학생부종합,바른인재전형,7.45,7.48
2026,경국대학교,"사회복지상담학부
(사회복지,심리상담)",학생부종합,바른인재전형,4.34,5.11
2026,경국대학교,생명과학전공,학생부종합,바른인재전형,5.21,5.8
2026,경국대학교,백신생명공학전공,학생부종합,바른인재전형,5.07,5.63
2026,경국대학교,화학생명공학전공,학생부종합,바른인재전형,7,7
2026,경국대학교,스마트원예과학전공,학생부종합,바른인재전형,4.6,4.85
2026,경국대학교,산림과학전공,학생부종합,바른인재전형,4.86,5.48
2026,경국대학교,식물의학전공,학생부종합,바른인재전형,5.11,5.22
2026,경국대학교,식품생명공학전공,학생부종합,바른인재전형,4.52,
2026,경국대학교,건축공학전공,학생부종합,바른인재전형,6.04,6.3
2026,경국대학교,건설시스템공학전공,학생부종합,바른인재전형,4.87,5.76
2026,경국대학교,환경공학전공,학생부종합,바른인재전형,5,5
2026,경국대학교,지구환경과학전공,학생부종합,바른인재전형,5.49,7.26
2026,경국대학교,전자공학전공,학생부종합,바른인재전형,6.45,6.96
2026,경국대학교,기계공학전공,학생부종합,바른인재전형,4.83,5.35
2026,경국대학교,로봇공학전공,학생부종합,바른인재전형,5.86,6.11
2026,경국대학교,디지털ICT공학전공,학생부종합,바른인재전형,5.58,5.58
2026,경국대학교,스마트센서공학전공,학생부종합,바른인재전형,,5.43
2026,경국대학교,전기에너지공학전공,학생부종합,바른인재전형,5.13,5.33
2026,경국대학교,신소재에너지공학전공,학생부종합,바른인재전형,,
2026,경국대학교,반도체신소재공학전공,학생부종합,바른인재전형,4.1,
2026,경국대학교,식품영양학과,학생부종합,바른인재전형,5.77,6.08
2026,경국대학교,스마트모빌리티공학과,학생부종합,바른인재전형,7.21,7.21
2026,경국대학교,국어교육과,학생부종합,바른인재전형,3.69,3.83
2026,경국대학교,윤리교육과,학생부종합,바른인재전형,3.33,3.59
2026,경국대학교,영어교육과,학생부종합,바른인재전형,4.5,4.91
2026,경국대학교,교육공학과,학생부종합,바른인재전형,4.5,5.16
2026,경국대학교,수학교육과,학생부종합,바른인재전형,4.35,4.39
2026,경국대학교,컴퓨터교육과,학생부종합,바른인재전형,3.97,4.09
2026,경국대학교,전기전자교육과,학생부종합,바른인재전형,4.34,4.46
2026,경국대학교,기계교육과,학생부종합,바른인재전형,3.87,4.91
2026,경국대학교,유아교육과,학생부종합,바른인재전형,4.81,5.4
2026,경국대학교,동물생명공학과,학생부종합,바른인재전형,5.27,5.27
2026,경국대학교,모빌리티디자인공학과,학생부종합,바른인재전형,4.15,6.23
2026,경국대학교,소방방재학과,학생부종합,바른인재전형,6.12,6.39
2026,경국대학교,응급구조학과,학생부종합,바른인재전형,5.44,5.71
2026,경국대학교,미술학전공,실기/실적,실기우수자전형,3.89,4.56
2026,경국대학교,공연예술음악학전공,실기/실적,실기우수자전형,4.14,4.14
2026,경국대학교,체육학전공,실기/실적,실기우수자전형,5.52,6.5
2026,경국대학교,체육학전공,실기/실적,체육특기자전형,5.52,6.5
2026,경국대학교,경기지도학과,실기/실적,체육특기자전형,,
2026,경국대학교,"스마트그린학부(스마트원예과학,
산림과학,식물의학,식품생명공학)",학생부교과,특성화고출신자전형(외),,
2026,경국대학교,"건설환경건축공학부(건설시스템,환경공학,
건축공학,지구환경과학)",학생부교과,특성화고출신자전형(외),2.38,
2026,경국대학교,"전자기계공학부(전자공학,기계공학,
로봇공학,디지털ICT공학,스마트센서공학)",학생부교과,특성화고출신자전형(외),3.37,
2026,경국대학교,"전기신소재공학부(전기에너지공학,신소재에너지공학,반도체신소재공학)",학생부교과,특성화고출신자전형(외),1.49,
2026,경국대학교,식품영양학과,학생부교과,특성화고출신자전형(외),,
2026,경국대학교,스마트모빌리티공학과,학생부교과,특성화고출신자전형(외),2.45,2.45
2026,경국대학교,컴퓨터교육과,학생부교과,특성화고출신자전형(외),2.2,
2026,경국대학교,전기전자교육과,학생부교과,특성화고출신자전형(외),1.18,
2026,경국대학교,기계교육과,학생부교과,특성화고출신자전형(외),1.81,1.81
2026,경국대학교,"공공수요인재대학(동물생명공학,모빌리티디자인,소방방재,응급구조,경기지도)",학생부교과,특성화고출신자전형(외),4.33,
2026,경국대학교,자유전공학부,학생부교과,사회적배려자전형(외),5.64,
2026,경국대학교,간호학부,학생부교과,사회적배려자전형(외),3.54,
2026,경국대학교,"인문문화학부(국어국문,중국어문,한자문화
문화유산,사학,미디어문화커뮤니케이션)",학생부교과,사회적배려자전형(외),5.22,
2026,경국대학교,"경영학부(경영,회계세무,무역,관광경영)",학생부교과,사회적배려자전형(외),,
2026,경국대학교,"법행정경제학부(법,행정,경제)",학생부교과,사회적배려자전형(외),,
2026,경국대학교,"사회복지상담학부
(사회복지,심리상담)",학생부교과,사회적배려자전형(외),5.46,
2026,경국대학교,"바이오생명공학부(생명과학,백신생명공학,
화학생명공학)",학생부교과,사회적배려자전형(외),,
2026,경국대학교,"스마트그린학부(스마트원예과학,
산림과학,식물의학,식품생명공학)",학생부교과,사회적배려자전형(외),,
2026,경국대학교,"전자기계공학부(전자공학,기계공학,
로봇공학,디지털ICT공학,스마트센서공학)",학생부교과,사회적배려자전형(외),,
2026,경국대학교,"공공수요인재대학(동물생명공학,모빌리티디자인,소방방재,응급구조,경기지도)",학생부교과,사회적배려자전형(외),5.08,
2026,경국대학교,자유전공학부,학생부교과,농어촌학생전형(외),3.4,5.49
2026,경국대학교,간호학부,학생부교과,농어촌학생전형(외),2.19,2.22
2026,경국대학교,"인문문화학부(국어국문,중국어문,한자문화
문화유산,사학,미디어문화커뮤니케이션)",학생부교과,농어촌학생전형(외),,
2026,경국대학교,"IT융합공학부(컴퓨터공학,
소프트웨어융합,데이터과학)",학생부교과,농어촌학생전형(외),,
2026,경국대학교,"경영학부(경영,회계세무,무역,관광경영)",학생부교과,농어촌학생전형(외),,
2026,경국대학교,"법행정경제학부(법,행정,경제)",학생부교과,농어촌학생전형(외),,
2026,경국대학교,"사회복지상담학부
(사회복지,심리상담)",학생부교과,농어촌학생전형(외),6.59,
2026,경국대학교,"바이오생명공학부(생명과학,백신생명공학,
화학생명공학)",학생부교과,농어촌학생전형(외),4.06,
2026,경국대학교,"스마트그린학부(스마트원예과학,
산림과학,식물의학,식품생명공학)",학생부교과,농어촌학생전형(외),,
2026,경국대학교,"건설환경건축공학부(건설시스템,환경공학,
건축공학,지구환경과학)",학생부교과,농어촌학생전형(외),5.08,
2026,경국대학교,"전자기계공학부(전자공학,기계공학,
로봇공학,디지털ICT공학,스마트센서공학)",학생부교과,농어촌학생전형(외),,
2026,경국대학교,국어교육과,학생부교과,농어촌학생전형(외),3.95,3.95
2026,경국대학교,윤리교육과,학생부교과,농어촌학생전형(외),2.66,2.66
2026,경국대학교,영어교육과,학생부교과,농어촌학생전형(외),3.38,3.38
2026,경국대학교,교육공학과,학생부교과,농어촌학생전형(외),2.71,2.71
2026,경국대학교,수학교육과,학생부교과,농어촌학생전형(외),4.03,4.03
2026,경국대학교,컴퓨터교육과,학생부교과,농어촌학생전형(외),2.91,2.91
2026,경국대학교,전기전자교육과,학생부교과,농어촌학생전형(외),1.2,
2026,경국대학교,기계교육과,학생부교과,농어촌학생전형(외),,
2026,경국대학교,유아교육과,학생부교과,농어촌학생전형(외),3.88,3.88
2026,경국대학교,"공공수요인재대학(동물생명공학,모빌리티디자인,소방방재,응급구조,경기지도)",학생부교과,농어촌학생전형(외),,
2026,경국대학교,윤리교육과,학생부종합,장애인등대상자전형(외),,
2026,경국대학교,그외 사범대학,학생부종합,장애인등대상자전형(외),,
2026,전주대학교,인문콘텐츠대학,학생부종합,일반학생전형,5.94,6.28
2026,전주대학교,경찰학과,학생부종합,일반학생전형,5.55,5.69
2026,전주대학교,문헌정보학과,학생부종합,일반학생전형,5.05,5.36
2026,전주대학교,법학과,학생부종합,일반학생전형,5.13,5.85
2026,전주대학교,사회복지학과,학생부종합,일반학생전형,6.3,6.51
2026,전주대학교,상담심리학과,학생부종합,일반학생전형,5.44,5.95
2026,전주대학교,경영대학,학생부종합,일반학생전형,6.98,7.46
2026,전주대학교,간호학과,학생부종합,일반학생전형,4.04,4.18
2026,전주대학교,물리치료학과,학생부종합,일반학생전형,4.52,4.79
2026,전주대학교,방사선학과,학생부종합,일반학생전형,4.65,5.08
2026,전주대학교,보건관리학과,학생부종합,일반학생전형,6.61,6.77
2026,전주대학교,작업치료학과,학생부종합,일반학생전형,5.95,6.28
2026,전주대학교,식품영양학과,학생부종합,일반학생전형,6.31,7.26
2026,전주대학교,재활학과,학생부종합,일반학생전형,6.66,6.87
2026,전주대학교,운동처방학과,학생부종합,일반학생전형,5.95,6.16
2026,전주대학교,건축공학과,학생부종합,일반학생전형,6.84,6.98
2026,전주대학교,건축학과(5년제),학생부종합,일반학생전형,6.28,6.36
2026,전주대학교,토목환경공학과,학생부종합,일반학생전형,6.83,6.96
2026,전주대학교,기계공학과,학생부종합,일반학생전형,6.05,6.76
2026,전주대학교,기계자동차공학과,학생부종합,일반학생전형,6.25,7.06
2026,전주대학교,소방안전공학과,학생부종합,일반학생전형,6.3,6.42
2026,전주대학교,신소재화학공학과,학생부종합,일반학생전형,7.25,6.6
2026,전주대학교,전기전자공학과,학생부종합,일반학생전형,5.48,6.36
2026,전주대학교,정보통신공학과,학생부종합,일반학생전형,7.45,7.63
2026,전주대학교,데이터사이언스학과,학생부종합,일반학생전형,7.12,7.42
2026,전주대학교,스마트미디어학과,학생부종합,일반학생전형,5.51,6.27
2026,전주대학교,인공지능학과,학생부종합,일반학생전형,4.66,6.1
2026,전주대학교,컴퓨터공학과,학생부종합,일반학생전형,4.82,5.4
2026,전주대학교,게임콘텐츠학과,학생부종합,일반학생전형,6.42,6.67
2026,전주대학교,산업디자인학과,학생부종합,일반학생전형,5.76,6.8
2026,전주대학교,영화방송학과,학생부종합,일반학생전형,5.57,5.77
2026,전주대학교,외식산업조리학과,학생부종합,일반학생전형,6.57,6.97
2026,전주대학교,호텔경영학과,학생부종합,일반학생전형,6.4,6.6
2026,전주대학교,패션산업학과,학생부종합,일반학생전형,6.49,6.79
2026,전주대학교,한식조리학과,학생부종합,일반학생전형,5.55,6.39
2026,전주대학교,국어교육과,학생부종합,일반학생전형,4.65,4.7
2026,전주대학교,영어교육과,학생부종합,일반학생전형,4.82,5.17
2026,전주대학교,중등특수교육과,학생부종합,일반학생전형,5.93,6.02
2026,전주대학교,한문교육과,학생부종합,일반학생전형,6.48,6.48
2026,전주대학교,가정교육과,학생부종합,일반학생전형,4.92,5.32
2026,전주대학교,"과학교육과(물리교육,화학교육)",학생부종합,일반학생전형,6.04,5.5
2026,전주대학교,수학교육과,학생부종합,일반학생전형,4.85,5.1
2026,전주대학교,반려동물산업학부(동물보건학.펫산업학),학생부종합,일반학생전형,6.27,
2026,전주대학교,경찰학과,학생부종합,사회통합전형,,
2026,전주대학교,문헌정보학과,학생부종합,사회통합전형,,
2026,전주대학교,법학과,학생부종합,사회통합전형,,
2026,전주대학교,사회복지학과,학생부종합,사회통합전형,,
2026,전주대학교,상담심리학과,학생부종합,사회통합전형,,
2026,전주대학교,물리치료학과,학생부종합,사회통합전형,,
2026,전주대학교,방사선학과,학생부종합,사회통합전형,,
2026,전주대학교,보건관리학과,학생부종합,사회통합전형,,
2026,전주대학교,작업치료학과,학생부종합,사회통합전형,,
2026,전주대학교,건축공학과,학생부종합,사회통합전형,,
2026,전주대학교,건축학과(5년제),학생부종합,사회통합전형,,
2026,전주대학교,토목환경공학과,학생부종합,사회통합전형,,
2026,전주대학교,기계공학과,학생부종합,사회통합전형,,
2026,전주대학교,기계자동차공학과,학생부종합,사회통합전형,,
2026,전주대학교,소방안전공학과,학생부종합,사회통합전형,,
2026,전주대학교,신소재화학공학과,학생부종합,사회통합전형,,
2026,전주대학교,전기전자공학과,학생부종합,사회통합전형,,
2026,전주대학교,정보통신공학과,학생부종합,사회통합전형,,
2026,전주대학교,외식산업조리학과,학생부종합,사회통합전형,,
2026,전주대학교,국어교육과,학생부종합,사회통합전형,,
2026,전주대학교,영어교육과,학생부종합,사회통합전형,,
2026,전주대학교,중등특수교육과,학생부종합,사회통합전형,,
2026,전주대학교,한문교육과,학생부종합,사회통합전형,,
2026,전주대학교,가정교육과,학생부종합,사회통합전형,,
2026,전주대학교,"과학교육과(물리교육,화학교육)",학생부종합,사회통합전형,,
2026,전주대학교,수학교육과,학생부종합,사회통합전형,,
2026,전주대학교,전 모집단위,학생부종합,기회균형선발전형(외),,
2026,전주대학교,인문콘텐츠대학,학생부교과,일반학생전형,5.25,5.82
2026,전주대학교,경찰학과,학생부교과,일반학생전형,4.86,5.07
2026,전주대학교,문헌정보학과,학생부교과,일반학생전형,3.82,4.01
2026,전주대학교,법학과,학생부교과,일반학생전형,6.02,6.54
2026,전주대학교,사회복지학과,학생부교과,일반학생전형,5.43,5.71
2026,전주대학교,상담심리학과,학생부교과,일반학생전형,4.23,4.36
2026,전주대학교,행정학과,학생부교과,일반학생전형,6.32,6.51
2026,전주대학교,경영대학,학생부교과,일반학생전형,6.03,7.02
2026,전주대학교,간호학과,학생부교과,일반학생전형,1.84,1.84
2026,전주대학교,물리치료학과,학생부교과,일반학생전형,4.15,4.23
2026,전주대학교,방사선학과,학생부교과,일반학생전형,4.54,4.57
2026,전주대학교,보건관리학과,학생부교과,일반학생전형,5.24,5.82
2026,전주대학교,작업치료학과,학생부교과,일반학생전형,5.09,5.16
2026,전주대학교,식품영양학과,학생부교과,일반학생전형,5.61,6
2026,전주대학교,재활학과,학생부교과,일반학생전형,6.17,6.41
2026,전주대학교,운동처방학과,학생부교과,일반학생전형,5.08,5.11
2026,전주대학교,건축공학과,학생부교과,일반학생전형,6.66,7.03
2026,전주대학교,건축학과(5년제),학생부교과,일반학생전형,5.68,5.39
2026,전주대학교,토목환경공학과,학생부교과,일반학생전형,6.83,6.96
2026,전주대학교,기계공학과,학생부교과,일반학생전형,6.05,6.76
2026,전주대학교,기계자동차공학과,학생부교과,일반학생전형,6.25,7.06
2026,전주대학교,소방안전공학과,학생부교과,일반학생전형,5.59,5.8
2026,전주대학교,신소재화학공학과,학생부교과,일반학생전형,5.31,6.95
2026,전주대학교,전기전자공학과,학생부교과,일반학생전형,5.06,6.26
2026,전주대학교,정보통신공학과,학생부교과,일반학생전형,7.45,7.63
2026,전주대학교,데이터사이언스학과,학생부교과,일반학생전형,7.16,7.19
2026,전주대학교,스마트미디어학과,학생부교과,일반학생전형,6.98,7.66
2026,전주대학교,인공지능학과,학생부교과,일반학생전형,4.87,5.93
2026,전주대학교,컴퓨터공학과,학생부교과,일반학생전형,5.55,5.91
2026,전주대학교,게임콘텐츠학과,학생부교과,일반학생전형,5.41,5.98
2026,전주대학교,공연예술학과,학생부교과,일반학생전형,6.12,6.31
2026,전주대학교,영화방송학과,학생부교과,일반학생전형,2.71,3.32
2026,전주대학교,예술심리치료학과,학생부교과,일반학생전형,6.4,7.29
2026,전주대학교,시각디자인학과,학생부교과,일반학생전형,4.55,6.34
2026,전주대학교,관광경영학과,학생부교과,일반학생전형,6.7,7.08
2026,전주대학교,외식산업조리학과,학생부교과,일반학생전형,5,5.21
2026,전주대학교,호텔경영학과,학생부교과,일반학생전형,6.19,6.51
2026,전주대학교,패션산업학과,학생부교과,일반학생전형,5.88,6.01
2026,전주대학교,한식조리학과,학생부교과,일반학생전형,4.42,4.6
2026,전주대학교,국어교육과,학생부교과,일반학생전형,3.83,3.93
2026,전주대학교,영어교육과,학생부교과,일반학생전형,4.19,4.52
2026,전주대학교,중등특수교육과,학생부교과,일반학생전형,5.54,5.61
2026,전주대학교,한문교육과,학생부교과,일반학생전형,6.21,6.21
2026,전주대학교,가정교육과,학생부교과,일반학생전형,4.18,4.42
2026,전주대학교,"과학교육과(물리교육,화학교육)",학생부교과,일반학생전형,5.07,5.68
2026,전주대학교,수학교육과,학생부교과,일반학생전형,4.24,4.58
2026,전주대학교,반려동물산업학부(동물보건학.펫산업학),학생부교과,일반학생전형,6.03,
2026,전주대학교,인문콘텐츠대학,학생부교과,달란트전형,50,
2026,전주대학교,경영대학,학생부교과,달란트전형,50,
2026,전주대학교,사범대자율전공학부,학생부교과,달란트전형,,
2026,전주대학교,자유전공학부,학생부교과,달란트전형,50,
2026,전주대학교,인문콘텐츠대학,학생부교과,지역인재 I 전형,6.74,7.41
2026,전주대학교,경영대학,학생부교과,지역인재 I 전형,6.4,6.85
2026,전주대학교,간호학과,학생부교과,지역인재 I 전형,3.66,3.78
2026,전주대학교,물리치료학과,학생부교과,지역인재 I 전형,4.15,4.23
2026,전주대학교,방사선학과,학생부교과,지역인재 I 전형,4.54,4.57
2026,전주대학교,보건관리학과,학생부교과,지역인재 I 전형,5.92,6.09
2026,전주대학교,작업치료학과,학생부교과,지역인재 I 전형,5.67,5.72
2026,전주대학교,건축공학과,학생부교과,지역인재 I 전형,5.92,5.92
2026,전주대학교,건축학과(5년제),학생부교과,지역인재 I 전형,,5.2
2026,전주대학교,소방안전공학과,학생부교과,지역인재 I 전형,5.84,6.15
2026,전주대학교,전기전자공학과,학생부교과,지역인재 I 전형,4.68,4.68
2026,전주대학교,컴퓨터공학과,학생부교과,지역인재 I 전형,6.78,6.78
2026,전주대학교,게임콘텐츠학과,학생부교과,지역인재 I 전형,6.08,6.08
2026,전주대학교,예술심리치료학과,학생부교과,지역인재 I 전형,5.96,6.7
2026,전주대학교,생활체육학과,학생부교과,지역인재 I 전형,5.78,5
2026,전주대학교,관광경영학과,학생부교과,지역인재 I 전형,5.89,5.89
2026,전주대학교,외식산업조리학과,학생부교과,지역인재 I 전형,5.9,5.9
2026,전주대학교,호텔경영학과,학생부교과,지역인재 I 전형,5.61,6.05
2026,전주대학교,패션산업학과,학생부교과,지역인재 I 전형,5.01,6.22
2026,전주대학교,한식조리학과,학생부교과,지역인재 I 전형,7.13,7.54
2026,전주대학교,국어교육과,학생부교과,지역인재 I 전형,3.93,4.9
2026,전주대학교,영어교육과,학생부교과,지역인재 I 전형,4.52,4.4
2026,전주대학교,중등특수교육과,학생부교과,지역인재 I 전형,5.61,5.3
2026,전주대학교,한문교육과,학생부교과,지역인재 I 전형,6.21,6.3
2026,전주대학교,가정교육과,학생부교과,지역인재 I 전형,4.42,5.1
2026,전주대학교,"과학교육과(물리교육,화학교육)",학생부교과,지역인재 I 전형,,5.1
2026,전주대학교,수학교육과,학생부교과,지역인재 I 전형,4.58,4.6
2026,전주대학교,자유전공학부,학생부교과,지역인재 I 전형,6.25,6.56
2026,전주대학교,반려동물산업학부(동물보건학.펫산업학),학생부교과,지역인재 I 전형,5.94,
2026,전주대학교,간호학과,학생부교과,지역인재 II 전형,3.66,3.78
2026,전주대학교,전 모집단위,학생부교과,농어촌학생전형(외),,
2026,전주대학교,전 모집단위,학생부교과,특성화고교졸업자전형(외),,
2026,전주대학교,전 모집단위,학생부교과,장애인등대상자전형(외),,
2026,전주대학교,웹툰만화콘텐츠학과,실기/실적,일반학생전형,5.82,6.29
2026,전주대학교,산업디자인학과,실기/실적,일반학생전형,6.5,
2026,전주대학교,공연예술학과,실기/실적,일반학생전형,5.82,6.02
2026,전주대학교,시각디자인학과,실기/실적,일반학생전형,5.93,7.23
2026,전주대학교,생활체육학과,실기/실적,일반학생전형,7.4,7.2
2026,전주대학교,축구학과,실기/실적,일반학생전형,5.28,5.49
2026,전주대학교,태권도학과,실기/실적,일반학생전형,6.19,6.55
2026,전주대학교,운동처방학과,실기/실적,특기자전형,7.59,7.59
2026,전주대학교,생활체육학과,실기/실적,특기자전형,8.1,
2026,전주대학교,축구학과,실기/실적,특기자전형,6.36,7.26
2026,전주대학교,태권도학과,실기/실적,특기자전형,7.18,7.91
2026,중부대학교,경찰행정학전공,학생부교과,학교생활우수자전형,3.7,3.9
2026,중부대학교,경찰경호학전공,학생부교과,학교생활우수자전형,4,4.3
2026,중부대학교,간호학과,학생부교과,학교생활우수자전형,3.1,3.3
2026,중부대학교,물리치료학과,학생부교과,학교생활우수자전형,2.9,2.9
2026,중부대학교,반려동물사육학전공,학생부교과,학교생활우수자전형,3.5,3.9
2026,중부대학교,공공안전학전공,학생부교과,학교생활우수자전형,3.3,3.4
2026,중부대학교,경영학전공,학생부교과,학교생활우수자전형,3.3,3.5
2026,중부대학교,국제통상학전공,학생부교과,학교생활우수자전형,3.5,3.4
2026,중부대학교,미디어커뮤니케이션학전공,학생부교과,학교생활우수자전형,2.6,2.7
2026,중부대학교,유아교육과,학생부교과,학교생활우수자전형,2.8,2.9
2026,중부대학교,특수교육과(유아특수교육),학생부교과,학교생활우수자전형,5.1,5.7
2026,중부대학교,특수교육과(초등특수교육),학생부교과,학교생활우수자전형,3,3.2
2026,중부대학교,특수교육과(중등특수교육),학생부교과,학교생활우수자전형,3.5,3.6
2026,중부대학교,건축학전공,학생부교과,학교생활우수자전형,3.1,3.3
2026,중부대학교,토목공학전공,학생부교과,학교생활우수자전형,4.9,4.3
2026,중부대학교,게임소프트웨어전공,학생부교과,학교생활우수자전형,3.3,3.5
2026,중부대학교,정보보호학전공,학생부교과,학교생활우수자전형,3.3,3.5
2026,중부대학교,인공지능전공,학생부교과,학교생활우수자전형,2.5,3
2026,중부대학교,전기전자공학전공,학생부교과,학교생활우수자전형,3.1,3.6
2026,중부대학교,스마트모빌리티공학전공,학생부교과,학교생활우수자전형,4.9,4.5
2026,중부대학교,엔터테인먼트학전공,학생부교과,학교생활우수자전형,2.9,3
2026,중부대학교,뷰티패션비즈니스학전공,학생부교과,학교생활우수자전형,3.4,3.6
2026,중부대학교,항공운항서비스학전공,학생부교과,학교생활우수자전형,,
2026,중부대학교,항공서비스학전공,학생부교과,학교생활우수자전형,1.9,2
2026,중부대학교,경찰행정학전공,학생부교과,학생부우수자전형,3.5,3.7
2026,중부대학교,경찰경호학전공,학생부교과,학생부우수자전형,4.7,4.8
2026,중부대학교,항공운항서비스학전공,학생부교과,학생부우수자전형,,
2026,중부대학교,간호학과,학생부교과,학생부우수자전형,2.5,2.5
2026,중부대학교,물리치료학과,학생부교과,학생부우수자전형,2.3,2.5
2026,중부대학교,응급구조학과,학생부교과,학생부우수자전형,4.1,4.3
2026,중부대학교,작업치료학과,학생부교과,학생부우수자전형,4.5,4.6
2026,중부대학교,반려동물사육학전공,학생부교과,학생부우수자전형,3.2,3.4
2026,중부대학교,스포츠재활복지학전공,학생부교과,학생부우수자전형,3.7,3.7
2026,중부대학교,스포츠건강관리학전공,학생부교과,학생부우수자전형,3.7,5.1
2026,중부대학교,스마트팜학과,학생부교과,학생부우수자전형,,
2026,중부대학교,자유전공학부,학생부교과,학생부우수자전형,,
2026,중부대학교,공공안전학전공,학생부교과,학생부우수자전형,2.8,3
2026,중부대학교,경영학전공,학생부교과,학생부우수자전형,2.7,2.7
2026,중부대학교,국제통상학전공,학생부교과,학생부우수자전형,3.2,3
2026,중부대학교,미디어커뮤니케이션학전공,학생부교과,학생부우수자전형,2.3,2.5
2026,중부대학교,문헌정보학전공,학생부교과,학생부우수자전형,2.5,2.7
2026,중부대학교,항공서비스학전공,학생부교과,학생부우수자전형,1.9,2
2026,중부대학교,자율설계학부,학생부교과,학생부우수자전형,2.9,3.1
2026,중부대학교,동물보건학과,학생부교과,학생부우수자전형,2.5,2.5
2026,중부대학교,유아교육과,학생부교과,학생부우수자전형,2.7,2.9
2026,중부대학교,특수교육과(유아특수교육),학생부교과,학생부우수자전형,5.1,5.2
2026,중부대학교,특수교육과(초등특수교육),학생부교과,학생부우수자전형,2.9,3.3
2026,중부대학교,특수교육과(중등특수교육),학생부교과,학생부우수자전형,2.9,2.9
2026,중부대학교,건축학전공,학생부교과,학생부우수자전형,3.1,3.3
2026,중부대학교,토목공학전공,학생부교과,학생부우수자전형,4.7,4.3
2026,중부대학교,게임소프트웨어전공,학생부교과,학생부우수자전형,2.7,3.1
2026,중부대학교,정보보호학전공,학생부교과,학생부우수자전형,3.3,3.5
2026,중부대학교,인공지능전공,학생부교과,학생부우수자전형,3,3.4
2026,중부대학교,전기전자공학전공,학생부교과,학생부우수자전형,3.2,3.3
2026,중부대학교,스마트모빌리티공학전공,학생부교과,학생부우수자전형,4,3.7
2026,중부대학교,사진영상학전공,학생부교과,학생부우수자전형,2.8,3.1
2026,중부대학교,엔터테인먼트전공,학생부교과,학생부우수자전형,3.6,3.8
2026,중부대학교,뷰티패션비즈니스학전공,학생부교과,학생부우수자전형,2.9,2.9
2026,중부대학교,경찰행정학전공,학생부교과,지역인재 I 전형,3.7,3.7
2026,중부대학교,경찰경호학전공,학생부교과,지역인재 I 전형,4.1,5.3
2026,중부대학교,간호학과,학생부교과,지역인재 I 전형,2.7,2.9
2026,중부대학교,물리치료학과,학생부교과,지역인재 I 전형,2.7,2.8
2026,중부대학교,응급구조학과,학생부교과,지역인재 I 전형,4.7,4.7
2026,중부대학교,작업치료학과,학생부교과,지역인재 I 전형,4,4
2026,중부대학교,반려동물사육학전공,학생부교과,지역인재 I 전형,2.9,4.1
2026,중부대학교,항공서비스학전공,학생부교과,지역인재 I 전형,3.2,4.4
2026,중부대학교,동물보건학과,학생부교과,지역인재 I 전형,4.1,
2026,중부대학교,간호학과,학생부교과,지역인재 II 전형,2.7,2.9
2026,중부대학교,경찰행정학전공,학생부교과,국가보훈대상자전형,,
2026,중부대학교,물리치료학과,학생부교과,국가보훈대상자전형,,
2026,중부대학교,경영학전공,학생부교과,국가보훈대상자전형,,
2026,중부대학교,정보보호학전공,학생부교과,국가보훈대상자전형,,
2026,중부대학교,전기전자공학전공,학생부교과,국가보훈대상자전형,,
2026,중부대학교,경찰경호학전공,실기/실적,실기우수자전형,6.9,6.2
2026,중부대학교,스포츠재활복지학전공,실기/실적,실기우수자전형,5.4,5.7
2026,중부대학교,스포츠건강관리학전공,실기/실적,실기우수자전형,5.6,6
2026,중부대학교,특수체육교육과,실기/실적,실기우수자전형,4.3,3.1
2026,중부대학교,산업디자인학전공,실기/실적,실기우수자전형,5.4,4.1
2026,중부대학교,만화애니메이션학전공,실기/실적,실기우수자전형,3.7,3.3
2026,중부대학교,사진영상학전공,실기/실적,실기우수자전형,5.6,5.1
2026,중부대학교,연극영화학전공(연출/제작/기획),실기/실적,실기우수자전형,5.7,3.7
2026,중부대학교,연극영화학전공(연기),실기/실적,실기우수자전형,4.3,3.8
2026,중부대학교,실용음악학전공(기악),실기/실적,실기우수자전형,5.7,5.4
2026,중부대학교,실용음악학전공(뮤직프로덕션),실기/실적,실기우수자전형,6.5,5.6
2026,중부대학교,실용음악학전공(보컬),실기/실적,실기우수자전형,6.3,5.3
2026,중부대학교,스포츠재활복지학전공,실기/실적,경기실적전형,,
2026,중부대학교,스포츠건강관리학전공,실기/실적,경기실적전형,,
2026,중부대학교,전 모집단위,학생부교과,농어촌학생전형(외),,
2026,중부대학교,전 모집단위,학생부교과,특성화고교졸업자전형(외),,
2026,중부대학교,전 모집단위,학생부교과,기초생활및차상위전형(외),,
2026,중부대학교,전 모집단위,학생부종합,특수교육대상자전형(외),,
2026,중원대학교,간호학과,학생부교과,일반전형 I,4,4.74
2026,중원대학교,작업치료학과,학생부교과,일반전형 I,4.33,4.52
2026,중원대학교,임상병리학과,학생부교과,일반전형 I,4.69,5
2026,중원대학교,보건복지학과,학생부교과,일반전형 I,2.88,3.65
2026,중원대학교,뷰티메디컬학과,학생부교과,일반전형 I,3.15,4.01
2026,중원대학교,바이오산업학과,학생부교과,일반전형 I,3.5,4
2026,중원대학교,기계항공우주공학과,학생부교과,일반전형 I,4.92,5.15
2026,중원대학교,항공정비학과,학생부교과,일반전형 I,4.21,4.37
2026,중원대학교,전기반도체컴퓨터학과,학생부교과,일반전형 I,4.46,5
2026,중원대학교,스마트농산림학과,학생부교과,일반전형 I,,
2026,중원대학교,종교문화학부,학생부교과,일반전형 I,3,3.2
2026,중원대학교,경찰행정학과,학생부교과,일반전형 I,4.5,5.28
2026,중원대학교,드론봇군사학과,학생부교과,일반전형 I,3.92,4.02
2026,중원대학교,만화애니메이션학과,학생부교과,일반전형 I,,
2026,중원대학교,자율전공학부,학생부교과,일반전형 I,4.53,5.08
2026,중원대학교,스포츠산업학과,학생부교과,일반전형 I,,
2026,중원대학교,운동레저학부,학생부교과,일반전형 I,5.4,5.7
2026,중원대학교,간호학과,학생부교과,일반전형 II,4,4.74
2026,중원대학교,임상병리학과,학생부교과,일반전형 II,4.69,5
2026,중원대학교,보건복지학과,학생부교과,일반전형 II,2.88,3.65
2026,중원대학교,뷰티메디컬학과,학생부교과,일반전형 II,3.15,4.01
2026,중원대학교,항공운항학과,학생부교과,일반전형 II,,
2026,중원대학교,글로벌항공서비스학과,학생부교과,일반전형 II,4.25,3.82
2026,중원대학교,기계항공우주공학과,학생부교과,일반전형 II,,
2026,중원대학교,항공정비학과,학생부교과,일반전형 II,4.21,4.37
2026,중원대학교,전기반도체컴퓨터학과,학생부교과,일반전형 II,4.01,5.8
2026,중원대학교,종교문화학부,학생부교과,일반전형 II,3,3.2
2026,중원대학교,경찰행정학과,학생부교과,일반전형 II,4.5,5.28
2026,중원대학교,드론봇군사학과,학생부교과,일반전형 II,3.92,4.02
2026,중원대학교,운동레저학부,학생부교과,일반전형 II,5.4,5.7
2026,중원대학교,스포츠과학과,학생부교과,일반전형 II,5.35,3.75
2026,중원대학교,간호학과,학생부교과,지역인재전형,4.5,4.75
2026,중원대학교,임상병리학과,학생부교과,지역인재전형,5,
2026,중원대학교,보건복지학과,학생부교과,지역인재전형,3.89,3.89
2026,중원대학교,항공운항학과,학생부교과,지역인재전형,,
2026,중원대학교,전기반도체컴퓨터학과,학생부교과,지역인재전형,,
2026,중원대학교,드론봇군사학과,학생부교과,지역인재전형,4.02,
2026,중원대학교,간호학과,학생부교과,기회균형선발전형,4.27,4.88
2026,중원대학교,작업치료학과,학생부교과,기회균형선발전형,70,
2026,중원대학교,임상병리학과,학생부교과,기회균형선발전형,70,
2026,중원대학교,글로벌항공서비스학과,학생부교과,기회균형선발전형,,
2026,중원대학교,기계항공우주공학과,학생부교과,기회균형선발전형,,
2026,중원대학교,항공정비학과,학생부교과,기회균형선발전형,4.37,
2026,중원대학교,전기반도체컴퓨터학과,학생부교과,기회균형선발전형,,
2026,중원대학교,종교문화학부,학생부교과,기회균형선발전형,,
2026,중원대학교,스포츠산업학과,학생부교과,기회균형선발전형,,
2026,중원대학교,간호학과,학생부종합,학생부종합전형,,
2026,중원대학교,만화애니메이션학과,실기/실적,실기중심전형,4.75,4.75
2026,중원대학교,운동레저학부,실기/실적,실기중심전형,3.68,3.85
2026,중원대학교,드론봇군사학과,실기/실적,체육우수인재전형,,
2026,중원대학교,스포츠지도학과,실기/실적,체육우수인재전형,,
2026,중원대학교,스포츠산업학과,실기/실적,체육우수인재전형,,
2026,중원대학교,운동레저학부,실기/실적,체육우수인재전형,4.72,5.13
2026,중원대학교,골프과학과,실기/실적,체육우수인재전형,,
2026,중원대학교,스포츠과학과,실기/실적,체육우수인재전형,,
2026,중원대학교,스포츠가라테학과,실기/실적,체육우수인재전형,,
2026,중원대학교,전 모집단위,학생부교과,농어촌학생전형(외),,
2026,중원대학교,전 모집단위,학생부교과,특성화고교졸업자전형(외),,
2026,중원대학교,전 모집단위,학생부교과,장애인등대상자전형(외),,
2026,한국해양대학교,항해융합학부,학생부교과,일반전형,2.07,1.38
2026,한국해양대학교,기관시스템공학부,학생부교과,일반전형,2.69,4.78
2026,한국해양대학교,해양경찰학부-항해전공,학생부교과,일반전형,,
2026,한국해양대학교,해양경찰학부-기관전공,학생부교과,일반전형,,
2026,한국해양대학교,해사인공지능보안학부,학생부교과,일반전형,,3.48
2026,한국해양대학교,조선해양시스템공학부,학생부교과,일반전형,3.81,3.89
2026,한국해양대학교,해양공학과,학생부교과,일반전형,4.45,5.55
2026,한국해양대학교,에너지자원공학과,학생부교과,일반전형,4.79,5.52
2026,한국해양대학교,해양건축공학과,학생부교과,일반전형,4.78,4.43
2026,한국해양대학교,해양환경학전공,학생부교과,일반전형,4.3,5.02
2026,한국해양대학교,"해양생물공학,수산바이오공학전공",학생부교과,일반전형,4.05,4.23
2026,한국해양대학교,기계시스템공학전공,학생부교과,일반전형,3.8,3.84
2026,한국해양대학교,냉동공조공학전공,학생부교과,일반전형,,3.77
2026,한국해양대학교,전기전자공학전공,학생부교과,일반전형,,3.46
2026,한국해양대학교,전자정보통신공학전공,학생부교과,일반전형,4.38,5.48
2026,한국해양대학교,나노반도체공학전공,학생부교과,일반전형,4.01,6.07
2026,한국해양대학교,전파모빌리티융합공학전공,학생부교과,일반전형,4.79,4.94
2026,한국해양대학교,데이터사이언스전공,학생부교과,일반전형,4.47,4.89
2026,한국해양대학교,지능제어시스템공학전공,학생부교과,일반전형,4.72,4.8
2026,한국해양대학교,컴퓨터공학전공,학생부교과,일반전형,4.09,4.67
2026,한국해양대학교,물류시스템공학과,학생부교과,일반전형,3.74,4.24
2026,한국해양대학교,환경공학과,학생부교과,일반전형,4.49,4.78
2026,한국해양대학교,토목공학과,학생부교과,일반전형,5.08,4.59
2026,한국해양대학교,해양신소재융합공학과,학생부교과,일반전형,4.31,4.54
2026,한국해양대학교,"해운경영학부
(해운경영전공,해양정보금융전공)",학생부교과,일반전형,5.63,3.75
2026,한국해양대학교,"해사법학부
(법학전공,해사법전공)",학생부교과,일반전형,2.62,3.47
2026,한국해양대학교,"국제무역경제학부
(국제무역전공,경제전공)",학생부교과,일반전형,3.55,3.9
2026,한국해양대학교,국제관계학과,학생부교과,일반전형,3.94,4.08
2026,한국해양대학교,해양행정학과,학생부교과,일반전형,4.02,3.72
2026,한국해양대학교,해양영어영문학과,학생부교과,일반전형,4.56,4.23
2026,한국해양대학교,동아시아학과,학생부교과,일반전형,4.03,4.9
2026,한국해양대학교,인문사회자율전공학부,학생부교과,일반전형,,
2026,한국해양대학교,항해융합학부(남),학생부교과,교과성적우수자전형,2.98,2.98
2026,한국해양대학교,항해융합학부(여),학생부교과,교과성적우수자전형,2.52,2.52
2026,한국해양대학교,기관시스템공학부(남),학생부교과,교과성적우수자전형,4.04,4.04
2026,한국해양대학교,기관시스템공학부(여),학생부교과,교과성적우수자전형,3.51,3.51
2026,한국해양대학교,해양경찰학부-항해전공(남),학생부교과,교과성적우수자전형,3.53,2.68
2026,한국해양대학교,해양경찰학부-항해전공(여),학생부교과,교과성적우수자전형,2.57,
2026,한국해양대학교,해양경찰학부-기관전공(남),학생부교과,교과성적우수자전형,3.85,4.33
2026,한국해양대학교,해양경찰학부-기관전공(여),학생부교과,교과성적우수자전형,3.17,
2026,한국해양대학교,해사인공지능보안학부(남),학생부교과,교과성적우수자전형,3.52,3.52
2026,한국해양대학교,해사인공지능보안학부(여),학생부교과,교과성적우수자전형,3.16,3.16
2026,한국해양대학교,조선해양시스템공학부,학생부교과,교과성적우수자전형,3.56,3.71
2026,한국해양대학교,해양공학과,학생부교과,교과성적우수자전형,3.77,3.8
2026,한국해양대학교,에너지자원공학과,학생부교과,교과성적우수자전형,3.85,4.05
2026,한국해양대학교,해양건축공학과,학생부교과,교과성적우수자전형,4.13,4.25
2026,한국해양대학교,해양환경학전공,학생부교과,교과성적우수자전형,3.96,3.96
2026,한국해양대학교,"해양생물공학,수산바이오공학전공",학생부교과,교과성적우수자전형,3.9,4.09
2026,한국해양대학교,기계시스템공학전공,학생부교과,교과성적우수자전형,4.18,4.18
2026,한국해양대학교,냉동공조공학전공,학생부교과,교과성적우수자전형,3.59,3.59
2026,한국해양대학교,전기전자공학전공,학생부교과,교과성적우수자전형,3.84,3.84
2026,한국해양대학교,전자정보통신공학전공,학생부교과,교과성적우수자전형,4.62,4.62
2026,한국해양대학교,나노반도체공학전공,학생부교과,교과성적우수자전형,4.23,4.23
2026,한국해양대학교,전파모빌리티융합공학전공,학생부교과,교과성적우수자전형,4.97,5.31
2026,한국해양대학교,데이터사이언스전공,학생부교과,교과성적우수자전형,4.52,4.52
2026,한국해양대학교,지능제어시스템공학전공,학생부교과,교과성적우수자전형,4.53,4.53
2026,한국해양대학교,컴퓨터공학전공,학생부교과,교과성적우수자전형,3.56,3.56
2026,한국해양대학교,물류시스템공학과,학생부교과,교과성적우수자전형,3.53,3.56
2026,한국해양대학교,환경공학과,학생부교과,교과성적우수자전형,3.86,3.9
2026,한국해양대학교,토목공학과,학생부교과,교과성적우수자전형,4.4,4.45
2026,한국해양대학교,해양신소재융합공학과,학생부교과,교과성적우수자전형,4.43,4.43
2026,한국해양대학교,해양스포츠과학과,학생부교과,교과성적우수자전형,4.56,3.84
2026,한국해양대학교,"해운경영학부
(해운경영전공,해양정보금융전공)",학생부교과,교과성적우수자전형,3.63,3.62
2026,한국해양대학교,"해사법학부
(법학전공,해사법전공)",학생부교과,교과성적우수자전형,3.72,2.91
2026,한국해양대학교,"국제무역경제학부
(국제무역전공,경제전공)",학생부교과,교과성적우수자전형,3.72,3.81
2026,한국해양대학교,국제관계학과,학생부교과,교과성적우수자전형,3.65,3.71
2026,한국해양대학교,해양행정학과,학생부교과,교과성적우수자전형,3.48,3.52
2026,한국해양대학교,해양영어영문학과,학생부교과,교과성적우수자전형,3.82,3.83
2026,한국해양대학교,동아시아학과,학생부교과,교과성적우수자전형,3.8,3.88
2026,한국해양대학교,인문사회자율전공학부,학생부교과,교과성적우수자전형,,
2026,한국해양대학교,항해융합학부,학생부교과,지역인재전형,2.92,3.01
2026,한국해양대학교,기관시스템공학부,학생부교과,지역인재전형,3.85,3.57
2026,한국해양대학교,해양경찰학부-항해전공,학생부교과,지역인재전형,3.11,2.8
2026,한국해양대학교,해양경찰학부-기관전공,학생부교과,지역인재전형,3.62,4.81
2026,한국해양대학교,해사인공지능보안학부,학생부교과,지역인재전형,3.68,3.55
2026,한국해양대학교,조선해양시스템공학부,학생부교과,지역인재전형,4.52,4.52
2026,한국해양대학교,해양공학과,학생부교과,지역인재전형,4.77,4.77
2026,한국해양대학교,에너지자원공학과,학생부교과,지역인재전형,4.84,5.41
2026,한국해양대학교,해양건축공학과,학생부교과,지역인재전형,3.97,4.32
2026,한국해양대학교,해양환경학전공,학생부교과,지역인재전형,3.79,4.5
2026,한국해양대학교,"해양생물공학,수산바이오공학전공",학생부교과,지역인재전형,4.6,4.5
2026,한국해양대학교,기계시스템공학전공,학생부교과,지역인재전형,4.34,4.32
2026,한국해양대학교,냉동공조공학전공,학생부교과,지역인재전형,3.97,4.08
2026,한국해양대학교,전기전자공학전공,학생부교과,지역인재전형,4.11,
2026,한국해양대학교,전자정보통신공학전공,학생부교과,지역인재전형,4.43,5.32
2026,한국해양대학교,나노반도체공학전공,학생부교과,지역인재전형,,4.34
2026,한국해양대학교,전파모빌리티융합공학전공,학생부교과,지역인재전형,4.93,5.22
2026,한국해양대학교,데이터사이언스전공,학생부교과,지역인재전형,5.29,5.22
2026,한국해양대학교,지능제어시스템공학전공,학생부교과,지역인재전형,4.84,
2026,한국해양대학교,컴퓨터공학전공,학생부교과,지역인재전형,4.27,
2026,한국해양대학교,물류시스템공학과,학생부교과,지역인재전형,4.2,4.25
2026,한국해양대학교,환경공학과,학생부교과,지역인재전형,4.86,4.87
2026,한국해양대학교,토목공학과,학생부교과,지역인재전형,5.41,
2026,한국해양대학교,해양신소재융합공학과,학생부교과,지역인재전형,3.28,
2026,한국해양대학교,"해운경영학부
(해운경영전공,해양정보금융전공)",학생부교과,지역인재전형,4.13,3.79
2026,한국해양대학교,"해사법학부
(법학전공,해사법전공)",학생부교과,지역인재전형,3.54,3.75
2026,한국해양대학교,"국제무역경제학부
(국제무역전공,경제전공)",학생부교과,지역인재전형,3.89,3.56
2026,한국해양대학교,국제관계학과,학생부교과,지역인재전형,3.9,4.16
2026,한국해양대학교,해양행정학과,학생부교과,지역인재전형,4.99,3.8
2026,한국해양대학교,해양영어영문학과,학생부교과,지역인재전형,,4.6
2026,한국해양대학교,동아시아학과,학생부교과,지역인재전형,4.73,4.65
2026,한국해양대학교,인문사회자율전공학부,학생부교과,지역인재전형,,
2026,한국해양대학교,항해융합학부,학생부종합,아치해양인재전형 I (일반),2.8,3.26
2026,한국해양대학교,기관시스템공학부,학생부종합,아치해양인재전형 I (일반),3.44,3.7
2026,한국해양대학교,해양경찰학부-항해전공,학생부종합,아치해양인재전형 I (일반),2.77,2.5
2026,한국해양대학교,해양경찰학부-기관전공,학생부종합,아치해양인재전형 I (일반),4.2,4.32
2026,한국해양대학교,해사인공지능보안학부,학생부종합,아치해양인재전형 I (일반),3.23,3.73
2026,한국해양대학교,조선해양시스템공학부,학생부종합,아치해양인재전형 I (일반),4.8,5.26
2026,한국해양대학교,해양공학과,학생부종합,아치해양인재전형 I (일반),4.35,4.58
2026,한국해양대학교,에너지자원공학과,학생부종합,아치해양인재전형 I (일반),5.38,
2026,한국해양대학교,해양건축공학과,학생부종합,아치해양인재전형 I (일반),4.88,4.97
2026,한국해양대학교,해양환경학전공,학생부종합,아치해양인재전형 I (일반),,
2026,한국해양대학교,"해양생물공학,수산바이오공학전공",학생부종합,아치해양인재전형 I (일반),4.23,4.55
2026,한국해양대학교,기계시스템공학전공,학생부종합,아치해양인재전형 I (일반),4.46,4.51
2026,한국해양대학교,냉동공조공학전공,학생부종합,아치해양인재전형 I (일반),4.43,3.15
2026,한국해양대학교,전기전자공학전공,학생부종합,아치해양인재전형 I (일반),4.14,4.18
2026,한국해양대학교,전자정보통신공학전공,학생부종합,아치해양인재전형 I (일반),5.41,4.96
2026,한국해양대학교,나노반도체공학전공,학생부종합,아치해양인재전형 I (일반),4.98,4.63
2026,한국해양대학교,전파모빌리티융합공학전공,학생부종합,아치해양인재전형 I (일반),4.93,
2026,한국해양대학교,데이터사이언스전공,학생부종합,아치해양인재전형 I (일반),5.38,4.86
2026,한국해양대학교,지능제어시스템공학전공,학생부종합,아치해양인재전형 I (일반),4.77,5.17
2026,한국해양대학교,컴퓨터공학전공,학생부종합,아치해양인재전형 I (일반),4.04,4.12
2026,한국해양대학교,물류시스템공학과,학생부종합,아치해양인재전형 I (일반),4.06,4.29
2026,한국해양대학교,환경공학과,학생부종합,아치해양인재전형 I (일반),4.59,4.84
2026,한국해양대학교,토목공학과,학생부종합,아치해양인재전형 I (일반),5.08,5.35
2026,한국해양대학교,해양신소재융합공학과,학생부종합,아치해양인재전형 I (일반),5.05,4.63
2026,한국해양대학교,"해운경영학부
(해운경영전공,해양정보금융전공)",학생부종합,아치해양인재전형 I (일반),3.67,4.26
2026,한국해양대학교,"해사법학부
(법학전공,해사법전공)",학생부종합,아치해양인재전형 I (일반),3.71,3.23
2026,한국해양대학교,"국제무역경제학부
(국제무역전공,경제전공)",학생부종합,아치해양인재전형 I (일반),3.82,4.01
2026,한국해양대학교,국제관계학과,학생부종합,아치해양인재전형 I (일반),3.83,4.18
2026,한국해양대학교,해양행정학과,학생부종합,아치해양인재전형 I (일반),4.87,3.57
2026,한국해양대학교,해양영어영문학과,학생부종합,아치해양인재전형 I (일반),4.64,5.23
2026,한국해양대학교,동아시아학과,학생부종합,아치해양인재전형 I (일반),5.03,4.92
2026,한국해양대학교,인문사회자율전공학부,학생부종합,아치해양인재전형 I (일반),,
2026,한국해양대학교,항해융합학부,학생부종합,아치해양인재전형II(사배자),3.08,2.8
2026,한국해양대학교,기관시스템공학부,학생부종합,아치해양인재전형II(사배자),3.95,3.44
2026,한국해양대학교,해양경찰학부-항해전공,학생부종합,아치해양인재전형II(사배자),,
2026,한국해양대학교,해양경찰학부-기관전공,학생부종합,아치해양인재전형II(사배자),,
2026,한국해양대학교,해사인공지능보안학부,학생부종합,아치해양인재전형II(사배자),,
2026,한국해양대학교,조선해양시스템공학부,학생부종합,아치해양인재전형II(사배자),,
2026,한국해양대학교,해양공학과,학생부종합,아치해양인재전형II(사배자),,
2026,한국해양대학교,에너지자원공학과,학생부종합,아치해양인재전형II(사배자),,
2026,한국해양대학교,해양건축공학과,학생부종합,아치해양인재전형II(사배자),,
2026,한국해양대학교,해양환경학전공,학생부종합,아치해양인재전형II(사배자),,
2026,한국해양대학교,"해양생물공학,수산바이오공학전공",학생부종합,아치해양인재전형II(사배자),,
2026,한국해양대학교,기계시스템공학전공,학생부종합,아치해양인재전형II(사배자),,
2026,한국해양대학교,냉동공조공학전공,학생부종합,아치해양인재전형II(사배자),,
2026,한국해양대학교,전기전자공학전공,학생부종합,아치해양인재전형II(사배자),,
2026,한국해양대학교,전자정보통신공학전공,학생부종합,아치해양인재전형II(사배자),,
2026,한국해양대학교,나노반도체공학전공,학생부종합,아치해양인재전형II(사배자),,
2026,한국해양대학교,전파모빌리티융합공학전공,학생부종합,아치해양인재전형II(사배자),,
2026,한국해양대학교,데이터사이언스전공,학생부종합,아치해양인재전형II(사배자),,
2026,한국해양대학교,지능제어시스템공학전공,학생부종합,아치해양인재전형II(사배자),,
2026,한국해양대학교,컴퓨터공학전공,학생부종합,아치해양인재전형II(사배자),,
2026,한국해양대학교,물류시스템공학과,학생부종합,아치해양인재전형II(사배자),,
2026,한국해양대학교,환경공학과,학생부종합,아치해양인재전형II(사배자),,
2026,한국해양대학교,토목공학과,학생부종합,아치해양인재전형II(사배자),,
2026,한국해양대학교,해양신소재융합공학과,학생부종합,아치해양인재전형II(사배자),,
2026,한국해양대학교,"해운경영학부
(해운경영전공,해양정보금융전공)",학생부종합,아치해양인재전형II(사배자),,
2026,한국해양대학교,"해사법학부
(법학전공,해사법전공)",학생부종합,아치해양인재전형II(사배자),,
2026,한국해양대학교,"국제무역경제학부
(국제무역전공,경제전공)",학생부종합,아치해양인재전형II(사배자),,
2026,한국해양대학교,국제관계학과,학생부종합,아치해양인재전형II(사배자),,
2026,한국해양대학교,해양행정학과,학생부종합,아치해양인재전형II(사배자),,
2026,한국해양대학교,해양영어영문학과,학생부종합,아치해양인재전형II(사배자),,
2026,한국해양대학교,동아시아학과,학생부종합,아치해양인재전형II(사배자),,
2026,한국해양대학교,해양스포츠과학과,실기/실적,체육특기자전형,,
2026,한국해양대학교,해양과학기술융합대학,학생부종합,특수교육대상자전형(외),,
2026,한국해양대학교,해양인문사회과학대학,학생부종합,특수교육대상자전형(외),,
2026,한국해양대학교,항해융합학부,학생부교과,농어촌학생전형(외),2.74,2.87
2026,한국해양대학교,기관시스템공학부,학생부교과,농어촌학생전형(외),2.5,2.77
2026,한국해양대학교,해양경찰학부-항해전공,학생부교과,농어촌학생전형(외),,
2026,한국해양대학교,해양경찰학부-기관전공,학생부교과,농어촌학생전형(외),,
2026,한국해양대학교,해사인공지능보안학부,학생부교과,농어촌학생전형(외),,
2026,한국해양대학교,조선해양시스템공학부,학생부교과,농어촌학생전형(외),,
2026,한국해양대학교,해양공학과,학생부교과,농어촌학생전형(외),,
2026,한국해양대학교,에너지자원공학과,학생부교과,농어촌학생전형(외),,
2026,한국해양대학교,해양건축공학과,학생부교과,농어촌학생전형(외),,
2026,한국해양대학교,"해양생물공학,수산바이오공학전공",학생부교과,농어촌학생전형(외),,
2026,한국해양대학교,기계시스템공학전공,학생부교과,농어촌학생전형(외),,
2026,한국해양대학교,냉동공조공학전공,학생부교과,농어촌학생전형(외),,
2026,한국해양대학교,전기전자공학전공,학생부교과,농어촌학생전형(외),,
2026,한국해양대학교,전자정보통신공학전공,학생부교과,농어촌학생전형(외),,
2026,한국해양대학교,나노반도체공학전공,학생부교과,농어촌학생전형(외),,
2026,한국해양대학교,전파모빌리티융합공학전공,학생부교과,농어촌학생전형(외),,
2026,한국해양대학교,지능제어시스템공학전공,학생부교과,농어촌학생전형(외),,
2026,한국해양대학교,물류시스템공학과,학생부교과,농어촌학생전형(외),,
2026,한국해양대학교,환경공학과,학생부교과,농어촌학생전형(외),,
2026,한국해양대학교,해양신소재융합공학과,학생부교과,농어촌학생전형(외),,
2026,한국해양대학교,해양스포츠과학과,학생부교과,농어촌학생전형(외),,
2026,한국해양대학교,"해운경영학부
(해운경영전공,해양정보금융전공)",학생부교과,농어촌학생전형(외),3.64,3.81
2026,한국해양대학교,"해사법학부
(법학전공,해사법전공)",학생부교과,농어촌학생전형(외),,
2026,한국해양대학교,"국제무역경제학부
(국제무역전공,경제전공)",학생부교과,농어촌학생전형(외),,
2026,한국해양대학교,국제관계학과,학생부교과,농어촌학생전형(외),,
2026,한국해양대학교,해양행정학과,학생부교과,농어촌학생전형(외),,
2026,한국해양대학교,해양영어영문학과,학생부교과,농어촌학생전형(외),,
2026,한국해양대학교,동아시아학과,학생부교과,농어촌학생전형(외),,
2026,한국해양대학교,에너지자원공학과,학생부교과,특성화고교졸업자전형(외),,
2026,한국해양대학교,"해양생물공학,수산바이오공학전공",학생부교과,특성화고교졸업자전형(외),,
2026,한국해양대학교,냉동공조공학전공,학생부교과,특성화고교졸업자전형(외),,
2026,한국해양대학교,전기전자공학전공,학생부교과,특성화고교졸업자전형(외),,
2026,한국해양대학교,전자정보통신공학전공,학생부교과,특성화고교졸업자전형(외),,
2026,한국해양대학교,전파모빌리티융합공학전공,학생부교과,특성화고교졸업자전형(외),,
2026,한국해양대학교,데이터사이언스전공,학생부교과,특성화고교졸업자전형(외),,
2026,한국해양대학교,컴퓨터공학전공,학생부교과,특성화고교졸업자전형(외),,
2026,한국해양대학교,해양스포츠과학과,학생부교과,특성화고교졸업자전형(외),,
2026,한국해양대학교,해양행정학과,학생부교과,특성화고교졸업자전형(외),,
2026,한국해양대학교,해양영어영문학과,학생부교과,특성화고교졸업자전형(외),,
2026,한국해양대학교,항해융합학부,학생부교과,기회균형선발전형(외),1.74,2.83
2026,한국해양대학교,기관시스템공학부,학생부교과,기회균형선발전형(외),3.97,3.22
2026,한국해양대학교,해양경찰학부-항해전공,학생부교과,기회균형선발전형(외),,
2026,한국해양대학교,해사인공지능보안학부,학생부교과,기회균형선발전형(외),,
2026,한국해양대학교,조선해양시스템공학부,학생부교과,기회균형선발전형(외),,
2026,한국해양대학교,해양공학과,학생부교과,기회균형선발전형(외),,
2026,한국해양대학교,해양건축공학과,학생부교과,기회균형선발전형(외),,
2026,한국해양대학교,해양환경학전공,학생부교과,기회균형선발전형(외),,
2026,한국해양대학교,기계시스템공학전공,학생부교과,기회균형선발전형(외),,
2026,한국해양대학교,나노반도체공학전공,학생부교과,기회균형선발전형(외),,
2026,한국해양대학교,물류시스템공학과,학생부교과,기회균형선발전형(외),,
2026,한국해양대학교,환경공학과,학생부교과,기회균형선발전형(외),,
2026,한국해양대학교,토목공학과,학생부교과,기회균형선발전형(외),,
2026,한국해양대학교,해양신소재융합공학과,학생부교과,기회균형선발전형(외),,
2026,한국해양대학교,해양스포츠과학과,학생부교과,기회균형선발전형(외),,
2026,한국해양대학교,"해운경영학부
(해운경영전공,해양정보금융전공)",학생부교과,기회균형선발전형(외),,
2026,한국해양대학교,"해사법학부
(법학전공,해사법전공)",학생부교과,기회균형선발전형(외),,
2026,한국해양대학교,"국제무역경제학부
(국제무역전공,경제전공)",학생부교과,기회균형선발전형(외),,
2026,한국해양대학교,국제관계학과,학생부교과,기회균형선발전형(외),,
2026,한국해양대학교,동아시아학과,학생부교과,기회균형선발전형(외),,
2026,한라대학교,기계자동차공학과,학생부교과,일반학생(교과중심)전형,4.28,3.77
2026,한라대학교,미래모빌리티공학과,학생부교과,일반학생(교과중심)전형,3.28,3.53
2026,한라대학교,도시인프라공학과,학생부교과,일반학생(교과중심)전형,4.89,5.07
2026,한라대학교,컴퓨터공학과,학생부교과,일반학생(교과중심)전형,4.15,3.72
2026,한라대학교,IT소프트웨어학과,학생부교과,일반학생(교과중심)전형,4.44,4.46
2026,한라대학교,전기전자공학과,학생부교과,일반학생(교과중심)전형,3.91,4.46
2026,한라대학교,AI정보보안학과,학생부교과,일반학생(교과중심)전형,4.44,4.65
2026,한라대학교,철도운전시스템학과,학생부교과,일반학생(교과중심)전형,3.24,3.63
2026,한라대학교,미디어광고콘텐츠학과,학생부교과,일반학생(교과중심)전형,3.7,3.9
2026,한라대학교,영상제작학과,학생부교과,일반학생(교과중심)전형,3.31,3.53
2026,한라대학교,건축학과,학생부교과,일반학생(교과중심)전형,3.8,4.31
2026,한라대학교,소방안전학과,학생부교과,일반학생(교과중심)전형,4.82,4.86
2026,한라대학교,사회복지학과,학생부교과,일반학생(교과중심)전형,4.14,4.8
2026,한라대학교,경찰행정학과,학생부교과,일반학생(교과중심)전형,3.73,4.03
2026,한라대학교,경영학과,학생부교과,일반학생(교과중심)전형,3.75,3.96
2026,한라대학교,호텔항공외식경영학과,학생부교과,일반학생(교과중심)전형,3.93,4.64
2026,한라대학교,문화관광경영학과,학생부교과,일반학생(교과중심)전형,5.11,5.13
2026,한라대학교,뷰티디자인학과,학생부교과,일반학생(교과중심)전형,3.67,3.67
2026,한라대학교,스포츠학과,학생부교과,일반학생(교과중심)전형,4.65,4.9
2026,한라대학교,자유전공학부,학생부교과,일반학생(교과중심)전형,4.13,4.66
2026,한라대학교,기계자동차공학과,학생부교과,일반학생(면접중심)전형,4.28,3.77
2026,한라대학교,미래모빌리티공학과,학생부교과,일반학생(면접중심)전형,5.08,5.03
2026,한라대학교,영상제작학과,학생부교과,일반학생(면접중심)전형,5.08,5.02
2026,한라대학교,경영학과,학생부교과,일반학생(면접중심)전형,3.75,3.96
2026,한라대학교,뷰티디자인학과,학생부교과,일반학생(면접중심)전형,5.57,6.32
2026,한라대학교,스포츠학과,학생부교과,일반학생(면접중심)전형,4.25,4.91
2026,한라대학교,기계자동차공학과,학생부교과,지역인재전형,4.38,4.38
2026,한라대학교,미래모빌리티공학과,학생부교과,지역인재전형,5,5
2026,한라대학교,도시인프라공학과,학생부교과,지역인재전형,4.6,4.6
2026,한라대학교,컴퓨터공학과,학생부교과,지역인재전형,4.03,4.29
2026,한라대학교,IT소프트웨어학과,학생부교과,지역인재전형,3.17,3.17
2026,한라대학교,전기전자공학과,학생부교과,지역인재전형,4.2,4.25
2026,한라대학교,AI정보보안학과,학생부교과,지역인재전형,4.35,4.35
2026,한라대학교,철도운전시스템학과,학생부교과,지역인재전형,1.37,4.11
2026,한라대학교,미디어광고콘텐츠학과,학생부교과,지역인재전형,3.52,3.59
2026,한라대학교,영상제작학과,학생부교과,지역인재전형,3.12,3.12
2026,한라대학교,건축학과,학생부교과,지역인재전형,4.44,4.44
2026,한라대학교,소방안전학과,학생부교과,지역인재전형,5.13,5.24
2026,한라대학교,사회복지학과,학생부교과,지역인재전형,3.44,3.62
2026,한라대학교,경찰행정학과,학생부교과,지역인재전형,3.13,3.18
2026,한라대학교,경영학과,학생부교과,지역인재전형,4.11,4.11
2026,한라대학교,호텔항공외식경영학과,학생부교과,지역인재전형,4.82,5.58
2026,한라대학교,문화관광경영학과,학생부교과,지역인재전형,5.05,5.05
2026,한라대학교,뷰티디자인학과,학생부교과,지역인재전형,4.16,4.16
2026,한라대학교,스포츠학과,학생부교과,지역인재전형,3.75,3.75
2026,한라대학교,자유전공학부,학생부교과,지역인재전형,3.76,3.76
2026,한라대학교,기계자동차공학과,학생부교과,특성화고교전형,5.3,5.3
2026,한라대학교,도시인프라공학과,학생부교과,특성화고교전형,3.62,3.62
2026,한라대학교,컴퓨터공학과,학생부교과,특성화고교전형,1.42,1.42
2026,한라대학교,IT소프트웨어학과,학생부교과,특성화고교전형,3.39,3.39
2026,한라대학교,전기전자공학과,학생부교과,특성화고교전형,4.3,4.3
2026,한라대학교,철도운전시스템학과,학생부교과,특성화고교전형,3.65,3.65
2026,한라대학교,미디어광고콘텐츠학과,학생부교과,특성화고교전형,,
2026,한라대학교,영상제작학과,학생부교과,특성화고교전형,2.26,2.26
2026,한라대학교,건축학과,학생부교과,특성화고교전형,3.29,3.29
2026,한라대학교,소방안전학과,학생부교과,특성화고교전형,,
2026,한라대학교,사회복지학과,학생부교과,특성화고교전형,,
2026,한라대학교,경찰행정학과,학생부교과,특성화고교전형,,
2026,한라대학교,경영학과,학생부교과,특성화고교전형,,
2026,한라대학교,호텔항공외식경영학과,학생부교과,특성화고교전형,,
2026,한라대학교,문화관광경영학과,학생부교과,특성화고교전형,,
2026,한라대학교,뷰티디자인학과,학생부교과,특성화고교전형,4.9,4.9
2026,한라대학교,스포츠학과,학생부교과,특성화고교전형,,
2026,한라대학교,기계자동차공학과,학생부종합,운곡인재전형,5.25,6.3
2026,한라대학교,미래모빌리티공학과,학생부종합,운곡인재전형,4.7,5.6
2026,한라대학교,도시인프라공학과,학생부종합,운곡인재전형,4.93,6.95
2026,한라대학교,컴퓨터공학과,학생부종합,운곡인재전형,4.86,5.54
2026,한라대학교,IT소프트웨어학과,학생부종합,운곡인재전형,4.5,5.15
2026,한라대학교,전기전자공학과,학생부종합,운곡인재전형,5.09,5.31
2026,한라대학교,AI정보보안학과,학생부종합,운곡인재전형,5.37,5.84
2026,한라대학교,철도운전시스템학과,학생부종합,운곡인재전형,4.56,6.1
2026,한라대학교,미디어광고콘텐츠학과,학생부종합,운곡인재전형,5.31,5.65
2026,한라대학교,영상제작학과,학생부종합,운곡인재전형,5.13,5.91
2026,한라대학교,건축학과,학생부종합,운곡인재전형,4.54,6
2026,한라대학교,소방안전학과,학생부종합,운곡인재전형,5.04,5.86
2026,한라대학교,사회복지학과,학생부종합,운곡인재전형,4.7,6
2026,한라대학교,경찰행정학과,학생부종합,운곡인재전형,4.28,5.16
2026,한라대학교,경영학과,학생부종합,운곡인재전형,4.23,6.82
2026,한라대학교,호텔항공외식경영학과,학생부종합,운곡인재전형,4.74,6.7
2026,한라대학교,문화관광경영학과,학생부종합,운곡인재전형,6.82,6.16
2026,한라대학교,뷰티디자인학과,학생부종합,운곡인재전형,6.45,6.45
2026,한라대학교,스포츠학과,학생부종합,운곡인재전형,5.36,6.7
2026,한라대학교,자유전공학부,학생부종합,운곡인재전형,4.06,
2026,한라대학교,스포츠학과,실기/실적,체육특기자전형,5.19,5.68
2026,한라대학교,전모집단위,학생부교과,농어촌학생전형(외),,
2026,한라대학교,전모집단위,학생부교과,특성화고교졸업자전형(외),,
2026,한라대학교,전모집단위,학생부교과,기회균형전형(외),,
2026,협성대학교,신학과,학생부교과,학생부교과우수자전형,3.55,4.01
2026,협성대학교,문예창작학과,학생부교과,학생부교과우수자전형,2.64,2.8
2026,협성대학교,사회복지학과,학생부교과,학생부교과우수자전형,3,3
2026,협성대학교,아동보육학과,학생부교과,학생부교과우수자전형,3.26,3.33
2026,협성대학교,중국어문화학과,학생부교과,학생부교과우수자전형,3.31,3.38
2026,협성대학교,도시행정학과,학생부교과,학생부교과우수자전형,3.18,3.22
2026,협성대학교,미디어영상광고학과,학생부교과,학생부교과우수자전형,2.75,2.83
2026,협성대학교,경영학과,학생부교과,학생부교과우수자전형,2.9,2.97
2026,협성대학교,금융보험학과,학생부교과,학생부교과우수자전형,3.55,3.66
2026,협성대학교,세무회계학과,학생부교과,학생부교과우수자전형,3,3.06
2026,협성대학교,호텔관광경영학과,학생부교과,학생부교과우수자전형,3,3
2026,협성대학교,유통경영학과,학생부교과,학생부교과우수자전형,3.35,3.38
2026,협성대학교,글로벌통상문화학과,학생부교과,학생부교과우수자전형,4.21,4.21
2026,협성대학교,컴퓨터공학과,학생부교과,학생부교과우수자전형,3,3.09
2026,협성대학교,소프트웨어공학과,학생부교과,학생부교과우수자전형,3.02,3.11
2026,협성대학교,건축공학과,학생부교과,학생부교과우수자전형,3.25,3.4
2026,협성대학교,도시공학과,학생부교과,학생부교과우수자전형,3.53,3.58
2026,협성대학교,보건관리학과,학생부교과,학생부교과우수자전형,3.2,3.2
2026,협성대학교,의생명화학과,학생부교과,학생부교과우수자전형,2.77,2.8
2026,협성대학교,자율전공학부,학생부교과,학생부교과우수자전형,3.31,3.38
2026,협성대학교,문예창작학과,학생부교과,미래역량우수자전형,2.64,2.8
2026,협성대학교,사회복지학과,학생부교과,미래역량우수자전형,3,3
2026,협성대학교,아동보육학과,학생부교과,미래역량우수자전형,3.26,3.33
2026,협성대학교,중국어문화학과,학생부교과,미래역량우수자전형,3.31,3.38
2026,협성대학교,도시행정학과,학생부교과,미래역량우수자전형,3.18,3.22
2026,협성대학교,미디어영상광고학과,학생부교과,미래역량우수자전형,2.75,2.83
2026,협성대학교,경영학과,학생부교과,미래역량우수자전형,2.9,2.97
2026,협성대학교,금융보험학과,학생부교과,미래역량우수자전형,3.55,3.66
2026,협성대학교,세무회계학과,학생부교과,미래역량우수자전형,3,3.06
2026,협성대학교,호텔관광경영학과,학생부교과,미래역량우수자전형,3,3
2026,협성대학교,유통경영학과,학생부교과,미래역량우수자전형,3.35,3.38
2026,협성대학교,글로벌통상문화학과,학생부교과,미래역량우수자전형,4.5,4.5
2026,협성대학교,컴퓨터공학과,학생부교과,미래역량우수자전형,3,3.09
2026,협성대학교,소프트웨어공학과,학생부교과,미래역량우수자전형,3.02,3.11
2026,협성대학교,건축공학과,학생부교과,미래역량우수자전형,3.25,3.4
2026,협성대학교,도시공학과,학생부교과,미래역량우수자전형,3.53,3.58
2026,협성대학교,보건관리학과,학생부교과,미래역량우수자전형,3.2,3.2
2026,협성대학교,의생명화학과,학생부교과,미래역량우수자전형,2.77,2.8
2026,협성대학교,자율전공학부,학생부교과,미래역량우수자전형,3.31,3.38
2026,협성대학교,신학과,학생부교과,담임목회자추천전형,4.01,6.33
2026,협성대학교,문예창작학과,학생부교과,고른기회전형,4.73,4.73
2026,협성대학교,사회복지학과,학생부교과,고른기회전형,4.78,4.78
2026,협성대학교,아동보육학과,학생부교과,고른기회전형,5.12,5.12
2026,협성대학교,중국어문화학과,학생부교과,고른기회전형,,5.44
2026,협성대학교,도시행정학과,학생부교과,고른기회전형,4.65,4.65
2026,협성대학교,미디어영상광고학과,학생부교과,고른기회전형,3.71,3.71
2026,협성대학교,경영학과,학생부교과,고른기회전형,3.2,3.2
2026,협성대학교,금융보험학과,학생부교과,고른기회전형,5.09,5.09
2026,협성대학교,세무회계학과,학생부교과,고른기회전형,3.9,3.9
2026,협성대학교,호텔관광경영학과,학생부교과,고른기회전형,4.65,4.65
2026,협성대학교,유통경영학과,학생부교과,고른기회전형,4.75,4.75
2026,협성대학교,글로벌통상문화학과,학생부교과,고른기회전형,3.91,3.91
2026,협성대학교,컴퓨터공학과,학생부교과,고른기회전형,5.02,5.02
2026,협성대학교,소프트웨어공학과,학생부교과,고른기회전형,5.84,5.84
2026,협성대학교,건축공학과,학생부교과,고른기회전형,3.98,3.98
2026,협성대학교,도시공학과,학생부교과,고른기회전형,5.42,5.42
2026,협성대학교,보건관리학과,학생부교과,고른기회전형,4.53,4.53
2026,협성대학교,의생명화학과,학생부교과,고른기회전형,4.26,4.26
2026,협성대학교,문예창작학과,학생부교과,사회배려자전형,3,4.2
2026,협성대학교,사회복지학과,학생부교과,사회배려자전형,3.63,4.18
2026,협성대학교,아동보육학과,학생부교과,사회배려자전형,3.44,4.85
2026,협성대학교,중국어문화학과,학생부교과,사회배려자전형,5.2,3.84
2026,협성대학교,도시행정학과,학생부교과,사회배려자전형,3.98,4.33
2026,협성대학교,미디어영상광고학과,학생부교과,사회배려자전형,3.58,3.93
2026,협성대학교,경영학과,학생부교과,사회배려자전형,2.64,3.58
2026,협성대학교,금융보험학과,학생부교과,사회배려자전형,4.19,4.6
2026,협성대학교,세무회계학과,학생부교과,사회배려자전형,4.13,4.1
2026,협성대학교,호텔관광경영학과,학생부교과,사회배려자전형,3.4,4.3
2026,협성대학교,유통경영학과,학생부교과,사회배려자전형,3.82,5.57
2026,협성대학교,글로벌통상문화학과,학생부교과,사회배려자전형,3.82,3.82
2026,협성대학교,컴퓨터공학과,학생부교과,사회배려자전형,3.51,3.51
2026,협성대학교,소프트웨어공학과,학생부교과,사회배려자전형,3.89,3.93
2026,협성대학교,건축공학과,학생부교과,사회배려자전형,3.45,4.15
2026,협성대학교,도시공학과,학생부교과,사회배려자전형,3.8,4.93
2026,협성대학교,보건관리학과,학생부교과,사회배려자전형,3.33,4.15
2026,협성대학교,의생명화학과,학생부교과,사회배려자전형,2.83,4.01
2026,협성대학교,자율전공학부,학생부종합,협성창의인재 I 전형(서류),4,4.08
2026,협성대학교,문예창작학과,학생부종합,협성창의인재 II 전형(면접),3.13,4.55
2026,협성대학교,사회복지학과,학생부종합,협성창의인재 II 전형(면접),4.41,5.13
2026,협성대학교,아동보육학과,학생부종합,협성창의인재 II 전형(면접),5.89,5.46
2026,협성대학교,중국어문화학과,학생부종합,협성창의인재 II 전형(면접),6.66,5.66
2026,협성대학교,도시행정학과,학생부종합,협성창의인재 II 전형(면접),4.56,6.02
2026,협성대학교,미디어영상광고학과,학생부종합,협성창의인재 II 전형(면접),3.69,5.11
2026,협성대학교,경영학과,학생부종합,협성창의인재 II 전형(면접),3.51,5.77
2026,협성대학교,금융보험학과,학생부종합,협성창의인재 II 전형(면접),7.16,5.55
2026,협성대학교,세무회계학과,학생부종합,협성창의인재 II 전형(면접),4.73,5.77
2026,협성대학교,호텔관광경영학과,학생부종합,협성창의인재 II 전형(면접),4.26,5.35
2026,협성대학교,유통경영학과,학생부종합,협성창의인재 II 전형(면접),4.73,6
2026,협성대학교,글로벌통상문화학과,학생부종합,협성창의인재 II 전형(면접),7.22,5.69
2026,협성대학교,컴퓨터공학과,학생부종합,협성창의인재 II 전형(면접),3.6,6.11
2026,협성대학교,소프트웨어공학과,학생부종합,협성창의인재 II 전형(면접),3.89,4.78
2026,협성대학교,건축공학과,학생부종합,협성창의인재 II 전형(면접),3.71,6
2026,협성대학교,도시공학과,학생부종합,협성창의인재 II 전형(면접),5.33,5.8
2026,협성대학교,보건관리학과,학생부종합,협성창의인재 II 전형(면접),4.58,5.69
2026,협성대학교,의생명화학과,학생부종합,협성창의인재 II 전형(면접),2.73,5.66
2026,협성대학교,에이블아트스포츠학과,실기/실적,실기우수자전형,,
2026,협성대학교,피아노전공,실기/실적,실기우수자전형,4.47,4.64
2026,협성대학교,관현악전공,실기/실적,실기우수자전형,4.11,4.11
2026,협성대학교,성악전공,실기/실적,실기우수자전형,4.1,4.1
2026,협성대학교,실용음악전공,실기/실적,실기우수자전형,4.66,4.66
2026,협성대학교,실내디자인학과,실기/실적,실기우수자전형,3.48,3.55
2026,협성대학교,가구디자인학과,실기/실적,실기우수자전형,3.89,4.03
2026,협성대학교,산업디자인학과,실기/실적,실기우수자전형,3.41,3.52
2026,협성대학교,시각디자인학과,실기/실적,실기우수자전형,3.37,3.48
2026,협성대학교,문예창작학과,학생부교과,농어촌학생전형(외),3.13,3.13
2026,협성대학교,사회복지학과,학생부교과,농어촌학생전형(외),4.41,4.41
2026,협성대학교,도시행정학과,학생부교과,농어촌학생전형(외),4.56,4.56
2026,협성대학교,미디어영상광고학과,학생부교과,농어촌학생전형(외),3.69,3.69
2026,협성대학교,경영학과,학생부교과,농어촌학생전형(외),3.51,3.51
2026,협성대학교,세무회계학과,학생부교과,농어촌학생전형(외),4.73,4.73
2026,협성대학교,호텔관광경영학과,학생부교과,농어촌학생전형(외),4.26,4.26
2026,협성대학교,유통경영학과,학생부교과,농어촌학생전형(외),4.73,4.73
2026,협성대학교,컴퓨터공학과,학생부교과,농어촌학생전형(외),3.6,3.6
2026,협성대학교,소프트웨어공학과,학생부교과,농어촌학생전형(외),3.89,3.89
2026,협성대학교,건축공학과,학생부교과,농어촌학생전형(외),3.71,3.71
2026,협성대학교,보건관리학과,학생부교과,농어촌학생전형(외),4.58,4.58
2026,협성대학교,의생명화학과,학생부교과,농어촌학생전형(외),2.73,2.73
2026,협성대학교,산업디자인학과,학생부교과,농어촌학생전형(외),5.22,5.22
2026,협성대학교,가구디자인학과,학생부교과,농어촌학생전형(외),4.03,4.03
2026,협성대학교,산업디자인학과,학생부교과,농어촌학생전형(외),5.22,5.22
2026,협성대학교,시각디자인학과,학생부교과,농어촌학생전형(외),5.29,5.29
2026,협성대학교,미디어영상광고학과,학생부교과,특성화고교졸업자전형(외),2.62,2.62
2026,협성대학교,경영학과,학생부교과,특성화고교졸업자전형(외),3.65,3.65
2026,협성대학교,금융보험학과,학생부교과,특성화고교졸업자전형(외),3.19,3.19
2026,협성대학교,세무회계학과,학생부교과,특성화고교졸업자전형(외),2.21,2.21
2026,협성대학교,호텔관광경영학과,학생부교과,특성화고교졸업자전형(외),3.92,3.92
2026,협성대학교,유통경영학과,학생부교과,특성화고교졸업자전형(외),3.38,3.38
2026,협성대학교,글로벌통상문화학과,학생부교과,특성화고교졸업자전형(외),4.83,4.55
2026,협성대학교,컴퓨터공학과,학생부교과,특성화고교졸업자전형(외),2.3,2.3
2026,협성대학교,소프트웨어공학과,학생부교과,특성화고교졸업자전형(외),1.72,1.72
2026,협성대학교,건축공학과,학생부교과,특성화고교졸업자전형(외),2.11,2.11
2026,협성대학교,보건관리학과,학생부교과,특성화고교졸업자전형(외),3.58,3.58
2026,협성대학교,실내디자인학과,학생부교과,특성화고교졸업자전형(외),2.14,2.14
2026,협성대학교,산업디자인학과,학생부교과,특성화고교졸업자전형(외),3.27,3.27
2026,협성대학교,시각디자인학과,학생부교과,특성화고교졸업자전형(외),2.03,2.03
2026,협성대학교,문예창작학과,학생부교과,기초생활및차상위전형(외),3.55,3.55
2026,협성대학교,사회복지학과,학생부교과,기초생활및차상위전형(외),3.96,4.22
2026,협성대학교,아동보육학과,학생부교과,기초생활및차상위전형(외),4.16,4.3
2026,협성대학교,도시행정학과,학생부교과,기초생활및차상위전형(외),4.25,4.28
2026,협성대학교,미디어영상광고학과,학생부교과,기초생활및차상위전형(외),3.37,3.48
2026,협성대학교,경영학과,학생부교과,기초생활및차상위전형(외),3.44,3.63
2026,협성대학교,금융보험학과,학생부교과,기초생활및차상위전형(외),4.11,4.14
2026,협성대학교,세무회계학과,학생부교과,기초생활및차상위전형(외),3.92,3.92
2026,협성대학교,호텔관광경영학과,학생부교과,기초생활및차상위전형(외),3.81,4.03
2026,협성대학교,유통경영학과,학생부교과,기초생활및차상위전형(외),4.25,4.28
2026,협성대학교,글로벌통상문화학과,학생부교과,기초생활및차상위전형(외),7,
2026,협성대학교,컴퓨터공학과,학생부교과,기초생활및차상위전형(외),3.86,3.89
2026,협성대학교,소프트웨어공학과,학생부교과,기초생활및차상위전형(외),3.78,4.11
2026,협성대학교,건축공학과,학생부교과,기초생활및차상위전형(외),4.14,4.21
2026,협성대학교,보건관리학과,학생부교과,기초생활및차상위전형(외),3.93,3.96
2026,협성대학교,의생명화학과,학생부교과,기초생활및차상위전형(외),3.44,3.46
2026,협성대학교,에이트볼아트스포츠학과,실기/실적,장애인전형(외),,